timestamp,x,y,z,vx,vy,vz,speed,course_over_ground,vertical_speed,pos_uncertainty,vel_uncertainty,scenario_id,sensor_mode,ground_truth_x,ground_truth_y,ground_truth_z,ground_truth_vx,ground_truth_vy,ground_truth_vz
1.0,20.906948703674107,34.3137881760981,17.993894953761,14.064908746665127,-2.9199829453664337,-0.7556292505560298,14.384677056421667,101.72843527445536,-0.7556292505560298,9.111208092411555,15.651187731905685,2,camera_only,5.0,43.09016994374947,22.346516975603464,5.0,2.9878321647415556,2.327185826137484
1.0,22.214883818718274,33.78191231542928,17.787347196483623,15.994649080336847,-3.7047178217630528,-1.0603718432603557,16.452298374026302,103.04101546161634,-1.0603718432603557,5.120912947073845,11.015283601814751,2,camera_only,5.0,43.09016994374947,22.346516975603464,5.0,2.9878321647415556,2.327185826137484
1.0333333333333332,21.66941266017403,34.11518808019588,18.07524492163515,13.63013724664092,-5.019306325969738,0.26173083049929,14.527304649652729,110.21626031668039,0.26173083049929,5.177287085675308,9.638269593846019,2,camera_only,5.166666666666666,43.1895930929807,22.424057316550417,5.0,2.977502274190593,2.3252240016125385
1.0666666666666667,19.25694698012234,35.65826645848287,18.824688793728242,10.579965685517585,-0.5538515701478355,0.49667123884264003,10.606088241570419,92.99664652107286,0.49667123884264003,5.258532474197112,8.830358584272915,2,camera_only,5.333333333333333,43.28866646738583,22.501531200741535,5.0,2.966845866961865,2.323198429897011
1.1,20.180348325996473,35.336606448607625,18.47973079918662,10.869753756423394,-0.6584271829887748,-2.1620643577485983,11.102233800799995,93.4664133200139,-2.1620643577485983,5.3215152605447615,8.40679987112725,2,camera_only,5.500000000000001,43.38737920245291,22.578936504191145,5.0,2.95586411165051,2.3211091665229717
1.1333333333333333,18.276950009877684,36.677185767001866,19.076412368318092,8.51958672369624,1.9905190385756484,-1.0262619072376002,8.80901455826702,76.84929751939174,-1.0262619072376002,5.318410463900061,8.040094150274484,2,camera_only,5.666666666666666,43.48572047321815,22.65627110479375,5.0,2.9445582125297523,2.3189562687686327
1.1666666666666667,18.76852892947599,36.56759793015419,19.10507311814608,8.785548297731113,1.3308947637576853,-0.13135955526914533,8.886753912240632,81.38593873235791,-0.13135955526914533,5.338594188383119,7.762522702698062,2,camera_only,5.833333333333333,43.583679495453005,22.733532882382214,5.0,2.932929409418835,2.316739795656773
1.2,17.48753848785665,37.46032884071341,19.577873428436803,6.891366792935696,2.3270364462909905,0.7042684347364178,7.307669185541276,71.34150383361975,0.7042684347364178,5.383161482311644,7.539734916186152,2,camera_only,6.0,43.68124552684678,22.81071971878587,5.0,2.920978977547065,2.314459807953123
1.2333333333333334,17.121611061844682,37.76579469240042,19.78281863760098,5.90080886228452,2.2938827310218337,1.0837526851585648,6.423080498910481,68.75688556558913,1.0837526851585648,5.416433147537833,7.324438234363724,2,camera_only,6.166666666666667,43.77840786818467,22.88782949788861,5.0,2.908708227413965,2.312116368164696
1.2666666666666666,16.925679055525077,38.02072967331432,19.950431931091273,5.3528288472163394,2.4051464962615094,1.3590174100676344,6.0236562532184195,65.80454335146503,1.3590174100676344,5.441720167246645,7.1188521196567205,2,camera_only,6.333333333333332,43.87515586452103,22.964860105686892,5.0,2.896118504645567,2.309709540538079
1.3,16.064133825833995,38.62868689851753,20.292377281568942,4.018504154565047,2.9425528220852284,1.7753096552490073,5.287600318011814,53.78651755488425,1.7753096552490073,5.456515976450658,6.914684315924421,2,camera_only,6.5,43.971478906347805,23.041809430347687,5.0,2.8832111898468455,2.3072393910576663
1.3333333333333333,16.19306555472983,38.80211859614966,20.336602236891384,4.2578561993173105,3.1284977276816037,1.6385956374206743,5.531892362397146,53.69308352021596,1.6385956374206743,5.465663990465368,6.717039072697908,2,camera_only,6.666666666666667,44.067366430758,23.11867536226639,5.0,2.8699876984503203,2.3047059874438545
1.3666666666666667,16.59836639948641,38.72983789069917,20.36198792249663,4.499075577046473,2.867003419024924,1.7471151552040538,5.61371543794485,57.492969610672795,1.7471151552040538,5.466586355086952,6.513811137239141,2,camera_only,6.833333333333333,44.16280792260401,23.195455794124648,5.0,2.8564494805608387,2.3021093991511825
1.4,15.418535372141562,39.57336505100425,20.73522855750156,2.996119017579465,3.7535965797080912,1.9609830456112665,5.1876459936923665,38.59685087757974,1.9609830456112665,5.448292845793164,6.300567358546236,2,camera_only,6.999999999999999,44.257792915650725,23.272148620948137,5.0,2.8425980207965535,2.299449697366431
1.4333333333333333,12.560119049521447,41.3396956661732,21.692034774045975,-0.05836611568934913,5.465776136069296,3.05151297714034,6.260179456113153,359.388192104668,3.05151297714034,5.4370359482661215,6.104910301137196,2,camera_only,7.166666666666667,44.35231099372328,23.34875174016427,5.0,2.8284348381261193,2.296726955006667
1.4666666666666666,8.84181450412088,43.628437500334165,22.878495527245516,-3.7164943761090985,7.651701371249386,4.229922795526573,9.500163744828066,334.0937724549488,4.229922795526573,5.419389874342078,5.914042119057576,2,camera_only,7.333333333333333,44.446351791849274,23.425263051659837,5.0,2.8139614857021216,2.293941246717248
1.5,8.920100876831606,43.74883476359033,22.963053822953636,-3.6167630385156695,7.523060069911714,4.202527089993321,9.345514519511532,334.32375817568817,4.202527089993321,5.397763435448239,5.729047224800797,2,camera_only,7.5,44.53990499739547,23.50168045783858,5.0,2.799179550690753,2.2910926488697743
1.5333333333333332,8.170234946152172,44.32884191911472,23.283281097904744,-4.379994910738747,7.8779703123894524,4.425885552492622,10.041674889417095,330.926810533163,4.425885552492622,5.367245668891831,5.542591405306663,2,camera_only,7.666666666666666,44.63296035119862,23.578001863678715,5.0,2.7840906540977644,2.2881812395599948
1.5666666666666667,9.380753386632739,43.78485875265558,23.069825148558692,-3.194788935019706,7.071140400133693,4.159566699985132,8.803959224652989,335.6862264896886,4.159566699985132,5.333852558950359,5.362098415855791,2,camera_only,7.833333333333334,44.72550764869054,23.654225176790337,5.0,2.7686964505907037,2.285207098605666
1.6,7.855161565617382,44.88726847833578,23.68523131612015,-4.022801679606059,7.7450020583107495,4.615407428021986,9.872688385810605,332.552357988066,4.615407428021986,5.2837731072122445,5.172741382646763,2,camera_only,8.0,44.81753674101715,23.730348307472823,5.0,2.7529986283174632,2.282170307544365
1.6333333333333333,9.140369574130908,44.354807283621476,23.453891917752497,-2.522958186486133,6.932510096990291,4.246504377494675,8.512215556699159,340.00196419000736,4.246504377494675,5.209046215593406,4.968122443560964,2,camera_only,8.166666666666666,44.90903753615141,23.806369168772083,5.0,2.736998908721153,2.2790709496312522
1.6666666666666667,7.770397155158363,45.329988750194126,23.982502107691968,-3.6076690300551997,7.590906841398244,4.6102296223608485,9.585998105366992,334.58003841042296,4.6102296223608485,5.107787430648194,4.747251612536335,2,camera_only,8.333333333333334,45.0,23.882285676537812,5.0,2.7206990463513265,2.2759091098367907
1.7,7.328581626447097,45.71772384061216,24.225474371244797,-4.188692613118572,7.77998633146966,4.766443600175625,10.03953772435285,331.70227473288213,4.766443600175625,5.018818120323306,4.548431442019187,2,camera_only,8.5,45.090414157503716,23.95809574948059,5.0,2.7041008286715766,2.272684874844416
1.7333333333333334,7.848736053547714,45.607546323370045,24.178459402198857,-3.5928635773713413,7.461851579651424,4.552568571699855,9.450596715677657,334.2892968145111,4.552568571699855,4.947263217094432,4.374769011981566,2,camera_only,8.666666666666668,45.1802700937313,24.033797309228987,5.0,2.6872060758635166,2.2693983330481586
1.7666666666666666,8.862909367926568,45.20928010136802,24.008056745363064,-2.54383683800636,6.872002884959407,4.270427031255414,8.481278001490432,339.686757487367,4.270427031255414,4.871053038487241,4.203935816871066,2,camera_only,8.833333333333334,45.26955795496678,24.109388280386487,5.0,2.6700166406271775,2.2660495745502223
1.8,10.304150353234705,44.571171461518105,23.685772321620455,-1.2164715100986287,6.143160853801703,3.8327249173150375,7.342207331747781,348.79916618445765,3.8327249173150375,4.78191572566374,4.02945939892998,2,camera_only,9.0,45.35826794978997,24.184866590588438,5.0,2.6525344079778406,2.2626386911585126
1.8333333333333333,9.6550327300274,45.12474180085935,24.013525554692635,-1.6811459105168056,6.4024213709418865,4.027618084569379,7.748481039448382,345.28742385307737,4.027618084569379,4.6809481942988365,3.8527501693067236,2,camera_only,9.166666666666666,45.44639035015027,24.260230170558838,5.0,2.6347612950393238,2.2591657763841213
1.8666666666666667,9.117216691299962,45.62985951320441,24.30175609629631,-1.9794179118369493,6.60938743760608,4.147987263094524,8.05033514239503,343.32778666906137,4.147987263094524,4.594157101306359,3.696412507644095,2,camera_only,9.333333333333334,45.533915492433444,24.335476954167074,5.0,2.616699250833744,2.2556309254387608
1.9,8.062504136910137,46.45395421120706,24.7427886422824,-2.6067863174996218,7.052191988801697,4.35903310391275,8.69079492066343,339.71357057867834,4.35903310391275,4.515238099150385,3.5537959746738803,2,camera_only,9.5,45.6208337785213,24.41060487848456,5.0,2.5983502560677905,2.2520342352321556
1.9333333333333333,8.989662609226528,46.0752259735045,24.599059933652775,-1.8688793209917427,6.564097840217983,4.1785565881221,8.002526196928288,344.10769547741063,4.1785565881221,4.445263862926514,3.4249092484312462,2,camera_only,9.666666666666666,45.70713567684432,24.4856118838413,5.0,2.5797163229155133,2.2483758043693847
1.9666666666666666,10.23370431765848,45.490607995774724,24.357082948044358,-1.0071906789191847,5.957567955641431,3.9519601399122424,7.219767167799977,350.4042684078206,3.9519601399122424,4.372443046913319,3.2993267535192903,2,camera_only,9.833333333333332,45.79281172342679,24.560495913882356,5.0,2.5607994947976676,2.244655733148178
2.0,10.428787557234225,45.55654460832018,24.45733945500963,-0.7129192561681108,5.7913331800674035,3.9693435640196575,7.0571582239304504,352.9821359234295,3.9693435640196575,4.298614271939558,3.1784125927096403,2,camera_only,10.0,45.877852522924734,24.63525491562421,5.0,2.5416018461576297,2.240874123556167
2.033333333333333,10.061101626493578,45.96388500308818,24.67747968186254,-0.9649975987162712,5.9702124689727745,3.9987579167053156,7.250153251250596,350.8183845907788,3.9987579167053156,4.223563003666871,3.0624564039376088,2,camera_only,10.166666666666666,45.962248749656155,24.70988683951107,5.0,2.5221254822339114,2.2370310792680894
2.0666666666666664,10.32187332054591,45.97708462429954,24.727666168759374,-0.7886187196331994,5.832599652948298,3.9630304076992706,7.095544250364278,352.29980410132,3.9630304076992706,0.1308137222544053,1.565862261389698,2,camera_only,10.333333333333332,46.04599114862375,24.784389639471048,5.0,2.5023725388292957,2.233126705642945
2.0666666666666664,10.325213153180446,45.96170513587059,24.7202332755062,-0.8640580811977777,5.838805919633123,3.967677075466035,7.112011832808259,351.5821552159023,3.967677075466035,0.125243245809645,1.5577771850957072,2,camera_only,10.333333333333332,46.04599114862375,24.784389639471048,5.0,2.5023725388292957,2.233126705642945
2.1,10.521524334309015,46.01868945398867,24.832736489497847,0.9054990194399971,4.794271870940118,3.583593452136757,6.05368592486362,10.695522202580689,3.583593452136757,0.11013405703537356,1.4368534663564583,2,camera_only,10.500000000000002,46.12907053652977,24.85876127297224,5.0,2.482345182076621,2.22916110972111
2.1,10.52479618414119,45.99502815701624,24.817229984056535,0.7899014690779016,4.80094909173736,3.5774696871655673,6.039151088927459,9.343183094441642,3.5774696871655673,0.1046669804929658,1.4307321186000443,2,camera_only,10.500000000000002,46.12907053652977,24.85876127297224,5.0,2.482345182076621,2.22916110972111
2.1333333333333333,10.633758748477069,46.137638740809656,24.875361667074426,1.7252240904524585,4.352634047672366,3.182863334148306,5.661487465242672,21.621553864815922,3.182863334148306,0.10494703893287077,1.2095741472345258,2,camera_only,10.666666666666666,46.2114778027831,24.93299970107875,5.0,2.4620456082012443,2.225134400221399
2.1333333333333333,10.631972291787326,46.15333953013485,24.878246054788598,1.76262637300115,4.372791670571275,3.176574457353729,5.684961214302948,21.953845739018032,3.176574457353729,0.09988039479080275,1.2058253774250531,2,camera_only,10.666666666666666,46.2114778027831,24.93299970107875,5.0,2.4620456082012443,2.225134400221399
2.1666666666666665,10.759811915591522,46.24760363067649,25.003351017008253,2.5020774584749055,3.898703231362256,3.0878882622712926,5.567345185518459,32.69119975282003,3.0878882622712926,0.10355204869038863,0.9804779630771063,2,camera_only,10.833333333333332,46.29320391049838,25.007102888506562,5.0,2.4414760432801965,2.221046687538087
2.1666666666666665,10.757618396028102,46.269672998525174,24.988604320726083,2.5112368414423827,3.958578655840312,3.030014429478632,5.581903160315551,32.39015982057522,3.030014429478632,0.0986921560809784,0.9776132408262784,2,camera_only,10.833333333333332,46.29320391049838,25.007102888506562,5.0,2.4414760432801965,2.221046687538087
2.2,10.967750385550483,46.35004152867645,25.03643530140224,3.6757162050657,3.3522833364358,2.6222376652712116,5.623595252246977,47.634927951973445,2.6222376652712116,0.1024810987739326,0.8013161221677858,2,camera_only,11.000000000000002,46.374239897486895,25.081068803679372,5.0,2.420638742998068,2.2168980837378824
2.2,10.973855794535467,46.29643502613995,25.01268713207533,3.622527227621691,3.240842947685553,2.5800387810914143,5.502941635012982,48.183042018038385,2.5800387810914143,0.09763735510844505,0.7980032389961798,2,camera_only,11.000000000000002,46.374239897486895,25.081068803679372,5.0,2.420638742998068,2.2168980837378824
2.2333333333333334,11.158073462842806,46.37752199994368,25.069527170388163,4.121714540730351,2.9862579937460336,2.3910789663763814,5.623479899842057,54.07597932936473,2.3910789663763814,0.10115264312360113,0.6732947449798454,2,camera_only,11.166666666666666,46.454576877239504,25.154895418784243,5.0,2.3995359923996515,2.2126887025568545
2.2333333333333334,11.162570220007213,46.33960636927041,25.05959739404112,4.104250485352944,2.8925809905020894,2.3800349290116656,5.556659346806271,54.82470247529821,2.3800349290116656,0.09622803806946313,0.6689473479966448,2,camera_only,11.166666666666666,46.454576877239504,25.154895418784243,5.0,2.3995359923996515,2.2126887025568545
2.2666666666666666,11.363046045154121,46.40179624353568,25.120732380997616,4.538363533882928,2.6515824846223803,2.2535491353199095,5.718926205480854,59.703981452821175,2.2535491353199095,0.09975260018544675,0.5844984378236346,2,camera_only,11.333333333333332,46.53420603990105,25.228580709827227,5.0,2.3781701056393545,2.208418659397314
2.2666666666666666,11.362371788926358,46.40664228607617,25.130759597433034,4.543357032539492,2.6578426917156683,2.286055499311134,5.738664534973545,59.67256480605193,2.286055499311134,0.09472659868548003,0.5790067569294536,2,camera_only,11.333333333333332,46.53420603990105,25.228580709827227,5.0,2.3781701056393545,2.208418659397314
2.3,11.554795410438176,46.4673141502603,25.205180874935916,4.789823754434641,2.5004693394775392,2.255375872061021,5.855038756531729,62.43373640940371,2.255375872061021,0.09838296176577543,0.52264093152769,2,camera_only,11.5,46.61311865323652,25.302122656688855,5.0,2.3565434257274336,2.2040880713246516
2.3,11.55478041867082,46.46364774803121,25.22201230660007,4.793504851026855,2.478592455061676,2.3190089962324607,5.873577448175323,62.65773097478173,2.3190089962324607,0.09326848697547259,0.5161180436353947,2,camera_only,11.5,46.61311865323652,25.302122656688855,5.0,2.3565434257274336,2.2040880713246516
2.3333333333333335,11.680999049735687,46.55601954423181,25.324929475636303,4.610798796371575,2.5413137637314662,2.4350694987653974,5.800629677041116,61.13795707098466,2.4350694987653974,0.09710212983821581,0.47892565144161925,2,camera_only,11.666666666666666,46.691306063588584,25.375519243179504,5.0,2.3346583242730508,2.1996970570641263
2.3333333333333335,11.682693154326335,46.547038393462216,25.309100466805145,4.609001133964973,2.5253065448356233,2.3817183957079204,5.769978086157135,61.28133228796182,2.3817183957079204,0.09191560903463582,0.47155320670440676,2,camera_only,11.666666666666666,46.691306063588584,25.375519243179504,5.0,2.3346583242730508,2.1996970570641263
2.3666666666666667,11.839062206184508,46.621843488448,25.401750213282153,4.62190939221206,2.4866187007014866,2.435659388818044,5.785996513206164,61.71944617477445,2.435659388818044,0.0959705438839129,0.4476481783499249,2,camera_only,11.833333333333334,46.768759696826606,25.448768457094673,5.0,2.3125172012242037,2.1952457369976126
2.3666666666666667,11.833564741244153,46.6664334453864,25.41517923405995,4.623963869159682,2.6087685780770076,2.458487560021612,5.850715891242467,60.56898395128286,2.458487560021612,0.09071690273196127,0.4395976525122213,2,camera_only,11.833333333333334,46.768759696826606,25.448768457094673,5.0,2.3125172012242037,2.1952457369976126
2.4,11.99737426005353,46.74504012350727,25.497241295852497,4.667517150635298,2.575995191773561,2.459653240312302,5.871231697190459,61.10576485533531,2.459653240312302,0.09494005573003102,0.42478001913404617,2,camera_only,12.0,46.845471059286886,25.52186829027017,5.0,2.2901224846045416,2.1907342331602986
2.4,11.998409834987969,46.738334223826286,25.491559317420514,4.667388159435667,2.55978486179016,2.4424088841472904,5.8568226818687235,61.25785083687175,2.4424088841472904,0.08964529172975592,0.41624306652577986,2,camera_only,12.0,46.845471059286886,25.52186829027017,5.0,2.2901224846045416,2.1907342331602986
2.433333333333333,12.131752958039034,46.83533893623816,25.579719181711216,4.571244558869413,2.603782285777479,2.468143540633677,5.810997465658848,60.334147834834305,2.468143540633677,0.09399018467490876,0.4077220361645,2,camera_only,12.166666666666666,46.921431738704065,25.594816738637135,5.0,2.267476630247108,2.186162669237341
2.433333333333333,12.127330769779634,46.87010601269841,25.595315021544874,4.572510618791941,2.696392161002735,2.5054451030247087,5.8698926062707955,59.47230848265446,2.5054451030247087,0.08865975898422725,0.398834836310247,2,camera_only,12.166666666666666,46.921431738704065,25.594816738637135,5.0,2.267476630247108,2.186162669237341
2.466666666666667,12.308694325502803,46.954480506159584,25.652179958952438,4.691970547787546,2.684334254731141,2.4022907586357496,5.915339288786019,60.22559388122108,2.4022907586357496,0.09312872911236393,0.3948806778765437,2,camera_only,12.333333333333334,46.99663340513365,25.66761180227701,5.0,2.244582121525029,2.181531170560474
2.466666666666667,12.311165952393623,46.93694498448084,25.63803120222873,4.690937792426985,2.641547979434189,2.360020064103555,5.878126215303985,60.61538820733128,2.360020064103555,0.08778004717177765,0.3857714394550671,2,camera_only,12.333333333333334,46.99663340513365,25.66761180227701,5.0,2.244582121525029,2.181531170560474
2.5,12.467054855505811,47.019414354716226,25.731879529005973,4.689775899216074,2.616033907218636,2.4199459822560865,5.8901417593826135,60.846505227327924,2.4199459822560865,0.09231091196126921,0.38499304875819124,2,camera_only,12.5,47.071067811865476,25.740251485476346,5.0,2.221441469079183,2.176839864104573
2.5,12.462811677515026,47.05688336310742,25.7447105023266,4.69244761220388,2.7177915125301615,2.4451233782511004,5.948452204878925,59.92125524516465,2.4451233782511004,0.08694729969033234,0.37574648385306025,2,camera_only,12.5,47.071067811865476,25.740251485476346,5.0,2.221441469079183,2.176839864104573
2.533333333333333,12.646044903446398,47.135201969999535,25.818077493502948,4.796066785069859,2.6838901906727837,2.4202539797201115,6.005260401413993,60.768521533807736,2.4202539797201115,0.09154635240759632,0.37734902783259416,2,camera_only,12.666666666666664,47.14472679632803,25.812733796781544,5.0,2.198057210542883,2.172088878484175
2.533333333333333,12.64592641510492,47.14037185756192,25.8065628648216,4.795363998039823,2.705982247942318,2.3744814973036243,5.996333728280365,60.56434031980698,2.3744814973036243,0.08618968632095018,0.36805708152912786,2,camera_only,12.666666666666664,47.14472679632803,25.812733796781544,5.0,2.198057210542883,2.172088878484175
2.5666666666666664,12.82511089476588,47.231699195001454,25.861213837401017,4.868863441549043,2.7241620612294786,2.283031412055835,6.028193973051008,60.77269155208136,2.283031412055835,0.09082300587230961,0.3713559890338189,2,camera_only,12.833333333333332,47.21760228098362,25.88505674905342,5.0,2.174431910263593,2.167278343949951
2.5666666666666664,12.82387323883432,47.24818553103207,25.85934061687842,4.871014749778173,2.773107640548483,2.266207054729492,6.0458750477933805,60.34679473898753,2.266207054729492,0.0854775423371981,0.3620668315516081,2,camera_only,12.833333333333332,47.21760228098362,25.88505674905342,5.0,2.174431910263593,2.167278343949951
2.6,12.980275711523243,47.350178486284,25.923713679336533,4.849032222620662,2.806951989513392,2.2192039787733258,6.026355388362856,59.93480190092462,2.2192039787733258,0.09013944234641133,0.36663198761338567,2,camera_only,13.0,47.28968627421412,25.95721835952171,5.0,2.1505681590217223,2.1624083923851343
2.6,12.982771468477639,47.32009885259274,25.920350108086886,4.844492066761382,2.7221733391827114,2.2249438798644623,5.985792039656694,60.66788915748646,2.2249438798644623,0.08482027543624092,0.3573976090340768,2,camera_only,13.0,47.28968627421412,25.95721835952171,5.0,2.1505681590217223,2.1624083923851343
2.6333333333333333,13.119807334805735,47.40646249036847,26.030148687546404,4.753581675137324,2.683673372472425,2.356492944431235,5.9457296027882975,60.552744639148465,2.356492944431235,0.08950316411567878,0.3628902007640649,2,camera_only,13.166666666666666,47.360970871197345,26.0292166498394,5.0,2.1264685737465148,2.1574791573019074
2.6333333333333333,13.11796118896297,47.428952094113505,26.037236959910512,4.758094750103606,2.7439798554360104,2.3688938745461807,5.981684485733474,60.028072098135596,2.3688938745461807,0.08421017694729965,0.35372878482314857,2,camera_only,13.166666666666666,47.360970871197345,26.0292166498394,5.0,2.1264685737465148,2.1574791573019074
2.6666666666666665,13.298993264359195,47.51574131680031,26.100572465500395,4.840857741624879,2.7452845706491145,2.316863874978424,6.028129831355132,60.44212203765463,2.316863874978424,0.08891527302175284,0.3599295553280227,2,camera_only,13.333333333333334,47.43144825477394,26.101049646137003,5.0,2.1021357972290726,2.1524907738377403
2.6666666666666665,13.300007792700992,47.50328808072486,26.08904219306366,4.83664732082932,2.716679031242018,2.282244584278687,5.998511699358842,60.677670125937745,2.282244584278687,0.08366225678590589,0.3508704333423609,2,camera_only,13.333333333333334,47.43144825477394,26.101049646137003,5.0,2.1021357972290726,2.1524907738377403
2.7,13.456607952050211,47.591840405243474,26.172907952769197,4.819315862785707,2.7048894838097537,2.3113093676590357,5.990357543415163,60.696242921981295,2.3113093676590357,0.088361790402724,0.3575473091772034,2,camera_only,13.5,47.50111069630459,26.17271537907663,5.0,2.077572497832547,2.1474433787516856
2.7,13.45833181265676,47.56679264637801,26.15796388447318,4.811493213586974,2.642622796837992,2.2720443692975776,5.941052752401562,61.22303050388377,2.2720443692975776,0.08314865507940092,0.3485950520014111,2,camera_only,13.5,47.50111069630459,26.17271537907663,5.0,2.077572497832547,2.1474433787516856
2.7333333333333334,13.637804435954893,47.65092314920965,26.21943071937497,4.881464169675521,2.64602758096955,2.2252263374880528,5.981787914338654,61.53982151514848,2.2252263374880528,0.08784465762635989,0.3556278194743018,2,camera_only,13.666666666666666,47.56995055651756,26.24421188390602,5.0,2.0527813691995207,2.142337110420629
2.7333333333333334,13.638660544610136,47.63405933619142,26.218399233833296,4.877052701487383,2.598707867630006,2.2318077756074057,5.959856674587834,61.949349085479284,2.2318077756074057,0.08267154786152123,0.3467822018892785,2,camera_only,13.666666666666666,47.56995055651756,26.24421188390602,5.0,2.0527813691995207,2.142337110420629
2.7666666666666666,13.777386373126049,47.72187605647145,26.316132596540818,4.789155440628736,2.5797228200996805,2.3122507141598683,5.910793773105241,61.69046366704273,2.3122507141598683,0.08735420650184905,0.3540667358110953,2,camera_only,13.833333333333334,47.63796028634642,26.315537200512367,5.0,2.027765129956618,2.1371721088354962
2.7666666666666666,13.777997688837413,47.71252310088607,26.299630014597184,4.783822075522502,2.5634205218559902,2.257966762685572,5.878306926617698,61.815280285800824,2.257966762685572,0.08222983099913923,0.3453386252578087,2,camera_only,13.833333333333334,47.63796028634642,26.315537200512367,5.0,2.027765129956618,2.1371721088354962
2.8,13.973404808287102,47.7845706752741,26.363917487881462,4.916642541917325,2.5447503308470867,2.2323002960185727,5.969279080671486,62.634870568406114,2.2323002960185727,0.08690943346887489,0.35282398387193864,2,camera_only,13.999999999999998,47.70513242775789,26.386689373476088,5.0,2.0025265234163796,2.131948515597415
2.8,13.972930561135042,47.78885935990218,26.39728185643429,4.923837167642433,2.5361329370088677,2.3509173432226085,6.016889153233848,62.74825118256897,2.3509173432226085,0.08183032508059532,0.34420106193142763,2,camera_only,13.999999999999998,47.70513242775789,26.386689373476088,5.0,2.0025265234163796,2.131948515597415
2.8333333333333335,14.146123827694845,47.86477769390204,26.480836390104553,4.956821994517384,2.511721469618534,2.376657918262012,6.043784566537056,63.12774961857435,2.376657918262012,0.08648971360104474,0.3518116569018622,2,camera_only,14.166666666666666,47.77145961456971,26.45766645212443,5.0,1.9770683172764252,2.1266664739138323
2.8333333333333335,14.146565705328655,47.85381960753426,26.47673184928057,4.952955720571024,2.483347457199134,2.3685785337027774,6.025690768155319,63.37141011540317,2.3685785337027774,0.08146267850826454,0.34329714134706674,2,camera_only,14.166666666666666,47.77145961456971,26.45766645212443,5.0,1.9770683172764252,2.1266664739138323
2.8666666666666667,14.327552253687053,47.92686994285595,26.557096988896323,5.011573612204009,2.460716070413567,2.382530116929492,6.070209502793721,63.848653778750126,2.382530116929492,0.08610717283967496,0.35099910832107867,2,camera_only,14.333333333333334,47.8369345732584,26.52846649058491,5.0,1.9513933033159465,2.1213261285945895
2.8666666666666667,14.328221728206753,47.90964831211497,26.54374630008163,5.0040864452548774,2.420533193105106,2.3448571529058455,6.033093498201474,64.18642091600063,2.3448571529058455,0.08112540892158421,0.34257577675254997,2,camera_only,14.333333333333334,47.8369345732584,26.52846649058491,5.0,1.9513933033159465,2.1213261285945895
2.9,14.49847609024004,47.98056547555811,26.63481485319587,5.016251072426467,2.3860845983845955,2.398348917410965,6.050475358342864,64.5609272651465,2.398348917410965,0.08575263809858576,0.3503371417344595,2,camera_only,14.499999999999998,47.901550123756905,26.599087547838728,5.0,1.9255042970895564,2.115927626047951
2.9,14.49966795942551,47.930937821013124,26.60183512445979,4.993377544685781,2.266854334582166,2.3098067926595105,5.950433202498972,65.58327443228644,2.3098067926595105,0.08081348170119645,0.3419946842298724,2,camera_only,14.499999999999998,47.901550123756905,26.599087547838728,5.0,1.9255042970895564,2.115927626047951
2.933333333333333,14.68785937428665,48.000288171977616,26.669836015669606,5.07463423278952,2.262887969699356,2.284946393982746,6.007791156771689,65.9668852408672,2.284946393982746,0.08542375296504862,0.3497894542883255,2,camera_only,14.666666666666666,47.96529918024196,26.66952768777391,5.0,1.8994041376185287,2.1104711142765913
2.933333333333333,14.68767912948308,48.00725798586261,26.686153066217233,5.080109326570669,2.272256311570957,2.339702899813332,6.036958603036736,65.90175187668223,2.339702899813332,0.08051794120881124,0.341508342072142,2,camera_only,14.666666666666666,47.96529918024196,26.66952768777391,5.0,1.8994041376185287,2.1104711142765913
2.966666666666667,14.87587137097795,48.08276139011621,26.74478377342847,5.150451309699432,2.290601983828962,2.273062344716357,6.077895899476495,66.02346212400776,2.273062344716357,0.08511497084381564,0.3493472492516702,2,camera_only,14.833333333333334,48.028174751911145,26.73978497923845,5.0,1.8730956870794713,2.1049567428735365
2.966666666666667,14.875989689761786,48.074702228825856,26.743237624076958,5.147354141971306,2.2688597870115834,2.272518251364587,6.066903542893407,66.21299018157802,2.272518251364587,0.08025207321236105,0.3411341252396429,2,camera_only,14.833333333333334,48.028174751911145,26.73978497923845,5.0,1.8730956870794713,2.1049567428735365
3.0,15.026362730793725,48.14918157947451,26.8406229665764,5.067525672153883,2.244373595201524,2.3478408941289537,6.019085157806019,66.11176408845425,2.3478408941289537,0.08483652085450705,0.34899922178986553,2,camera_only,15.0,48.09016994374947,26.8098574960932,5.0,1.8465818304904567,2.0993846630180646
3.0,15.02632818285391,48.142976167559205,26.826781249627505,5.062197888583513,2.2355713870786467,2.3016107730997146,5.993416307979347,66.17275424760864,2.3016107730997146,0.08001153596346995,0.340842085407749,2,camera_only,15.0,48.09016994374947,26.8098574960932,5.0,1.8465818304904567,2.0993846630180646
3.033333333333333,15.181914116021487,48.229521440439285,26.8900059220261,5.0123473545967006,2.273403861085544,2.242974714174413,5.943309405302486,65.60282267450938,2.242974714174413,0.08459380354667143,0.3487379753063365,2,camera_only,15.166666666666668,48.151277957285544,26.879743317264726,5.0,1.8198654753946426,2.0937550274715595
3.033333333333333,15.181883271148005,48.22085303300946,26.879529388330205,5.00681443914892,2.2555257446796264,2.210489388304782,5.919615743339322,65.74885562434423,2.210489388304782,0.07980251391205063,0.34062584584657757,2,camera_only,15.166666666666668,48.151277957285544,26.879743317264726,5.0,1.8198654753946426,2.0937550274715595
3.0666666666666664,15.353627826402624,48.29077037397033,26.959653466081072,5.025183721052363,2.238271813670868,2.2379107383161676,5.938903654284514,65.99128562117441,2.2379107383161676,0.08438195901767082,0.34854299274768874,2,camera_only,15.333333333333332,48.211492091337036,26.949440526797925,5.0,1.7929495515414322,2.0880679905733235
3.0666666666666664,15.353614085328399,48.281111050239815,26.945965349487018,5.0188154100061935,2.2196185127905426,2.1944514972659532,5.910231115268752,66.14213694484603,2.1944514972659532,0.07961862733669779,0.3404630024933516,2,camera_only,15.333333333333332,48.211492091337036,26.949440526797925,5.0,1.7929495515414322,2.0880679905733235
3.1,15.529669576473665,48.34705629954507,27.02376909709658,5.051274979354398,2.196964653665649,2.217794278520963,5.938067368121408,66.49420241859644,2.217794278520963,0.08419032851804967,0.3483858682757846,2,camera_only,15.5,48.27080574274562,27.0189472139086,5.0,1.7658370105651893,2.0823237082363457
3.1,15.529543029869991,48.3119935213464,27.002647265779284,5.033606967476311,2.111134612114799,2.1633511280449302,5.871471413258217,67.24643738356404,2.1633511280449302,0.0794506356054041,0.34032859163173784,2,camera_only,15.5,48.27080574274562,27.0189472139086,5.0,1.7658370105651893,2.0823237082363457
3.1333333333333333,15.658520018193665,48.39536280223434,27.08692028415754,4.887334002812607,2.1270519782948667,2.1926690813882606,5.7635216208402,66.4804945501266,2.1926690813882606,0.08401181936813759,0.34824517308762987,2,camera_only,15.666666666666668,48.329212407101,27.08826147303581,5.0,1.7385308256615641,2.076522337943028
3.1333333333333333,15.6582548775025,48.38786683720579,27.07436158520657,4.881182630271137,2.1136750388793826,2.1519300169261157,5.737976022761863,66.58617298722208,2.1519300169261157,0.07929235680412382,0.3402055680068875,2,camera_only,15.666666666666668,48.329212407101,27.08826147303581,5.0,1.7385308256615641,2.076522337943028
3.1666666666666665,15.827961596943732,48.45426424212969,27.147958749130755,4.907712770840044,2.1033595908499594,2.162362941974847,5.760692640847374,66.80087572313842,2.162362941974847,0.08385932540804837,0.34814963248662906,2,camera_only,15.833333333333332,48.38670567945424,27.157381403894128,5.0,1.7110339912614436,2.070664038740868
3.1666666666666665,15.82778064898121,48.4308223572004,27.149876111181534,4.898815063818974,2.0357382180929573,2.1838859334196297,5.7368961026231,67.43431716287485,2.1838859334196297,0.07915844613190003,0.34012208808677336,2,camera_only,15.833333333333332,48.38670567945424,27.157381403894128,5.0,1.7110339912614436,2.070664038740868
3.2,15.97334397754831,48.49504419623609,27.247937457003133,4.831988667568693,2.003686849707998,2.274462878177562,5.704038644628277,67.47761970846221,2.274462878177562,0.0837183122547874,0.34806402417176,2,camera_only,16.0,48.44327925502015,27.22630511152573,5.0,1.6833495227025799,2.0647489712380973
3.2,15.973240909821575,48.480705665533975,27.251991686481258,4.827173628834134,1.9604875998650826,2.2980179988211207,5.694383513168242,67.89617246958564,2.2980179988211207,0.07903292767672986,0.34004367943516417,2,camera_only,16.0,48.44327925502015,27.22630511152573,5.0,1.6833495227025799,2.0647489712380973
3.2333333333333334,16.160487226647486,48.54474258999137,27.30703538457006,4.927001512598436,1.9789127215385807,2.225311432000539,5.757034864755189,68.11731320082332,2.225311432000539,0.08359289436690401,0.3479969256152927,2,camera_only,16.166666666666668,48.49892692986864,27.295030706352357,5.0,1.6554804558989273,2.05877729759928
3.2333333333333334,16.160553505478845,48.548861281392284,27.31320743403776,4.9298172245817575,1.986736818053536,2.245035100608919,5.769783674884057,68.05036049928981,2.245035100608919,0.07891955609723425,0.33997670759016674,2,camera_only,16.166666666666668,48.49892692986864,27.295030706352357,5.0,1.6554804558989273,2.05877729759928
3.2666666666666666,16.333831178304244,48.61093373411104,27.38849616762674,4.963840520196912,1.9775663359317608,2.250693239305694,5.797939408135935,68.277938957499,2.250693239305694,0.08347251972140457,0.34793405091510965,2,camera_only,16.333333333333332,48.55364260160506,27.36355630422711,5.0,1.627429847007717,2.0527491815408645
3.2666666666666666,16.333470325850087,48.61085023349248,27.37109812866992,4.95932381731108,1.9881165501521565,2.1879219388690077,5.773603948360345,68.15491082119938,2.1879219388690077,0.07881280085813053,0.33991581397165543,2,camera_only,16.333333333333332,48.55364260160506,27.36355630422711,5.0,1.627429847007717,2.0527491815408645
3.3,16.485307121464444,48.68639800312254,27.43969793380739,4.908473953888417,2.0128610122354518,2.164401114856249,5.729690933773783,67.70250674053793,2.164401114856249,0.08336217036529768,0.34787916974843036,2,camera_only,16.499999999999996,48.607420270039434,27.431880026486112,5.0,1.5992007720943144,2.0466647883266984
3.3,16.485031006164323,48.681566509604814,27.43114948921819,4.904237629180574,2.004404200580204,2.136528195496162,5.712611981652906,67.76974218235706,2.136528195496162,0.07871409894276549,0.3398607491737769,2,camera_only,16.499999999999996,48.607420270039434,27.431880026486112,5.0,1.5992007720943144,2.0466647883266984
3.3333333333333335,16.64218056095962,48.726099795686515,27.549147221087523,4.879719017894479,1.90985543765751,2.3179498707497004,5.7299299375873325,68.62530312238493,2.3179498707497004,0.08326556971901655,0.3478386525327797,2,camera_only,16.666666666666668,48.66025403784439,27.5,5.0,1.5707963267948961,2.040524284763495
3.3333333333333335,16.64353925153332,48.76442284977,27.57272491357341,4.902117049872097,2.0044446575816823,2.379408675121948,5.806043024229156,67.76065757739555,2.379408675121948,0.07862510446687125,0.33981410510318893,2,camera_only,16.666666666666668,48.66025403784439,27.5,5.0,1.5707963267948961,2.040524284763495
3.3666666666666667,16.838592300155767,48.81816963379869,27.646030589884482,5.021909403474808,1.9809268246392897,2.370802436736029,5.896130030394318,68.4729025123175,2.370802436736029,0.08317919571741594,0.3478123811939324,2,camera_only,16.833333333333332,48.712138111201895,27.567914357225288,5.0,1.5422196259769807,2.034327839196261
3.3666666666666667,16.83828393518781,48.81709222424603,27.63460602186946,5.018389128128798,1.9848982785707832,2.3302593736578103,5.878278605690161,68.41996510674473,2.3302593736578103,0.07855100510811656,0.33978683439178714,2,camera_only,16.833333333333332,48.712138111201895,27.567914357225288,5.0,1.5422196259769807,2.034327839196261
3.4,17.033344209612576,48.8710193956985,27.710020774627246,5.123858448458139,1.9600752943923925,2.3339899816040557,5.961822690566315,69.06620197894313,2.3339899816040557,0.08309573132674868,0.3477756882132378,2,camera_only,17.0,48.76306680043864,27.635621236255567,5.0,1.5134738033978403,2.0280756215036826
3.4,17.033546756153566,48.875119939853775,27.716842399920846,5.127156920698674,1.9675521280998007,2.3560524435206864,5.975783010022885,69.00563970354119,2.3560524435206864,0.07847098828316888,0.3397370511744599,2,camera_only,17.0,48.76306680043864,27.635621236255567,5.0,1.5134738033978403,2.0280756215036826
3.433333333333333,17.19503219869281,48.95506434253017,27.776243935483457,5.0913864417692345,2.017473366897943,2.276879673190133,5.9309860674057,68.38394136540046,2.276879673190133,0.08300857696363292,0.3477270917826426,2,camera_only,17.166666666666668,48.81303452064992,27.70311878087255,5.0,1.484562011360858,2.021767803093465
3.433333333333333,17.19383928319107,48.93083328099785,27.76433258738628,5.076809982747733,1.9555412006129254,2.248781711576891,5.886863356197795,68.93376730799571,2.248781711576891,0.07839160468469435,0.33968359769393747,2,camera_only,17.166666666666668,48.81303452064992,27.70311878087255,5.0,1.484562011360858,2.021767803093465
3.466666666666667,17.350213530596367,49.00990779687584,27.82556580692743,5.028168812258508,1.999771994005439,2.188888799196253,5.83719143148693,68.31160282982702,2.188888799196253,0.08292903868317963,0.3476821969064658,2,camera_only,17.333333333333336,48.86203579231215,27.770405140596953,5.0,1.4554874203698365,2.0154045568976375
3.466666666666667,17.347633556022508,48.960248665725864,27.79507783962387,4.997023731638576,1.8765044840314886,2.1094474983891223,5.739449799554791,69.4176162446951,2.1094474983891223,0.07831437831918674,0.3396273547866289,2,camera_only,17.333333333333336,48.86203579231215,27.770405140596953,5.0,1.4554874203698365,2.0154045568976375
3.5,17.521554114404786,49.02641848522528,27.85162978603536,5.025018891770479,1.8975661272812419,2.0588483780887095,5.752428071172542,69.31227610868766,2.0588483780887095,0.08284906243445851,0.34762521720848166,2,camera_only,17.5,48.91006524188368,27.83747847073923,5.0,1.426253218781319,2.0089860573678076
3.5,17.521675170725246,49.02376820035532,27.858564003473376,5.025786347303351,1.8857379930577443,2.085427426966353,5.75877970930871,69.4332799126868,2.085427426966353,0.07823074205873297,0.3395515170696044,2,camera_only,17.5,48.91006524188368,27.83747847073923,5.0,1.426253218781319,2.0089860573678076
3.533333333333333,17.670409353929507,49.094913647146804,27.932006206170776,4.95466319970931,1.9014053329646312,2.0916382029269673,5.704294876207189,69.00515728666294,2.0916382029269673,0.08276287742499819,0.34756347857695363,2,camera_only,17.666666666666668,48.95711760239413,27.904336932450164,5.0,1.3968626124549495,2.002512480470383
3.533333333333333,17.667973740618496,49.04783872433058,27.917052683348828,4.9279284627931395,1.7757468868329962,2.0665168463614707,5.631007708820828,70.1837035447815,2.0665168463614707,0.07815192004416822,0.33948815942358224,2,camera_only,17.666666666666668,48.95711760239413,27.904336932450164,5.0,1.3968626124549495,2.002512480470383
3.5666666666666664,17.833059184888814,49.09458809027067,28.01025897358534,4.93121178017189,1.7253954922666435,2.1616451482987586,5.653896795379593,70.7154258250723,2.1616451482987586,0.08268232920265614,0.3475028355888921,2,camera_only,17.833333333333332,49.003187714021934,27.97097869277124,5.0,1.367318824401914,1.9959840036817442
3.5666666666666664,17.83335487910409,49.09776635170904,28.014410749717115,4.934020498212188,1.7319711164778018,2.174645350437203,5.663335115042157,70.65758348996316,2.174645350437203,0.07806870864493107,0.3394116038426972,2,camera_only,17.833333333333332,49.003187714021934,27.97097869277124,5.0,1.367318824401914,1.9959840036817442
3.6,18.006375001642418,49.14545073601901,28.09646452262064,4.966311875346957,1.6998109399094692,2.216411054243869,5.6979021434228345,71.10555233921848,2.216411054243869,0.08259697751741521,0.3474399908459788,2,camera_only,18.0,49.0482705246602,28.03740192468495,5.0,1.337625094431499,1.9894008059833805
3.6,18.004624380566955,49.11423862133804,28.089802682689857,4.948852607908405,1.6143621660101393,2.2114238943580498,5.655767231630426,71.9331878501049,2.2114238943580498,0.07798897018898066,0.3393446704384742,2,camera_only,18.0,49.0482705246602,28.03740192468495,5.0,1.337625094431499,1.9894008059833805
3.6333333333333333,18.17729077540498,49.16605975581762,28.158418188949923,4.9779513247243745,1.6140157142578369,2.19546387196475,5.674954425393991,72.03559881408951,2.19546387196475,0.08250993264128093,0.34736958637403065,2,camera_only,18.166666666666668,49.09236109047069,28.103604807164825,5.0,1.3077846787958152,1.982763067856982
3.6333333333333333,18.17800362117426,49.172299593964006,28.167660729805156,4.984080819055486,1.6263051332752423,2.2249005314325307,5.695271053441001,71.92850001480629,2.2249005314325307,0.0779021021555843,0.3392626879938867,2,camera_only,18.166666666666668,49.09236109047069,28.103604807164825,5.0,1.3077846787958152,1.982763067856982
3.6666666666666665,18.351775762098352,49.22732517003427,28.23229505152038,5.0130782542346894,1.636669082418554,2.1913111649707475,5.710646538716169,71.91918241602919,2.1913111649707475,0.08242094633515394,0.347304164416063,2,camera_only,18.333333333333332,49.13545457642601,28.169585525225404,5.0,1.2778008498327083,1.9760709712794928
3.6666666666666665,18.350437996825963,49.215252276432444,28.212838605519202,5.001217462387762,1.613860876985264,2.128743128162696,5.669944474336219,72.115441636893,2.128743128162696,0.0778198748939238,0.33919490105291933,2,camera_only,18.333333333333332,49.13545457642601,28.169585525225404,5.0,1.2778008498327083,1.9760709712794928
3.6999999999999997,18.512573140746003,49.27267621783206,28.280299416975716,4.98364591501913,1.625139856906732,2.11332958370614,5.651899511682887,71.93913392447197,2.11332958370614,0.08233445414878321,0.3472416468228771,2,camera_only,18.5,49.17754625683981,28.235342269971976,5.0,1.2476768956069093,1.9693246997181204
3.6999999999999997,18.511541135956072,49.26071630402864,28.27009537758043,4.97451560627232,1.5969905309881252,2.0839388326543085,5.6248542497879175,72.20158402343486,2.0839388326543085,0.0777365661919479,0.3391252777962549,2,camera_only,18.5,49.17754625683981,28.235342269971976,5.0,1.2476768956069093,1.9693246997181204
3.7333333333333334,18.67321869127801,49.30957291546898,28.351077326270506,4.9586002815470405,1.5762193863983522,2.12732163626096,5.621181517289794,72.36579510970375,2.12732163626096,0.08224966354454281,0.34718222890834893,2,camera_only,18.666666666666668,49.21863151588501,28.300873238650162,5.0,1.217416119549467,1.962524438125308
3.7333333333333334,18.672746915250006,49.308040166446325,28.340491207505156,4.954696822689834,1.5782622114454017,2.090256401144593,5.604382573966129,72.3313146612338,2.090256401144593,0.07765503973007297,0.3390589400021686,2,camera_only,18.666666666666668,49.21863151588501,28.300873238650162,5.0,1.217416119549467,1.962524438125308
3.7666666666666666,18.819166265582847,49.36870012868106,28.416481844213923,4.883731475213422,1.5923715814864556,2.1053486835659183,5.551483896663007,71.94111398090006,2.1053486835659183,0.08216678856904622,0.3471266438900371,2,camera_only,18.833333333333332,49.25870584809995,28.36617663469535,5.0,1.187021840095484,1.9556703729336626
3.7666666666666666,18.81787836474679,49.36131487225361,28.392831236588425,4.87301059349005,1.5855320652198377,2.024973668199362,5.510051046134447,71.976659844172,2.024973668199362,0.07757846027421984,0.33900142635838865,2,camera_only,18.833333333333332,49.25870584809995,28.36617663469535,5.0,1.187021840095484,1.9556703729336626
3.8,18.957685066821735,49.41545625239933,28.48163253258465,4.786903741806563,1.5700696439479669,2.0973654013193763,5.456968732439298,71.84088542582353,2.0973654013193763,0.08209180425734,0.3470821585604225,2,camera_only,19.0,49.297764858882516,28.43125066778196,5.0,1.1564973903202134,1.948762692050843
3.8,18.955107027029687,49.385334162925794,28.468216414468493,4.766276770714068,1.4914517427643674,2.0674365240948864,5.40519345973897,72.62418154052308,2.0674365240948864,0.07750784175104174,0.338952427885029,2,camera_only,19.0,49.297764858882516,28.43125066778196,5.0,1.1564973903202134,1.948762692050843
3.8333333333333335,19.133953305354915,49.42362233717347,28.539121047969886,4.8425015581676085,1.4626949442688,2.0842660857820494,5.471148230233435,73.1928704357927,2.0842660857820494,0.08202036126722514,0.3470359503004749,2,camera_only,19.166666666666668,49.33580426497202,28.49609355387249,5.0,1.1258461175735526,1.9418015848544103
3.8333333333333335,19.13567394475343,49.439021044776254,28.555703656472787,4.855988682245827,1.4969977002167538,2.134419837718698,5.511567493934999,72.86658596103551,2.134419837718698,0.07743480922108248,0.33889199025302313,2,camera_only,19.166666666666668,49.33580426497202,28.49609355387249,5.0,1.1258461175735526,1.9418015848544103
3.8666666666666667,19.304209000346848,49.48822225054472,28.621841775040288,4.881490046742206,1.4998055193252255,2.1178188972152,5.528428217282326,72.92077088860755,2.1178188972152,0.08194202458274073,0.34698393314133913,2,camera_only,19.333333333333332,49.37281989491891,28.560703515266475,5.0,1.0950713831129686,1.934787242186635
3.8666666666666667,19.30331619414085,49.48187700712924,28.613223162617984,4.874981214625258,1.4867173812933772,2.0907484171355812,5.508811065787602,73.03992735406764,2.0907484171355812,0.07736440526797933,0.3388396036204822,2,camera_only,19.333333333333332,49.37281989491891,28.560703515266475,5.0,1.0950713831129686,1.934787242186635
3.9,19.497794612920707,49.51401721750543,28.678707056642832,4.996367996433884,1.4474888471064262,2.090601072631516,5.606204595193996,73.84326338952201,2.090601072631516,0.08186740807405019,0.34693565319061154,2,camera_only,19.5,49.40880768954226,28.62507878064918,5.0,1.064176561734893,1.9277198563492643
3.9,19.49779997263801,49.50668554414349,28.691417693548576,4.996229397682345,1.418617418637302,2.1405469856729327,5.617537269355668,74.1487616699685,2.1405469856729327,0.07729037680213827,0.338779019836204,2,camera_only,19.5,49.40880768954226,28.62507878064918,5.0,1.064176561734893,1.9277198563492643
3.933333333333333,19.675075823175767,49.551658699840296,28.756328928388797,5.03723098166361,1.4186411906005636,2.120348269936663,5.646425026166886,74.27112632742065,2.120348269936663,0.0817830814316913,0.3468709292267066,2,camera_only,19.666666666666664,49.44376370237481,28.689217585140184,5.0,1.033165041404643,1.9205996210982506
3.933333333333333,19.674730172650587,49.54806460555419,28.754117706108186,5.03459605237875,1.4096084485394689,2.114596817217007,5.639651858776908,74.35858139227754,2.114596817217007,0.07720975539971991,0.33870729808024186,2,camera_only,19.666666666666664,49.44376370237481,28.689217585140184,5.0,1.033165041404643,1.9205996210982506
3.966666666666667,19.81783196878591,49.612269958663745,28.820386401514124,4.94059102592511,1.4555343992676406,2.085790256554161,5.556846323881866,73.58463941246387,2.085790256554161,0.08169842288424221,0.3468086099859014,2,camera_only,19.833333333333332,49.47768410009586,28.753118170341764,5.0,1.0020402228848915,1.9134267316384408
3.966666666666667,19.81600378240864,49.592579568812326,28.815943678972,4.927575501998135,1.401302015799372,2.0817164024003945,5.529755044068263,74.12532868997506,2.0817164024003945,0.0771316539304629,0.338643521137281,2,camera_only,19.833333333333332,49.47768410009586,28.753118170341764,5.0,1.0020402228848915,1.9134267316384408
4.0,20.000125705959146,49.63749846048801,28.865706570170797,5.003125115640108,1.41309527219864,2.0152573986110363,5.575783492363698,74.22806397565877,2.0152573986110363,0.08162319197809445,0.3467613273338933,2,camera_only,20.0,49.510565162951536,28.816778784387097,5.0,0.9708055193627333,1.9062013846182224
4.0,20.001041311983506,49.6459629034491,28.87174461632063,5.009769513728948,1.43390627913364,2.0317685814586377,5.593027924713884,74.02771297425335,2.0317685814586377,0.07705660374549747,0.33858396332760243,2,camera_only,20.0,49.510565162951536,28.816778784387097,5.0,0.9708055193627333,1.9062013846182224
4.033333333333333,20.157189027911624,49.697487091328526,28.94763908936424,4.96886443533734,1.436982920355911,2.0572803069720056,5.566591053024256,73.87026570193686,2.0572803069720056,0.08154327544220642,0.3467099870795264,2,camera_only,20.166666666666664,49.54240328516277,28.880197681988292,5.0,0.9394643560753935,1.8989237781241337
4.033333333333333,20.15663514808486,49.69507310624121,28.93969139631554,4.9649716653889735,1.4348108357378888,2.030310134678224,5.552637662898897,73.88140879321361,2.030310134678224,0.07698398005537514,0.338531662950185,2,camera_only,20.166666666666664,49.54240328516277,28.880197681988292,5.0,0.9394643560753935,1.8989237781241337
4.066666666666666,20.321937421233553,49.73221430891915,29.028327004639138,4.964340365129122,1.3911281347304871,2.111599436332697,5.571244468483647,74.34584425695695,2.111599436332697,0.08147107650195948,0.34667002535838687,2,camera_only,20.333333333333332,49.573194975320675,28.943373124484236,5.0,0.9080201699346095,1.8915941116754336
4.066666666666666,20.320827690945865,49.71852246913168,29.03004097586724,4.956742675129876,1.3504391781674838,2.1259329345510816,5.559907801716888,74.75994198014264,2.1259329345510816,0.076914946853281,0.3384841463660444,2,camera_only,20.333333333333332,49.573194975320675,28.943373124484236,5.0,0.9080201699346095,1.8915941116754336
4.1,20.481041390321955,49.76726485064056,29.098305263035776,4.937461384435443,1.3615983933819213,2.1137636446749277,5.5408006509168715,74.58279841762624,2.1137636446749277,0.08139790524010962,0.3466237761332711,2,camera_only,20.5,49.60293685676943,29.00630337988826,5.0,0.8764764091497343,1.8842125862186299
4.1,20.47601495790213,49.721915935020775,29.080579913605174,4.903980682451546,1.240863385243211,2.0775718007534207,5.468553104979505,75.80037879331063,2.0775718007534207,0.0768446188031429,0.3384304058289398,2,camera_only,20.5,49.60293685676943,29.00630337988826,5.0,0.8764764091497343,1.8842125862186299
4.133333333333333,20.617372809865028,49.76405188142861,29.173739891895753,4.8197194019762115,1.2233164022363174,2.159634113073328,5.421274539821458,75.75822393485767,2.159634113073328,0.08132196614064874,0.3465651627531669,2,camera_only,20.666666666666664,49.63162566797658,29.06898672293562,5.0,0.8448365328496045,1.8767794041219716
4.133333333333333,20.613933037435974,49.7428644285612,29.147411609162813,4.797463148274018,1.17772752886504,2.0782539020084654,5.359275517503016,76.20723629762242,2.0782539020084654,0.07676730484429628,0.33835962689167787,2,camera_only,20.666666666666664,49.63162566797658,29.06898672293562,5.0,0.8448365328496045,1.8767794041219716
4.166666666666667,20.811382421511205,49.77000576037032,29.19643724111152,4.9406489863512935,1.1637513300970437,2.018009409031648,5.462297276748764,76.74579268712357,2.018009409031648,0.08124471137414448,0.3465055164103511,2,camera_only,20.833333333333336,49.65925826289068,29.13142143513081,5.0,0.8131040107032045,1.8692947691699007
4.166666666666667,20.809657299080424,49.7560631992298,29.18749353013886,4.929304323589303,1.128697121434471,1.9944184286963513,5.435963868093154,77.10291876987779,1.9944184286963513,0.07668815594665726,0.3382854010880508,2,camera_only,20.833333333333336,49.65925826289068,29.13142143513081,5.0,0.8131040107032045,1.8692947691699007
4.2,20.97877449544577,49.794310524144294,29.24837139120948,4.947779602106581,1.1350085143791686,1.9746540500735432,5.446836323610892,77.08002343555503,1.9746540500735432,0.0811539557228601,0.34642692795953495,2,camera_only,21.000000000000004,49.68583161128631,29.193605804794647,5.0,0.7812823225391823,1.861758886557466
4.2,20.97837504042802,49.79074253036189,29.248761214531957,4.945403636042155,1.1243954025819909,1.9781670795033757,5.443751201070581,77.19088637523151,1.9781670795033757,0.07660059182986871,0.3382007318686747,2,camera_only,21.000000000000004,49.68583161128631,29.193605804794647,5.0,0.7812823225391823,1.861758886557466
4.233333333333333,21.15522022228674,49.81312975301073,29.328022070404238,4.991139460186757,1.0753093444600064,2.0362120426432844,5.4967192742509505,77.84182540887673,2.0362120426432844,0.08106410058384937,0.3463571889576997,2,camera_only,21.166666666666668,49.71134279909636,29.25553812711123,5.0,0.7493749579642421,1.8541719628846947
4.233333333333333,21.155572406227602,49.815816480186534,29.329586756411665,4.993360210585102,1.0821753618732621,2.040191063054033,5.501556986914301,77.77180147220004,2.040191063054033,0.07651446776121948,0.3381247576950847,2,camera_only,21.166666666666668,49.71134279909636,29.25553812711123,5.0,0.7493749579642421,1.8541719628846947
4.266666666666667,21.31963446132474,49.85387532529485,29.395286152322136,4.984078493210625,1.0888107239941718,2.030491520113733,5.490850847766963,77.67689206699232,2.030491520113733,0.08097367644265312,0.3462902250792698,2,camera_only,21.333333333333332,49.7357890287316,29.317216704174655,5.0,0.7173854159804736,1.8465342061509333
4.266666666666667,21.319070856009716,49.84668826414153,29.39881307608509,4.980639934699034,1.0657779125393696,2.0473525460375317,5.48947257628107,77.92176473566887,2.0473525460375317,0.07643019297884458,0.33805523045205566,2,camera_only,21.333333333333332,49.7357890287316,29.317216704174655,5.0,0.7173854159804736,1.8465342061509333
4.3,21.475263361680675,49.88979885830536,29.46515103802171,4.943151645414788,1.086768757359676,2.0348194890921545,5.454933993618004,77.60059283076666,2.0348194890921545,0.08088833170596775,0.34623275179578933,2,camera_only,21.5,49.75916761938747,29.378639845035575,5.0,0.6853172046016434,1.83884582574914
4.3,21.477088053521253,49.907918504363884,29.4642581294632,4.954367667336062,1.1400466536242102,2.0208380120311102,5.470763349520301,77.04128149255376,2.0208380120311102,0.0763500595762588,0.33799376921289065,2,camera_only,21.5,49.75916761938747,29.378639845035575,5.0,0.6853172046016434,1.83884582574914
4.333333333333333,21.63999290235011,49.94470178980019,29.5377326709669,4.9459646609060135,1.1323063372891795,2.0430709885584193,5.469810155086321,77.10518207088528,2.0430709885584193,0.08081139918733225,0.3461930825599572,2,camera_only,21.666666666666664,49.78147600733806,29.43980586574756,5.0,0.6531738404685056,1.8311070324601473
4.333333333333333,21.640997865901355,49.95003597910975,29.54699333378792,4.952274726010519,1.1422566925961801,2.0728904328796,5.488774914349022,77.01170980638476,2.0728904328796,0.07628050800904944,0.33795247139824347,2,camera_only,21.666666666666664,49.78147600733806,29.43980586574756,5.0,0.6531738404685056,1.8311070324601473
4.366666666666666,21.83981899119054,49.97098859054181,29.606340316798097,5.081141173143652,1.1056445546894884,2.0524187773017144,5.5904264900051075,77.72393564181179,2.0524187773017144,0.08074123403602686,0.34616064325416057,2,camera_only,21.833333333333332,49.80271174621722,29.500713089413253,5.0,0.6209588484631603,1.8233180384468826
4.366666666666666,21.832258412899616,49.91741657128044,29.584264636578457,5.036749073572783,0.9626389970568444,2.005587098344801,5.506168783994731,79.17993998649406,2.005587098344801,0.07621257507006968,0.33790892270121414,2,camera_only,21.833333333333332,49.80271174621722,29.500713089413253,5.0,0.6209588484631603,1.8233180384468826
4.4,21.993424378602747,49.95461172350941,29.650018524131305,5.011049962911065,0.9767352556632357,1.997832677160282,5.482332432129224,78.97041173672112,1.997832677160282,0.08065763566428441,0.34608996625153765,2,camera_only,22.000000000000004,49.82287250728689,29.561359846230346,5.0,0.5886757613225101,1.8154790572485509
4.4,21.991129252237915,49.93449145928025,29.650080034600826,4.997619581654197,0.9179835945425844,2.010003609077343,5.464339838561172,79.59169571132921,2.010003609077343,0.07612542055476426,0.33782135454824236,2,camera_only,22.000000000000004,49.82287250728689,29.561359846230346,5.0,0.5886757613225101,1.8154790572485509
4.433333333333334,22.144267270752668,49.97085759736323,29.7230736136855,4.946222904202678,0.9283413476682735,2.0263263351425187,5.425213091883288,79.36999901613595,2.0263263351425187,0.0805690022832906,0.3460154885485651,2,camera_only,22.166666666666668,49.84195607969242,29.62174447353737,5.0,0.5563281192508593,1.8075903037747827
4.433333333333334,22.144780284741913,49.9802066048578,29.71324938717747,4.949074884566433,0.9615445126548027,1.9858031186237755,5.418609054803523,79.0051114965812,1.9858031186237755,0.0760402971157409,0.3377412369569822,2,camera_only,22.166666666666668,49.84195607969242,29.62174447353737,5.0,0.5563281192508593,1.8075903037747827
4.466666666666667,22.346346695250112,49.987603413144114,29.781513003262486,5.089304457373926,0.8959634822781156,2.0120698569036413,5.5454662139879884,80.01548557389779,2.0120698569036413,0.08048651711657241,0.34595793829587634,2,camera_only,22.333333333333332,49.859960370705046,29.681865315859255,5.0,0.523919469531684,1.7996519942997384
4.466666666666667,22.344541989985732,49.97915203714647,29.77042332790723,5.07908377109343,0.877891105972636,1.977601395110499,5.520751038189777,80.19363586525112,1.977601395110499,0.07596036299287749,0.3376741312812156,2,camera_only,22.333333333333332,49.859960370705046,29.681865315859255,5.0,0.523919469531684,1.7996519942997384
4.5,22.508366784168526,50.01921534831398,29.82188362689002,5.057901927414624,0.9170183397442352,1.9191257129879962,5.486924279140686,79.72366846383963,1.9191257129879962,0.08039516977245324,0.3458830865643597,2,camera_only,22.5,49.876883405951375,29.741720724952756,5.0,0.49145336613863877,1.7916643464561826
4.5,22.503582332825943,49.99988681481745,29.788590073218906,5.031102569449995,0.880370032936083,1.8120896335211696,5.419475371208279,80.07456021858644,1.8120896335211696,0.07587333335763807,0.3375940099679479,2,camera_only,22.5,49.876883405951375,29.741720724952756,5.0,0.49145336613863877,1.7916643464561826
4.533333333333333,22.660856994239353,50.02455847154417,29.869089378158105,4.991092437241095,0.8525375845160403,1.8851559090675842,5.402928544001867,80.30675337245685,1.8851559090675842,0.08030639692639661,0.34581259459056385,2,camera_only,22.666666666666664,49.89272332962988,29.801309059851583,5.0,0.45893336934582035,1.783627579229516
4.533333333333333,22.65619125512128,49.99355889295407,29.858765593826117,4.96514461088062,0.7679368636793708,1.8667749084057015,5.359779528320889,81.20798048557555,1.8667749084057015,0.07578596144224069,0.3375142568415518,2,camera_only,22.666666666666664,49.89272332962988,29.801309059851583,5.0,0.45893336934582035,1.783627579229516
4.566666666666666,22.843183344326697,50.01875597987658,29.89617106800487,5.0474962297592425,0.785932349831575,1.781174293266935,5.409943595911192,81.14969296023851,1.781174293266935,0.08021598864778696,0.34573704260511606,2,camera_only,22.833333333333332,49.90747840471444,29.860628686911436,5.0,0.42636304533734415,1.7755419129517718
4.566666666666666,22.8401025813995,49.995580541767445,29.895980342807302,5.030651252044974,0.7181163672851313,1.794193281072786,5.389088296410738,81.87601535430319,1.794193281072786,0.07569483932902106,0.33742542281345544,2,camera_only,22.833333333333332,49.90747840471444,29.860628686911436,5.0,0.42636304533734415,1.7755419129517718
4.6,22.99589508900467,50.0229168892729,29.964030860534763,4.985041274356305,0.7207956846634452,1.8201637410115883,5.35566792941447,81.77252519916063,1.8201637410115883,0.08011731865740856,0.3456502640065308,2,camera_only,23.0,49.921147013144775,29.919677979854775,5.0,0.39374596581627264,1.7674075692955753
4.6,22.99226681948262,50.010480134506516,29.938351873153014,4.965356344086395,0.699629806834413,1.7361959537465042,5.306469813367066,81.97969536754445,1.7361959537465042,0.07559979544394936,0.33733307518838773,2,camera_only,23.0,49.921147013144775,29.919677979854775,5.0,0.39374596581627264,1.7674075692955753
4.633333333333333,23.167200786656977,50.028326283825834,29.995321885758237,5.001589911768627,0.6859342622650372,1.737257302004693,5.338957800078908,82.19098582176227,1.737257302004693,0.0800221461394392,0.34557215390187873,2,camera_only,23.166666666666664,49.93372765600397,29.97845531981541,5.0,0.3610857076129349,1.7592247712680666
4.633333333333333,23.166534583752103,50.02245611378431,29.996785652816417,4.9979807534304985,0.6678311275619601,1.7459285320599618,5.336110612202808,82.38920876471153,1.7459285320599618,0.07550687889220635,0.3372464292276594,2,camera_only,23.166666666666664,49.93372765600397,29.97845531981541,5.0,0.3610857076129349,1.7592247712680666
4.666666666666667,23.334241993104005,50.037104087223064,30.067396655383085,5.002289184149847,0.6382749031303105,1.794663621837758,5.352673112508961,82.72854751204179,1.794663621837758,0.0799254205313328,0.34549435864009076,2,camera_only,23.333333333333332,49.94521895368273,30.036959095382873,5.0,0.3283858522926906,1.750993743204788
4.666666666666667,23.325654353904916,49.98461635003875,30.052598511724046,4.956700298137259,0.4928345829739226,1.773008718472445,5.287279422113832,84.32185984826408,1.773008718472445,0.07541490957256507,0.337163605108105,2,camera_only,23.333333333333332,49.94521895368273,30.036959095382873,5.0,0.3283858522926906,1.750993743204788
4.7,23.480219066534602,49.995645499736874,30.135531039975575,4.915950926002382,0.46072271509515833,1.8597254864438784,5.2761176836758725,84.64588123607315,1.8597254864438784,0.07982584034006847,0.3454035039379535,2,camera_only,23.5,49.9556196460308,30.095187702646598,5.0,0.295649985763171,1.742714710763531
4.7,23.483026033532532,50.01073833487103,30.143596476468332,4.930754246195207,0.5003141405843169,1.8794972297583235,5.300486912757157,84.20613735239439,1.8794972297583235,0.07531354691133633,0.33705892120376063,2,camera_only,23.5,49.9556196460308,30.095187702646598,5.0,0.295649985763171,1.742714710763531
4.733333333333333,23.633661843662555,50.02917718655021,30.218863367237184,4.877936833239918,0.4954398642366533,1.9218312738067602,5.266228617629055,84.20049864345427,1.9218312738067602,0.07972705165687946,0.34532431718772977,2,camera_only,23.666666666666668,49.96492859249504,30.15313954523991,5.0,0.26288169788104054,1.7343879009181526
4.733333333333333,23.63641731557512,50.04511874056917,30.22417684340663,4.892340987278758,0.5392110642484172,1.9313256976327287,5.287321425632467,83.71051077803374,1.9313256976327287,0.0752243132635665,0.3369825610559769,2,camera_only,23.666666666666668,49.96492859249504,30.15313954523991,5.0,0.26288169788104054,1.7343879009181526
4.766666666666667,23.827516904167485,50.047678607377875,30.280492512518272,4.999993767893214,0.5037574873580979,1.9147336567548956,5.377723892256862,84.24677159906426,1.9147336567548956,0.07964109010631275,0.34526879230650204,2,camera_only,23.833333333333336,49.97314477224458,30.21081303438377,5.0,0.23008458205832863,1.7260135419523503
4.766666666666667,23.82572029638917,50.04163419794067,30.26725204522057,4.990397133418286,0.49385236893632706,1.8712667620963561,5.35253145777398,84.34838020986344,1.8712667620963561,0.07514332877760853,0.33692023631374135,2,camera_only,23.833333333333336,49.97314477224458,30.21081303438377,5.0,0.23008458205832863,1.7260135419523503
4.8,24.00903266480566,50.04884576827466,30.32372121918446,5.055530875578578,0.47317150546877845,1.8575165148120742,5.40672278837333,84.65298874357839,1.8575165148120742,0.07955125839616334,0.3451997704013324,2,camera_only,24.0,49.98026728428272,30.26820658893033,5.0,0.19726223486837782,1.7175918634534062
4.8,24.000778457012863,50.00860528905014,30.296561678461774,5.012882105383503,0.3706355729174958,1.7847137358814797,5.334000454577226,85.77143768706136,1.7847137358814797,0.07505528710364831,0.3368399761756041,2,camera_only,24.0,49.98026728428272,30.26820658893033,5.0,0.19726223486837782,1.7175918634534062
4.833333333333333,24.196829414135255,50.00042701849484,30.356357313030372,5.124358415523333,0.31499691165797516,1.8008667912032492,5.440716260269189,86.48242543834684,1.8008667912032492,0.07945329790599596,0.34510840603817233,2,camera_only,24.166666666666664,49.986295347545735,30.32531863540631,5.0,0.16441825565142965,1.70912309630589
4.833333333333333,24.19609812747769,50.00015010673608,30.347270770329338,5.120482430587521,0.3195915763614858,1.7687692152423784,5.426787598057054,86.4285540091354,1.7687692152423784,0.07495272544752675,0.33672796662539267,2,camera_only,24.166666666666664,49.986295347545735,30.32531863540631,5.0,0.16441825565142965,1.70912309630589
4.866666666666666,24.363341490740478,50.020809061426924,30.39367928022354,5.107257965303691,0.3559980474239558,1.7179730285775305,5.400208316430721,86.01268485511432,1.7179730285775305,0.07934279102945697,0.3450020461006952,2,camera_only,24.333333333333332,49.99122830098858,30.3821476080561,5.0,0.13155624611992395,1.7006074726853313
4.866666666666666,24.363522195517678,50.01969632955694,30.399171494566065,5.108338224278845,0.3494287593802929,1.7381150214224237,5.407241782943006,86.08685769650191,1.7381150214224237,0.07484863471716324,0.3366191196403752,2,camera_only,24.333333333333332,49.99122830098858,30.3821476080561,5.0,0.13155624611992395,1.7006074726853313
4.9,24.527815782805398,50.042992213122346,30.444198915775583,5.085223647302547,0.39051528010893904,1.6848439321726487,5.371284837249145,85.60863988471301,1.6848439321726487,0.07923964481778645,0.34491448867031915,2,camera_only,24.500000000000004,49.995065603657316,30.438691948884717,5.0,0.09867980996352638,1.6920452260518526
4.9,24.523635819624836,50.01813989305059,30.4419171321799,5.064258365005466,0.31833978557125764,1.6913216010643757,5.348702811414404,86.40311417631068,1.6913216010643757,0.07475216946936056,0.33652893147473045,2,camera_only,24.500000000000004,49.995065603657316,30.438691948884717,5.0,0.09867980996352638,1.6920452260518526
4.933333333333334,24.693011998841055,50.03119903566938,30.49373854151738,5.066468173468707,0.3283798561005975,1.6737685256182555,5.345880110890469,86.29159819850003,1.6737685256182555,0.07914161166296482,0.3448327024996153,2,camera_only,24.666666666666668,49.99780683474846,30.49495010770048,5.0,0.06579255245394733,1.6834365911437716
4.933333333333334,24.692909132330765,50.02985725199556,30.494329458540935,5.065898250163504,0.3240648948539649,1.6766579126986034,5.34598212616739,86.33978323033074,1.6766579126986034,0.07465587644828064,0.3364367265236261,2,camera_only,24.666666666666668,49.99780683474846,30.49495010770048,5.0,0.06579255245394733,1.6834365911437716
4.966666666666667,24.854588081063717,50.03622793197664,30.539954622069068,5.03565185419244,0.3161929071610243,1.6423447644415103,5.306134551296182,86.4070657589924,1.6423447644415103,0.05815822665805801,0.3168850272518141,2,camera_only,24.833333333333336,49.99945169365512,30.55092054215756,5.0,0.032898080049575604,1.6747818039711624
4.966666666666667,24.862356152883084,50.03912705547444,30.523999470146148,5.0654508054232,0.3355470400154623,1.5847999825014658,5.318173997037172,86.21013348854393,1.5847999825014658,0.05491398299284893,0.3083257372956764,2,camera_only,24.833333333333336,49.99945169365512,30.55092054215756,5.0,0.032898080049575604,1.6747818039711624
4.966666666666667,24.845949113055,50.016881401948844,30.532270396680282,4.997487646197453,0.2626900362827707,1.6259891167053682,5.261913096650562,86.99104984164588,1.6259891167053682,0.05355456295445947,0.3053839423930098,2,camera_only,24.833333333333336,49.99945169365512,30.55092054215756,5.0,0.032898080049575604,1.6747818039711624
5.0,25.031014049576136,49.99840874027969,30.590932138247666,5.070849813226015,0.169077704511388,1.6583664841401073,5.33781645377362,88.09029026870894,1.6583664841401073,0.05275012398351168,0.3117865103019676,2,camera_only,25.0,50.0,30.606601717798213,5.0,1.9236706937217898e-16,1.6660811018093873
5.0,25.036608382449785,49.99512968559812,30.601435831842032,5.094940482287465,0.15249224935286776,1.6988248384505842,5.372864993269511,88.2856414566763,1.6988248384505842,0.04954744325002805,0.303844918474602,2,camera_only,25.0,50.0,30.606601717798213,5.0,1.9236706937217898e-16,1.6660811018093873
5.0,25.03897600636771,49.9971789087298,30.60907111485602,5.105943138283914,0.15538528048906153,1.725788470131023,5.391951943444825,88.25689913475009,1.725788470131023,0.04847135071877345,0.3013724218152572,2,camera_only,25.0,50.0,30.606601717798213,5.0,1.9236706937217898e-16,1.6660811018093873
5.033333333333333,25.19576971636415,50.00596880301032,30.65462356264197,5.046819390187325,0.1758558567466042,1.676666152952182,5.3209511018217714,88.0043424014811,1.676666152952182,0.05034957411801361,0.3107548962735796,2,camera_only,25.166666666666664,49.99945169365512,30.661992108094886,5.0,-0.03289808004957522,1.6573347231925912
5.033333333333333,25.16361564786794,50.00103035688364,30.6877413622899,4.920457504368678,0.13943668890926092,1.7943034262631201,5.239262298073231,88.37677771919086,1.7943034262631201,0.04717333240893946,0.3030529613159069,2,camera_only,25.166666666666664,49.99945169365512,30.661992108094886,5.0,-0.03289808004957522,1.6573347231925912
5.033333333333333,25.165753340697957,50.00271627884623,30.689051912374502,4.92970295642904,0.14573436016656643,1.7991663866479015,5.249781845867696,88.30668649697142,1.7991663866479015,0.046186952349021176,0.30068787942248004,2,camera_only,25.166666666666664,49.99945169365512,30.661992108094886,5.0,-0.03289808004957522,1.6573347231925912
5.066666666666666,25.324096779717745,49.99351074807396,30.736982122565703,4.901499192639133,0.08358752856558056,1.7526940052984052,5.206113472311446,89.02300332360205,1.7526940052984052,0.049159229947431736,0.31024659298840096,2,camera_only,25.33333333333333,49.99780683474846,30.717090194492048,5.0,-0.06579255245394623,1.6485429079071623
5.066666666666666,25.336811499358543,49.99378031757723,30.731394473529388,4.9544416664762805,0.08605420644906799,1.7352601038613185,5.250240487922114,89.00492377634363,1.7352601038613185,0.0460012733897469,0.3026089681334743,2,camera_only,25.33333333333333,49.99780683474846,30.717090194492048,5.0,-0.06579255245394623,1.6485429079071623
5.066666666666666,25.333194485091834,49.991341330671254,30.736413486474646,4.940803826914578,0.07277913599109992,1.7538226314255165,5.243351321549003,89.15608149658478,1.7538226314255165,0.04504987108241091,0.3002349020534029,2,camera_only,25.33333333333333,49.99780683474846,30.717090194492048,5.0,-0.06579255245394623,1.6485429079071623
5.1,25.492394291940393,49.99511828233875,30.790351033631822,4.914417028833339,0.08187692738235998,1.733560101290802,5.211854678452965,89.04550867965598,1.733560101290802,0.04856207027893098,0.30920935519480824,2,camera_only,25.5,49.995065603657316,30.771894466447833,5.0,-0.0986798099635267,1.639705896985157
5.1,25.49571119325991,49.99794496681455,30.778400959251513,4.9236549440088195,0.09964773940122515,1.6873242536016957,5.20570560216603,88.8405735901673,1.6873242536016957,0.04542098294615182,0.30155557325200727,2,camera_only,25.5,49.995065603657316,30.771894466447833,5.0,-0.0986798099635267,1.639705896985157
5.1,25.497460092529575,49.99923074507393,30.764960049481516,4.9256435799015765,0.10992804133750365,1.6345237183580277,5.19092637554925,88.72151377906216,1.6345237183580277,0.04448415824990744,0.2991321671286892,2,camera_only,25.5,49.995065603657316,30.771894466447833,5.0,-0.0986798099635267,1.639705896985157
5.133333333333333,25.657999752649875,50.011766364349675,30.81853777575999,4.906770022744015,0.1598659835299652,1.629804893767164,5.172834153588989,88.13392370731835,1.629804893767164,0.04827285151159058,0.3075094017457639,2,camera_only,25.666666666666664,49.99122830098858,30.826403421475433,5.0,-0.13155624611992286,1.630823932697695
5.133333333333333,25.6650952287339,50.012843642258254,30.811680535126754,4.935253823585801,0.16601630473914067,1.6053014239170744,5.192425673833733,88.07336187499972,1.6053014239170744,0.04514674059216094,0.29980166461985097,2,camera_only,25.666666666666664,49.99122830098858,30.826403421475433,5.0,-0.13155624611992286,1.630823932697695
5.133333333333333,25.66452814893297,50.01237895705468,30.818012952393786,4.935741716044214,0.162276172973391,1.6307668696759476,5.200699993947609,88.11692093926752,1.6307668696759476,0.04421468264707637,0.2973197699535405,2,camera_only,25.666666666666664,49.99122830098858,30.826403421475433,5.0,-0.13155624611992286,1.630823932697695
5.166666666666667,25.836628158701657,50.030391837305025,30.885742965569488,4.973688024809463,0.23014166488072735,1.691170625641066,5.258383386467586,87.35070892719095,1.691170625641066,0.048134213154324944,0.3053656813758877,2,camera_only,25.833333333333336,49.986295347545735,30.880615565184314,5.0,-0.16441825565142923,1.6218972585483122
5.166666666666667,25.836742700079274,50.033929687666394,30.87176264978984,4.9663819002373,0.25211720677357546,1.6339143029350858,5.2343278665261135,87.09388795187567,1.6339143029350858,0.04502200598291565,0.2975964555743543,2,camera_only,25.833333333333336,49.986295347545735,30.880615565184314,5.0,-0.16441825565142923,1.6218972585483122
5.166666666666667,25.83310135628166,50.0315265300564,30.878424377490038,4.9537384535356725,0.2382504817763203,1.659305578886669,5.229682873963685,87.24647628586317,1.659305578886669,0.044090037811199675,0.2950630246737376,2,camera_only,25.833333333333336,49.986295347545735,30.880615565184314,5.0,-0.16441825565142923,1.6218972585483122
5.2,25.997833208415482,50.02878230460619,30.92860157154168,4.951975952002675,0.1784756128416977,1.636569914870099,5.218455754325214,87.93587949936436,1.636569914870099,0.04806060627318531,0.30308632268161484,2,camera_only,26.0,49.98026728428272,30.934529411321172,5.0,-0.1972622348683774,1.6129261192662916
5.2,26.001295536667346,50.02929963919321,30.925129151371994,4.965886552507218,0.18113351980121564,1.6240020878316594,5.22783142284152,87.91103015282903,1.6240020878316594,0.04495563426982078,0.29525186983910146,2,camera_only,26.0,49.98026728428272,30.934529411321172,5.0,-0.1972622348683774,1.6129261192662916
5.2,26.006372327256795,50.032573775913455,30.92821569527903,4.989867979268681,0.19834677405277693,1.6398750101103665,5.25616913180051,87.72369664437714,1.6398750101103665,0.044021181138587905,0.2926789781586199,2,camera_only,26.0,49.98026728428272,30.934529411321172,5.0,-0.1972622348683774,1.6129261192662916
5.233333333333333,26.185445881172463,50.01734459016441,30.98597958498981,5.055265587470053,0.07303055905970127,1.6576657175438807,5.320610797035974,89.17233789528129,1.6576657175438807,0.048002176996838196,0.30091385969564255,2,camera_only,26.166666666666664,49.97314477224458,30.98814348181068,5.0,-0.23008458205832824,1.6039107607999477
5.233333333333333,26.19372560997417,50.01297826611615,30.999603378716046,5.101412835484897,0.04568142965328709,1.7185672080226209,5.383305021968929,89.48694935095689,1.7185672080226209,0.04490220149751534,0.2930289282583513,2,camera_only,26.166666666666664,49.97314477224458,30.98814348181068,5.0,-0.23008458205832824,1.6039107607999477
5.233333333333333,26.198503502175036,50.01604351340982,31.003390096802626,5.124543070644373,0.061634194217030806,1.7372038452611829,5.411341576427816,89.31092218538876,1.7372038452611829,0.04396361837378344,0.29042754713187596,2,camera_only,26.166666666666664,49.97314477224458,30.98814348181068,5.0,-0.23008458205832824,1.6039107607999477
5.266666666666667,26.37299314597009,50.00130881301109,31.057765121802817,5.143518112387299,-0.03214891266470488,1.7233845827229972,5.424653587558291,90.35811539586896,1.7233845827229972,0.04793932704079905,0.29900135453591936,2,camera_only,26.333333333333332,49.96492859249504,31.041456306796015,5.0,-0.2628816978810395,1.5948514303098862
5.266666666666667,26.344616418820088,49.99810278755092,31.07989404822872,5.025676970332514,-0.04653471639797784,1.8004112737821045,5.338639830960928,90.5305089587178,1.8004112737821045,0.04484346159220176,0.2910848081398717,2,camera_only,26.333333333333332,49.96492859249504,31.041456306796015,5.0,-0.2628816978810395,1.5948514303098862
5.266666666666667,26.34056133117052,49.995509397879594,31.077687762802384,5.006533414800774,-0.06000789466901841,1.7888716907327764,5.316863709636015,90.68670958224315,1.7888716907327764,0.04390063576613552,0.28846595479669945,2,camera_only,26.333333333333332,49.96492859249504,31.041456306796015,5.0,-0.2628816978810395,1.5948514303098862
5.3,26.508842080129483,49.98856746242661,31.136624359041964,5.013713516693607,-0.08748297576288779,1.7865680061098468,5.32323226423381,90.99963762925866,1.7865680061098468,0.04787664465354782,0.2974561032782363,2,camera_only,26.5,49.9556196460308,31.094466424679148,5.0,-0.29564998576317125,1.5857483761622289
5.3,26.511290089829142,49.98755006033767,31.140087533849385,5.026980989454603,-0.09385010574891141,1.8022696648139653,5.341116143222847,91.0695465886674,1.8022696648139653,0.04478423135966177,0.28952264991439686,2,camera_only,26.5,49.9556196460308,31.094466424679148,5.0,-0.29564998576317125,1.5857483761622289
5.3,26.512367817622593,49.98816708880675,31.146652805054572,5.0352015439899285,-0.09119953807006245,1.8302280731754232,5.358293267840253,91.03765008902462,1.8302280731754232,0.04383615874121885,0.2868907661767955,2,camera_only,26.5,49.9556196460308,31.094466424679148,5.0,-0.29564998576317125,1.5857483761622289
5.333333333333333,26.683311671359558,49.964093583879695,31.20069146249043,5.050552663979028,-0.2066169515285945,1.8027829484070346,5.366637600523421,92.34265089212354,1.8027829484070346,0.04780850785683935,0.29623371425593303,2,camera_only,26.666666666666668,49.94521895368273,31.14717238216091,5.0,-0.32838585229269024,1.5766018479218045
5.333333333333333,26.680551844766224,49.96294435573439,31.20597800901798,5.040880904834306,-0.21284446158821677,1.823312855621254,5.364722996672395,92.41780157588707,1.823312855621254,0.044717873373150904,0.2882934930953204,2,camera_only,26.666666666666668,49.94521895368273,31.14717238216091,5.0,-0.32838585229269024,1.5766018479218045
5.333333333333333,26.685718954902423,49.96616117919948,31.20811723385911,5.064966939136064,-0.1963595206304052,1.8349281936458348,5.3906779380445204,92.22014093732253,1.8349281936458348,0.04376445592035862,0.28565264649612304,2,camera_only,26.666666666666668,49.94521895368273,31.14717238216091,5.0,-0.32838585229269024,1.5766018479218045
5.366666666666666,26.850217866194416,49.9512242809417,31.262272398483894,5.043351098188274,-0.24082599928449688,1.8037825293583212,5.361624648811826,92.73386482231382,1.8037825293583212,0.047735812937673594,0.29529464314714443,2,camera_only,26.833333333333332,49.93372765600397,31.19957273428087,5.0,-0.3610857076129338,1.5674120963453047
5.366666666666666,26.852912871351304,49.95485955770393,31.24683248091529,5.0470001131849545,-0.22012895859372672,1.7410991339336532,5.343415863947426,92.4974185432801,1.7410991339336532,0.044648405346952705,0.2873610258589112,2,camera_only,26.833333333333332,49.93372765600397,31.19957273428087,5.0,-0.3610857076129338,1.5674120963453047
5.366666666666666,26.861342895701945,49.960120924693896,31.23987969614598,5.080946575918256,-0.1923798625080597,1.7165373887404678,5.366519237436685,92.16835410713541,1.7165373887404678,0.04368920635667367,0.2847124239446006,2,camera_only,26.833333333333332,49.93372765600397,31.19957273428087,5.0,-0.3610857076129338,1.5674120963453047
5.4,27.027514659173217,49.95129911836782,31.292718645210797,5.064594518693113,-0.20453628042312627,1.6968890893162705,5.345220791532026,92.3126630538577,1.6968890893162705,0.04766072566873253,0.29457999211323294,2,camera_only,27.0,49.921147013144775,31.251666044456893,5.0,-0.3937459658162723,1.5581793733744105
5.4,27.02827431603174,49.95293718792267,31.285461095302274,5.064026492729119,-0.19509662877551792,1.6672161241083792,5.334982344685774,92.20628543988214,1.6672161241083792,0.04457674128192098,0.28666028235945906,2,camera_only,27.0,49.921147013144775,31.251666044456893,5.0,-0.3937459658162723,1.5581793733744105
5.4,27.029444992400126,49.95360942073988,31.291003807367293,5.072071837524387,-0.19213736899095482,1.6907038606303586,5.349888693974966,92.16940914689324,1.6907038606303586,0.04361201110232785,0.28400552992397915,2,camera_only,27.0,49.921147013144775,31.251666044456893,5.0,-0.3937459658162723,1.5581793733744105
5.433333333333334,27.199819680235844,49.947243004258745,31.348152170830307,5.07846069259992,-0.1922644527161726,1.6946269413369197,5.35719041068783,92.16811429076067,1.6946269413369197,0.047588621882366317,0.2940489254388049,2,camera_only,27.166666666666668,49.90747840471444,31.303450884524565,5.0,-0.4263630453373438,1.5489039321288869
5.433333333333334,27.197870418037102,49.945378692239906,31.35590553248795,5.07384787328878,-0.20275129020981333,1.725700652847239,5.363122511205222,92.28832558032185,1.725700652847239,0.04450928396227179,0.28614885769291987,2,camera_only,27.166666666666668,49.90747840471444,31.303450884524565,5.0,-0.4263630453373438,1.5489039321288869
5.433333333333334,27.200567547659798,49.94702392867611,31.352874805207875,5.08433589386431,-0.19402979164435266,1.7144896253858986,5.369133423303841,92.18547638886884,1.7144896253858986,0.043539612040472055,0.28348888583909904,2,camera_only,27.166666666666668,49.90747840471444,31.303450884524565,5.0,-0.4263630453373438,1.5489039321288869
5.466666666666667,27.34976945849647,49.91970370617149,31.38317974074218,4.982228628986208,-0.30188236748996694,1.5950221282428212,5.24002200996097,93.46741708761722,1.5950221282428212,0.04752250984842519,0.29365228871710836,2,camera_only,27.333333333333332,49.89272332962988,31.354925834776346,5.0,-0.45893336934582,1.5395860268996406
5.466666666666667,27.343001383042694,49.91850962762916,31.390303515781667,4.954975302438059,-0.3076292459830125,1.6209984531192023,5.222456508748547,93.5526439786468,1.6209984531192023,0.04444495104603359,0.2857657404133564,2,camera_only,27.333333333333332,49.89272332962988,31.354925834776346,5.0,-0.45893336934582,1.5395860268996406
5.466666666666667,27.350791559295878,49.923339176036635,31.38144892076798,4.9852397060106695,-0.2819950949847757,1.5882099482888834,5.239708675091068,93.23754323193485,1.5882099482888834,0.043470233795648176,0.283099712909591,2,camera_only,27.333333333333332,49.89272332962988,31.354925834776346,5.0,-0.45893336934582,1.5395860268996406
5.5,27.51614239651373,49.90747949962703,31.431274627939068,4.981348184341884,-0.3171158926133125,1.575399463150401,5.234145172947412,93.64257148550631,1.575399463150401,0.04745942452384379,0.29334775233358473,2,camera_only,27.500000000000004,49.876883405951375,31.406089484000468,5.0,-0.49145336613863916,1.5302259131417502
5.5,27.51147807905403,49.90554078338417,31.44067899096753,4.965055732795892,-0.3275781154796443,1.6118090666108673,5.230393323519708,93.77471719345255,1.6118090666108673,0.04438683669414756,0.28548277201386935,2,camera_only,27.500000000000004,49.876883405951375,31.406089484000468,5.0,-0.49145336613863916,1.5302259131417502
5.5,27.521357725024384,49.91153526255187,31.436341222281733,5.0069889724983785,-0.2963473622456723,1.5985677314314608,5.264330833240276,93.38719898298366,1.5985677314314608,0.04340697156806356,0.282809246583914,2,camera_only,27.500000000000004,49.876883405951375,31.406089484000468,5.0,-0.49145336613863916,1.5302259131417502
5.533333333333333,27.690249232441445,49.9050279135077,31.492539428034664,5.016856824486709,-0.2784121075175281,1.6112922310717208,5.276611446081974,93.17638985621146,1.6112922310717208,0.04740055414245705,0.29309689691181506,2,camera_only,27.666666666666668,49.85996037070505,31.456940429519634,5.0,-0.5239194695316837,1.5208238474674636
5.533333333333333,27.68876070220917,49.90566959349136,31.490115791494695,5.008624207357352,-0.27433581080952263,1.6005717428682944,5.265302127294029,93.13511119615214,1.6005717428682944,0.04433475075179752,0.28525753790954517,2,camera_only,27.666666666666668,49.85996037070505,31.456940429519634,5.0,-0.5239194695316837,1.5208238474674636
5.533333333333333,27.69016206874414,49.90651758343376,31.48845399364507,5.014051767672738,-0.26982672743365793,1.5944014737008785,5.2683619514113875,93.08035008443989,1.5944014737008785,0.04334936524003588,0.28257483952787443,2,camera_only,27.666666666666668,49.85996037070505,31.456940429519634,5.0,-0.5239194695316837,1.5208238474674636
5.566666666666666,27.849346015776927,49.88311133454181,31.527979223403957,4.973897584855153,-0.3467921027758381,1.5355678003390227,5.217076807620685,93.98834517845832,1.5355678003390227,0.04734715155487276,0.2928835574785268,2,camera_only,27.833333333333332,49.84195607969242,31.50747727722949,5.0,-0.556328119250859,1.5113800876391594
5.566666666666666,27.855243589979164,49.885529119131796,31.516391689147813,4.994726373260814,-0.3338174551636251,1.490883128903929,5.223165528792804,93.82361880281778,1.490883128903929,0.044285028122771616,0.28506131667598494,2,camera_only,27.833333333333332,49.84195607969242,31.50747727722949,5.0,-0.556328119250859,1.5113800876391594
5.566666666666666,27.850363023535486,49.88285682582055,31.501040247325403,4.965095652989659,-0.34628405589471384,1.4257500623076553,5.177340121227693,93.98955839171904,1.4257500623076553,0.04329389924566323,0.2823684061305803,2,camera_only,27.833333333333332,49.84195607969242,31.50747727722949,5.0,-0.556328119250859,1.5113800876391594
5.6,28.021414978635715,49.84190247128124,31.541385900729434,4.994285182134306,-0.5105810184785777,1.4009449640558018,5.212122816015586,95.83724262783592,1.4009449640558018,0.047293277607898206,0.2926852155210755,2,camera_only,27.999999999999996,49.82287250728689,31.557698641636836,5.0,-0.5886757613225096,1.5018948925622848
5.6,28.010068178999767,49.83817964777065,31.560134399265735,4.952137870363149,-0.530056533333668,1.4722656086188661,5.193476238314416,96.10944484929817,1.4722656086188661,0.04423325921011011,0.28487579821684605,2,camera_only,27.999999999999996,49.82287250728689,31.557698641636836,5.0,-0.5886757613225096,1.5018948925622848
5.6,28.008451805973646,49.83726578910652,31.55666604022463,4.94313822448626,-0.5344911101836518,1.4573298391814138,5.181129849116991,96.17129546366122,1.4573298391814138,0.043237018523367525,0.2821734874627093,2,camera_only,27.999999999999996,49.82287250728689,31.557698641636836,5.0,-0.5886757613225096,1.5018948925622848
5.633333333333333,28.179340707187464,49.81877333754736,31.610078721667676,4.974081061438662,-0.5400964441399508,1.4801640132273326,5.217669219180977,96.1970208854585,1.4801640132273326,0.04724021705346475,0.2925044061941974,2,camera_only,28.16666666666666,49.80271174621722,31.607603145897592,5.0,-0.6209588484631585,1.4923685222782537
5.633333333333333,28.177889107071817,49.81879597171222,31.610409269168283,4.967516367440725,-0.5396443735219163,1.4807958687976117,5.211544043343913,96.19999320024834,1.4807958687976117,0.04418751187557838,0.2847188750981915,2,camera_only,28.16666666666666,49.80271174621722,31.607603145897592,5.0,-0.6209588484631585,1.4923685222782537
5.633333333333333,28.182741663312278,49.82186680342004,31.59883760076231,4.983415939999704,-0.5228291364916676,1.4357034756303164,5.212391889233265,95.98920824481894,1.4357034756303164,0.04318562214451474,0.2820049664810385,2,camera_only,28.16666666666666,49.80271174621722,31.607603145897592,5.0,-0.6209588484631585,1.4923685222782537
5.666666666666667,28.33538197342061,49.79713118424352,31.632677255514782,4.91570328883803,-0.5593826469256349,1.372209394523551,5.134199683689099,96.49204905251777,1.372209394523551,0.04718909793642614,0.292323873023757,2,camera_only,28.333333333333332,49.78147600733806,31.65718942185456,5.0,-0.6531738404685045,1.482801237957319
5.666666666666667,28.347059587231104,49.79927004083125,31.620369054321717,4.9631663971319355,-0.549433830604087,1.3275705055984013,5.166947035452045,96.31705201020029,1.3275705055984013,0.04414138822312404,0.2845563790041064,2,camera_only,28.333333333333332,49.78147600733806,31.65718942185456,5.0,-0.6531738404685045,1.482801237957319
5.666666666666667,28.34714784296491,49.79915042159523,31.63003689422068,4.96846541967418,-0.5508120445604837,1.367116827107455,5.182475369347295,96.32606997828913,1.367116827107455,0.043133194754662006,0.28182956773972556,2,camera_only,28.333333333333332,49.78147600733806,31.65718942185456,5.0,-0.6531738404685045,1.482801237957319
5.7,28.51797266026561,49.77244370937933,31.67712435488149,4.995623572239683,-0.5990724613559417,1.376343206968271,5.216269098967149,96.83822405042464,1.376343206968271,0.04713755780936204,0.29214523016805266,2,camera_only,28.500000000000004,49.759167619387476,31.706456110074946,5.0,-0.6853172046016429,1.4731933018914143
5.7,28.51159506516864,49.76775983987172,31.698826752978608,4.9780954651894245,-0.625213483959615,1.462060673093925,5.225892055225815,97.15846237719843,1.462060673093925,0.04409634995839153,0.2843988617286024,2,camera_only,28.500000000000004,49.759167619387476,31.706456110074946,5.0,-0.6853172046016429,1.4731933018914143
5.7,28.504976773620008,49.7639342106671,31.697515706527696,4.947669922263905,-0.6449071352006764,1.4536585403885565,5.1969670024690595,97.42638509325703,1.4536585403885565,0.04308293570018178,0.2816612234346262,2,camera_only,28.500000000000004,49.759167619387476,31.706456110074946,5.0,-0.6853172046016429,1.4731933018914143
5.733333333333333,28.662737643902357,49.738890410765976,31.738016270579127,4.911283743084697,-0.6624754342686693,1.417869130846337,5.154603241599148,97.68217053149655,1.417869130846337,0.04709153201883898,0.2919862253596444,2,camera_only,28.666666666666668,49.7357890287316,31.7554018598876,5.0,-0.7173854159804732,1.46354497748696
5.733333333333333,28.67833984184498,49.74060718905292,31.72651493540615,4.977710976190776,-0.6561340694551036,1.3785304768962912,5.2065789877156154,97.5091190398608,1.3785304768962912,0.04405626838438026,0.284257938276304,2,camera_only,28.666666666666668,49.7357890287316,31.7554018598876,5.0,-0.7173854159804732,1.46354497748696
5.733333333333333,28.676029990595243,49.73918144498248,31.73112592140043,4.969648881597605,-0.6638561794334482,1.3962823373352597,5.204586381153715,97.6086477425643,1.3962823373352597,0.04303637648028335,0.28150620848452385,2,camera_only,28.666666666666668,49.7357890287316,31.7554018598876,5.0,-0.7173854159804732,1.46354497748696
5.766666666666667,28.84901956734812,49.70337497616653,31.7775073550831,5.007545124506498,-0.742994646165495,1.3999215990608216,5.252364201168498,98.43968866098673,1.3999215990608216,0.04704429912898768,0.2918169281820774,2,camera_only,28.833333333333332,49.71134279909636,31.804025329420057,5.0,-0.7493749579642417,1.453856529257644
5.766666666666667,28.844376907027534,49.70329365882268,31.77918657575782,4.986751558022891,-0.7423150034957752,1.4044932324526698,5.233672124413604,98.4667308059868,1.4044932324526698,0.04401451565394093,0.2841062841335484,2,camera_only,28.833333333333332,49.71134279909636,31.804025329420057,5.0,-0.7493749579642417,1.453856529257644
5.766666666666667,28.850062720683013,49.70631414042064,31.789882045832734,5.017795495207435,-0.7274678319945697,1.4507382479569955,5.273719990897908,98.24912892838823,1.4507382479569955,0.0429885198386707,0.2813413836980471,2,camera_only,28.833333333333332,49.71134279909636,31.804025329420057,5.0,-0.7493749579642417,1.453856529257644
5.8,29.015486301384396,49.696443695334224,31.842602340090888,5.007331483595092,-0.6458635678455451,1.466915693724223,5.2575992608192585,97.34963627272886,1.466915693724223,0.04699751030953865,0.2916477569504191,2,camera_only,28.999999999999996,49.68583161128631,31.852325185635355,5.0,-0.7812823225391818,1.4441282228171672
5.8,28.989491135630423,49.69137968357472,31.87102692952628,4.901488569906666,-0.6690852610321272,1.5702495743380325,5.190178129232647,97.77320434518948,1.5702495743380325,0.04397662212993215,0.2839627988531873,2,camera_only,28.999999999999996,49.68583161128631,31.852325185635355,5.0,-0.7812823225391818,1.4441282228171672
5.8,28.990466759521347,49.692045032022875,31.867662418627067,4.904179243063805,-0.6653852703678482,1.5569863968041424,5.18824809024718,97.72655012762222,1.5569863968041424,0.04294530490001296,0.28118659238636023,2,camera_only,28.999999999999996,49.68583161128631,31.852325185635355,5.0,-0.7812823225391818,1.4441282228171672
5.833333333333333,29.155503023560197,49.670200808233645,31.920575450760126,4.911905974836034,-0.6639833852338857,1.5618604104162273,5.196835785660552,97.69848379283039,1.5618604104162273,0.04696195432662253,0.2915133184412183,2,camera_only,29.166666666666664,49.65925826289069,31.900300104368526,5.0,-0.8131040107032035,1.434360324871966
5.833333333333333,29.155052335296748,49.66918024959322,31.925133387505582,4.912362969304577,-0.6699119156835859,1.5802447841404808,5.20358198693678,97.7656725728214,1.5802447841404808,0.043947294161160944,0.2838457491825854,2,camera_only,29.166666666666664,49.65925826289069,31.900300104368526,5.0,-0.8131040107032035,1.434360324871966
5.833333333333333,29.150520166494058,49.666442394475816,31.92908459292021,4.893911037652654,-0.6843967852310078,1.5942460576742687,5.192339039055804,97.9609896050536,1.5942460576742687,0.04290934513489535,0.2810549386927293,2,camera_only,29.166666666666664,49.65925826289069,31.900300104368526,5.0,-0.8131040107032035,1.434360324871966
5.866666666666666,29.307750362210555,49.631126614538516,31.97321435273811,4.8654918149766635,-0.7533276513330335,1.5552643158801627,5.163270305157192,98.8012618464386,1.5552643158801627,0.04692806992162751,0.29137417622352924,2,camera_only,29.333333333333332,49.63162566797658,31.94794877036294,5.0,-0.8448365328496034,1.4245531032138965
5.866666666666666,29.30661201833197,49.632625640612936,31.967030048476957,4.856636476562182,-0.7441227288810232,1.5294868932051824,5.145868892383297,98.71098441150382,1.5294868932051824,0.04391749504196994,0.28371938632643806,2,camera_only,29.333333333333332,49.63162566797658,31.94794877036294,5.0,-0.8448365328496034,1.4245531032138965
5.866666666666666,29.313477187940823,49.63667120426137,31.96307990622959,4.885660169439728,-0.7228723217470959,1.5165790344316044,5.1664525210704655,98.41630589120435,1.5165790344316044,0.042872873546950456,0.2809140146927313,2,camera_only,29.333333333333332,49.63162566797658,31.94794877036294,5.0,-0.8448365328496034,1.4245531032138965
5.9,29.477971885007847,49.61045256415736,32.0141283154248,4.894252921896965,-0.7354994158911823,1.5194769156685417,5.177207852841416,98.54635272267184,1.5194769156685417,0.04689093068225131,0.2912204215195667,2,camera_only,29.500000000000004,49.60293685676943,31.99526987730636,5.0,-0.8764764091497338,1.4147068267128942
5.9,29.47364258287696,49.61072429211194,32.01419883860941,4.8738712656438095,-0.7326657558439243,1.5176547268472986,5.157004566003087,98.54898827436928,1.5176547268472986,0.04388606886805768,0.28358360875854705,2,camera_only,29.500000000000004,49.60293685676943,31.99526987730636,5.0,-0.8764764091497338,1.4147068267128942
5.9,29.473666792807816,49.61088870821336,32.007757810633876,4.87074626165035,-0.7313896471729371,1.4914805266953752,5.146223287313147,98.53971245999742,1.4914805266953752,0.042834679666973983,0.28076366106504375,2,camera_only,29.500000000000004,49.60293685676943,31.99526987730636,5.0,-0.8764764091497338,1.4147068267128942
5.933333333333334,29.634576223114138,49.58061656133848,32.05400760452547,4.864062018023614,-0.7644843617724609,1.4769395341538718,5.1405141807139545,98.93210473433025,1.4769395341538718,0.04685358491738193,0.2910653899505131,2,camera_only,29.666666666666668,49.573194975320675,32.04226212786672,5.0,-0.9080201699346092,1.4048217653096036
5.933333333333334,29.645161242186052,49.58309581187565,32.04105800744778,4.906697443305377,-0.7528579125888131,1.429364441752483,5.165806572456376,98.72313434092717,1.429364441752483,0.04385353456395101,0.2834442958297283,2,camera_only,29.666666666666668,49.573194975320675,32.04226212786672,5.0,-0.9080201699346092,1.4048217653096036
5.933333333333334,29.640429233158812,49.58036719319296,32.041458628873364,4.885485405785433,-0.7670488221680345,1.428815822633562,5.147605870765539,98.9229181185838,1.428815822633562,0.04279495973167664,0.2806089018427324,2,camera_only,29.666666666666668,49.573194975320675,32.04226212786672,5.0,-0.9080201699346092,1.4048217653096036
5.966666666666667,29.812710285414738,49.54287769162722,32.09167014514818,4.93502104109643,-0.8385162984804378,1.4442824085524306,5.209941836003146,99.64311102298869,1.4442824085524306,0.04681297729305951,0.29090074026139573,2,camera_only,29.833333333333336,49.54240328516277,32.08892423372774,5.0,-0.9394643560753931,1.3948981900079767
5.966666666666667,29.81451748818296,49.543767488598455,32.08701728076366,4.940965368643534,-0.8337459569958809,1.4262404971582718,5.209840021601045,99.57794994438586,1.4262404971582718,0.043817909504099334,0.28329638719819206,2,camera_only,29.833333333333336,49.54240328516277,32.08892423372774,5.0,-0.9394643560753931,1.3948981900079767
5.966666666666667,29.81295527573442,49.54280924383305,32.089835324493926,4.935295431399604,-0.8388949757036197,1.4369586679570112,5.20823732071335,99.6468577708037,1.4369586679570112,0.042752509929657026,0.28044631902901895,2,camera_only,29.833333333333336,49.54240328516277,32.08892423372774,5.0,-0.9394643560753931,1.3948981900079767
6.0,29.984877545630233,49.487875513876844,32.13308244176628,4.976857699300103,-0.9962142761663001,1.4226083565471737,5.271182977210914,101.31926096999067,1.4226083565471737,0.04677036863099591,0.29073248416724196,2,camera_only,30.0,49.510565162951536,32.135254915624216,5.0,-0.970805519362733,1.3849363728678425
6.0,29.98495234266687,49.485711418654674,32.142503593881344,4.982536705852079,-1.0091333211177167,1.4609105783168814,5.28945004729145,101.44947013396668,1.4609105783168814,0.043779657671361445,0.28314321008415183,2,camera_only,30.0,49.510565162951536,32.135254915624216,5.0,-0.970805519362733,1.3849363728678425
6.0,29.988942443830695,49.48786139583496,32.1460864797643,5.002423930030659,-0.9982098038823718,1.477268698760833,5.310648811270502,101.28487572376262,1.477268698760833,0.04270733861951439,0.28027793817920654,2,camera_only,30.0,49.510565162951536,32.135254915624216,5.0,-0.970805519362733,1.3849363728678425
6.033333333333333,30.156230274556624,49.43335990104841,32.1872083942823,5.008155810717835,-1.120494431605076,1.4453416178565104,5.331617464521707,102.61132028300555,1.4453416178565104,0.04672541276660032,0.29056285462907777,2,camera_only,30.166666666666664,49.47768410009586,32.18125290337709,5.0,-1.0020402228848904,1.3749365869974508
6.033333333333333,30.184162495135162,49.44135736338682,32.14625403338646,5.117578213731635,-1.0816742537859305,1.2925245506922773,5.387972316104296,101.93463536475653,1.2925245506922773,0.043740747272210556,0.2829926461307587,2,camera_only,30.166666666666664,49.47768410009586,32.18125290337709,5.0,-1.0020402228848904,1.3749365869974508
6.033333333333333,30.182674071124683,49.440470388002666,32.147542951945084,5.111466246019634,-1.0863612879875617,1.29706448133253,5.38420321876603,101.99877306126173,1.29706448133253,0.04265971237421506,0.28010772311759674,2,camera_only,30.166666666666664,49.47768410009586,32.18125290337709,5.0,-1.0020402228848904,1.3749365869974508
6.066666666666666,30.352101935610982,49.438004665955404,32.20443888896105,5.101928558051728,-0.891373769300782,1.3508564515291066,5.352479365742486,99.9102951932993,1.3508564515291066,0.046671907838948784,0.29036546811951036,2,camera_only,30.333333333333336,49.44376370237481,32.226916935928315,5.0,-1.0331650414046427,1.3648991065459821
6.066666666666666,30.367204553262866,49.439997746306645,32.19271331676498,5.1671049310330694,-0.884428369114636,1.3105149046223359,5.4035762438998045,99.71291670315497,1.3105149046223359,0.043697339815541254,0.28282621178194634,2,camera_only,30.333333333333336,49.44376370237481,32.226916935928315,5.0,-1.0331650414046427,1.3648991065459821
6.066666666666666,30.362996869072052,49.437457699222506,32.19778746726835,5.150511142718928,-0.8979241761970332,1.3291293144152945,5.394498826759445,99.88937781100559,1.3291293144152945,0.04260903835762159,0.27992573873903814,2,camera_only,30.333333333333336,49.44376370237481,32.226916935928315,5.0,-1.0331650414046427,1.3648991065459821
6.1,30.52609077098675,49.39739282790931,32.23131166528807,5.108101100939676,-0.9533193598579839,1.2817595979635814,5.352048423386408,100.5714331558091,1.2817595979635814,0.04662311550618407,0.29018127232980684,2,camera_only,30.5,49.40880768954226,32.27224576137535,5.0,-1.0641765617348926,1.3548242066960334
6.1,30.522164445887782,49.39500140346245,32.24263711021599,5.095794364129656,-0.966292533792145,1.3257668356086438,5.35336335071306,100.73725579447215,1.3257668356086438,0.04365408514785042,0.2826601160664497,2,camera_only,30.5,49.40880768954226,32.27224576137535,5.0,-1.0641765617348926,1.3548242066960334
6.1,30.52301524288697,49.39570199494051,32.23608871954497,5.096412454960329,-0.9622579923401803,1.2996697818085035,5.346821663067087,100.69219367992906,1.2996697818085035,0.042559115885547186,0.27974578088822954,2,camera_only,30.5,49.40880768954226,32.27224576137535,5.0,-1.0641765617348926,1.3548242066960334
6.133333333333333,30.688468704928336,49.364701418973574,32.27697443366398,5.073777560767029,-0.9543343207464414,1.2877141234285618,5.3209191307118155,100.6523900081408,1.2877141234285618,0.04657689144060317,0.29001559607097205,2,camera_only,30.666666666666664,49.37281989491892,32.31723813700556,5.0,-1.0950713831129677,1.3447121636560742
6.133333333333333,30.699163184853443,49.36883733948657,32.256802666818096,5.113419503049809,-0.9333062375805399,1.2111382115364957,5.337131749799767,100.34381935768826,1.2111382115364957,0.043615032362051886,0.28251575393546186,2,camera_only,30.666666666666664,49.37281989491892,32.31723813700556,5.0,-1.0950713831129677,1.3447121636560742
6.133333333333333,30.704144930835298,49.371852347598235,32.250110978502164,5.132793294711761,-0.9172779668805391,1.1863690636559514,5.347376686746728,100.13232757078946,1.1863690636559514,0.04251229163096483,0.2795845786298458,2,camera_only,30.666666666666664,49.37281989491892,32.31723813700556,5.0,-1.0950713831129677,1.3447121636560742
6.166666666666667,30.882050341906783,49.35131987047451,32.298574716535974,5.165792568978134,-0.8614472979432907,1.2253449809355061,5.378566224854662,99.46752228253386,1.2253449809355061,0.04652827816173374,0.28983415556683106,2,camera_only,30.833333333333336,49.33580426497202,32.36189282933024,5.0,-1.125846117573553,1.334563254652871
6.166666666666667,30.882961997635313,49.35046905942472,32.302625508970316,5.172406788140247,-0.8668908277614719,1.2421460441782177,5.389639921583247,99.5142960584913,1.2421460441782177,0.043574453530741145,0.28235893738592516,2,camera_only,30.833333333333336,49.33580426497202,32.36189282933024,5.0,-1.125846117573553,1.334563254652871
6.166666666666667,30.879669376190535,49.34811421276646,32.319506716153796,5.165705647038129,-0.8800299452063012,1.3088138024574825,5.40110739624798,99.66809481148763,1.3088138024574825,0.04246454530853582,0.2794124302751917,2,camera_only,30.833333333333336,49.33580426497202,32.36189282933024,5.0,-1.125846117573553,1.334563254652871
6.2,31.052892809912873,49.313895225938765,32.36167980756243,5.17183069741372,-0.9089759828944292,1.3035235289578813,5.410475366429145,99.96822245523197,1.3035235289578813,0.04648440376279625,0.2896654163958077,2,camera_only,31.0,49.297764858882516,32.40620861411843,5.0,-1.1564973903202131,1.324377757923892
6.2,31.046845272850653,49.30829285477724,32.38828554998235,5.157831724143706,-0.9403829899196021,1.4081534441815973,5.428668748843851,100.33275244674344,1.4081534441815973,0.04353814446479409,0.2822122465731528,2,camera_only,31.0,49.297764858882516,32.40620861411843,5.0,-1.1564973903202131,1.324377757923892
6.2,31.04878106250418,49.30943158425467,32.38720408706745,5.166125050713912,-0.9344058984646246,1.4046710845117898,5.434617123437753,100.25234450422442,1.4046710845117898,0.04242168322191307,0.279251231351406,2,camera_only,31.0,49.297764858882516,32.40620861411843,5.0,-1.1564973903202131,1.324377757923892
6.233333333333333,31.218819237912133,49.28793506791097,32.43618991177348,5.15296637807006,-0.8769468011079986,1.4122277335129039,5.414469997774207,99.65823048285631,1.4122277335129039,0.04644579415264139,0.2895104973159236,2,camera_only,31.166666666666664,49.25870584809995,32.45018427643051,5.0,-1.1870218400954828,1.314155952709675
6.233333333333333,31.193513590132866,49.281413233391184,32.46917265527124,5.050094411436072,-0.9065022251781636,1.5335559534821597,5.355090448454758,100.17633544949445,1.5335559534821597,0.04350820942309384,0.282081865745839,2,camera_only,31.166666666666664,49.25870584809995,32.45018427643051,5.0,-1.1870218400954828,1.314155952709675
6.233333333333333,31.18974373095628,49.27924688961875,32.47127475086417,5.033901581754988,-0.9178389799844903,1.540316283831654,5.343703564215674,100.33331540251454,1.540316283831654,0.04238506437614539,0.2791058050393438,2,camera_only,31.166666666666664,49.25870584809995,32.45018427643051,5.0,-1.1870218400954828,1.314155952709675
6.266666666666667,31.348310125013448,49.22909350311144,32.50877228820684,4.990976068334451,-1.029053649755914,1.4805537175313905,5.306678136014959,101.65014988892865,1.4805537175313905,0.04641770089188208,0.28938709528502127,2,camera_only,31.333333333333336,49.21863151588501,32.493818610651495,5.0,-1.217416119549467,1.3038981192461732
6.266666666666667,31.337021250735884,49.229603653081725,32.50747082148394,4.935981861105358,-1.0215498236255196,1.4700915218112274,5.250585687122123,101.69284428914307,1.4700915218112274,0.04348478608837655,0.2819715188087648,2,camera_only,31.333333333333336,49.21863151588501,32.493818610651495,5.0,-1.217416119549467,1.3038981192461732
6.266666666666667,31.33169545594999,49.226759924823234,32.50293309027659,4.909426704471241,-1.0360754377632218,1.4493940945270474,5.222706781024709,101.91672651726023,1.4493940945270474,0.04235394955730105,0.2789777989748661,2,camera_only,31.333333333333336,49.21863151588501,32.493818610651495,5.0,-1.217416119549467,1.3038981192461732
6.3,31.495588404575937,49.192406868418026,32.55136931190293,4.910588707376744,-1.0350977986361354,1.4499999610012335,5.223773424705646,101.90306603924437,1.4499999610012335,0.04638851274270424,0.2892571614451044,2,camera_only,31.5,49.17754625683981,32.53711042052405,5.0,-1.2476768956069089,1.2936045387570727
6.3,31.50921707287505,49.19384222309805,32.54306627547846,4.9716013176285125,-1.031925829151572,1.422828068648297,5.273151836544171,101.72604061226703,1.422828068648297,0.04346149864305896,0.2818587954937399,2,camera_only,31.5,49.17754625683981,32.53711042052405,5.0,-1.2476768956069089,1.2936045387570727
6.3,31.514002908410433,49.197023410481734,32.527312655137635,4.9858535247637255,-1.014667755857165,1.3615943314327557,5.267088868489395,101.50313819941866,1.3615943314327557,0.04232256290370192,0.27884636160548376,2,camera_only,31.5,49.17754625683981,32.53711042052405,5.0,-1.2476768956069089,1.2936045387570727
6.333333333333333,31.67966698901666,49.135587985615786,32.56125638404478,4.989672361875732,-1.1777734224970948,1.3156035323154989,5.292900260523344,103.28112856883565,1.3156035323154989,0.04635214921178004,0.2890869093009614,2,camera_only,31.666666666666664,49.135454576426014,32.58005851918136,5.0,-1.2778008498327074,1.2832754934460826
6.333333333333333,31.66893131729055,49.13312305007521,32.5731683200777,4.944592135765486,-1.1881987531566323,1.35861671193313,5.263710386791892,103.51213005399681,1.35861671193313,0.04342918092239175,0.2817030491961342,2,camera_only,31.666666666666664,49.135454576426014,32.58005851918136,5.0,-1.2778008498327074,1.2832754934460826
6.333333333333333,31.669988994093007,49.13395910614793,32.56581069826621,4.945877923032428,-1.1835151021732848,1.329511746039303,5.2564263439592,103.45743766617989,1.329511746039303,0.0422824306984901,0.2786731617637752,2,camera_only,31.666666666666664,49.135454576426014,32.58005851918136,5.0,-1.2778008498327074,1.2832754934460826
6.366666666666666,31.819932355884855,49.0952659577285,32.60032085170034,4.868946324894865,-1.1724782994370118,1.2833476141443503,5.16994436876142,103.53946631855747,1.2833476141443503,0.04631281622739571,0.288922916018795,2,camera_only,31.83333333333333,49.09236109047069,32.62266172917959,5.0,-1.3077846787958147,1.2729112664891977
6.366666666666666,31.81306547080018,49.097767563610496,32.58922008664669,4.829523825987641,-1.154473772944048,1.2356269719223618,5.117019063081551,103.44398748975597,1.2356269719223618,0.043397020701251794,0.2815604449885011,2,camera_only,31.83333333333333,49.09236109047069,32.62266172917959,5.0,-1.3077846787958147,1.2729112664891977
6.366666666666666,31.809340447438284,49.09535478880864,32.59931349281919,4.817304420337961,-1.1674321050383716,1.2744961028632813,5.117974200237402,103.62250955895391,1.2744961028632813,0.04224265026209521,0.27851346951172995,2,camera_only,31.83333333333333,49.09236109047069,32.62266172917959,5.0,-1.3077846787958147,1.2729112664891977
6.4,31.97926616557803,49.06045507276199,32.65005152472301,4.864572348274648,-1.1477463740555802,1.3118217057160644,5.167423154565906,103.27557066575761,1.3118217057160644,0.046275206399517654,0.2887721830087109,2,camera_only,32.0,49.0482705246602,32.66491888253023,5.0,-1.337625094431499,1.2625121420269347
6.4,31.986811348213717,49.0634902280716,32.63533819263339,4.8928893399668025,-1.132686398645802,1.2561607247496567,5.176995686422923,103.03416907344652,1.2561607247496567,0.04336787909711934,0.2814335351719438,2,camera_only,32.0,49.0482705246602,32.66491888253023,5.0,-1.337625094431499,1.2625121420269347
6.4,31.98233910676961,49.06102986541336,32.633742332461125,4.871611110446372,-1.1453611932799126,1.247750999467161,5.157647683893057,103.23048701767856,1.247750999467161,0.042205962980055786,0.27836931920358504,2,camera_only,32.0,49.0482705246602,32.66491888253023,5.0,-1.337625094431499,1.2625121420269347
6.433333333333334,32.14287587638997,49.016692119773374,32.67132260518186,4.86360630963523,-1.1812313858369063,1.2308485283999313,5.154120877693312,103.65119621049611,1.2308485283999313,0.04623578986122925,0.28860546651259844,2,camera_only,32.166666666666664,49.003187714021934,32.706828820732056,5.0,-1.367318824401913,1.2520784051565454
6.433333333333334,32.14353891834609,49.01904230992242,32.659941575119184,4.860492656655999,-1.1673180585067346,1.1855015006532241,5.1373567253183685,103.50464778987474,1.1855015006532241,0.04333483049540114,0.28128627143768414,2,camera_only,32.166666666666664,49.003187714021934,32.706828820732056,5.0,-1.367318824401913,1.2520784051565454
6.433333333333334,32.14956604932598,49.02222440049332,32.66610525175742,4.891102717173026,-1.151110599419428,1.2129126066439013,5.169051982074548,103.24343802288892,1.2129126066439013,0.04216529519682238,0.2782049887681931,2,camera_only,32.166666666666664,49.003187714021934,32.706828820732056,5.0,-1.367318824401913,1.2520784051565454
6.466666666666667,32.3210247594378,48.978675477309736,32.70941342997009,4.935770146844618,-1.185974339117388,1.2281929119197867,5.22272150362409,103.51098357673759,1.2281929119197867,0.046194020151742975,0.28843479456928167,2,camera_only,32.333333333333336,48.95711760239413,32.74839039480296,5.0,-1.39686261245495,1.2416103419241955
6.466666666666667,32.329143697851926,48.9779255766992,32.71256202830701,4.977014402477295,-1.1942086115562158,1.2444252810055147,5.2673903263748265,103.49274152847869,1.2444252810055147,0.04330142435250675,0.2811401171540265,2,camera_only,32.333333333333336,48.95711760239413,32.74839039480296,5.0,-1.39686261245495,1.2416103419241955
6.466666666666667,32.325551327211265,48.97580102012447,32.715008317920024,4.9616781712640075,-1.2053129350906715,1.2526270948998193,5.257385679743479,103.65406064912335,1.2526270948998193,0.042124092610490826,0.2780409939494632,2,camera_only,32.333333333333336,48.95711760239413,32.74839039480296,5.0,-1.39686261245495,1.2416103419241955
6.5,32.48841565912817,48.927627224555295,32.75168771033433,4.950906378343694,-1.252035585705583,1.231165322472562,5.253078633168968,104.19199118385944,1.231165322472562,0.046152563833312676,0.2882660455412391,2,camera_only,32.5,48.91006524188368,32.78960246531138,5.0,-1.426253218781319,1.231108239317127
6.5,32.50376141754887,48.930878599681655,32.736001403819,5.016916477563372,-1.2395333006080875,1.1751557826228929,5.299706110681542,103.87817365346082,1.1751557826228929,0.043267624397703645,0.28099401215595576,2,camera_only,32.5,48.91006524188368,32.78960246531138,5.0,-1.426253218781319,1.231108239317127
6.5,32.500249821743765,48.92858907791368,32.744162188177576,5.0046389882581686,-1.2517146704341444,1.206272315949118,5.29795186078536,104.04222266160555,1.206272315949118,0.042081820057443604,0.2778753503048775,2,camera_only,32.5,48.91006524188368,32.78960246531138,5.0,-1.426253218781319,1.231108239317127
6.533333333333333,32.673810741611966,48.88934732274322,32.7898241552718,5.038786445195099,-1.2400675990769172,1.2310683362299073,5.333166577093775,103.8259806418165,1.2310683362299073,0.046109147610965115,0.2880936439237286,2,camera_only,32.666666666666664,48.86203579231215,32.8304639024076,5.0,-1.4554874203698356,1.2205723852557877
6.533333333333333,32.669832908466205,48.88570838405997,32.807404443746044,5.0291345933716665,-1.26019704874817,1.2996431925400707,5.345031691939435,104.06747845819403,1.2996431925400707,0.04323340058403423,0.28084854491956235,2,camera_only,32.666666666666664,48.86203579231215,32.8304639024076,5.0,-1.4554874203698356,1.2205723852557877
6.533333333333333,32.6737340522355,48.88817360100164,32.79950893495884,5.043382020222317,-1.247173649923106,1.2697799034004185,5.348222631682776,103.88996667360915,1.2697799034004185,0.04204017340711926,0.2777126357747883,2,camera_only,32.666666666666664,48.86203579231215,32.8304639024076,5.0,-1.4554874203698356,1.2205723852557877
6.566666666666666,32.846559121154904,48.847222168888884,32.84473417968875,5.067432277660184,-1.2457638132498996,1.2834351723734247,5.373825751618711,103.81154851744346,1.2834351723734247,0.04606921630731668,0.2879310204523395,2,camera_only,32.83333333333333,48.81303452064992,32.87097358585467,5.0,-1.4845620113608575,1.2100030685859386
6.566666666666666,32.845861806652124,48.84762490900618,32.84273753071227,5.062917106145069,-1.2429804551762085,1.2751506650122064,5.366948784377161,103.79368939341387,1.2751506650122064,0.0432026503363811,0.28071207563423706,2,camera_only,32.83333333333333,48.81303452064992,32.87097358585467,5.0,-1.4845620113608575,1.2100030685859386
6.566666666666666,32.83891917762544,48.84341713160358,32.849352710200684,5.0340534608426815,-1.264978214811362,1.2985338479585733,5.350519066862917,104.1054748296246,1.2985338479585733,0.04200076728676247,0.27755602959908204,2,camera_only,32.83333333333333,48.81303452064992,32.87097358585467,5.0,-1.4845620113608575,1.2100030685859386
6.6,33.00458967673423,48.7796498698189,32.882353673374695,5.0301895754099695,-1.3944451444111166,1.2562826338780138,5.368941281250741,105.49418373349957,1.2562826338780138,0.046032140147773744,0.28777782811834807,2,camera_only,32.99999999999999,48.76306680043864,32.911130405059154,5.0,-1.5134738033978394,1.1994005790707358
6.6,33.00792115831094,48.78104249533902,32.875810818727444,5.042880309578761,-1.3876815462838035,1.2316014923513952,5.373373626186437,105.38564611244757,1.2316014923513952,0.04317179843661822,0.28057730171519146,2,camera_only,32.99999999999999,48.76306680043864,32.911130405059154,5.0,-1.5134738033978394,1.1994005790707358
6.6,33.01366802110876,48.78445827097466,32.87122979764999,5.0672489731968,-1.3699131732140437,1.2158280621247315,5.3881269598218795,105.1280791178467,1.2158280621247315,0.04196135109813515,0.27740117071604686,2,camera_only,32.99999999999999,48.76306680043864,32.911130405059154,5.0,-1.5134738033978394,1.1994005790707358
6.633333333333333,33.17330146551779,48.73784356235406,32.90590331215952,5.01953966585178,-1.3708729820283212,1.1884558943742116,5.337368134463598,105.27538387992273,1.1884558943742116,0.045990972673647185,0.2876109696839168,2,camera_only,33.166666666666664,48.712138111201895,32.950933259101575,5.0,-1.5422196259769803,1.1887652073827844
6.633333333333333,33.165206291780066,48.73492018759541,32.919592060972455,4.987368983705439,-1.384422991907839,1.239581536580019,5.322315171612835,105.51390085426081,1.239581536580019,0.04313909708190621,0.2804353883217743,2,camera_only,33.166666666666664,48.712138111201895,32.950933259101575,5.0,-1.5422196259769803,1.1887652073827844
6.633333333333333,33.15914772327823,48.73105906480992,32.92954580233674,4.964052104590753,-1.4047050416381337,1.276659117689078,5.314590111558381,105.80021249529563,1.276659117689078,0.04192062194375148,0.27724052655522025,2,camera_only,33.166666666666664,48.712138111201895,32.950933259101575,5.0,-1.5422196259769803,1.1887652073827844
6.666666666666667,33.31162900499299,48.660868709204664,32.95343888689102,4.904527073876197,-1.5398266788933985,1.1962811855107192,5.277929584053146,107.43021688044018,1.1962811855107192,0.04595528510646694,0.2874699397692467,2,camera_only,33.333333333333336,48.66025403784438,32.99038105676658,5.0,-1.5707963267948972,1.1780972450961722
6.666666666666667,33.31937497506229,48.6640328454119,32.93857351967908,4.9344343982689045,-1.5247279660954025,1.1403394860355343,5.289027542452829,107.17101903607801,1.1403394860355343,0.04311006818719366,0.28031267715504216,2,camera_only,33.333333333333336,48.66025403784438,32.99038105676658,5.0,-1.5707963267948972,1.1780972450961722
6.666666666666667,33.323063097707234,48.666432713949725,32.93081070408448,4.947884546195629,-1.5121116489755704,1.1109866827070167,5.291723209938469,106.99355613669765,1.1109866827070167,0.04188295724687666,0.2770972428833116,2,camera_only,33.333333333333336,48.66025403784438,32.99038105676658,5.0,-1.5707963267948972,1.1780972450961722
6.7,33.49075931813179,48.61425663501778,32.969482827971106,4.9632735489898785,-1.5244045077595134,1.1186556840131672,5.311241282859881,107.07365472500359,1.1186556840131672,0.045914040845995964,0.28730744644043593,2,camera_only,33.5,48.60742027003944,33.02947271657287,5.0,-1.5992007720943142,1.1673969846784744
6.7,33.492459467387896,48.614003101524396,32.971000417825955,4.972485954828271,-1.5268673852752777,1.1254187020159827,5.321983449619993,107.06979468386486,1.1254187020159827,0.04307777106569483,0.2801758257858872,2,camera_only,33.5,48.60742027003944,33.02947271657287,5.0,-1.5992007720943142,1.1673969846784744
6.7,33.492712908932745,48.61377729079803,32.98018847911659,4.9778897774782305,-1.5283455575746943,1.162145081040959,5.335335787883296,107.06788935000802,1.162145081040959,0.04184226829760905,0.2769404300823777,2,camera_only,33.5,48.60742027003944,33.02947271657287,5.0,-1.5992007720943142,1.1673969846784744
6.733333333333333,33.66309768257109,48.55823868015498,33.02014807337569,5.003143863375542,-1.5588580600494293,1.1687743661624326,5.3691266038352845,107.30576515865565,1.1687743661624326,0.04587318753789059,0.2871429643436436,2,camera_only,33.666666666666664,48.55364260160506,33.06820716680284,5.0,-1.6274298470077162,1.1566647194827355
6.733333333333333,33.65856021516961,48.557028660714735,33.02567477097901,4.983744579855388,-1.5636795381876427,1.1888589671800511,5.356882430969444,107.41955985770909,1.1888589671800511,0.04304710271378722,0.2800391288409084,2,camera_only,33.666666666666664,48.55364260160506,33.06820716680284,5.0,-1.6274298470077162,1.1566647194827355
6.733333333333333,33.65388429898837,48.55408687550568,33.03200511010652,4.965001849784818,-1.5789884708922368,1.2120475697278157,5.349159492000624,107.6418994251479,1.2120475697278157,0.041803497219262006,0.27678410393996483,2,camera_only,33.666666666666664,48.55364260160506,33.06820716680284,5.0,-1.6274298470077162,1.1566647194827355
6.766666666666667,33.81703883919847,48.50208528202098,33.07143411067879,4.952549711276399,-1.5737964449077722,1.2072176734274593,5.33497501434673,107.62895520223007,1.2072176734274593,0.04583587004085309,0.28699087749764574,2,camera_only,33.83333333333333,48.49892692986864,33.10658334553198,5.0,-1.6554804558989278,1.1459007437394262
6.766666666666667,33.81581203794832,48.50182506134331,33.072489185086994,4.947058415603736,-1.5746778729818782,1.2109010285480173,5.330973520098662,107.65657968380415,1.2109010285480173,0.04301943767890784,0.27991295929012827,2,camera_only,33.83333333333333,48.49892692986864,33.10658334553198,5.0,-1.6554804558989278,1.1459007437394262
6.766666666666667,33.81861334812957,48.50402150412001,33.05899434188601,4.95387470562914,-1.5629657717969774,1.1584047211173913,5.322183583905029,107.51067800247047,1.1584047211173913,0.041767556423261715,0.27663774203463387,2,camera_only,33.83333333333333,48.49892692986864,33.10658334553198,5.0,-1.6554804558989278,1.1459007437394262
6.8,33.99697732502621,48.449533208756726,33.104953774387226,5.0244463279295735,-1.5852680751740065,1.1930055903176398,5.401980943222589,107.51105857547155,1.1930055903176398,0.04579851677583886,0.28683341821925595,2,camera_only,34.0,48.44327925502015,33.144600200657955,5.0,-1.6833495227025794,1.13510535254838
6.8,33.9865817163219,48.4444419335348,33.12795914403664,4.985522152308531,-1.610117334138187,1.2800913686731952,5.393194125284474,107.89830945488204,1.2800913686731952,0.042991477529087024,0.2797815127124498,2,camera_only,34.0,48.44327925502015,33.144600200657955,5.0,-1.6833495227025794,1.13510535254838
6.8,33.9836821049467,48.44236902720125,33.13677525202411,4.976084926902903,-1.6210210999337806,1.313907216316378,5.395876460712295,108.04365910126563,1.313907216316378,0.0417312169476156,0.27648594746396876,2,camera_only,34.0,48.44327925502015,33.144600200657955,5.0,-1.6833495227025794,1.13510535254838
6.833333333333333,34.151015152438994,48.3896705221493,33.18110952197607,4.9828054980406025,-1.6136906932453021,1.3166815257273734,5.400555390416982,107.94464113660946,1.3166815257273734,0.04576519685260384,0.28669017070470454,2,camera_only,34.166666666666664,48.38670567945424,33.18225668992948,5.0,-1.7110339912614432,1.1242788418706993
6.833333333333333,34.16041392370962,48.38921300772068,33.18534536859932,5.031883227049283,-1.6220751005340983,1.3373372963964292,5.4533886242193965,107.86721670300551,1.3373372963964292,0.04296889325411636,0.2796664245842035,2,camera_only,34.166666666666664,48.38670567945424,33.18225668992948,5.0,-1.7110339912614432,1.1242788418706993
6.833333333333333,34.16277618455427,48.39077928166692,33.18044167090948,5.040648365233821,-1.6139439542611118,1.3188571146100199,5.454570113050877,107.7543270389642,1.3188571146100199,0.041699681451211626,0.276348583060572,2,camera_only,34.166666666666664,48.38670567945424,33.18225668992948,5.0,-1.7110339912614432,1.1242788418706993
6.866666666666666,34.332992670384705,48.330563722385904,33.223029918242474,5.055146601956846,-1.6547943056717171,1.3140699927999946,5.479017366949731,108.1257780009275,1.3140699927999946,0.04573163906062284,0.286534446113944,2,camera_only,34.333333333333336,48.329212407101,33.21955178097488,5.0,-1.7385308256615637,1.1134215085206434
6.866666666666666,34.32736092172189,48.32703570199201,33.2390973970629,5.035887405193557,-1.672770047108321,1.3754981130799508,5.4818169111505695,108.37493233163306,1.3754981130799508,0.042944839096157046,0.27953729288337514,2,camera_only,34.333333333333336,48.329212407101,33.21955178097488,5.0,-1.7385308256615637,1.1134215085206434
6.866666666666666,34.3298306252076,48.32854920778528,33.23827383825892,5.046968732147929,-1.6649901636390243,1.3732749496469776,5.489077310042325,108.25767352657118,1.3732749496469776,0.041666582011676764,0.2761972563601071,2,camera_only,34.333333333333336,48.329212407101,33.21955178097488,5.0,-1.7385308256615637,1.1134215085206434
6.8999999999999995,34.49478739290003,48.26170457049038,33.277546150389,5.035155598491625,-1.732982595293463,1.3457411047922927,5.4924529763794245,108.99226291187532,1.3457411047922927,0.04569997278987778,0.28638867866025414,2,camera_only,34.5,48.27080574274562,33.2564844513304,5.0,-1.7658370105651886,1.1025336501574905
6.8999999999999995,34.49087196277573,48.262306204384736,33.27373763766467,5.013482147352644,-1.726881810814792,1.3290837829519635,5.466588308300942,109.00614497776499,1.3290837829519635,0.04292248286795699,0.2794171156389028,2,camera_only,34.5,48.27080574274562,33.2564844513304,5.0,-1.7658370105651886,1.1025336501574905
6.8999999999999995,34.48748785406427,48.260727493876104,33.26371790856734,4.99331369380329,-1.734674271031316,1.2879072477341538,5.440678408991626,109.1571971977793,1.2879072477341538,0.041634675732341066,0.27605365288892697,2,camera_only,34.5,48.27080574274562,33.2564844513304,5.0,-1.7658370105651886,1.1025336501574905
6.933333333333334,34.638915502024474,48.20653881137955,33.30004958526103,4.912392397875666,-1.7026840259511549,1.255952939460664,5.348658686911678,109.1168246897606,1.255952939460664,0.04566754417952692,0.2862452746382845,2,camera_only,34.66666666666667,48.21149209133704,33.29305368846822,5.0,-1.7929495515414315,1.0916155652773774
6.933333333333334,34.65669714474968,48.2126265076526,33.27467705741345,4.987622255460384,-1.6771114859820917,1.1625918703204892,5.38894224839273,108.5854609760404,1.1625918703204892,0.042898490692294365,0.2792975051017536,2,camera_only,34.66666666666667,48.21149209133704,33.29305368846822,5.0,-1.7929495515414315,1.0916155652773774
6.933333333333334,34.65935145446233,48.214525404035825,33.26738838182901,4.996749884970697,-1.6672547238205864,1.1348094626628211,5.388417229911378,108.45219615109299,1.1348094626628211,0.041600869021537555,0.2759104264279883,2,camera_only,34.66666666666667,48.21149209133704,33.29305368846822,5.0,-1.7929495515414315,1.0916155652773774
6.966666666666667,34.827883374819855,48.16130057372284,33.307548439519316,5.006088869859999,-1.6539629359340349,1.1449229145251685,5.39512443291019,108.2830512575645,1.1449229145251685,0.04562878754359897,0.2860754368331748,2,camera_only,34.833333333333336,48.151277957285544,33.32925848982423,5.0,-1.819865475394642,1.0806675532051169
6.966666666666667,34.82871450596967,48.16202792916992,33.30406156567641,5.008378445183543,-1.6500965161503638,1.1314605778081759,5.393225027933166,108.23535728583346,1.1314605778081759,0.042869529333460304,0.27915603145230405,2,camera_only,34.833333333333336,48.151277957285544,33.32925848982423,5.0,-1.819865475394642,1.0806675532051169
6.966666666666667,34.8302691476693,48.16221512866323,33.32013889424823,5.022677800197757,-1.6495793810543873,1.1957831236784986,5.420175430544058,108.18153927704522,1.1957831236784986,0.04156303305527937,0.27574788773141684,2,camera_only,34.833333333333336,48.151277957285544,33.32925848982423,5.0,-1.819865475394642,1.0806675532051169
7.0,35.00425528362381,48.1088416466552,33.36511891825724,5.056958641784878,-1.6438944334136574,1.2186638533377048,5.455305784313384,108.00808509578,1.2186638533377048,0.04559129572808372,0.28591314121675676,2,camera_only,35.0,48.09016994374947,33.365097862825515,5.0,-1.8465818304904564,1.0696899140859892
7.0,34.99724010536619,48.10594716690831,33.37727890919309,5.02825566388945,-1.6567592829836406,1.2639790365032977,5.442963287393054,108.23652779684556,1.2639790365032977,0.0428439202550201,0.27902610225955593,2,camera_only,35.0,48.09016994374947,33.365097862825515,5.0,-1.8465818304904564,1.0696899140859892
7.0,35.00072646701096,48.10834855361277,33.3709798008227,5.041743508546031,-1.6444051562691413,1.2404880294834066,5.446288320978078,108.0641529425623,1.2404880294834066,0.0415292125608568,0.27559773192296483,2,camera_only,35.0,48.09016994374947,33.365097862825515,5.0,-1.8465818304904564,1.0696899140859892
7.033333333333333,35.175452227855565,48.05705451351855,33.41777352012163,5.075382485701855,-1.6270202901203186,1.264739680426602,5.477797811153486,107.77434215059088,1.264739680426602,0.045558037856445195,0.2857620030869368,2,camera_only,35.16666666666667,48.028174751911145,33.400570824917565,5.0,-1.873095687079472,1.0586829488775171
7.033333333333333,35.153385216675545,48.05138288490208,33.4389246091624,4.975420269890567,-1.6463167338895333,1.3397486328941084,5.409259843052861,108.3088623641876,1.3397486328941084,0.042821721938985806,0.27890531885169273,2,camera_only,35.16666666666667,48.028174751911145,33.400570824917565,5.0,-1.873095687079472,1.0586829488775171
7.033333333333333,35.153741674545465,48.051547808023436,33.439995830951936,4.977546973731092,-1.645508867828093,1.3441311886444298,5.412057091539882,108.29317852149542,1.3441311886444298,0.041498529807764015,0.2754559336371021,2,camera_only,35.16666666666667,48.028174751911145,33.400570824917565,5.0,-1.873095687079472,1.0586829488775171
7.066666666666666,35.32643711621926,47.977236275550716,33.47974674386589,5.024482763671151,-1.7715064256892372,1.3257382864058571,5.490104194159623,109.42137036680697,1.3257382864058571,0.045531533404345584,0.2856360002782391,2,camera_only,35.333333333333336,47.96529918024196,33.435676403591195,5.0,-1.8994041376185282,1.047646959341212
7.066666666666666,35.32516782564312,47.97869882545936,33.47200756447823,5.013859089879529,-1.7617539567726979,1.2947308052833286,5.469816069624412,109.3602940196745,1.2947308052833286,0.04280422504917884,0.27880342094494026,2,camera_only,35.333333333333336,47.96529918024196,33.435676403591195,5.0,-1.8994041376185282,1.047646959341212
7.066666666666666,35.32053859873147,47.97519569693207,33.48559159986562,4.99812190672489,-1.7798257254715124,1.3465241193601774,5.473767387417203,109.60075864223931,1.3465241193601774,0.04147113852284769,0.27532921728575976,2,camera_only,35.333333333333336,47.96529918024196,33.435676403591195,5.0,-1.8994041376185282,1.047646959341212
7.1,35.47350043731769,47.90985033613381,33.52007689720916,4.928558967964249,-1.8077553437609495,1.3000428463873834,5.408214519232766,110.14262647073362,1.3000428463873834,0.04550350218257484,0.28550343909041775,2,camera_only,35.5,47.901550123756905,33.47041363640923,5.0,-1.9255042970895555,1.0365822480343017
7.1,35.47450343458571,47.913499008664175,33.50219272630502,4.923977218489557,-1.7863621517109067,1.2299436934127794,5.380464931047803,109.9401876774046,1.2299436934127794,0.04278570333754323,0.2786971937519659,2,camera_only,35.5,47.901550123756905,33.47041363640923,5.0,-1.9255042970895555,1.0365822480343017
7.1,35.471927796153395,47.912211417089715,33.49573059181115,4.909198626216116,-1.7927307873350211,1.2033847227158654,5.36304480853619,110.06107564878702,1.2033847227158654,0.04144326499379914,0.2751994086261964,2,camera_only,35.5,47.901550123756905,33.47041363640923,5.0,-1.9255042970895555,1.0365822480343017
7.133333333333333,35.64198999350297,47.83533390400603,33.53126289783027,4.953646405886894,-1.904447727307532,1.186731038069411,5.4381857652456365,111.02944092045489,1.186731038069411,0.04547319754302365,0.28536491607201736,2,camera_only,35.666666666666664,47.836934573258404,33.5047815710329,5.0,-1.9513933033159456,1.0254891183014356
7.133333333333333,35.64682368913549,47.83797284074967,33.520050127114715,4.972182759992938,-1.8919835731725692,1.1443823396507289,5.441673839842876,110.83250477599398,1.1443823396507289,0.04276370604156999,0.278582459849648,2,camera_only,35.666666666666664,47.836934573258404,33.5047815710329,5.0,-1.9513933033159456,1.0254891183014356
7.133333333333333,35.65474493844967,47.84363549328632,33.50588826889393,5.003160322840092,-1.8630595927653004,1.0916898939659658,5.44925601222989,110.42415089929528,1.0916898939659658,0.041411514365625755,0.27506040106273627,2,camera_only,35.666666666666664,47.836934573258404,33.5047815710329,5.0,-1.9513933033159456,1.0254891183014356
7.166666666666667,35.82416195414732,47.780716599578874,33.54312659049972,5.0177976717273785,-1.8701360257577706,1.0959519686328107,5.465968619264101,110.44045294904618,1.0959519686328107,0.045434976781565974,0.2851960088181811,2,camera_only,35.833333333333336,47.77145961456971,33.53877926524791,5.0,-1.9770683172764245,1.0143678742663684
7.166666666666667,35.83030350427068,47.785497931234595,33.52210542071737,5.03776174425906,-1.8457508556586337,1.0155153315700913,5.460504647167566,110.1219813254512,1.0155153315700913,0.042736581396142836,0.2784454889077056,2,camera_only,35.833333333333336,47.77145961456971,33.53877926524791,5.0,-1.9770683172764245,1.0143678742663684
7.166666666666667,35.8332312498898,47.78681531708286,33.53242392068115,5.055802431889426,-1.8393508559100424,1.0573633140498058,5.482915919411352,109.99188650537505,1.0573633140498058,0.04137434989069412,0.27489867576750954,2,camera_only,35.833333333333336,47.77145961456971,33.53877926524791,5.0,-1.9770683172764245,1.0143678742663684
7.2,35.99539890612935,47.713500348309985,33.55926459300518,5.029270206598174,-1.9097871343849029,1.0212346705124853,5.475743416367761,110.79349454316635,1.0212346705124853,0.045394413280762984,0.2850227700681522,2,camera_only,36.0,47.70513242775789,33.572405786990295,5.0,-2.002526523416379,1.0032188208236241
7.2,35.99697745255044,47.71390568593657,33.558051689504566,5.036677847232525,-1.908528233558669,1.0170417667727558,5.481329921693611,110.75300116172612,1.0170417667727558,0.04270669193239626,0.27830269610160374,2,camera_only,36.0,47.70513242775789,33.572405786990295,5.0,-2.002526523416379,1.0032188208236241
7.2,35.99283735864979,47.71132419827713,33.55696015721001,5.016855842967221,-1.921495441786362,1.0111017720200532,5.466563278267453,110.95723478984186,1.0111017720200532,0.04133553201274515,0.27473356266998794,2,camera_only,36.0,47.70513242775789,33.572405786990295,5.0,-2.002526523416379,1.0032188208236241
7.233333333333333,36.15914873321647,47.64466997516468,33.58906396886477,5.013620749017636,-1.9371331937320355,1.004312940109349,5.467862700078498,111.12524068742091,1.004312940109349,0.0453554015556519,0.2848710532155267,2,camera_only,36.16666666666667,47.63796028634642,33.60566021437197,5.0,-2.0277651299566184,0.9920422636301345
7.233333333333333,36.16559146894442,47.64803440348963,33.5754156442331,5.03933129977145,-1.9217850333089572,0.9530136510814285,5.476892611897195,110.87470785036086,0.9530136510814285,0.04267918565308633,0.27818248743399915,2,camera_only,36.16666666666667,47.63796028634642,33.60566021437197,5.0,-2.0277651299566184,0.9920422636301345
7.233333333333333,36.164922412044376,47.64705706637697,33.58616067208809,5.040656933805917,-1.9269050667482144,0.9950604698598047,5.487379228672211,110.9204859000656,0.9950604698598047,0.04129869477969163,0.2745897780128748,2,camera_only,36.16666666666667,47.63796028634642,33.60566021437197,5.0,-2.0277651299566184,0.9920422636301345
7.266666666666667,36.327592969589745,47.58143986283378,33.61622033025855,5.012680170430158,-1.931390941726813,0.9808588501950085,5.4607066891396006,111.0717263862894,0.9808588501950085,0.04531640974696365,0.2847166873428166,2,camera_only,36.333333333333336,47.56995055651756,33.63854163570603,5.0,-2.0527813691995207,0.9808385090968613
7.266666666666667,36.32864322959212,47.5847720558396,33.6004114537009,5.00954730269094,-1.9120959445970072,0.9191722593936519,5.4402713830912175,110.8913737193817,0.9191722593936519,0.04265219977164329,0.2780607762521093,2,camera_only,36.333333333333336,47.56995055651756,33.63854163570603,5.0,-2.0527813691995207,0.9808385090968613
7.266666666666667,36.32366145179665,47.58193840463483,33.59264367060124,4.983003069524227,-1.9261547634384435,0.8866563341287544,5.415399451421393,111.1337586737567,0.8866563341287544,0.04126268889674289,0.27444504042226714,2,camera_only,36.333333333333336,47.56995055651756,33.63854163570603,5.0,-2.0527813691995207,0.9808385090968613
7.3,36.49018793104604,47.51020119040983,33.61879895016664,4.990481849299895,-1.9738825347545081,0.8729114307852924,5.4371955744847185,111.5802561080947,0.8729114307852924,0.04527809890929962,0.2845675659106388,2,camera_only,36.5,47.50111069630459,33.671049149531676,5.0,-2.0775724978325467,0.9696078643803943
7.3,36.48464800986826,47.512385055067014,33.605609941513165,4.9546952301587845,-1.9562335453680029,0.8192289237469428,5.389526003025206,111.54530591407108,0.8192289237469428,0.0426237936039363,0.2779389246436622,2,camera_only,36.5,47.50111069630459,33.671049149531676,5.0,-2.0775724978325467,0.9696078643803943
7.3,36.48819561306442,47.5150343360747,33.59941004540356,4.968800609412006,-1.9428695070716893,0.7962185853626215,5.394227048732651,111.35618320025628,0.7962185853626215,0.04122523671192934,0.27430028174552257,2,camera_only,36.5,47.50111069630459,33.671049149531676,5.0,-2.0775724978325467,0.9696078643803943
7.333333333333333,36.65891596039705,47.43557934357485,33.62161571725733,5.007032082027505,-2.0395564470072673,0.779860230825437,5.462448420864467,112.16295484471348,0.779860230825437,0.04523735244787631,0.284412060986249,2,camera_only,36.666666666666664,47.43144825477395,33.703181864639014,5.0,-2.1021357972290717,0.9583506373745312
7.333333333333333,36.653804184588516,47.43052502621005,33.64366485831854,4.992423562083898,-2.065809409041036,0.8645428884041326,5.4716812721158306,112.47922832461283,0.8645428884041326,0.04259349800927422,0.27781208645373545,2,camera_only,36.666666666666664,47.43144825477395,33.703181864639014,5.0,-2.1021357972290717,0.9583506373745312
7.333333333333333,36.64789118262245,47.42573526969786,33.65917691000032,4.971004685965006,-2.090055045731176,0.9232470955880592,5.470978238083586,112.80428121072025,0.9232470955880592,0.041186482896024085,0.27415144788740975,2,camera_only,36.666666666666664,47.43144825477395,33.703181864639014,5.0,-2.1021357972290717,0.9583506373745312
7.366666666666666,36.818765968523635,47.36530136436623,33.69678823171658,4.992572012546544,-2.0362197153418653,0.9525402141950459,5.475335504721944,112.18808358744724,0.9525402141950459,0.04520097943691411,0.2842813477861186,2,camera_only,36.83333333333333,47.360970871197345,33.73493890009341,5.0,-2.1264685737465143,0.9470671367018366
7.366666666666666,36.81937589183093,47.36637352336773,33.6915360444479,4.99297856759205,-2.0302981430093636,0.9321605511087195,5.469997149814993,112.12816617354748,0.9321605511087195,0.042572314048051285,0.27772006069246286,2,camera_only,36.83333333333333,47.360970871197345,33.73493890009341,5.0,-2.1264685737465143,0.9470671367018366
7.366666666666666,36.814030009845325,47.36269368509398,33.69318175537024,4.968529651398016,-2.048678274457421,0.9365800978189069,5.455323257945912,112.40786685772133,0.9365800978189069,0.04115663508657702,0.27403582723591974,2,camera_only,36.83333333333333,47.360970871197345,33.73493890009341,5.0,-2.1264685737465143,0.9470671367018366
7.3999999999999995,36.98644595477753,47.303270039361216,33.73151371748485,4.999095926107506,-1.9986400607289132,0.9674545947363337,5.470053981785882,111.79154513863391,0.9674545947363337,0.045168926441168995,0.2841481377044318,2,camera_only,37.0,47.28968627421411,33.76631938525972,5.0,-2.1505681590217223,0.9357576717051819
7.3999999999999995,36.97989126627589,47.300331446917845,33.74197269407415,4.97055204540971,-2.0107187503046613,1.006202860578632,5.455439645490546,112.02462435280944,1.006202860578632,0.042552967667478236,0.27762001817664467,2,camera_only,37.0,47.28968627421411,33.76631938525972,5.0,-2.1505681590217223,0.9357576717051819
7.3999999999999995,36.988654499583184,47.305461435269535,33.75721800367513,5.017850782246548,-1.9854088838325687,1.069425469068983,5.501304003850995,111.58717853406623,1.069425469068983,0.04112863573296449,0.2739124047547294,2,camera_only,37.0,47.28968627421411,33.76631938525972,5.0,-2.1505681590217223,0.9357576717051819
7.433333333333334,37.16707713225614,47.24235860506951,33.799076095403755,5.076816668805639,-1.9757793770112577,1.0976974006392093,5.557221537662131,111.26483425243546,1.0976974006392093,0.045140487872283676,0.28401410439419283,2,camera_only,37.16666666666667,47.21760228098362,33.79732245982606,5.0,-2.1744319102635936,0.9244225524392627
7.433333333333334,37.15848207217407,47.23920181568413,33.80902185875314,5.037230703917966,-1.9872821341417355,1.1337585451208745,5.5324851453761195,111.53016563140214,1.1337585451208745,0.04253904454958792,0.27752347218987367,2,camera_only,37.16666666666667,47.21760228098362,33.79732245982606,5.0,-2.1744319102635936,0.9244225524392627
7.433333333333334,37.15161760717301,47.23469153127704,33.804750294773456,5.003254897566652,-2.009659712842879,1.1143916565830356,5.505738869190066,111.88387098010848,1.1143916565830356,0.04110545120244208,0.2737907265935249,2,camera_only,37.16666666666667,47.21760228098362,33.79732245982606,5.0,-2.1744319102635936,0.9244225524392627
7.466666666666667,37.31652642901748,47.16429023033903,33.839308347117736,4.995599925849231,-2.029523009672284,1.1033553802996294,5.503850957390673,112.1100443263964,1.1033553802996294,0.04511745192421376,0.2838962504344589,2,camera_only,37.333333333333336,47.14472679632803,33.827947273827505,5.0,-2.1980572105428826,0.9130620896621002
7.466666666666667,37.311301822458915,47.16248012386148,33.84461171698419,4.971056310940696,-2.035770181417903,1.122379570695422,5.487758830233709,112.27031000393622,1.122379570695422,0.04252668710060936,0.27743371728532723,2,camera_only,37.333333333333336,47.14472679632803,33.827947273827505,5.0,-2.1980572105428826,0.9130620896621002
7.466666666666667,37.30249041696065,47.15611037141747,33.84901394323522,4.931280972733197,-2.067399698502402,1.1363557033342655,5.466532523447437,112.74547391270283,1.1363557033342655,0.04108346235525353,0.27367535425866196,2,camera_only,37.333333333333336,47.14472679632803,33.827947273827505,5.0,-2.1980572105428826,0.9130620896621002
7.5,37.481505669536595,47.0672405691334,33.88438412142692,5.028905503040762,-2.2065339050227775,1.1294711422248127,5.606637806533194,113.6904345718683,1.1294711422248127,0.04509603006781058,0.2837900361411171,2,camera_only,37.5,47.071067811865476,33.8581929876693,5.0,-2.221441469079183,0.9016765948265195
7.5,37.497828377492525,47.07168982639471,33.873272616257374,5.10898267307283,-2.1945784518354716,1.0913239942709714,5.666468617709845,113.246083022076,1.0913239942709714,0.0425160284296499,0.2773556315707201,2,camera_only,37.5,47.071067811865476,33.8581929876693,5.0,-2.221441469079183,0.9016765948265195
7.5,37.497107591470716,47.07173817228813,33.86292658900164,5.101574764485255,-2.1942413400415144,1.0504772612086077,5.651925566768931,113.27305224662115,1.0504772612086077,0.04106207402133085,0.2735687223357916,2,camera_only,37.5,47.071067811865476,33.8581929876693,5.0,-2.221441469079183,0.9016765948265195
7.533333333333333,37.65320102701076,46.98928192567467,33.887323401633154,5.031578364142865,-2.2400568522891593,1.0037274978240458,5.598401952868901,113.99861089482368,1.0037274978240458,0.045066449804240606,0.2836442704133943,2,camera_only,37.666666666666664,46.99663340513366,33.88805877214992,5.0,-2.244582121525028,0.890266380071613
7.533333333333333,37.66167757513489,46.99671965282749,33.85728692071379,5.060275586787705,-2.203387257231335,0.8890861324069037,5.5903290216594,113.52967267575728,0.8890861324069037,0.04249750664224814,0.2772414124762376,2,camera_only,37.666666666666664,46.99663340513366,33.88805877214992,5.0,-2.244582121525028,0.890266380071613
7.533333333333333,37.660243823428665,46.995840337933686,33.85517176281557,5.052671279095442,-2.2076725668694057,0.8802705586123517,5.583742604513877,113.60204498160714,0.8802705586123517,0.04103273274195695,0.2734265393836406,2,camera_only,37.666666666666664,46.99663340513366,33.88805877214992,5.0,-2.244582121525028,0.890266380071613
7.566666666666666,37.83441042105439,46.92371307206424,33.88754104135273,5.08350024611548,-2.203889195264021,0.8940039334404963,5.612338672092474,113.43855207929587,0.8940039334404963,0.045031513145099185,0.2834955378348773,2,camera_only,37.83333333333333,46.92143173870407,33.9175438084838,5.0,-2.2674766302471068,0.8788317582141818
7.566666666666666,37.84112437018401,46.92759393694968,33.87353560524053,5.1116405583790945,-2.186995513658781,0.8414326194727331,5.623151023042376,113.1634720682625,0.8414326194727331,0.04247496231257027,0.2771270987795409,2,camera_only,37.83333333333333,46.92143173870407,33.9175438084838,5.0,-2.2674766302471068,0.8788317582141818
7.566666666666666,37.838896428174785,46.92593366319238,33.8741949715127,5.1013845035769485,-2.195200030833295,0.8432036886321079,5.617296457302954,113.28291363283294,0.8432036886321079,0.041000590457506356,0.2732874436810036,2,camera_only,37.83333333333333,46.92143173870407,33.9175438084838,5.0,-2.2674766302471068,0.8788317582141818
7.6,38.02876485333301,46.84822046554086,33.9093062391593,5.216980729570311,-2.2428110268522685,0.876147112133214,5.745843976038461,113.26315659539054,0.876147112133214,0.044994572824456305,0.28334130427877735,2,camera_only,38.0,46.845471059286886,33.946647288323774,5.0,-2.2901224846045407,0.86737304274016
7.6,38.02812541816878,46.850774341388885,33.8974256034678,5.207046872756819,-2.226974975187831,0.8296038950386388,5.7237223288575665,113.1556610612589,0.8296038950386388,0.04245176059237805,0.277010273865724,2,camera_only,38.0,46.845471059286886,33.946647288323774,5.0,-2.2901224846045407,0.86737304274016
7.6,38.032512528797405,46.854124118529896,33.895540508490804,5.227043223416759,-2.2104502878877326,0.8238074302331581,5.734695285435607,112.92288552198109,0.8238074302331581,0.04096766767059919,0.2731451775525945,2,camera_only,38.0,46.845471059286886,33.946647288323774,5.0,-2.2901224846045407,0.86737304274016
7.633333333333333,38.19538154133823,46.77924181053776,33.91771823594329,5.163984542519557,-2.2068783155920237,0.7996918458102003,5.672438215041794,113.13990566036168,0.7996918458102003,0.04495625285934367,0.2831802467035371,2,camera_only,38.166666666666664,46.768759696826606,33.97536841378323,5.0,-2.3125172012242032,0.8558905477960213
7.633333333333333,38.1810067468153,46.77276731947276,33.9378106131272,5.097850524062157,-2.2315315955740154,0.8736681195887928,5.633037298910042,113.64090444529438,0.8736681195887928,0.04242634062605399,0.2768849116328195,2,camera_only,38.166666666666664,46.768759696826606,33.97536841378323,5.0,-2.3125172012242032,0.8558905477960213
7.633333333333333,38.18626970928944,46.77729367779471,33.92805524257929,5.119044400972127,-2.2091702213598263,0.837375067361755,5.63792919869576,113.34305258977484,0.837375067361755,0.04093383370636061,0.27299746987413964,2,camera_only,38.166666666666664,46.768759696826606,33.97536841378323,5.0,-2.3125172012242032,0.8558905477960213
7.666666666666667,38.35901223637247,46.70686756784078,33.95845559515625,5.1280589928867615,-2.191049701737148,0.8480167646725355,5.640640057934463,113.13541334271117,0.8480167646725355,0.04492354931662081,0.28305641286399164,2,camera_only,38.333333333333336,46.691306063588584,34.003706397458025,5.0,-2.334658324273051,0.8443845881801645
7.666666666666667,38.357409414005495,46.70362298526952,33.97206935260519,5.126851310045479,-2.2087292459840855,0.9005918766172956,5.654569388168257,113.30714766972149,0.9005918766172956,0.04240766759442094,0.27679740695257776,2,camera_only,38.333333333333336,46.691306063588584,34.003706397458025,5.0,-2.334658324273051,0.8443845881801645
7.666666666666667,38.35816524154256,46.7036542416028,33.98073174024876,5.133684731724179,-2.2086869935348874,0.9347439577675141,5.666283034470746,113.27903093035471,0.9347439577675141,0.0409061080968338,0.27288568668115115,2,camera_only,38.333333333333336,46.691306063588584,34.003706397458025,5.0,-2.334658324273051,0.8443845881801645
7.7,38.52787972064946,46.61659080616469,34.00540092691799,5.138520862924954,-2.2917161265662593,0.9076781075392034,5.699143708521906,114.03627455732423,0.9076781075392034,0.04489531303751551,0.28293939532245527,2,camera_only,38.5,46.61311865323652,34.03166046244801,5.0,-2.356543425727433,0.8328554793342855
7.7,38.52989217590994,46.615686724017806,34.01046722323201,5.152270426474801,-2.2990958614992096,0.927995201512837,5.717771193561392,114.04784569237783,0.927995201512837,0.04239293449732366,0.27671511264433374,2,camera_only,38.5,46.61311865323652,34.03166046244801,5.0,-2.356543425727433,0.8328554793342855
7.7,38.52681070474705,46.6129845617264,34.01570160090375,5.139618256369767,-2.3123812817062133,0.9473780154608005,5.714919782234316,114.22360185098997,0.9473780154608005,0.04088193146230664,0.27277749014183617,2,camera_only,38.5,46.61311865323652,34.03166046244801,5.0,-2.356543425727433,0.8328554793342855
7.733333333333333,38.69878942245558,46.53662129096688,34.048640924178855,5.142921553608669,-2.308506221236366,0.952950685471268,5.717250920591099,114.17390923509208,0.952950685471268,0.04486928290361654,0.28283078282023255,2,camera_only,38.666666666666664,46.53420603990106,34.05922984237837,5.0,-2.378170105639354,0.8213035373347265
7.733333333333333,38.70517867250089,46.53874033736187,34.04322623650766,5.174804854796944,-2.302473194198796,0.9337063655879825,5.740365465053035,113.98615304763234,0.9337063655879825,0.042381044781847343,0.2766429373781078,2,camera_only,38.666666666666664,46.53420603990106,34.05922984237837,5.0,-2.378170105639354,0.8213035373347265
7.733333333333333,38.69443650226463,46.52993124752959,34.050012973908814,5.126330767486388,-2.3455474076505163,0.9564897188073707,5.718018219750427,114.58641522134492,0.9564897188073707,0.040860480465319954,0.2726789968690462,2,camera_only,38.666666666666664,46.53420603990106,34.05922984237837,5.0,-2.378170105639354,0.8213035373347265
7.766666666666667,38.862231388003785,46.46023288796601,34.08513677267393,5.100308401711609,-2.2890712002469407,0.9691723732245587,5.673824798263665,114.17103659024436,0.9691723732245587,0.044845046952468104,0.2827230606063769,2,camera_only,38.83333333333333,46.45457687723951,34.08641378142064,5.0,-2.39953599239965,0.809729078883813
7.766666666666667,38.857157879896405,46.45647091276444,34.09829555874587,5.0797647506238555,-2.306026326058172,1.0189379333427473,5.670978914628301,114.41630104647216,1.0189379333427473,0.04237045891028003,0.27657030225646806,2,camera_only,38.83333333333333,46.45457687723951,34.08641378142064,5.0,-2.39953599239965,0.809729078883813
7.766666666666667,38.859203149578505,46.45779164818502,34.10308442383908,5.091219910305144,-2.2996284133598466,1.0383534593276846,5.682164105437049,114.30798722768257,1.0383534593276846,0.04084149969846917,0.27258285010510785,2,camera_only,38.83333333333333,46.45457687723951,34.08641378142064,5.0,-2.39953599239965,0.809729078883813
7.8,39.00785624234175,46.375709728304244,34.126540189906855,4.974687869491227,-2.311233736082454,0.9886650505824577,5.573758100591739,114.91952177819987,0.9886650505824577,0.04482466331513391,0.28262049113526744,2,camera_only,39.0,46.3742398974869,34.11321153431338,5.0,-2.420638742998068,0.7981324213011697
7.8,39.0052941428073,46.37443941099739,34.13020192302301,4.962645467473392,-2.3160418001045167,1.0021912006159586,5.567430902872314,115.01822628179112,1.0021912006159586,0.04236263822681977,0.27649951443470894,2,camera_only,39.0,46.3742398974869,34.11321153431338,5.0,-2.420638742998068,0.7981324213011697
7.8,39.00592203914677,46.37468979167689,34.1342579641397,4.967087649941428,-2.314849752578934,1.0182456991983804,5.573806006953544,114.9872904770835,1.0182456991983804,0.04082470302309238,0.27248735270502805,2,camera_only,39.0,46.3742398974869,34.11321153431338,5.0,-2.420638742998068,0.7981324213011697
7.833333333333333,39.15900291351101,46.29382024146423,34.16274168717583,4.898522982240151,-2.324447735528119,0.9933379279802741,5.512286723484264,115.38528061596017,0.9933379279802741,0.044806156649895054,0.28253181398909816,2,camera_only,39.166666666666664,46.29320391049838,34.139622366382675,5.0,-2.4414760432801965,0.7865138825150226
7.833333333333333,39.16217209623069,46.29329300943131,34.167036401149836,4.918446517070445,-2.3308917284678854,1.0108881036363149,5.535889011639939,115.35665294293733,1.0108881036363149,0.0423564922543371,0.2764417031278731,2,camera_only,39.166666666666664,46.29320391049838,34.139622366382675,5.0,-2.4414760432801965,0.7865138825150226
7.833333333333333,39.16206696258062,46.292576632634635,34.17685952306798,4.921440691401824,-2.3344285715965536,1.0491967289878308,5.547156840309345,115.37678411159949,1.0491967289878308,0.040809834292306855,0.2724055505804337,2,camera_only,39.166666666666664,46.29320391049838,34.139622366382675,5.0,-2.4414760432801965,0.7865138825150226
7.866666666666666,39.325624791455894,46.20035090283538,34.2041873105912,4.933486778705272,-2.423770626773801,1.0177335773875114,5.590146463323941,116.16440533129067,1.0177335773875114,0.044788594947161225,0.28244351564558057,2,camera_only,39.33333333333333,46.21147780278311,34.165645553562214,5.0,-2.4620456082012443,0.7748737810534823
7.866666666666666,39.330916523627955,46.20382669089875,34.192557194877025,4.956595335789789,-2.409147212737504,0.9739554507915613,5.596464672946714,115.9220136435608,0.9739554507915613,0.04235155498845724,0.27638508495822334,2,camera_only,39.33333333333333,46.21147780278311,34.165645553562214,5.0,-2.4620456082012443,0.7748737810534823
7.866666666666666,39.32584186850479,46.19985194809719,34.188933609960316,4.931118904304304,-2.4283591914947342,0.9581212428423395,5.579503412248261,116.2182182448349,0.9581212428423395,0.040795444526271415,0.2723229830513753,2,camera_only,39.33333333333333,46.21147780278311,34.165645553562214,5.0,-2.4620456082012443,0.7748737810534823
7.8999999999999995,39.49381966064583,46.1123489055247,34.218415167142446,4.959118504784692,-2.4731849286877527,0.9487393738947215,5.6222421181913145,116.5061036699263,0.9487393738947215,0.04476779324261491,0.282346274553696,2,camera_only,39.49999999999999,46.12907053652977,34.19128038241318,5.0,-2.4823451820766205,0.7632124360358096
7.8999999999999995,39.5018005767702,46.11627812764224,34.20681598970309,4.9974295947812815,-2.458955909120728,0.9057765697608259,5.6428005380416595,116.19922182732802,0.9057765697608259,0.042342664811877366,0.2763187943661893,2,camera_only,39.49999999999999,46.12907053652977,34.19128038241318,5.0,-2.4823451820766205,0.7632124360358096
7.8999999999999995,39.501164875426525,46.115256294704885,34.214069771979865,4.996931033467962,-2.463940723653915,0.9338556551576552,5.649107011518308,116.247482387648,0.9338556551576552,0.040777230417520946,0.27223139376377964,2,camera_only,39.49999999999999,46.12907053652977,34.19128038241318,5.0,-2.4823451820766205,0.7632124360358096
7.933333333333334,39.676228824154464,46.040877105738716,34.251728517189356,5.038725970440725,-2.4254002889603656,0.9621874005422839,5.674251541890363,115.70392597792625,0.9621874005422839,0.04474313130410083,0.2822358607436412,2,camera_only,39.666666666666664,46.04599114862375,34.216526150143785,5.0,-2.502372538829295,0.7515301671636686
7.933333333333334,39.68294990644249,46.04513131739022,34.238489270562546,5.069172919286541,-2.4080401747106777,0.9125258730677032,5.685760726381883,115.40940607309263,0.9125258730677032,0.04233276552022448,0.27624675491719775,2,camera_only,39.666666666666664,46.04599114862375,34.216526150143785,5.0,-2.502372538829295,0.7515301671636686
7.933333333333334,39.688957549789436,46.051281514029704,34.22511060163973,5.093149883924012,-2.378189652277856,0.8623444692554213,5.686791691804093,115.02969916712543,0.8623444692554213,0.0407585555429538,0.2721353208728718,2,camera_only,39.666666666666664,46.04599114862375,34.216526150143785,5.0,-2.502372538829295,0.7515301671636686
7.966666666666667,39.85271209802844,45.97087562598725,34.25183957281102,5.058810104604323,-2.3783284853227373,0.8529527676355114,5.654691369328783,115.17990412218843,0.8529527676355114,0.044715707026164946,0.2821053954061439,2,camera_only,39.83333333333333,45.96224874965616,34.241382164628554,5.0,-2.522125482233911,0.7398272947123623
7.966666666666667,39.862635929221284,45.97481057886674,34.241802914181335,5.1094690332593915,-2.366553171526719,0.81649086179538,5.6898071182506,114.8521606206254,0.81649086179538,0.04231780821523163,0.27615003466000326,2,camera_only,39.83333333333333,45.96224874965616,34.241382164628554,5.0,-2.522125482233911,0.7398272947123623
7.966666666666667,39.87040877178283,45.9813936518889,34.24569535280251,5.147921077013865,-2.3348144858938324,0.8341845434836175,5.713870312781893,114.39643617043075,0.8341845434836175,0.0407343449175553,0.272014108275392,2,camera_only,39.83333333333333,45.96224874965616,34.241382164628554,5.0,-2.522125482233911,0.7398272947123623
8.0,40.03681471076324,45.89780446734873,34.26883263009726,5.123275916993646,-2.3644123715318868,0.8141756568298221,5.70098973727145,114.77351318237919,0.8141756568298221,0.04468628837059876,0.2819791055314728,2,camera_only,40.0,45.877852522924734,34.265847744427305,5.0,-2.5416018461576297,0.72810413952205
8.0,40.04058681893319,45.902211643702834,34.25388178397755,5.136265765091987,-2.3431543769173957,0.7571403333449276,5.696038968274427,114.52237871302746,0.7571403333449276,0.042302131267478976,0.2760602521389514,2,camera_only,40.0,45.877852522924734,34.265847744427305,5.0,-2.5416018461576297,0.72810413952205
8.0,40.03654792933816,45.89842357274542,34.25632664180837,5.117774154926394,-2.3613966730739584,0.7653667877949417,5.688021876566305,114.76911404819639,0.7653667877949417,0.0407098276119167,0.27190080766368135,2,camera_only,40.0,45.877852522924734,34.265847744427305,5.0,-2.5416018461576297,0.72810413952205
8.033333333333333,40.20183600520625,45.81686189489168,34.277836678880945,5.088887125144717,-2.3728442727747434,0.748271409477921,5.6645451907055735,114.99867968316626,0.748271409477921,0.04465829423845085,0.281874610451378,2,camera_only,40.166666666666664,45.79281172342679,34.289922218803795,5.0,-2.560799494797668,0.7163610229889535
8.033333333333333,40.20454277143042,45.81914130484722,34.27044645235452,5.100260331909288,-2.3627925491577666,0.7202750335035322,5.666942756680308,114.85682754242885,0.7202750335035322,0.04228646962784706,0.2759877366309552,2,camera_only,40.166666666666664,45.79281172342679,34.289922218803795,5.0,-2.560799494797668,0.7163610229889535
8.033333333333333,40.20414504286062,45.81882159962175,34.27002760313485,5.098197390622376,-2.364309479856525,0.7185185379041633,5.665495992373498,114.87970167038105,0.7185185379041633,0.04068606276360959,0.2718065050360283,2,camera_only,40.166666666666664,45.79281172342679,34.289922218803795,5.0,-2.560799494797668,0.7163610229889535
8.066666666666666,40.359156259403456,45.73490646492065,34.287327630033296,5.013897670151846,-2.378072277229977,0.6888010954109745,5.59185519765339,115.37480461865263,0.6888010954109745,0.04463046592237302,0.2817740454231428,2,camera_only,40.33333333333333,45.70713567684432,34.31360492774415,5.0,-2.5797163229155133,0.7045982670565452
8.066666666666666,40.356176681320356,45.73597787288967,34.28163796601306,4.993378820229135,-2.3684850452316213,0.6660745944562595,5.56661556218667,115.37616077127193,0.6660745944562595,0.04227081678458162,0.2759181080628269,2,camera_only,40.33333333333333,45.70713567684432,34.31360492774415,5.0,-2.5797163229155133,0.7045982670565452
8.066666666666666,40.35692215921972,45.73633201428094,34.28644349829781,4.998546806210053,-2.36679304164903,0.6850216571155086,5.572829994409327,115.33737834037764,0.6850216571155086,0.04066282042614634,0.271716296075235,2,camera_only,40.33333333333333,45.70713567684432,34.31360492774415,5.0,-2.5797163229155133,0.7045982670565452
8.1,40.52608339166652,45.66186421827455,34.31170525959181,5.008772960170715,-2.3428009921588306,0.6955042764258651,5.573172279225215,115.06734924602863,0.6955042764258651,0.044604570805185435,0.2816870079891198,2,camera_only,40.5,45.62083377852131,34.336895221974956,5.0,-2.59835025606779,0.69281619420672
8.1,40.52279037751815,45.655648190233194,34.33300495525662,5.001936541853082,-2.374596222669322,0.7772241126531034,5.591256899010274,115.39534611990224,0.7772241126531034,0.042258377165192866,0.27586407086590975,2,camera_only,40.5,45.62083377852131,34.336895221974956,5.0,-2.59835025606779,0.69281619420672
8.1,40.51790999509499,45.650308398886416,34.34227314031492,4.981593238034475,-2.4002465820989105,0.8117732449744656,5.588956131995015,115.72584027031913,0.8117732449744656,0.04064378942007786,0.2716434233759693,2,camera_only,40.5,45.62083377852131,34.336895221974956,5.0,-2.59835025606779,0.69281619420672
8.133333333333333,40.68492769422399,45.565635846017074,34.368024732187635,4.993113718655295,-2.4297384708880028,0.8063637871072847,5.611152840682108,115.94838327523783,0.8063637871072847,0.044585325037694114,0.28161724614695777,2,camera_only,40.666666666666664,45.533915492433444,34.359792462981005,5.0,-2.616699250833743,0.6810151274509572
8.133333333333333,40.67972791158133,45.56134794680242,34.38123933900937,4.970208361977552,-2.4481077926115056,0.8563704163752855,5.606208452756599,116.22284550066084,0.8563704163752855,0.042252829928366674,0.2758268589809954,2,camera_only,40.666666666666664,45.533915492433444,34.359792462981005,5.0,-2.616699250833743,0.6810151274509572
8.133333333333333,40.682761746882335,45.56362184263027,34.38928563581482,4.987510956141639,-2.437319322072988,0.888621591341011,5.621871516495254,116.04404319582582,0.888621591341011,0.04063108323826012,0.2715852298957981,2,camera_only,40.666666666666664,45.533915492433444,34.359792462981005,5.0,-2.616699250833743,0.6810151274509572
8.166666666666666,40.85781923148463,45.47248988821947,34.415394185781416,5.05312956387269,-2.5079796802722765,0.8756019019306067,5.708831680528629,116.3962189833349,0.8756019019306067,0.04457018687324117,0.2815526618734106,2,camera_only,40.833333333333336,45.446390350150274,34.382296023022896,5.0,-2.6347612950393233,0.6691953903214624
8.166666666666666,40.85873606655201,45.47052016124594,34.42253289056879,5.062871022450408,-2.520300628454459,0.90340708595754,5.7271915116149446,116.46415303129034,0.90340708595754,0.04225108984205862,0.27579436456352785,2,camera_only,40.833333333333336,45.446390350150274,34.382296023022896,5.0,-2.6347612950393233,0.6691953903214624
8.166666666666666,40.8651603377235,45.47941483115447,34.39003521786245,5.083167778817027,-2.477635734624915,0.7789366640704504,5.708241044991633,115.9855126226788,0.7789366640704504,0.0406212904557411,0.271529409598595,2,camera_only,40.833333333333336,45.446390350150274,34.382296023022896,5.0,-2.6347612950393233,0.6691953903214624
8.2,41.03239283727707,45.388748758871294,34.41106284989204,5.079042442742622,-2.5238196665828854,0.758373477657749,5.722016093670674,116.42317485578207,0.758373477657749,0.044551204882229946,0.281463871988464,2,camera_only,41.0,45.35826794978997,34.40440528515414,5.0,-2.65253440797784,0.6573573068623008
8.2,41.03180234749203,45.391649140407075,34.40121233788734,5.069483946979566,-2.5066243882521935,0.72017194986222,5.701007011908734,116.31025752114347,0.72017194986222,0.0422430670745036,0.27573330425820614,2,camera_only,41.0,45.35826794978997,34.40440528515414,5.0,-2.65253440797784,0.6573573068623008
8.2,41.02534478317104,45.38537412363714,34.398292059312,5.037401320778039,-2.53657203552806,0.7068434910678256,5.684121522175986,116.72743658773364,0.7068434910678256,0.04060439106279147,0.2714445167729027,2,camera_only,41.0,45.35826794978997,34.40440528515414,5.0,-2.65253440797784,0.6573573068623008
8.233333333333333,41.17717541656843,45.28812772337675,34.41050182188629,4.952268072366814,-2.5935382679997394,0.6581605430829428,5.628905320631538,117.64137309198665,0.6581605430829428,0.044529252758106846,0.28138462764911565,2,camera_only,41.166666666666664,45.26955795496678,34.42611964323817,5.0,-2.6700166406271766,0.6455012016205093
8.233333333333333,41.17894347782508,45.288842774947085,34.408600855892956,4.961837932310195,-2.591635166550334,0.6511627047315831,5.635638506065311,117.57867507912721,0.6511627047315831,0.042231347540709493,0.2756787039629817,2,camera_only,41.166666666666664,45.26955795496678,34.42611964323817,5.0,-2.6700166406271766,0.6455012016205093
8.233333333333333,41.187583427562714,45.29793848276949,34.40652217942725,5.002843658169547,-2.5482157093969766,0.645691555080907,5.651439246245826,116.99217606050858,0.645691555080907,0.040585641484978036,0.2713705524852851,2,camera_only,41.166666666666664,45.26955795496678,34.42611964323817,5.0,-2.6700166406271766,0.6455012016205093
8.266666666666666,41.35116156406657,45.215294645967084,34.42811369788885,4.980069281619165,-2.5306173350081433,0.6456286082109152,5.62333979461591,116.93735600660017,0.6456286082109152,0.04450440898536932,0.2813022982177287,2,camera_only,41.33333333333333,45.18027009373131,34.44743850196487,5.0,-2.6872060758635152,0.6336273996372033
8.266666666666666,41.34500322516813,45.21052549001742,34.442469448437016,4.951062431238109,-2.549952947533428,0.699927813648919,5.61294736987362,117.24989239644597,0.699927813648919,0.04221985972545272,0.27562833116242597,2,camera_only,41.33333333333333,45.18027009373131,34.44743850196487,5.0,-2.6872060758635152,0.6336273996372033
8.266666666666666,41.34673983079347,45.21324408910179,34.43181227460182,4.956056513129919,-2.5369673139194053,0.6590077740344042,5.606513226549164,117.10755845048205,0.6590077740344042,0.040568251597757246,0.27130346662844496,2,camera_only,41.33333333333333,45.18027009373131,34.44743850196487,5.0,-2.6872060758635152,0.6336273996372033
8.3,41.5032608474533,45.1208140970806,34.4471446945745,4.9107290184827805,-2.5733230641763565,0.6307341673885497,5.579881421276099,117.65546355688643,0.6307341673885497,0.044483116409480807,0.28123250005051315,2,camera_only,41.5,45.09041415750371,34.46836127686697,5.0,-2.704100828671577,0.6217362264386606
8.3,41.500742314827356,45.11998475921251,34.44947921448507,4.8965411893733295,-2.5748758542883765,0.6392927923737379,5.5690929744984405,117.73790989229308,0.6392927923737379,0.04220990647919778,0.2755846055927844,2,camera_only,41.5,45.09041415750371,34.46836127686697,5.0,-2.704100828671577,0.6217362264386606
8.3,41.50743936406642,45.1271870146093,34.449074868129316,4.928890218027094,-2.5406469482683063,0.6397064340371733,5.581941420227983,117.26930563861443,0.6397064340371733,0.04055168856999281,0.2712412221283168,2,camera_only,41.5,45.09041415750371,34.46836127686697,5.0,-2.704100828671577,0.6217362264386606
8.333333333333334,41.67551448682687,45.02169494295591,34.46074900462757,4.978132784666166,-2.6686551123715017,0.6004425975609653,5.680145899844512,118.19466948107494,0.6004425975609653,0.044461425553552265,0.2811638446013766,2,camera_only,41.66666666666667,45.0,34.488887394336025,5.0,-2.720699046351327,0.6098280080274033
8.333333333333334,41.676248018051744,45.02389010756902,34.45412927004167,4.978545126631338,-2.657291727136087,0.575013694350073,5.6725436666191165,118.0910098365977,0.575013694350073,0.04219953323849665,0.27554192094462654,2,camera_only,41.66666666666667,45.0,34.488887394336025,5.0,-2.720699046351327,0.6098280080274033
8.333333333333334,41.68147201656919,45.02711390982476,34.48233477932054,5.012815326873115,-2.642093028176237,0.6862008221399787,5.707875667809967,117.79226611182057,0.6862008221399787,0.040534294008143394,0.2711788547627202,2,camera_only,41.66666666666667,45.0,34.488887394336025,5.0,-2.720699046351327,0.6098280080274033
8.366666666666667,41.86595206649187,44.95125923926649,34.51646569648595,5.109107589599035,-2.591093136535177,0.7343507685317159,5.775466652621352,116.89192711800412,0.7343507685317159,0.044439887420722385,0.2811021637166404,2,camera_only,41.833333333333336,44.90903753615141,34.50901629163815,5.0,-2.7369989087211524,0.5979030708732536
8.366666666666667,41.871761918689884,44.94950697846039,34.5214084381749,5.149193268867035,-2.6080822059102524,0.7543944506821831,5.821116310481292,116.86235398532426,0.7543944506821831,0.04219363040065283,0.2755163996762688,2,camera_only,41.833333333333336,44.90903753615141,34.50901629163815,5.0,-2.7369989087211524,0.5979030708732536
8.366666666666667,41.87195995776648,44.94926076047699,34.52681858769128,5.151822047293333,-2.6092437157900394,0.7754857041889578,5.826731609810849,116.86084955155948,0.7754857041889578,0.04052309845451319,0.2711372978781598,2,camera_only,41.833333333333336,44.90903753615141,34.50901629163815,5.0,-2.7369989087211524,0.5979030708732536
8.4,42.04600465631069,44.855636500186016,34.54994021202937,5.1748358808856105,-2.6510911307973095,0.7644910962443079,5.864440059726942,117.12626261260472,0.7644910962443079,0.04442349719238784,0.2810363168482507,2,camera_only,42.00000000000001,44.81753674101715,34.52874741692946,5.0,-2.7529986283174632,0.5859617419043867
8.4,42.0422976389123,44.85179986705729,34.561404127648196,5.158400392077347,-2.66771187184612,0.8081399457325809,5.863349845272847,117.3461403756871,0.8081399457325809,0.042189364873838855,0.27547859082578285,2,camera_only,42.00000000000001,44.81753674101715,34.52874741692946,5.0,-2.7529986283174632,0.5859617419043867
8.4,42.03908549234557,44.84881106385187,34.55420822758554,5.140482541387875,-2.6818325555515266,0.7792397543590632,5.850128307063287,117.55142436282371,0.7792397543590632,0.04051251888641579,0.2710811957169206,2,camera_only,42.00000000000001,44.81753674101715,34.52874741692946,5.0,-2.7529986283174632,0.5859617419043867
8.433333333333334,42.21321902823668,44.738052729854516,34.56922084873117,5.184431173432246,-2.810028227478641,0.7345790667070803,5.94257449566491,118.45826104148263,0.7345790667070803,0.044409971711106444,0.2809949195339121,2,camera_only,42.16666666666667,44.72550764869054,34.5480802292712,5.0,-2.7686964505907037,0.5740043484983696
8.433333333333334,42.20475787904618,44.73253258593764,34.586486067519616,5.1405105027235605,-2.829831252665959,0.7999182568037959,5.92221768974632,118.83261445510327,0.7999182568037959,0.04218565278283025,0.27545847555543185,2,camera_only,42.16666666666667,44.72550764869054,34.5480802292712,5.0,-2.7686964505907037,0.5740043484983696
8.433333333333334,42.20381386576123,44.73184448221572,34.582139223202574,5.134553490143004,-2.833073765718442,0.7827528842213121,5.9163036249755265,118.88843528042415,0.7827528842213121,0.040502187162520666,0.2710422490989141,2,camera_only,42.16666666666667,44.72550764869054,34.5480802292712,5.0,-2.7686964505907037,0.5740043484983696
8.466666666666667,42.37166164336823,44.639657546756446,34.60876647377847,5.110332478584484,-2.8160086914366946,0.7845879672792705,5.887357749476573,118.85661760907158,0.7845879672792705,0.044396657156930495,0.28096986190379464,2,camera_only,42.333333333333336,44.63296035119862,34.56701419864454,5.0,-2.7840906540977644,0.5620312184731816
8.466666666666667,42.37203483000558,44.638405094695315,34.61219799559141,5.115000173704696,-2.823339510633561,0.7978775789532784,5.896700891201789,118.89749059381644,0.7978775789532784,0.04218411468819561,0.2754581923891001,2,camera_only,42.333333333333336,44.63296035119862,34.56701419864454,5.0,-2.7840906540977644,0.5620312184731816
8.466666666666667,42.372301384786155,44.6390787327079,34.608703062483606,5.115217509021515,-2.8201341890297207,0.7843736397993107,5.8935429934417725,118.86893409922654,0.7843736397993107,0.040495022204874095,0.27102587385863225,2,camera_only,42.333333333333336,44.63296035119862,34.56701419864454,5.0,-2.7840906540977644,0.5620312184731816
8.5,42.54429678162075,44.54656977324455,34.63578855854951,5.123114918344833,-2.8133086557786426,0.7884193606222775,5.897678962731903,118.77296081878677,0.7884193606222775,0.044383702416472326,0.2809332668994525,2,camera_only,42.5,44.53990499739547,34.585548805965146,5.0,-2.7991795506907526,0.5500426800782316
8.5,42.54645166659626,44.55054819346874,34.62481472790944,5.130050448267498,-2.794271090419477,0.746415173420744,5.8891853544982204,118.57654952681904,0.746415173420744,0.042182279258465724,0.27544486644665844,2,camera_only,42.5,44.53990499739547,34.585548805965146,5.0,-2.7991795506907526,0.5500426800782316
8.5,42.54950317511084,44.554301357083695,34.6246506840371,5.1449863977813015,-2.776554154162534,0.7466395538705615,5.893861945087946,118.3540547422281,0.7466395538705615,0.040487358581149796,0.2709961474551091,2,camera_only,42.5,44.53990499739547,34.585548805965146,5.0,-2.7991795506907526,0.5500426800782316
8.533333333333333,42.69642814298857,44.466902687833304,34.64682019187745,4.976839753797669,-2.7176997771141003,0.7331506561231949,5.717721215491426,118.63760225543903,0.7331506561231949,0.04436817229560674,0.280879269621096,2,camera_only,42.666666666666664,44.44635179184928,34.603683543097404,5.0,-2.813961485702121,0.5380390619853552
8.533333333333333,42.693163742819685,44.46573014142872,34.65137010822684,4.957737451382484,-2.719951631198198,0.750289177609609,5.704404558140695,118.75038842557919,0.750289177609609,0.042176707120319054,0.2754117608704528,2,camera_only,42.666666666666664,44.44635179184928,34.603683543097404,5.0,-2.813961485702121,0.5380390619853552
8.533333333333333,42.68995312404187,44.462714776081995,34.641748122232336,4.939003440605896,-2.734140322841113,0.7120096195041719,5.69001194986171,118.96809692121393,0.7120096195041719,0.04047766363952991,0.27095137775742006,2,camera_only,42.666666666666664,44.44635179184928,34.603683543097404,5.0,-2.813961485702121,0.5380390619853552
8.566666666666666,42.84288258034304,44.364643256468426,34.65933430116102,4.869773245979468,-2.759815303805227,0.6856998505284572,5.6392779913203155,119.54125028246585,0.6856998505284572,0.044355136012490914,0.28084952033876226,2,camera_only,42.833333333333336,44.35231099372328,34.621417912868324,5.0,-2.8284348381261193,0.5260206932798055
8.566666666666666,42.844994881076964,44.3638247877502,34.659928820282545,4.8848522536464385,-2.766921427792462,0.6882130269283986,5.656082822763977,119.52846887241243,0.6882130269283986,0.04217191189408219,0.2753974046864059,2,camera_only,42.833333333333336,44.35231099372328,34.621417912868324,5.0,-2.8284348381261193,0.5260206932798055
8.566666666666666,42.845553376889,44.364156228509685,34.66342195502045,4.888674825475131,-2.7653769646379542,0.7019364575223322,5.660315017398195,119.49554141002469,0.7019364575223322,0.04046792774972581,0.2709230368410041,2,camera_only,42.833333333333336,44.35231099372328,34.621417912868324,5.0,-2.8284348381261193,0.5260206932798055
8.6,43.01417718901276,44.272149297051214,34.688614136498856,4.926328636417512,-2.770992660323799,0.7096903858179657,5.696558136390609,119.35715984421884,0.7096903858179657,0.04434071847677208,0.28082234312151505,2,camera_only,43.0,44.257792915650725,34.63875142908121,5.0,-2.8425980207965527,0.5139879034512326
8.6,43.01955485916335,44.28380289523651,34.65747077669214,4.942193133608591,-2.7150737536134906,0.590324510106085,5.669689716790571,118.78290504069066,0.590324510106085,0.04216766683193643,0.2753901036238356,2,camera_only,43.0,44.257792915650725,34.63875142908121,5.0,-2.8425980207965527,0.5139879034512326
8.6,43.02360625891487,44.29063035231085,34.64297951816402,4.958052999552495,-2.6830161232583305,0.5351402610717041,5.662794377606832,118.41972991147539,0.5351402610717041,0.04045871737780824,0.2709019501267011,2,camera_only,43.0,44.257792915650725,34.63875142908121,5.0,-2.8425980207965527,0.5139879034512326
8.633333333333333,43.18858831957894,44.20041467149933,34.65984506755713,4.956984800683525,-2.6871358517258264,0.5312288890052904,5.663444317052262,118.46171370990524,0.5312288890052904,0.04431919669176811,0.2807559089411135,2,camera_only,43.166666666666664,44.16280792260401,34.655683616528954,5.0,-2.8564494805608387,0.5019410223846468
8.633333333333333,43.18301765409412,44.19520382566617,34.67642361087067,4.9289631676997265,-2.707992726358814,0.5945567526899509,5.655210009073225,118.78457542175876,0.5945567526899509,0.04215365950286036,0.2753389596158117,2,camera_only,43.166666666666664,44.16280792260401,34.655683616528954,5.0,-2.8564494805608387,0.5019410223846468
8.633333333333333,43.175273124277886,44.181906171839785,34.70294340049783,4.898200492669852,-2.7704169190762706,0.6954638721661761,5.670207048193531,119.49245362561437,0.6954638721661761,0.04044135068286527,0.27084172665195083,2,camera_only,43.166666666666664,44.16280792260401,34.655683616528954,5.0,-2.8564494805608387,0.5019410223846468
8.666666666666666,43.33789282081232,44.08886866780593,34.7253441821918,4.894566761603468,-2.7735592701304164,0.6922633213625701,5.668213414721058,119.53852918394853,0.6922633213625701,0.044304323385493095,0.2807436606503547,2,camera_only,43.33333333333333,44.06736643075801,34.672214011007085,5.0,-2.86998769845032,0.48988038035137915
8.666666666666666,43.334576401745565,44.08879068700052,34.72855467233053,4.872900405690642,-2.7698015456348544,0.7043605729428365,5.6491665564663265,119.61429948117227,0.7043605729428365,0.04214942032669918,0.27534636818313873,2,camera_only,43.33333333333333,44.06736643075801,34.672214011007085,5.0,-2.86998769845032,0.48988038035137915
8.666666666666666,43.337223343500895,44.09135363132356,34.73761649678161,4.888778555554461,-2.7577815943913566,0.7402814930922059,5.661583857599189,119.42753709420703,0.7402814930922059,0.040434310578552436,0.27083994688065144,2,camera_only,43.33333333333333,44.06736643075801,34.672214011007085,5.0,-2.86998769845032,0.48988038035137915
8.7,43.481020603087785,43.980387450254106,34.74767613222642,4.781088940212334,-2.842099530980802,0.6789723777778675,5.6033333550670825,120.72920021232814,0.6789723777778675,0.044293596196124524,0.28073386851545035,2,camera_only,43.49999999999999,43.97147890634781,34.68834215932649,5.0,-2.883211189846845,0.47780630800002294
8.7,43.48251578897211,43.9817658906229,34.74312863682721,4.7888092191147615,-2.836674317791699,0.6615737657669992,5.605095429147363,120.6405850711782,0.6615737657669992,0.04214610726436988,0.2753487014047736,2,camera_only,43.49999999999999,43.97147890634781,34.68834215932649,5.0,-2.883211189846845,0.47780630800002294
8.7,43.48244121858181,43.981614957297175,34.74331633121748,4.788520355765093,-2.8374018449021894,0.6622801566439865,5.605300298192362,120.64854394413808,0.6622801566439865,0.040427200987532094,0.2708309931022311,2,camera_only,43.49999999999999,43.97147890634781,34.68834215932649,5.0,-2.883211189846845,0.47780630800002294
8.733333333333333,43.64650640904267,43.88505683205942,34.76505701654867,4.821028654440529,-2.8533312188538793,0.6612690563945389,5.641018799504904,120.61921590352844,0.6612690563945389,0.04428190231737066,0.28073509178121736,2,camera_only,43.666666666666664,43.875155864521034,34.704067619325826,5.0,-2.8961185046455666,0.4657191363473702
8.733333333333333,43.64321626844023,43.880479364223774,34.778204777076354,4.806156071326778,-2.8733739419394446,0.7116526971951522,5.644631392180805,120.87321158948565,0.7116526971951522,0.04214232106788463,0.2753626339086889,2,camera_only,43.666666666666664,43.875155864521034,34.704067619325826,5.0,-2.8961185046455666,0.4657191363473702
8.733333333333333,43.640793282747715,43.87660158598555,34.78200167700721,4.7950056159639285,-2.891492837788131,0.7257585991569857,5.646196527960746,121.09089229918159,0.7257585991569857,0.040420624004957294,0.27083601560783693,2,camera_only,43.666666666666664,43.875155864521034,34.704067619325826,5.0,-2.8961185046455666,0.4657191363473702
8.766666666666666,43.80914780422282,43.794544189353736,34.81576317451775,4.837049518071587,-2.8220588526446044,0.7655475000152319,5.652178976540457,120.26038429311798,0.7655475000152319,0.04427248114916941,0.280740880955519,2,camera_only,43.83333333333333,43.77840786818467,34.71938995988368,5.0,-2.9087082274139644,0.45361919676933865
8.766666666666666,43.81149626496648,43.79553130888225,34.81083051203015,4.8511847951321725,-2.819797366325869,0.7466813457132716,5.6606346053862255,120.16770350326159,0.7466813457132716,0.0421423840096361,0.2753842577149443,2,camera_only,43.83333333333333,43.77840786818467,34.71938995988368,5.0,-2.9087082274139644,0.45361919676933865
8.766666666666666,43.81173981891291,43.79640878663344,34.806681993431525,4.851228517424782,-2.8157005018493635,0.7306278029269571,5.6565364341441375,120.13129884083378,0.7306278029269571,0.04041800298339173,0.27084903242205244,2,camera_only,43.83333333333333,43.77840786818467,34.71938995988368,5.0,-2.9087082274139644,0.45361919676933865
8.8,43.97304615930791,43.68236212842487,34.8183568813331,4.870741459713106,-2.9257924446204586,0.678991290182194,5.722360786293502,120.99270239201981,0.678991290182194,0.044263014755436265,0.2807255537388722,2,camera_only,44.00000000000001,43.68124552684678,34.73430876093033,5.0,-2.920978977547065,0.44150682099188254
8.8,43.975774501668276,43.679039494614464,34.82052570021401,4.893612968543184,-2.946561229774765,0.6873859328990841,5.753448564769946,121.05315018448294,0.6873859328990841,0.042138271401663666,0.2753757271556318,2,camera_only,44.00000000000001,43.68124552684678,34.73430876093033,5.0,-2.920978977547065,0.44150682099188254
8.8,43.97204554959606,43.67388837340692,34.8178485333433,4.8738673040186695,-2.9706089844108248,0.6759992201275207,5.747701730349057,121.36219494371541,0.6759992201275207,0.04041004018985591,0.27082940780259346,2,camera_only,44.00000000000001,43.68124552684678,34.73430876093033,5.0,-2.920978977547065,0.44150682099188254
8.833333333333334,44.131725586983464,43.56905658603848,34.83658852627926,4.861043343080372,-2.999246283177607,0.6603035000563273,5.749888813068242,121.6744367618766,0.6603035000563273,0.04425108172673533,0.2807319811136804,2,camera_only,44.16666666666667,43.583679495453005,34.74882361345932,5.0,-2.932929409418835,0.42938234108190443
8.833333333333334,44.13110557584958,43.571700118840496,34.83290491338403,4.853244892360898,-2.984718664895441,0.6461534028718893,5.734112460864829,121.59128490309355,0.6461534028718893,0.04213267339733195,0.27538989285531507,2,camera_only,44.16666666666667,43.583679495453005,34.74882361345932,5.0,-2.932929409418835,0.42938234108190443
8.833333333333334,44.13839692264114,43.584673453837,34.81892315895236,4.886468134733233,-2.9241639920179265,0.5937487606205565,5.725455743843974,120.89717812673541,0.5937487606205565,0.040401984753202363,0.27083638102902324,2,camera_only,44.16666666666667,43.583679495453005,34.74882361345932,5.0,-2.932929409418835,0.42938234108190443
8.866666666666667,44.29741205317075,43.47717510899871,34.83185645465468,4.8704012080458154,-2.9743588594256622,0.5655575279717334,5.734760140531038,121.4124538557282,0.5655575279717334,0.044235037787232145,0.28071586975192575,2,camera_only,44.333333333333336,43.48572047321815,34.76293411953863,5.0,-2.944558212529752,0.4172460894381445
8.866666666666667,44.30186077855905,43.48480494553426,34.81082845533149,4.889822690661202,-2.940328027363457,0.48477672539382705,5.726334196332571,121.01916132782677,0.48477672539382705,0.04212241058997417,0.2753809762802699,2,camera_only,44.333333333333336,43.48572047321815,34.76293411953863,5.0,-2.944558212529752,0.4172460894381445
8.866666666666667,44.3004667974386,43.48310513884936,34.80749320057739,4.881741276413732,-2.9482719545767155,0.47144968906118745,5.722409476549285,121.12939818783538,0.47144968906118745,0.04038884188409732,0.2708199201232432,2,camera_only,44.333333333333336,43.48572047321815,34.76293411953863,5.0,-2.944558212529752,0.4172460894381445
8.9,44.46601464383584,43.37791867218202,34.820360669688135,4.9086884048896335,-2.98818251462274,0.45988423677303497,5.765062888488497,121.33112199771587,0.45988423677303497,0.04421473969573806,0.2806990454646706,2,camera_only,44.5,43.38737920245291,34.77663989232161,5.0,-2.95586411165051,0.4050983987820719
8.9,44.468212834307586,43.380822069686715,34.81147948807061,4.91962667898746,-2.9758937102025773,0.4257460854048508,5.765408031030067,121.16984199829355,0.4257460854048508,0.042107290368022895,0.2753693885755503,2,camera_only,44.5,43.38737920245291,34.77663989232161,5.0,-2.95586411165051,0.4050983987820719
8.9,44.466097938100546,43.37916753714162,34.799779701812184,4.90545095309032,-2.983650991799552,0.37972227047271917,5.7541125550978,121.30929468133394,0.37972227047271917,0.04037194976492674,0.27080323919094634,2,camera_only,44.5,43.38737920245291,34.77663989232161,5.0,-2.95586411165051,0.4050983987820719
8.933333333333334,44.640141180728776,43.27649287865881,34.81257411635273,4.98221359728497,-3.011235436763604,0.3808838365747913,5.833957805945811,121.14864364088726,0.3808838365747913,0.044191700745014335,0.28068393443209394,2,camera_only,44.666666666666664,43.28866646738584,34.78994055605757,5.0,-2.9668458669618647,0.39293960214876306
8.933333333333334,44.64240144593798,43.27617823036243,34.80858647844904,4.997825975149614,-3.015562557295646,0.36549415898531223,5.848544091916897,121.10572525978588,0.36549415898531223,0.042089561679357596,0.2753592457816769,2,camera_only,44.666666666666664,43.28866646738584,34.78994055605757,5.0,-2.9668458669618647,0.39293960214876306
8.933333333333334,44.642512857382606,43.27696615333227,34.80421453972109,4.997243399656208,-3.0119420250322877,0.34852316321379734,5.845143689667491,121.07823988836628,0.34852316321379734,0.04035267169677703,0.2707885138249713,2,camera_only,44.666666666666664,43.28866646738584,34.78994055605757,5.0,-2.9668458669618647,0.39293960214876306
8.966666666666667,44.81708780277899,43.197781782351136,34.8299653666965,5.032013670917052,-2.9070202017425495,0.40662363294851667,5.825570428422237,120.01524744373931,0.40662363294851667,0.044167298609779936,0.28066912449698844,2,camera_only,44.833333333333336,43.1895930929807,34.802835746102105,5.0,-2.9775022741905937,0.3807700328777687
8.966666666666667,44.818030702420145,43.19939954812741,34.82536615213643,5.036366805478082,-2.8999021883662404,0.38891747452207787,5.8245755298906925,119.93301425804754,0.38891747452207787,0.042072577617431044,0.2753540786332851,2,camera_only,44.833333333333336,43.1895930929807,34.802835746102105,5.0,-2.9775022741905937,0.3807700328777687
8.966666666666667,44.817817008715195,43.19703742560719,34.8380483309991,5.038785065494447,-2.910849087095316,0.43817025109584173,5.835613979097564,120.01453994962617,0.43817025109584173,0.04033580995187021,0.27078301206173744,2,camera_only,44.833333333333336,43.1895930929807,34.802835746102105,5.0,-2.9775022741905937,0.3807700328777687
9.0,44.99179855107545,43.09122205378752,34.84764172201559,5.08959247481076,-2.962934364575681,0.41818147462424987,5.904050080593213,120.20606088601747,0.41818147462424987,0.04414802602657841,0.28065805013497097,2,camera_only,45.0,43.09016994374947,34.81532510892707,5.0,-2.9878321647415556,0.3685900246039791
9.0,44.98890197994576,43.08774268492396,34.859695027141846,5.074184849988956,-2.97715072322928,0.4646577086941397,5.9014138227149395,120.40121090176656,0.4646577086941397,0.04205877248143708,0.2753476595245254,2,camera_only,45.0,43.09016994374947,34.81532510892707,5.0,-2.9878321647415556,0.3685900246039791
9.0,44.98770788711761,43.088032209782796,34.845592447101524,5.06402440559967,-2.9758906314658216,0.409499005692675,5.887950209250961,120.44076481554059,0.409499005692675,0.04032147863395525,0.2707736163647868,2,camera_only,45.0,43.09016994374947,34.81532510892707,5.0,-2.9878321647415556,0.3685900246039791
9.033333333333333,45.15570039909652,43.00440635265716,34.86833739910816,5.04351223958728,-2.8934497874676626,0.4465994240774051,5.831682298363795,119.84278061517635,0.4465994240774051,0.04413118254167107,0.28066887571129073,2,camera_only,45.166666666666664,42.99040792256087,34.82740830213025,5.0,-2.997834405825846,0.356399911248473
9.033333333333333,45.16105030832365,43.011467792202765,34.8450337993307,5.071626879623041,-2.8640427150570487,0.3566985713939587,5.83535549479385,119.45423106602766,0.3566985713939587,0.042047464048701674,0.2753625350319504,2,camera_only,45.166666666666664,42.99040792256087,34.82740830213025,5.0,-2.997834405825846,0.356399911248473
9.033333333333333,45.164630602218416,43.01408962283423,34.86608126850171,5.096304064706397,-2.85167038854558,0.43951177901007954,5.856407578775511,119.22948114170778,0.43951177901007954,0.040309183419340075,0.27078533632001983,2,camera_only,45.166666666666664,42.99040792256087,34.82740830213025,5.0,-2.997834405825846,0.356399911248473
9.066666666666666,45.33321796480672,42.90123998224009,34.870162746749,5.103649171025967,-2.9433746787307205,0.3962404538233521,5.904887455113208,119.97289302139995,0.3962404538233521,0.04411458058693144,0.2806614720889977,2,camera_only,45.33333333333333,42.890317969444716,34.839084994444825,5.0,-3.0075079005850145,0.34420002700936525
9.066666666666666,45.33309266948491,42.90300177569477,34.86784869703843,5.1008067757994695,-2.934400191721249,0.38736743119843964,5.8973712598045545,119.91102508898851,0.38736743119843964,0.04203461820337937,0.27535542827488074,2,camera_only,45.33333333333333,42.890317969444716,34.839084994444825,5.0,-3.0075079005850145,0.34420002700936525
9.066666666666666,45.33635092924141,42.91047869247446,34.85825862174556,5.11551963025701,-2.899678494173228,0.3509039338752129,5.8906544651612895,119.54627657197497,0.3509039338752129,0.04029579263227515,0.2707754991176272,2,camera_only,45.33333333333333,42.890317969444716,34.839084994444825,5.0,-3.0075079005850145,0.34420002700936525
9.1,45.512118527778014,42.812623348658434,34.86952191101282,5.153810800953024,-2.9104145884069648,0.34946843646886244,5.929115198452474,119.45390294866614,0.34946843646886244,0.04409697431965462,0.2806652558714207,2,camera_only,45.49999999999999,42.7899110603923,34.850354865748365,5.0,-3.01685158821135,0.33199070635264627
9.1,45.5150681144207,42.81951950584945,34.85136737981588,5.166420148531087,-2.879363583177642,0.279397543627898,5.921207206530005,119.13191929101421,0.279397543627898,0.04202082332919928,0.275359130573559,2,camera_only,45.49999999999999,42.7899110603923,34.850354865748365,5.0,-3.01685158821135,0.33199070635264627
9.1,45.51130120487693,42.811642367009334,34.856656111651105,5.1477442966583755,-2.9160107702423717,0.2989880541813308,5.923831869026287,119.52998307629963,0.2989880541813308,0.04028108391981317,0.2707765152780295,2,camera_only,45.49999999999999,42.7899110603923,34.850354865748365,5.0,-3.01685158821135,0.33199070635264627
9.133333333333333,45.6658113017848,42.71313737005225,34.86386771105302,5.027328432770274,-2.9086995308571475,0.2868853381176335,5.815227194957724,120.05271187463956,0.2868853381176335,0.044078160517227336,0.2806683465190663,2,camera_only,45.666666666666664,42.68919820615266,34.86121760707165,5.0,-3.025864444064211,0.3197722840030081
9.133333333333333,45.66361674995138,42.70355161380857,34.88360206478392,5.0223626048548295,-2.9538576698666654,0.3629524241903445,5.837905080651788,120.46153354234764,0.3629524241903445,0.04200448818887366,0.2753582518284197,2,camera_only,45.666666666666664,42.68919820615266,34.86121760707165,5.0,-3.025864444064211,0.3197722840030081
9.133333333333333,45.65769380226249,42.69396189882514,34.87610942150455,4.9884465006828655,-2.9986112214890146,0.33223071404294263,5.829806600151367,121.0105489494945,0.33223071404294263,0.04026583177672889,0.2707772490459758,2,camera_only,45.666666666666664,42.68919820615266,34.86121760707165,5.0,-3.025864444064211,0.3197722840030081
9.166666666666666,45.82860014412812,42.58669743537195,34.8833115252564,5.0275754032935165,-3.0398312570924424,0.3166237920254944,5.883650153864927,121.1584861946381,0.3166237920254944,0.04406436303100952,0.2807041361501722,2,camera_only,45.83333333333333,42.58819045102521,34.87167292060715,5.0,-3.034545479782387,0.30754509493467275
9.166666666666666,45.82764653683584,42.58350441363415,34.89058984555906,5.024255615021465,-3.0545646716520998,0.3447199214156151,5.8900205129184915,121.29807979622571,0.3447199214156151,0.04199337410580546,0.2753891251572591,2,camera_only,45.83333333333333,42.58819045102521,34.87167292060715,5.0,-3.034545479782387,0.30754509493467275
9.166666666666666,45.83249989158091,42.59366740416513,34.8855930918346,5.049352318655345,-3.0073366246465754,0.3265329441692748,5.88614102578919,120.77754536011477,0.3265329441692748,0.04025423257975492,0.2708047020328894,2,camera_only,45.83333333333333,42.58819045102521,34.87167292060715,5.0,-3.034545479782387,0.30754509493467275
9.2,46.00024647608398,42.494068729447136,34.897070308563464,5.044812181852048,-3.003578805826037,0.3288853800895536,5.880457566057835,120.76871029103778,0.3288853800895536,0.04404844407316408,0.28072125570361495,2,camera_only,46.0,42.48689887164855,34.88172051971716,5.0,-3.042893743392486,0.2953094743622045
9.2,46.000270534070786,42.486746721587046,34.90693715918946,5.052084999002265,-3.039627203199464,0.36677068781969085,5.907403584403019,121.03355446227732,0.36677068781969085,0.04198114448839251,0.27540438535620454,2,camera_only,46.0,42.48689887164855,34.88172051971716,5.0,-3.042893743392486,0.2953094743622045
9.2,45.99907149575634,42.483844904571306,34.9096724020664,5.046240274342991,-3.053098869468957,0.3771072752288453,5.910005373109603,121.17496472686858,0.3771072752288453,0.040242702064730844,0.2708201901730672,2,camera_only,46.0,42.48689887164855,34.88172051971716,5.0,-3.042893743392486,0.2953094743622045
9.233333333333333,46.177260245708624,42.391392603241194,34.9288795213232,5.1104759421842925,-3.012939100204181,0.4046656348992148,5.946303108087578,120.5219581860989,0.4046656348992148,0.0440360149474284,0.2807533824297525,2,camera_only,46.166666666666664,42.38533457578581,34.891360128941685,5.0,-3.050908319413326,0.2830657577313215
9.233333333333333,46.18161719044762,42.397404488000916,34.90657097632035,5.1349087547796595,-2.9881158247995767,0.31814280681348295,5.949566282331647,120.19606219187241,0.31814280681348295,0.04197253442759835,0.27543418831809857,2,camera_only,46.166666666666664,42.38533457578581,34.891360128941685,5.0,-3.050908319413326,0.2830657577313215
9.233333333333333,46.17867478067585,42.39458546980446,34.89264779246885,5.115078821347662,-3.0014989873539526,0.263127368473581,5.936519479604697,120.40416689234404,0.263127368473581,0.04023411606410806,0.2708485056139507,2,camera_only,46.166666666666664,42.38533457578581,34.891360128941685,5.0,-3.050908319413326,0.2830657577313215
9.266666666666666,46.34984555447517,42.29552879224777,34.90230879884704,5.119147458696288,-2.996908587667085,0.26675619697294795,5.93786920160194,120.34603693134743,0.26675619697294795,0.04401952246991357,0.28076003777129105,2,camera_only,46.33333333333333,42.28350870110656,34.90059148400594,5.0,-3.058588328956331,0.2708142807097012
9.266666666666666,46.3485736148545,42.29712914234811,34.90420851948133,5.108916747884789,-2.9878124712430574,0.27429468106878424,5.924803057671694,120.32008168531479,0.27429468106878424,0.04195647367399349,0.2754314559425363,2,camera_only,46.33333333333333,42.28350870110656,34.90059148400594,5.0,-3.058588328956331,0.2708142807097012
9.266666666666666,46.35259892742404,42.30653671135324,34.89871346097055,5.1298972566639405,-2.9440887182501783,0.25394997527556573,5.920134697352642,119.85185590062208,0.25394997527556573,0.040218687273629164,0.27084668426275027,2,camera_only,46.33333333333333,42.28350870110656,34.90059148400594,5.0,-3.058588328956331,0.2708142807097012
9.3,46.52056170929475,42.210225694265155,34.907460607999234,5.106776708222114,-2.932926919512553,0.2550806426448605,5.894598781689336,119.86963755057084,0.2550806426448605,0.0440006358727456,0.2807642864763827,2,camera_only,46.5,42.181432413965425,34.9094143318277,5.0,-3.065932929821908,0.25855537917777327
9.3,46.52018309131401,42.20704546494768,34.91303652748247,5.106869877946949,-2.947975150935976,0.27660124111886897,5.903150488290669,119.99598150392065,0.27660124111886897,0.04194009638975162,0.27543148733700257,2,camera_only,46.5,42.181432413965425,34.9094143318277,5.0,-3.065932929821908,0.25855537917777327
9.3,46.51939028251272,42.20735753672602,34.90480408386709,5.1003488283983645,-2.946700991191472,0.24430562738892353,5.89544656005016,120.01695904845621,0.24430562738892353,0.04020361238677336,0.27084921661716155,2,camera_only,46.5,42.181432413965425,34.9094143318277,5.0,-3.065932929821908,0.25855537917777327
9.333333333333334,46.68967208790595,42.10405200035761,34.90973493524879,5.105733631872551,-2.9724200733583515,0.2311932448615245,5.9124654188086145,120.20680719945918,0.2311932448615245,0.04398414629339107,0.28078722380896154,2,camera_only,46.666666666666664,42.079116908177596,34.9178284305241,5.0,-3.0729413165918062,0.24628938921951798
9.333333333333334,46.69180301492272,42.109415503062436,34.89501721502852,5.116150936552047,-2.9486076823031317,0.17410286347877016,5.907588296148517,119.9562757706569,0.17410286347877016,0.04192471774838341,0.27544611658502466,2,camera_only,46.666666666666664,42.079116908177596,34.9178284305241,5.0,-3.0729413165918062,0.24628938921951798
9.333333333333334,46.68809719328457,42.10176299459434,34.89440067021157,5.095009288180387,-2.984296404466539,0.170712172734985,5.907138674711829,120.35875748501319,0.170712172734985,0.04018838029476798,0.27086323109999466,2,camera_only,46.666666666666664,42.079116908177596,34.9178284305241,5.0,-3.0729413165918062,0.24628938921951798
9.366666666666667,46.843406736532465,42.00631725277156,34.90167852908933,4.987886145668202,-2.955440212727761,0.17666486502024673,5.80041770286328,120.64774189578937,0.17666486502024673,0.043965801987153046,0.28081380364526054,2,camera_only,46.833333333333336,41.97657340379126,34.9258335494184,5.0,-3.0796127207174386,0.2340166471132445
9.366666666666667,46.84005144983053,42.00051066821452,34.92203427672679,4.96908747802595,-2.9801122599627843,0.25582279914027034,5.799857304349372,120.95239237909283,0.25582279914027034,0.04190703009218522,0.27546301670002366,2,camera_only,46.833333333333336,41.97657340379126,34.9258335494184,5.0,-3.0796127207174386,0.2340166471132445
9.366666666666667,46.83726697589651,41.99463012968467,34.921774878542486,4.95308451280998,-3.0075360028214946,0.254069850966765,5.800247450624486,121.26631897237158,0.254069850966765,0.04017303322313159,0.270884376923337,2,camera_only,46.833333333333336,41.97657340379126,34.9258335494184,5.0,-3.0796127207174386,0.2340166471132445
9.4,47.00824371406412,41.89384741580608,34.93093221188225,4.995756520951551,-3.0134339068091744,0.2569817688953602,5.839897837880534,121.09832578358518,0.2569817688953602,0.043952766354231086,0.28086222706454383,2,camera_only,47.0,41.87381314585725,34.9334294690462,5.0,-3.085946410604164,0.22173748932237822
9.4,47.004769928700455,41.8830064667223,34.958718347123416,4.979566392295137,-3.0621082596367977,0.3648601332020539,5.857107764572146,121.5888017457143,0.3648601332020539,0.041896013879592124,0.2755043444788416,2,camera_only,47.0,41.87381314585725,34.9334294690462,5.0,-3.085946410604164,0.22173748932237822
9.4,47.00893556155209,41.894517633112855,34.94948955436589,5.001463655302699,-3.0086846657536155,0.3299744890763654,5.845999082851108,121.02946817116029,0.3299744890763654,0.04016344099936943,0.27092609944247664,2,camera_only,47.0,41.87381314585725,34.9334294690462,5.0,-3.085946410604164,0.22173748932237822
9.433333333333334,47.18342734595362,41.795332971969465,34.961802788773795,5.0568556824263045,-3.007305890597236,0.3355784119969883,5.8930714388259755,120.73989757224336,0.3355784119969883,0.043942813587831704,0.2809103102767335,2,camera_only,47.16666666666667,41.77084740319584,34.94061598116154,5.0,-3.09194169169151,0.2094522524862323
9.433333333333334,47.18509770512322,41.79576024349468,34.95486415117427,5.0682063598487,-3.0067948577587833,0.308421989006507,5.901072372540283,120.67921803043059,0.308421989006507,0.041888322817841016,0.2755459082315991,2,camera_only,47.16666666666667,41.77084740319584,34.94061598116154,5.0,-3.09194169169151,0.2094522524862323
9.433333333333334,47.1872559434085,41.803726204533696,34.943382771377536,5.078140893059178,-2.969981540312836,0.26420416348764636,5.888812199379691,120.3214898936318,0.26420416348764636,0.04015624678863989,0.27096692206386047,2,camera_only,47.16666666666667,41.77084740319584,34.94061598116154,5.0,-3.09194169169151,0.2094522524862323
9.466666666666667,47.34148702922153,41.698550017248905,34.946614619461194,4.973118232183765,-2.993180861684662,0.24105978968186714,5.809401556463056,121.0425594299,0.24105978968186714,0.043930484150952874,0.28094133924484554,2,camera_only,47.333333333333336,41.667687467161024,34.94739288874257,5.0,-3.0975979065293475,0.1971612734107804
9.466666666666667,47.34150724215744,41.69373781014507,34.95327260096429,4.9764485198803525,-3.0160814839455647,0.26674954604815937,5.825198941592942,121.21884128315622,0.26674954604815937,0.04187522375037429,0.27556357266578885,2,camera_only,47.333333333333336,41.667687467161024,34.94739288874257,5.0,-3.0975979065293475,0.1971612734107804
9.466666666666667,47.34088948312366,41.69454600252527,34.94550111273764,4.971089281019216,-3.0125875005947003,0.2362480285054697,5.817493035627657,121.21676839994417,0.2362480285054697,0.040144344120906915,0.27098636425706174,2,camera_only,47.333333333333336,41.667687467161024,34.94739288874257,5.0,-3.0975979065293475,0.1971612734107804
9.5,47.49912301037529,41.5839936703128,34.94701843919808,4.922522520151775,-3.059143424047012,0.20992626701657466,5.799453033508847,121.85923562027463,0.20992626701657466,0.04391802149099606,0.2809874534367811,2,camera_only,47.5,41.56434465040231,34.95376000599692,5.0,-3.102914434849978,0.18486488905942214
9.5,47.50191163420843,41.58663276047824,34.932027187180346,4.940356507180337,-3.049073209815131,0.1513152131743384,5.807483633260574,121.68192030624378,0.1513152131743384,0.04186231383813199,0.27559664173204895,2,camera_only,47.5,41.56434465040231,34.95376000599692,5.0,-3.102914434849978,0.18486488905942214
9.5,47.50314272636446,41.59508183622972,34.91314887586489,4.943574178741985,-3.010305155940701,0.07794783302101034,5.7885178290543715,121.33861189170393,0.07794783302101034,0.04013168109083706,0.27101806641896936,2,camera_only,47.5,41.56434465040231,34.95376000599692,5.0,-3.102914434849978,0.18486488905942214
9.533333333333333,47.684504278418665,41.485258017627736,34.911210216886005,5.067577315533163,-3.064165014080537,0.05967789902276135,5.922246915998458,121.15970603759146,0.05967789902276135,0.04389927440066312,0.28101524566566377,2,camera_only,47.66666666666667,41.46083028562411,34.95971715836687,5.0,-3.10789069363616,0.17256343654374648
9.533333333333333,47.68354236511752,41.487536737282504,34.91213798756854,5.059523810617287,-3.0525618940251564,0.06353065154544202,5.909395184851281,121.10383581705618,0.06353065154544202,0.04184271906819771,0.27561145931267306,2,camera_only,47.66666666666667,41.46083028562411,34.95971715836687,5.0,-3.10789069363616,0.17256343654374648
9.533333333333333,47.68257175530598,41.480737478077025,34.92686188332115,5.0567800229591064,-3.0837535923829553,0.12076734463681389,5.92411556020506,121.37590530765655,0.12076734463681389,0.04011277799935167,0.27103286949622246,2,camera_only,47.66666666666667,41.46083028562411,34.95971715836687,5.0,-3.10789069363616,0.17256343654374648
9.566666666666666,47.848987879831014,41.37197800676003,34.92710358598356,5.044052827935688,-3.1122256665180648,0.10518404590378815,5.927856375946748,121.67495661920854,0.10518404590378815,0.04388086702575364,0.2810587542295514,2,camera_only,47.833333333333336,41.357155724343045,34.96526418253408,5.0,-3.1125261371850397,0.16025725311428865
9.566666666666666,47.84725258468898,41.36822984885318,34.93986409081354,5.033974797657744,-3.1284367146791534,0.15501427163593084,5.928916255574592,121.8594846208519,0.15501427163593084,0.04182527295680494,0.27564438878048303,2,camera_only,47.833333333333336,41.357155724343045,34.96526418253408,5.0,-3.1125261371850397,0.16025725311428865
9.566666666666666,47.84644777833799,41.36510567305209,34.94367182833404,5.029868550337776,-3.142892716257843,0.1696694515597621,5.93347621402296,121.99903341896797,0.1696694515597621,0.04009775951442839,0.27106933883028306,2,camera_only,47.833333333333336,41.357155724343045,34.96526418253408,5.0,-3.1125261371850397,0.16025725311428865
9.6,48.003224159168184,41.266751325648144,34.95359495137017,4.948910009372731,-3.107356327876118,0.18683937364983702,5.84656160326796,122.12417808352663,0.18683937364983702,0.043867324788296996,0.2811211732214902,2,camera_only,48.0,41.253332335643044,34.97040092642408,5.0,-3.116820257167995,0.14794667615128335
9.6,48.00383546085985,41.26279869729697,34.956763152516416,4.955216500529125,-3.1264074984156816,0.19894060983923398,5.862437358258859,122.24916242055836,0.19894060983923398,0.04181292513261329,0.27569650499512927,2,camera_only,48.0,41.253332335643044,34.97040092642408,5.0,-3.116820257167995,0.14794667615128335
9.6,48.00537866201427,41.26111678279508,34.972818642889266,4.967779018672614,-3.133519269211194,0.2621037285016887,5.879325620628286,122.24244406846029,0.2621037285016887,0.04008763560669688,0.2711238955659861,2,camera_only,48.0,41.253332335643044,34.97040092642408,5.0,-3.116820257167995,0.14794667615128335
9.633333333333333,48.17388049956776,41.14685755296115,34.9756837879495,4.9924919200995355,-3.18249643858354,0.2380077489901661,5.925361325896964,122.51573853298306,0.2380077489901661,0.04385868532714056,0.28118972789722524,2,camera_only,48.166666666666664,41.14937150492867,34.97512724921042,5.0,-3.1207725826863806,0.13563204315541663
9.633333333333333,48.17149040451759,41.1473325189018,34.98564036902101,4.975540588146251,-3.178383003247647,0.2772718002842353,5.910583923002628,122.57050306305688,0.2772718002842353,0.04180459046850488,0.2757527479482798,2,camera_only,48.166666666666664,41.14937150492867,34.97512724921042,5.0,-3.1207725826863806,0.13563204315541663
9.633333333333333,48.172060611750965,41.14565022291743,34.99442712599483,4.9806967628123955,-3.185821969488958,0.31177570040372593,5.920642359721672,122.60435550010475,0.31177570040372593,0.04008095047663011,0.27118021939531156,2,camera_only,48.166666666666664,41.14937150492867,34.97512724921042,5.0,-3.1207725826863806,0.13563204315541663
9.666666666666666,48.33888834059464,41.04563846454378,35.00897855047655,4.984273788181657,-3.155840821739609,0.3288479069854464,5.908507208563053,122.3403386412693,0.3288479069854464,0.04385292925451271,0.2812677227047934,2,camera_only,48.33333333333333,41.045284632676534,34.97944302131861,5.0,-3.1243826803231642,0.12331369173857222
9.666666666666666,48.3388588166831,41.05216939784523,34.99934921911254,4.981204117728947,-3.1253108940590297,0.29150804425647847,5.887693910765921,122.10501372810432,0.29150804425647847,0.04179998455846803,0.2758204894296495,2,camera_only,48.33333333333333,41.045284632676534,34.97944302131861,5.0,-3.1243826803231642,0.12331369173857222
9.666666666666666,48.33985013685497,41.05792904164307,34.99019397858746,4.985769081480602,-3.098768626882078,0.2559838878907612,5.875864879969266,121.86188913251101,0.2559838878907612,0.040077856398337795,0.2712480801521452,2,camera_only,48.33333333333333,41.045284632676534,34.97944302131861,5.0,-3.1243826803231642,0.12331369173857222
9.7,48.50598036517743,40.95367796654948,34.99806893030358,4.985634850430978,-3.1034323994778297,0.25328540942054417,5.878095016124354,121.90122602560882,0.25328540942054417,0.04384531425720853,0.2813218650051803,2,camera_only,48.5,40.941083133185145,34.983348124429554,5.0,-3.1276501541904578,0.11099195961457735
9.7,48.50706668318502,40.94604537472731,35.005138216276954,4.996324062299095,-3.1397566364325318,0.28044539572808985,5.907620120786047,122.14580164700675,0.28044539572808985,0.041791314697913154,0.27586048853132866,2,camera_only,48.5,40.941083133185145,34.983348124429554,5.0,-3.1276501541904578,0.11099195961457735
9.7,48.50778043063102,40.95851452950824,34.97659273776301,4.996077406927122,-3.0828250556785486,0.16898965171025926,5.873087542537761,121.67662321839065,0.16898965171025926,0.040070113557396855,0.27128736612297677,2,camera_only,48.5,40.941083133185145,34.983348124429554,5.0,-3.1276501541904578,0.11099195961457735
9.733333333333333,48.68937598107859,40.864391072153545,34.988212672005595,5.101232209360105,-3.044456195882506,0.19381178960767453,5.943807415474637,120.82909060229679,0.19381178960767453,0.043834333469597274,0.2813717289416658,2,camera_only,48.666666666666664,40.836778433323154,34.98684245148287,5.0,-3.1305746459729304,0.09866718458994296
9.733333333333333,48.690690616490556,40.87720948313345,34.96207007839325,5.105722488677379,-2.9858344236380034,0.09182787600842425,5.915407145377217,120.31916210514348,0.09182787600842425,0.041779880302087194,0.27589813684725695,2,camera_only,48.666666666666664,40.836778433323154,34.98684245148287,5.0,-3.1305746459729304,0.09866718458994296
9.733333333333333,48.69222837907491,40.875976421593066,34.97468487293294,5.11752233867586,-2.990865290163362,0.14158781507791046,5.929110994080728,120.30356102427935,0.14158781507791046,0.04005891044636286,0.2713237731605601,2,camera_only,48.666666666666664,40.836778433323154,34.98684245148287,5.0,-3.1305746459729304,0.09866718458994296
9.766666666666666,48.85968496857914,40.77192956601727,34.975238823600186,5.096308020703567,-3.0114815340830834,0.12461633942085339,5.920887239600292,120.57945015002971,0.12461633942085339,0.043819918776003684,0.2814086656002833,2,camera_only,48.83333333333333,40.73238197127632,34.989925906679844,5.0,-3.1331558349671025,0.08633970455460167
9.766666666666666,48.86040173278352,40.777987880392665,34.962406166730695,5.099315085955941,-2.9838713005003,0.07449821440782778,5.908642167855247,120.33409601808543,0.07449821440782778,0.04176456854879364,0.27592169412044054,2,camera_only,48.83333333333333,40.73238197127632,34.989925906679844,5.0,-3.1331558349671025,0.08633970455460167
9.766666666666666,48.85667979180399,40.763949033082696,34.97352448700973,5.077074426748417,-3.0492884980522144,0.11696766630360533,5.923556914055676,120.98900746435999,0.11696766630360533,0.04004519191758224,0.27134935810878813,2,camera_only,48.83333333333333,40.73238197127632,34.989925906679844,5.0,-3.1331558349671025,0.08633970455460167
9.8,49.01251715942642,40.6682822393197,34.9814424989002,4.980145314096444,-3.0177215194134535,0.1333226465580122,5.824625777363988,121.21378845152275,0.1333226465580122,0.043807484886727,0.2814710935909424,2,camera_only,49.00000000000001,40.62790519529313,34.99259840548598,5.0,-3.1353934381165134,0.07400985747264478
9.8,49.01545727513848,40.66015228800933,34.98032704563406,5.003138865578892,-3.057344728005643,0.12810577094121559,5.864739242513548,121.42848979932103,0.12810577094121559,0.04175150770173116,0.2759706445021962,2,camera_only,49.00000000000001,40.62790519529313,34.99259840548598,5.0,-3.1353934381165134,0.07400985747264478
9.8,49.01179396310577,40.64923405308052,34.9841138168348,4.979894769112982,-3.108587311114962,0.14191962142285505,5.872206413368708,121.97354443642698,0.14191962142285505,0.040033876865259915,0.2713991221381327,2,camera_only,49.00000000000001,40.62790519529313,34.99259840548598,5.0,-3.1353934381165134,0.07400985747264478
9.833333333333334,49.16386025401195,40.54679933114168,34.99009594559525,4.880517520992098,-3.1005785419794076,0.1468616562317408,5.783995756720878,122.42767602112669,0.1468616562317408,0.04379865291058426,0.2815501495149898,2,camera_only,49.16666666666667,40.52335956242944,34.99485987463336,5.0,-3.137287210042762,0.06167798137306051
9.833333333333334,49.1641468302579,40.549280256069295,34.98480359967571,4.881875667653587,-3.089288309475177,0.12616130523785052,5.778609605123664,122.32594190954883,0.12616130523785052,0.04174150791168022,0.27603447823934696,2,camera_only,49.16666666666667,40.52335956242944,34.99485987463336,5.0,-3.137287210042762,0.06167798137306051
9.833333333333334,49.16300592692649,40.55076934375518,34.974867934371886,4.8731828184408075,-3.082991892346325,0.0869549475382972,5.767175301056945,122.31926270988089,0.0869549475382972,0.04002519904293773,0.27146185435012304,2,camera_only,49.16666666666667,40.52335956242944,34.99485987463336,5.0,-3.137287210042762,0.06167798137306051
9.866666666666667,49.329028796524106,40.44652107085032,34.97691704135739,4.898901564570056,-3.09063209770261,0.08346083596489373,5.792944761849239,122.24711722760011,0.08346083596489373,0.04378799485936402,0.28161411168882666,2,camera_only,49.333333333333336,40.418756537292,34.99671025212268,5.0,-3.1388369430724166,0.04934441434046049
9.866666666666667,49.328084008158484,40.438021097290616,34.99605482464475,4.894244268129171,-3.1292003384492406,0.15841982223418327,5.811249310978045,122.59335717990261,0.15841982223418327,0.04173002060125211,0.2760854816558185,2,camera_only,49.333333333333336,40.418756537292,34.99671025212268,5.0,-3.1388369430724166,0.04934441434046049
9.866666666666667,49.325000087588634,40.42659284362603,35.003754337092964,4.874714849988288,-3.182660977489809,0.18772760450907144,5.824724664722568,123.14018717512913,0.18772760450907144,0.04001482440081111,0.27151083094078654,2,camera_only,49.333333333333336,40.418756537292,34.99671025212268,5.0,-3.1388369430724166,0.04934441434046049
9.9,49.4923689884993,40.31618700108542,35.00634441253284,4.909926183705362,-3.2041724276833974,0.1727562963234087,5.865487261403045,123.1280950128198,0.1727562963234087,0.04378214658443286,0.28170452738012397,2,camera_only,49.5,40.31410759078128,34.99814948722491,5.0,-3.1400424672597853,0.037009494505814644
9.9,49.489879490495774,40.31831602075806,35.014834924533986,4.8920936524825525,-3.1928704837878743,0.2066400724562547,5.845485638546093,123.13084985899184,0.2066400724562547,0.04172416587687864,0.2761629338054015,2,camera_only,49.5,40.31410759078128,34.99814948722491,5.0,-3.1400424672597853,0.037009494505814644
9.9,49.489748730176416,40.3204931138276,35.00948395557908,4.8907078720319825,-3.1830024390709504,0.18564320396173445,5.838235299802878,123.05714619245096,0.18564320396173445,0.04000993788746745,0.27158513487580294,2,camera_only,49.5,40.31410759078128,34.99814948722491,5.0,-3.1400424672597853,0.037009494505814644
9.933333333333334,49.65351145432481,40.21718049898597,35.01750285312425,4.895577415096316,-3.1695615581252423,0.19320165330689792,5.835248544559773,122.920378306494,0.19320165330689792,0.04377640720920722,0.2817852424005493,2,camera_only,49.66666666666667,40.20942419883357,34.999177540482684,5.0,-3.1409036504055567,0.024673560037181706
9.933333333333334,49.65384763142382,40.21970262986758,35.0113772752084,4.897507977646207,-3.1581735434241835,0.16915260476856353,5.829944864678627,122.81607457493011,0.16915260476856353,0.041718588779432964,0.27623202092012483,2,camera_only,49.66666666666667,40.20942419883357,34.999177540482684,5.0,-3.1409036504055567,0.024673560037181706
9.933333333333334,49.65393339121663,40.223481588698164,35.004053341621145,4.897476665927532,-3.1408873169937976,0.14047755301639359,5.819809685398537,122.67317627744255,0.14047755301639359,0.04000509184300179,0.27165131531176656,2,camera_only,49.66666666666667,40.20942419883357,34.999177540482684,5.0,-3.1409036504055567,0.024673560037181706
9.966666666666667,49.82138716991256,40.117130587703336,35.00722699683864,4.927271339880158,-3.149166612641794,0.13431172128483274,5.849213011120102,122.58386372257466,0.13431172128483274,0.04376905835673418,0.28185381566983814,2,camera_only,49.833333333333336,40.104717841162454,34.999794383711404,5.0,-3.1414203980712943,0.012336949130437112
9.966666666666667,49.82171340334573,40.12269990820878,34.995817136634834,4.928799715623114,-3.1237783482233703,0.08957357277786668,5.8360158696233695,122.36573578807398,0.08957357277786668,0.04171040833583003,0.2762871639222898,2,camera_only,49.833333333333336,40.104717841162454,34.999794383711404,5.0,-3.1414203980712943,0.012336949130437112
9.966666666666667,49.82122833357753,40.12805109430073,34.982302759918404,4.924606451812273,-3.0996041808620953,0.03645373355647859,5.8189881988142105,122.1867852372221,0.03645373355647859,0.03999725488935208,0.2717030420840547,2,camera_only,49.833333333333336,40.104717841162454,34.999794383711404,5.0,-3.1414203980712943,0.012336949130437112
10.0,49.986410967456585,40.01631669312027,34.97729423080946,4.9324859918453186,-3.1404183808094808,0.010834682756370822,5.84737232067762,122.48411854918643,0.010834682756370822,0.043757595789141575,0.28191100216698,2,camera_only,50.0,40.0,35.0,5.0,-3.141592653589793,1.4427530202913423e-16
10.0,49.9854065825785,40.02455107363202,34.96734366785517,4.924620949645488,-3.1021317095367276,-0.027855243898615007,5.82029969637416,122.20776691292079,-0.027855243898615007,0.0416973194080324,0.2763294754601305,2,camera_only,50.0,40.0,35.0,5.0,-3.141592653589793,1.4427530202913423e-16
10.0,49.98783582228782,40.02969225849888,34.969605716425,4.941281025400513,-3.077443136394023,-0.018332940170148623,5.821275678613504,121.91476159228807,-0.018332940170148623,0.039984401212272834,0.27174209684594375,2,camera_only,50.0,40.0,35.0,5.0,-3.141592653589793,1.4427530202913423e-16
10.033333333333333,50.163551111818805,39.92017880554453,34.9639313361896,5.018787586351109,-3.111088515505553,-0.039252856584408746,5.904967516843134,121.79429638074224,-0.039252856584408746,0.04374341857580393,0.2819680495250645,2,camera_only,50.16666666666667,39.89528215883754,34.999794383711404,5.0,-3.1414203980712943,-0.012336949130437348
10.033333333333333,50.160901661844214,39.928770138544834,34.9612555506597,4.999686585069187,-3.070375710253516,-0.04898548530834671,5.867407649789341,121.55465308905583,-0.04898548530834671,0.041683186932582245,0.27637595031828727,2,camera_only,50.16666666666667,39.89528215883754,34.999794383711404,5.0,-3.1414203980712943,-0.012336949130437348
10.033333333333333,50.159051677672124,39.91788631217972,34.97291068554089,4.987462183807369,-3.121068669305544,-0.003751313043501514,5.883524687275375,122.03762947422659,-0.003751313043501514,0.039971287850880236,0.27178667373672794,2,camera_only,50.16666666666667,39.89528215883754,34.999794383711404,5.0,-3.1414203980712943,-0.012336949130437348
10.066666666666666,50.3277654411049,39.79414870662047,34.95834555473253,5.005288901033784,-3.2164738882802815,-0.06332651492154118,5.950011050770659,122.72540968152711,-0.06332651492154118,0.04373247615760845,0.28204570480541014,2,camera_only,50.33333333333333,39.79057580116643,34.999177540482684,5.0,-3.1409036504055567,-0.02467356003718142
10.066666666666666,50.327043003367365,39.79658124238913,34.95734941332649,5.000150348509794,-3.2049905756169497,-0.06703190231731776,5.939525349169271,122.65901218302623,-0.06703190231731776,0.04167108343911033,0.2764386249446849,2,camera_only,50.33333333333333,39.79057580116643,34.999177540482684,5.0,-3.1409036504055567,-0.02467356003718142
10.066666666666666,50.325558566715976,39.78381484395859,34.97379237398779,4.990304397980627,-3.2641893883319475,-0.002896733089221573,5.963059511565039,123.18895056699706,-0.002896733089221573,0.039959219808421084,0.2718437482052384,2,camera_only,50.33333333333333,39.79057580116643,34.999177540482684,5.0,-3.1409036504055567,-0.02467356003718142
10.1,50.4905291434007,39.6896954773653,34.98419557690952,4.980622771679596,-3.193118905860553,0.040500544975029786,5.916439117820846,122.6642718017831,0.040500544975029786,0.04372384215611508,0.28214435635694374,2,camera_only,50.5,39.68589240921872,34.99814948722491,5.0,-3.1400424672597853,-0.03700949450581436
10.1,50.489655888494426,39.69051732112717,34.987056546240254,4.97453700063933,-3.1889384711329902,0.05199569441563113,5.909149726960684,122.66199599988215,0.05199569441563113,0.041663960075382485,0.2765285688008441,2,camera_only,50.5,39.68589240921872,34.99814948722491,5.0,-3.1400424672597853,-0.03700949450581436
10.1,50.490007212362535,39.69585464656671,34.97899239674911,4.976910172241655,-3.164312553348001,0.020420787916846386,5.897705130507743,122.44814385584385,0.020420787916846386,0.03995411206290689,0.27193176489032783,2,camera_only,50.5,39.68589240921872,34.99814948722491,5.0,-3.1400424672597853,-0.03700949450581436
10.133333333333333,50.65444902110769,39.600920337243366,34.98755144388332,4.966952345730651,-3.113308674529323,0.052971598594737726,5.862261722058854,122.07967586228885,0.052971598594737726,0.04371759892568112,0.2822241524198679,2,camera_only,50.66666666666666,39.58124346270801,34.99671025212268,5.0,-3.1388369430724166,-0.04934441434045968
10.133333333333333,50.65584859254744,39.60016733403664,34.981974240263426,4.976662431925196,-3.1173919479355794,0.030632093699388612,5.872498603112103,122.06311661130299,0.030632093699388612,0.04165825140104489,0.2765985929621042,2,camera_only,50.66666666666666,39.58124346270801,34.99671025212268,5.0,-3.1388369430724166,-0.04934441434045968
10.133333333333333,50.655415321714884,39.594355787450446,34.98995787019825,4.97357246882844,-3.1442988787010413,0.06186386549368872,5.884459676057154,122.30112661755571,0.06186386549368872,0.039949040552634096,0.2719974457563752,2,camera_only,50.66666666666666,39.58124346270801,34.99671025212268,5.0,-3.1388369430724166,-0.04934441434045968
10.166666666666666,50.836731414842426,39.484762105503094,34.987196550247816,5.080930197670388,-3.166276099828868,0.0418723891267157,5.98689479704776,121.92986426732546,0.0418723891267157,0.043713999582509794,0.2823100763603837,2,camera_only,50.83333333333333,39.476640437570566,34.99485987463336,5.0,-3.137287210042762,-0.06167798137306023
10.166666666666666,50.840211736444424,39.481747301021386,34.97567521266332,5.104941876229211,-3.1815603698086217,-0.004486211290696346,6.015212221734752,121.93245878231839,-0.004486211290696346,0.04165418683528735,0.2766720714238404,2,camera_only,50.83333333333333,39.476640437570566,34.99485987463336,5.0,-3.137287210042762,-0.06167798137306023
10.166666666666666,50.839845316420856,39.48232925408374,34.97317150839825,5.1024327248674926,-3.179078979962761,-0.014412704308201215,6.0117859741249315,121.92503684250958,-0.014412704308201215,0.039944059185099495,0.2720619577712234,2,camera_only,50.83333333333333,39.476640437570566,34.99485987463336,5.0,-3.137287210042762,-0.06167798137306023
10.2,51.00084899743254,39.36466497177883,34.96490128923266,5.039133466614355,-3.2366571433640714,-0.04661150184648267,5.989239366576265,122.71280800050262,-0.04661150184648267,0.04370816835612833,0.2823953200748361,2,camera_only,51.0,39.37209480470687,34.99259840548598,5.0,-3.1353934381165134,-0.07400985747264502
10.2,51.00108183066852,39.364128176493914,34.964673292979285,5.040709373036867,-3.239216481869098,-0.04758324246594895,5.991956155113095,122.7252557550769,-0.04758324246594895,0.041646539642593926,0.2767411585897692,2,camera_only,51.0,39.37209480470687,34.99259840548598,5.0,-3.1353934381165134,-0.07400985747264502
10.2,51.00239803458717,39.37228105575531,34.95683889638688,5.050317726452745,-3.2010089149571987,-0.07803935117884667,5.979820846153395,122.36747424675026,-0.07803935117884667,0.03993633391896555,0.27212468594064637,2,camera_only,51.0,39.37209480470687,34.99259840548598,5.0,-3.1353934381165134,-0.07400985747264502
10.233333333333333,51.16781617875564,39.275001940781074,34.96096488873778,5.030912704102063,-3.1557276931595504,-0.05008458608026778,5.938956842361498,122.09870953214705,-0.05008458608026778,0.04369986051605511,0.2824757812766502,2,camera_only,51.16666666666666,39.26761802872369,34.989925906679844,5.0,-3.133155834967103,-0.08633970455460034
10.233333333333333,51.16849503046368,39.26884328727238,34.97030908663512,5.035006764263947,-3.184041903146429,-0.013391716910449533,5.957314436493833,122.3084771028369,-0.013391716910449533,0.0416391498573398,0.27681345092894316,2,camera_only,51.16666666666666,39.26761802872369,34.989925906679844,5.0,-3.133155834967103,-0.08633970455460034
10.233333333333333,51.17011398318373,39.27001219500906,34.97492290223764,5.046200962159004,-3.17777147833186,0.005146484795131641,5.963422021398423,122.20007428288199,0.005146484795131641,0.039929913425092056,0.2721925890755155,2,camera_only,51.16666666666666,39.26761802872369,34.989925906679844,5.0,-3.133155834967103,-0.08633970455460034
10.266666666666666,51.334503296946174,39.175116211029035,34.98345029290699,5.021085985009299,-3.1248163985907897,0.03984140042667933,5.9141668332020085,121.89560484530408,0.03984140042667933,0.043696093468433575,0.28256588147858996,2,camera_only,51.33333333333333,39.16322156667685,34.98684245148287,5.0,-3.1305746459729304,-0.09866718458994214
10.266666666666666,51.333223673495475,39.179198408909976,34.98154852769381,5.012755550304449,-3.105723689020017,0.03269389670743029,5.896974370855794,121.78087137351207,0.03269389670743029,0.041636764994720084,0.2768960843131488,2,camera_only,51.33333333333333,39.16322156667685,34.98684245148287,5.0,-3.1305746459729304,-0.09866718458994214
10.266666666666666,51.333809310603186,39.17282742604381,34.99399753216196,5.015984993139447,-3.134732199592036,0.08181997679023835,5.915517384232863,122.00326047967668,0.08181997679023835,0.03992841620963527,0.27227036672169996,2,camera_only,51.33333333333333,39.16322156667685,34.98684245148287,5.0,-3.1305746459729304,-0.09866718458994214
10.3,51.51375909527297,39.067351887552995,34.99482400245059,5.102965281923822,-3.1374906270407434,0.07378034284683704,5.990788399057255,121.58472886029965,0.07378034284683704,0.04369675775127226,0.2826613138953411,2,camera_only,51.5,39.05891686681486,34.983348124429554,5.0,-3.1276501541904578,-0.11099195961457706
10.3,51.512977462716805,39.06814467192214,34.99727598049576,5.0976929927671755,-3.133578024277107,0.08370440100870122,5.9843789577105,121.57925562970871,0.08370440100870122,0.041637901899401766,0.2769821608062034,2,camera_only,51.5,39.05891686681486,34.983348124429554,5.0,-3.1276501541904578,-0.11099195961457706
10.3,51.51413757187786,39.08217535868851,34.97974719861059,5.107572904393881,-3.0682424712038525,0.01496487038708387,5.958324998113427,120.99425533838894,0.01496487038708387,0.03992911264914799,0.2723476037447256,2,camera_only,51.5,39.05891686681486,34.983348124429554,5.0,-3.1276501541904578,-0.11099195961457706
10.333333333333334,51.678274991389955,38.969213148417744,34.973185857870675,5.064540955533303,-3.1211760196920886,-0.014298604572471663,5.94907717938403,121.64470356490833,-0.014298604572471663,0.04369537237458334,0.2827441546041332,2,camera_only,51.66666666666667,38.954715367323466,34.97944302131861,5.0,-3.1243826803231642,-0.12331369173857193
10.333333333333334,51.68029300144247,38.96771355705443,34.96589118882834,5.0781745325262895,-3.1287327158984186,-0.043751586300396626,5.964791630194259,121.63779008998395,-0.043751586300396626,0.04163547783641882,0.2770525153742546,2,camera_only,51.66666666666667,38.954715367323466,34.97944302131861,5.0,-3.1243826803231642,-0.12331369173857193
10.333333333333334,51.67994493994045,38.954257429467965,34.985287248652945,5.073581687364985,-3.191023233311072,0.032569300583446766,5.993740165642557,122.16779182940923,0.032569300583446766,0.03992524528012869,0.27240816611311236,2,camera_only,51.66666666666667,38.954715367323466,34.97944302131861,5.0,-3.1243826803231642,-0.12331369173857193
10.366666666666667,51.85466773641438,38.86063405368771,34.995069712401666,5.113490691000478,-3.1280582242006245,0.06863683285199461,5.994768245375434,121.45523420152087,0.06863683285199461,0.0436956934793906,0.2828507287360607,2,camera_only,51.83333333333333,38.850628495071334,34.97512724921042,5.0,-3.120772582686381,-0.13563204315541583
10.366666666666667,51.8573745182594,38.84995269514889,35.00481284417245,5.129941579584877,-3.177520681656988,0.10650285789071429,6.035253196929733,121.77435556580849,0.10650285789071429,0.04163718479182349,0.27715197519412704,2,camera_only,51.83333333333333,38.850628495071334,34.97512724921042,5.0,-3.120772582686381,-0.13563204315541583
10.366666666666667,51.85558512366376,38.85276857819922,34.99402769976891,5.118457997660674,-3.165568231888262,0.06359451938229307,6.018594417922856,121.73518754774624,0.06359451938229307,0.03992725985776009,0.2724994850171388,2,camera_only,51.83333333333333,38.850628495071334,34.97512724921042,5.0,-3.120772582686381,-0.13563204315541583
10.4,52.035977719472356,38.75565417253903,35.00123694859844,5.185937797389882,-3.122680549872569,0.0845950936102335,6.054109429537295,121.0539898944565,0.0845950936102335,0.0436988191876217,0.2829542690857466,2,camera_only,52.0,38.746667664356956,34.97040092642408,5.0,-3.1168202571679955,-0.14794667615128307
10.4,52.03213242100942,38.76442275248281,35.001085878425876,5.161536035189085,-3.0816240132316106,0.08504407007882304,6.0120789495262565,120.83873183034258,0.08504407007882304,0.0416408925932895,0.27724678586774165,2,camera_only,52.0,38.746667664356956,34.97040092642408,5.0,-3.1168202571679955,-0.14794667615128307
10.4,52.028119512719385,38.76021511740591,34.993113033068646,5.133826197450431,-3.1034720164343,0.05272447305824429,5.999207435359975,121.15356733763642,0.05272447305824429,0.03993047291216224,0.2725854473753239,2,camera_only,52.0,38.746667664356956,34.97040092642408,5.0,-3.1168202571679955,-0.14794667615128307
10.433333333333334,52.18672225261322,38.66084564972417,34.998726576936704,5.050221754745231,-3.0865328863833987,0.06908890735511727,5.9191383078914255,121.43193014357433,0.06908890735511727,0.04370137569767669,0.2830472258804698,2,camera_only,52.16666666666667,38.642844275656955,34.96526418253408,5.0,-3.1125261371850397,-0.16025725311428887
10.433333333333334,52.18636453638538,38.6544052691626,35.015395645754424,5.046149143199113,-3.1156709703784835,0.1353847574523081,5.932061682384865,121.69264932197488,0.1353847574523081,0.04164326764231059,0.2773296108990069,2,camera_only,52.16666666666667,38.642844275656955,34.96526418253408,5.0,-3.1125261371850397,-0.16025725311428887
10.433333333333334,52.1863480499322,38.65233898807555,35.018254722723405,5.045562442203331,-3.1252582612183653,0.1466525110598744,5.936871778679968,121.77437682809958,0.1466525110598744,0.03993252894065252,0.27265971787185184,2,camera_only,52.16666666666667,38.642844275656955,34.96526418253408,5.0,-3.1125261371850397,-0.16025725311428887
10.466666666666667,52.34578314636542,38.55866525086546,35.031761754975186,4.988903658857722,-3.0763100608690506,0.18274030016706358,5.863977943791506,121.65924897729208,0.18274030016706358,0.04370748254505052,0.28315432081552694,2,camera_only,52.33333333333333,38.53916971437589,34.95971715836687,5.0,-3.10789069363616,-0.17256343654374617
10.466666666666667,52.34847913416679,38.5549233902408,35.02642519135244,5.006321193239197,-3.094096735919707,0.1607892843625517,5.887490101483886,121.71764070190966,0.1607892843625517,0.041650788852896616,0.27743058769938056,2,camera_only,52.33333333333333,38.53916971437589,34.95971715836687,5.0,-3.10789069363616,-0.17256343654374617
10.466666666666667,52.350593049699334,38.547595645145606,35.04410391663923,5.018465489665105,-3.1267737747164444,0.2310087710456863,5.917353729625615,121.92512498077862,0.2310087710456863,0.03993924512183353,0.2727501846269905,2,camera_only,52.33333333333333,38.53916971437589,34.95971715836687,5.0,-3.10789069363616,-0.17256343654374617
10.5,52.5124863282898,38.433884317597126,35.04492337968352,4.980458246151049,-3.174376653088868,0.20254603824777404,5.909539438479071,122.51206680339841,0.20254603824777404,0.04371739383105096,0.2832694914585952,2,camera_only,52.5,38.435655349597695,34.95376000599692,5.0,-3.1029144348499784,-0.18486488905942183
10.5,52.51106184469264,38.43559541560766,35.04813769290516,4.971242884479232,-3.1662279014547994,0.21571452084098333,5.89786297695512,122.49341558522967,0.21571452084098333,0.041660375442375275,0.27753510751739907,2,camera_only,52.5,38.435655349597695,34.95376000599692,5.0,-3.1029144348499784,-0.18486488905942183
10.5,52.50854245452935,38.43271133336369,35.0438470444418,4.953862918651804,-3.1811695992216604,0.19825107870787734,5.890662214557402,122.70692947868154,0.19825107870787734,0.0399475677691976,0.2728423826381252,2,camera_only,52.5,38.435655349597695,34.95376000599692,5.0,-3.1029144348499784,-0.18486488905942183
10.533333333333333,52.671014453536245,38.32092722601185,35.04595351716675,4.934899434607653,-3.2099241923011195,0.17963978758269503,5.889746701114886,123.04214286148444,0.17963978758269503,0.04372666175393299,0.28338398022537126,2,camera_only,52.666666666666664,38.33231253283898,34.94739288874257,5.0,-3.097597906529348,-0.19716127341077963
10.533333333333333,52.67471647031954,38.31919176821962,35.0308516814399,4.959586443273431,-3.2187707150682465,0.11850620568481648,5.913715103491913,122.98356371403686,0.11850620568481648,0.0416694137212401,0.27763985138489417,2,camera_only,52.666666666666664,38.33231253283898,34.94739288874257,5.0,-3.097597906529348,-0.19716127341077963
10.533333333333333,52.67688678060901,38.32654853316263,35.02741137598708,4.975954540822296,-3.183261352397373,0.10533434745471076,5.9079921931863195,122.60821768035754,0.10533434745471076,0.039953735907019616,0.272930729003204,2,camera_only,52.666666666666664,38.33231253283898,34.94739288874257,5.0,-3.097597906529348,-0.19716127341077963
10.566666666666666,52.83806840970666,38.232877774215964,35.04083316815352,4.947802118722671,-3.123980092041296,0.14676090662198943,5.853335475198684,122.26779970617163,0.14676090662198943,0.04373105685975154,0.2834835579588631,2,camera_only,52.83333333333333,38.22915259680417,34.94061598116154,5.0,-3.0919416916915106,-0.20945225248623203
10.566666666666666,52.83667670664948,38.23752591167373,35.03668466847991,4.939921670279698,-3.102537494496415,0.1305954516633359,5.834862482119884,122.13103920520885,0.1305954516633359,0.04167514666493401,0.2777345349290581,2,camera_only,52.83333333333333,38.22915259680417,34.94061598116154,5.0,-3.0919416916915106,-0.20945225248623203
10.566666666666666,52.836464932315565,38.24526146849744,35.02522767040751,4.9409153943904425,-3.066702671421555,0.08525778566032732,5.815890224156941,121.82684049318274,0.08525778566032732,0.039959029233443195,0.2730157621077571,2,camera_only,52.83333333333333,38.22915259680417,34.94061598116154,5.0,-3.0919416916915106,-0.20945225248623203
10.6,52.99160091987048,38.13908101562522,35.02629572523173,4.87672620234933,-3.0888193706367617,0.07814584340730658,5.773159475533586,122.3493394661848,0.07814584340730658,0.04373443538945073,0.28356968208080935,2,camera_only,53.0,38.12618685414275,34.9334294690462,5.0,-3.0859464106041634,-0.22173748932237844
10.6,52.99239077965655,38.143766691183565,35.010939195457645,4.883777988289239,-3.06768836913944,0.016691267904992944,5.767345833871605,122.13450648788425,0.016691267904992944,0.041678717060830484,0.27781321182753915,2,camera_only,53.0,38.12618685414275,34.9334294690462,5.0,-3.0859464106041634,-0.22173748932237844
10.6,52.991866205480584,38.15076831583848,34.9996186134281,4.882635906361545,-3.035433522062941,-0.028192805922884423,5.749329082185179,121.8683600117359,-0.028192805922884423,0.03996042287181456,0.27308121073373,2,camera_only,53.0,38.12618685414275,34.9334294690462,5.0,-3.0859464106041634,-0.22173748932237844
10.633333333333333,53.14816846694643,38.06133491733408,35.00851990395131,4.843161628023678,-2.980088774260061,0.013032574295616876,5.686590675055183,121.60477021949252,0.013032574295616876,0.04373375581764793,0.28365022864524203,2,camera_only,53.166666666666664,38.02342659620874,34.9258335494184,5.0,-3.079612720717439,-0.2340166471132442
10.633333333333333,53.15148491741334,38.06278676369371,34.98785989150684,4.866196031051473,-2.9741913493177083,-0.0703209299350622,5.703562310360459,121.43303645491362,-0.0703209299350622,0.04167936574313436,0.2778900539894228,2,camera_only,53.166666666666664,38.02342659620874,34.9258335494184,5.0,-3.079612720717439,-0.2340166471132442
10.633333333333333,53.15508198968698,38.06109318029431,35.00068494231191,4.888897993372131,-2.9798447792815304,-0.01893696110561765,5.725483133038238,121.36283266626695,-0.01893696110561765,0.03995942069802107,0.2731460216222504,2,camera_only,53.166666666666664,38.02342659620874,34.9258335494184,5.0,-3.079612720717439,-0.2340166471132442
10.666666666666666,53.314117433232866,37.92357525351344,34.97162365054686,4.8528520180818004,-3.1675189204402368,-0.13743141567906736,5.796743587115359,123.13300133788168,-0.13743141567906736,0.043733947341871436,0.2837374229430521,2,camera_only,53.333333333333336,37.92088309182241,34.917828430524104,5.0,-3.0729413165918062,-0.24628938921951768
10.666666666666666,53.31198720688834,37.933093042164494,34.95900351825732,4.842240825664953,-3.123806276504546,-0.18729143556137712,5.765460948501884,122.82670315097181,-0.18729143556137712,0.04167804047339237,0.2779651250633083,2,camera_only,53.333333333333336,37.92088309182241,34.917828430524104,5.0,-3.0729413165918062,-0.24628938921951768
10.666666666666666,53.31755779755841,37.93625818493876,34.97084785585311,4.879245355168406,-3.1055363424170164,-0.139436131815709,5.785398313414648,122.47588949871361,-0.139436131815709,0.03995471789936477,0.27320373269326925,2,camera_only,53.333333333333336,37.92088309182241,34.917828430524104,5.0,-3.0729413165918062,-0.24628938921951768
10.7,53.46952212220396,37.80903382486119,34.94921020963659,4.802806159229261,-3.2248890381519097,-0.20993786930537464,5.788862601624896,123.87975477435977,-0.20993786930537464,0.04373066320285179,0.2838339551344577,2,camera_only,53.49999999999999,37.81856758603458,34.9094143318277,5.0,-3.0659329298219085,-0.258555379177773
10.7,53.46916562553467,37.815802973102635,34.934331498244696,4.803220339117835,-3.1940011045567505,-0.2693392552121359,5.774522691653677,123.62274471223841,-0.2693392552121359,0.0416755615256117,0.27805538374412736,2,camera_only,53.49999999999999,37.81856758603458,34.9094143318277,5.0,-3.0659329298219085,-0.258555379177773
10.7,53.46908797310909,37.81745066828663,34.93195119514933,4.803327691297932,-3.186351979975705,-0.27878337182080665,5.770833217022339,123.55884087569494,-0.27878337182080665,0.03994977233676539,0.27327760846639443,2,camera_only,53.49999999999999,37.81856758603458,34.9094143318277,5.0,-3.0659329298219085,-0.258555379177773
10.733333333333333,53.633752310055236,37.71566257107519,34.92514878883063,4.834293591987143,-3.163213310746505,-0.26851315187005476,5.783460235493886,123.19784424423874,-0.26851315187005476,0.04372503273052867,0.28392704146667874,2,camera_only,53.666666666666664,37.716491298893445,34.90059148400594,5.0,-3.058588328956331,-0.2708142807097004
10.733333333333333,53.6351642863786,37.71383121637007,34.92236335190733,4.8430230006688815,-3.1718102487525726,-0.28004249128512687,5.796005161835594,123.22173706355002,-0.28004249128512687,0.0416723580252398,0.2781468557950557,2,camera_only,53.666666666666664,37.716491298893445,34.90059148400594,5.0,-3.058588328956331,-0.2708142807097004
10.733333333333333,53.63274107570786,37.71190033727911,34.91842300713795,4.826798099873717,-3.1823559938149857,-0.2960396476954305,5.7890421523186655,123.39726191066104,-0.2960396476954305,0.03994488051536796,0.2733537320376938,2,camera_only,53.666666666666664,37.716491298893445,34.90059148400594,5.0,-3.058588328956331,-0.2708142807097004
10.766666666666666,53.79877383122245,37.61022225962206,34.910443760332626,4.861512883298446,-3.159123166832414,-0.288240930643494,5.804950433189956,123.01674005689745,-0.288240930643494,0.043721294783300564,0.28402173694063265,2,camera_only,53.833333333333336,37.614665424214195,34.891360128941685,5.0,-3.0509083194133266,-0.2830657577313212
10.766666666666666,53.79977564230474,37.608868444583095,34.90870420659271,4.867643506955283,-3.1654554828650046,-0.2954781715678077,5.813894484308871,123.03617198049314,-0.2954781715678077,0.04167084534763135,0.27823867998222995,2,camera_only,53.833333333333336,37.614665424214195,34.891360128941685,5.0,-3.0509083194133266,-0.2830657577313212
10.766666666666666,53.798501041045135,37.611271797014695,34.901983394949674,4.860492842844846,-3.1550357208431974,-0.32236426594711143,5.803667788140716,122.98834714454381,-0.32236426594711143,0.039941335737016914,0.27342927935534705,2,camera_only,53.833333333333336,37.614665424214195,34.891360128941685,5.0,-3.0509083194133266,-0.2830657577313212
10.8,53.959941451315565,37.49414003996668,34.88231166742651,4.853117659501573,-3.2137868314455327,-0.35971923963505736,5.831858601363923,123.51295527537945,-0.35971923963505736,0.04371837108584629,0.28411437114801535,2,camera_only,54.0,37.51310112835145,34.88172051971716,5.0,-3.042893743392486,-0.2953094743622042
10.8,53.96461852711884,37.48698704043951,34.87696742275985,4.881156664330934,-3.247055299757015,-0.382382517571613,5.874970203427998,123.63274506932115,-0.382382517571613,0.04166900797052749,0.27832532907918006,2,camera_only,54.0,37.51310112835145,34.88172051971716,5.0,-3.042893743392486,-0.2953094743622042
10.8,53.962595962524645,37.48648148814486,34.87261613712217,4.868129687476111,-3.250683813641929,-0.3999448072735,5.867332252329413,123.73293822588047,-0.3999448072735,0.0399360969219553,0.27349614095080593,2,camera_only,54.0,37.51310112835145,34.88172051971716,5.0,-3.042893743392486,-0.2953094743622042
10.833333333333334,54.14652762648697,37.379200733646975,34.856756329360536,5.008067902958993,-3.237560341040954,-0.4114281216899225,5.9776094035865714,122.88141309836517,-0.4114281216899225,0.04371494534745435,0.2842146111320487,2,camera_only,54.16666666666667,37.41180954897479,34.87167292060715,5.0,-3.034545479782387,-0.307545094934673
10.833333333333334,54.14588828572706,37.38853691721778,34.83616245707489,5.008301609829291,-3.1949061600217292,-0.4939717131957274,5.961083663210993,122.53470233692708,-0.4939717131957274,0.04166809998726095,0.27842343638029754,2,camera_only,54.16666666666667,37.41180954897479,34.87167292060715,5.0,-3.034545479782387,-0.307545094934673
10.833333333333334,54.150547342810995,37.390315576727275,34.84525349243045,5.038446307355297,-3.1836415627980195,-0.4572024672585873,5.9775035665856855,122.28755143941642,-0.4572024672585873,0.03993192020377778,0.2735740771162513,2,camera_only,54.16666666666667,37.41180954897479,34.87167292060715,5.0,-3.034545479782387,-0.307545094934673
10.866666666666667,54.3273046526026,37.28404208654652,34.82855713482554,5.0949509139316635,-3.181119470251219,-0.4636941782673961,6.0243720162639,121.9792973110785,-0.4636941782673961,0.043710237063063886,0.28430476284050654,2,camera_only,54.333333333333336,37.31080179384735,34.86121760707165,5.0,-3.0258644440642115,-0.31977228400300783
10.866666666666667,54.32632615297204,37.28327183020053,34.83571105618738,5.088013089853377,-3.1844831443614363,-0.4346598041303574,6.0181175831457505,122.04160601942462,-0.4346598041303574,0.04166641350276932,0.27851288027842874,2,camera_only,54.333333333333336,37.31080179384735,34.86121760707165,5.0,-3.0258644440642115,-0.31977228400300783
10.866666666666667,54.32448139870925,37.283174005458484,34.83148815891547,5.076378088113259,-3.186098384998482,-0.45170003176769097,6.010396853042676,122.11370571782183,-0.45170003176769097,0.039928545030509806,0.2736472989823159,2,camera_only,54.333333333333336,37.31080179384735,34.86121760707165,5.0,-3.0258644440642115,-0.31977228400300783
10.9,54.492618359231805,37.18970295260053,34.82647109367946,5.073643660269445,-3.1240512439863877,-0.4095219741326439,5.972375106583873,121.62231721921206,-0.4095219741326439,0.043709308263358455,0.28440498644779905,2,camera_only,54.50000000000001,37.21008893960771,34.850354865748365,5.0,-3.0168515882113502,-0.331990706352646
10.9,54.48976670509977,37.1925523464379,34.83304876619225,5.056113535884323,-3.110755272672258,-0.38230392363428284,5.948717403292671,121.60175484357916,-0.38230392363428284,0.041668805788940076,0.2786128407653917,2,camera_only,54.50000000000001,37.21008893960771,34.850354865748365,5.0,-3.0168515882113502,-0.331990706352646
10.9,54.491319349812585,37.196056860171254,34.83223324970879,5.067368930076768,-3.093311479510787,-0.38536596710456994,5.949395827425085,121.40145204687916,-0.38536596710456994,0.03992946180627495,0.2737315670379068,2,camera_only,54.50000000000001,37.21008893960771,34.850354865748365,5.0,-3.0168515882113502,-0.331990706352646
10.933333333333334,54.67717654904322,37.08799550025693,34.81211783835209,5.173713222157831,-3.1111321726034507,-0.41661402760939487,6.05144769030849,121.0199442580965,-0.41661402760939487,0.043712069893189674,0.28450358911475027,2,camera_only,54.666666666666664,37.109682030555284,34.839084994444825,5.0,-3.007507900585015,-0.34420002700936503
10.933333333333334,54.67458296912726,37.09798073966821,34.79888674445917,5.161764239190522,-3.0652950686268827,-0.4692715908545197,6.021632647772324,120.70380569209676,-0.4692715908545197,0.041674234012353775,0.27871026850406994,2,camera_only,54.666666666666664,37.109682030555284,34.839084994444825,5.0,-3.007507900585015,-0.34420002700936503
10.933333333333334,54.67161841275947,37.09651197861307,34.794039945701336,5.1426353766527315,-3.074075611781718,-0.4889424640229542,6.011298047616351,120.86940775276761,-0.4889424640229542,0.03993104061602637,0.27380751463922737,2,camera_only,54.666666666666664,37.109682030555284,34.839084994444825,5.0,-3.007507900585015,-0.34420002700936503
10.966666666666667,54.83249079907468,36.99604198134991,34.781145606527815,5.076354137612846,-3.0684078819813907,-0.4741273444956693,5.950570980961667,121.15091017802415,-0.4741273444956693,0.0437133205586931,0.284598414926868,2,camera_only,54.833333333333336,37.00959207743913,34.82740830213025,5.0,-2.997834405825846,-0.35639991124847265
10.966666666666667,54.83479695531751,36.992076143770916,34.78021291569916,5.089491817943468,-3.0867208345972994,-0.4784903834363083,5.971576468797128,121.23635104773236,-0.4784903834363083,0.041677195930557485,0.2788017760793303,2,camera_only,54.833333333333336,37.00959207743913,34.82740830213025,5.0,-2.997834405825846,-0.35639991124847265
10.966666666666667,54.83829689930237,36.98753618476903,34.79360025292118,5.109099819842061,-3.1058691756325794,-0.4246568319419019,5.994135277933734,121.29580604146189,-0.4246568319419019,0.039930952863827814,0.27387932209474086,2,camera_only,54.833333333333336,37.00959207743913,34.82740830213025,5.0,-2.997834405825846,-0.35639991124847265
11.0,54.99572553675721,36.879852505503564,34.77815744014172,5.026260869198651,-3.131493455035144,-0.42938319886574877,5.9375011171058905,121.92399784374872,-0.42938319886574877,0.04371762438610104,0.28470463682699587,2,camera_only,55.00000000000001,36.90983005625052,34.81532510892706,5.0,-2.9878321647415556,-0.3685900246039794
11.0,54.99778098872322,36.870844037146604,34.79210624004502,5.03479586736384,-3.172796076857027,-0.3735528733777751,5.962830378314659,122.21805282136971,-0.3735528733777751,0.04168376976576347,0.2789056945249504,2,camera_only,55.00000000000001,36.90983005625052,34.81532510892706,5.0,-2.9878321647415556,-0.3685900246039794
11.0,54.996178385181004,36.86423616058642,34.79695076047893,5.021761549433264,-3.2049394665943085,-0.3543424095119475,5.967854269926413,122.54643443064556,-0.3543424095119475,0.03993480980973598,0.27396287456255874,2,camera_only,55.00000000000001,36.90983005625052,34.81532510892706,5.0,-2.9878321647415556,-0.3685900246039794
11.033333333333333,55.18279738834928,36.743573395054526,34.77031971313068,5.1380849370537165,-3.2651551991866397,-0.4176674787768763,6.102098116056613,122.43518177703339,-0.4176674787768763,0.04372682393450001,0.28482570673344054,2,camera_only,55.166666666666664,36.810406907019306,34.80283574610211,5.0,-2.9775022741905937,-0.3807700328777685
11.033333333333333,55.18123250549036,36.74692920317001,34.769019939116475,5.129680433954994,-3.249712113758751,-0.42252053247727145,6.087098962328109,122.35473322383949,-0.42252053247727145,0.041695043286870286,0.2790240442065616,2,camera_only,55.166666666666664,36.810406907019306,34.80283574610211,5.0,-2.9775022741905937,-0.3807700328777685
11.033333333333333,55.185642899943836,36.743883569811395,34.78197167444714,5.155342944924773,-3.2612718020814353,-0.3702864426384555,6.111510999453324,122.31746000843374,-0.3702864426384555,0.03994088136464646,0.2740534711726882,2,camera_only,55.166666666666664,36.810406907019306,34.80283574610211,5.0,-2.9775022741905937,-0.3807700328777685
11.066666666666666,55.35902308855353,36.650926133348605,34.782042666386225,5.1705836959574025,-3.1830905485612324,-0.31812387862940533,6.080148353403441,121.61708895071577,-0.31812387862940533,0.043735902710594195,0.2849461083384942,2,camera_only,55.333333333333336,36.71133353261417,34.78994055605757,5.0,-2.966845866961865,-0.3929396021487628
11.066666666666666,55.357695469845666,36.65560101861013,34.77576274035492,5.164608125710946,-3.1616515512531596,-0.343217876776002,6.065230097419196,121.473987407097,-0.343217876776002,0.04170857693373882,0.2791481482616045,2,camera_only,55.333333333333336,36.71133353261417,34.78994055605757,5.0,-2.966845866961865,-0.3929396021487628
11.066666666666666,55.35617678458788,36.66035387650528,34.766974457912646,5.157637244941883,-3.140167276645333,-0.37853840612409356,6.050220144807693,121.33465754273853,-0.37853840612409356,0.0399517504906454,0.2741565184936879,2,camera_only,55.333333333333336,36.71133353261417,34.78994055605757,5.0,-2.966845866961865,-0.3929396021487628
11.1,55.5106910045448,36.57751227792827,34.77612740440276,5.056574598773491,-3.03989326962082,-0.2859768750604358,5.9069180235311025,121.01329129405319,-0.2859768750604358,0.04374543866264982,0.28504820362090605,2,camera_only,55.49999999999999,36.61262079754709,34.77663989232161,5.0,-2.9558641116505107,-0.40509839878207154
11.1,55.50699592854486,36.57960437214949,34.78851705427401,5.033519463607472,-3.0301580261560694,-0.23480820115174514,5.8799073755733104,121.04776781809434,-0.23480820115174514,0.04172133726481546,0.279251628355036,2,camera_only,55.49999999999999,36.61262079754709,34.77663989232161,5.0,-2.9558641116505107,-0.40509839878207154
11.1,55.50380801178428,36.58326799063759,34.77771455231782,5.0159047214170105,-3.0148734932083907,-0.27837387518837275,5.858861183606538,121.00850846455505,-0.27837387518837275,0.039962826319366505,0.2742433706836638,2,camera_only,55.49999999999999,36.61262079754709,34.77663989232161,5.0,-2.9558641116505107,-0.40509839878207154
11.133333333333333,55.66119108000013,36.48121137062625,34.769282815165404,4.954168359557608,-3.0267273112344713,-0.27425602405904137,5.812063206654505,121.42266014726219,-0.27425602405904137,0.04375755730054874,0.2851454973768514,2,camera_only,55.666666666666664,36.51427952678185,34.76293411953863,5.0,-2.9445582125297523,-0.4172460894381443
11.133333333333333,55.66102557247411,36.482608649036926,34.766049255441736,4.953963391589594,-3.0203435511688577,-0.287342199782638,5.809199083528909,121.3699206988228,-0.287342199782638,0.04173526540733405,0.27934712984956916,2,camera_only,55.666666666666664,36.51427952678185,34.76293411953863,5.0,-2.9445582125297523,-0.4172460894381443
11.133333333333333,55.66408411360327,36.488502622094536,34.764787637142526,4.975563954795789,-2.990531972032642,-0.2921832889463103,5.812477029490271,121.007711685749,-0.2921832889463103,0.039972149426940676,0.27431537427067837,2,camera_only,55.666666666666664,36.51427952678185,34.76293411953863,5.0,-2.9445582125297523,-0.4172460894381443
11.166666666666666,55.84313207430226,36.40251638543599,34.76332561578939,5.0625826670580025,-2.917340227601685,-0.2580620450360889,5.84869329709358,119.95292599430957,-0.2580620450360889,0.043768225995177386,0.2852434142897208,2,camera_only,55.833333333333336,36.416320504546995,34.74882361345932,5.0,-2.932929409418835,-0.4293823410819046
11.166666666666666,55.84841032410918,36.390453024133194,34.770384382255905,5.089580196256717,-2.9727875450750156,-0.2307471531970768,5.898689397738303,120.28889634703451,-0.2307471531970768,0.041749834221913425,0.2794498893945782,2,camera_only,55.833333333333336,36.416320504546995,34.74882361345932,5.0,-2.932929409418835,-0.4293823410819046
11.166666666666666,55.851104861468244,36.38434017190954,34.78303424255414,5.102711934102191,-2.9999962334661094,-0.17974149209571966,5.921988980673686,120.45220406327647,-0.17974149209571966,0.03998263636466118,0.27439496009417813,2,camera_only,55.833333333333336,36.416320504546995,34.74882361345932,5.0,-2.932929409418835,-0.4293823410819046
11.2,56.01362191970763,36.28346515244279,34.77821391376846,5.055482665046753,-3.007584813672013,-0.17437771959475512,5.885055562788665,120.749068249561,-0.17437771959475512,0.043785159684717904,0.28536640014147596,2,camera_only,55.99999999999999,36.31875447315323,34.73430876093033,5.0,-2.920978977547065,-0.44150682099188227
11.2,56.01779150062178,36.27586820415302,34.77887493055544,5.077869357252977,-3.0424849641891094,-0.17274576014362755,5.922103770138883,120.9285936358443,-0.17274576014362755,0.04176919262596402,0.27957221768270524,2,camera_only,55.99999999999999,36.31875447315323,34.73430876093033,5.0,-2.920978977547065,-0.44150682099188227
11.2,56.01544585246094,36.27902063666131,34.770651746858675,5.0653844463216515,-3.0290458420036654,-0.20595573245369214,5.905561452201436,120.87897329071919,-0.20595573245369214,0.03999732578245988,0.2744916530974363,2,camera_only,55.99999999999999,36.31875447315323,34.73430876093033,5.0,-2.920978977547065,-0.44150682099188227
11.233333333333333,56.18472218321072,36.1785017083861,34.76427708314798,5.0681912971632075,-3.0266197626114346,-0.20393887183842485,5.906655676058805,120.84478159331977,-0.20393887183842485,0.04380173989661676,0.28548490335602317,2,camera_only,56.166666666666664,36.22159213181533,34.71938995988368,5.0,-2.9087082274139653,-0.4536191967693378
11.233333333333333,56.17484962445277,36.19960443018512,34.75376419885597,5.017570524410952,-2.9297161349278475,-0.2442245838575127,5.81540164099218,120.28028704364415,-0.2442245838575127,0.041787933458951314,0.2796903633848785,2,camera_only,56.166666666666664,36.22159213181533,34.71938995988368,5.0,-2.9087082274139653,-0.4536191967693378
11.233333333333333,56.176969663728634,36.20232118406563,34.754100205236746,5.031787361150982,-2.915516704798285,-0.24277615066501806,5.820486402623782,120.08884739450761,-0.24277615066501806,0.04001152220863607,0.2745855774322737,2,camera_only,56.166666666666664,36.22159213181533,34.71938995988368,5.0,-2.9087082274139653,-0.4536191967693378
11.266666666666666,56.36236326634216,36.09478380388845,34.733005795822855,5.136540283456343,-2.95879042951152,-0.29867506051129766,5.9352922153092145,119.94314213482521,-0.29867506051129766,0.043814481663055294,0.2855816769752754,2,camera_only,56.33333333333332,36.12484413547898,34.704067619325826,5.0,-2.896118504645568,-0.4657191363473689
11.266666666666666,56.36230073140888,36.09772948944227,34.725503610909826,5.138070992596441,-2.9452141867412474,-0.3291923424054999,5.931477701976237,119.82193824933422,-0.3291923424054999,0.04180346912757722,0.27978973159429604,2,camera_only,56.33333333333332,36.12484413547898,34.704067619325826,5.0,-2.896118504645568,-0.4657191363473689
11.266666666666666,56.359030415675,36.10868063376571,34.70653657703567,5.124420880047127,-2.895322044083173,-0.4057454045820422,5.899763421371775,119.46665377592649,-0.4057454045820422,0.040020833332369436,0.2746560787230111,2,camera_only,56.33333333333332,36.12484413547898,34.704067619325826,5.0,-2.896118504645568,-0.4657191363473689
11.3,56.52651034378421,36.01197120440458,34.69310840819462,5.103947270000269,-2.8978473069653723,-0.4050642912750041,5.883185687150779,119.58643363584474,-0.4050642912750041,0.04382264474084108,0.2856723785740881,2,camera_only,56.50000000000001,36.028521093652195,34.68834215932649,5.0,-2.883211189846845,-0.4778063080000226
11.3,56.53039034328771,36.007372516884175,34.687234071087325,5.12606390552562,-2.9189109912626328,-0.42996495034520016,5.9145111714301235,119.65828526376971,-0.42996495034520016,0.041814286813157714,0.2798826731854061,2,camera_only,56.50000000000001,36.028521093652195,34.68834215932649,5.0,-2.883211189846845,-0.4778063080000226
11.3,56.527135797399986,36.01125959019742,34.6768225166572,5.108780394271398,-2.9025156588882113,-0.4720823932507342,5.894666746560015,119.60275106654609,-0.4720823932507342,0.04002613336315731,0.2747223822282971,2,camera_only,56.50000000000001,36.028521093652195,34.68834215932649,5.0,-2.883211189846845,-0.4778063080000226
11.333333333333334,56.69984926242074,35.90096009832227,34.648824239017166,5.118367724750609,-2.9683547065043845,-0.523932098064808,5.939976655911877,120.11123212936364,-0.523932098064808,0.04382902982197746,0.28576426165855057,2,camera_only,56.666666666666664,35.932633569242,34.672214011007085,5.0,-2.869987698450321,-0.4898803803513784
11.333333333333334,56.694167006669296,35.9094821204824,34.65206731344719,5.087375208636594,-2.9293270264286213,-0.5093086038806011,5.892515472631547,119.93347592353749,-0.5093086038806011,0.041822933433342244,0.2799754367184775,2,camera_only,56.666666666666664,35.932633569242,34.672214011007085,5.0,-2.869987698450321,-0.4898803803513784
11.333333333333334,56.69805679126625,35.920819630428625,34.64531627676683,5.116807538128094,-2.8729767319067805,-0.5363992392908874,5.892659741426964,119.31326810303672,-0.5363992392908874,0.040029326454305146,0.2747879168886251,2,camera_only,56.666666666666664,35.932633569242,34.672214011007085,5.0,-2.869987698450321,-0.4898803803513784
11.366666666666667,56.860223625170015,35.821128219927274,34.626525053395255,5.064121609119473,-2.89617487640997,-0.5397063249537013,5.858706299507951,119.76527098516364,-0.5397063249537013,0.04383285741249424,0.2858513907751011,2,camera_only,56.833333333333336,35.83719207739599,34.655683616528954,5.0,-2.8564494805608387,-0.5019410223846464
11.366666666666667,56.86151077067675,35.8178080366147,34.62976340275164,5.070127366365635,-2.91141513697763,-0.5267997105127787,5.870268098305949,119.86570029775629,-0.5267997105127787,0.04183093226414401,0.28006865166859496,2,camera_only,56.833333333333336,35.83719207739599,34.655683616528954,5.0,-2.8564494805608387,-0.5019410223846464
11.366666666666667,56.866439383749466,35.815803787201155,34.64040720747737,5.0982121873841155,-2.917841779146408,-0.48365207680943845,5.894021334125479,119.78364846829116,-0.48365207680943845,0.04003256658139328,0.27485536187758647,2,camera_only,56.833333333333336,35.83719207739599,34.655683616528954,5.0,-2.8564494805608387,-0.5019410223846464
11.4,57.02712376590153,35.721667575720254,34.62943330839106,5.043211771261585,-2.90664775179289,-0.4612903870966479,5.839124501500362,119.95693527684155,-0.4612903870966479,0.043841109007634584,0.28595665560393063,2,camera_only,57.00000000000001,35.742207084349275,34.63875142908121,5.0,-2.842598020796553,-0.5139879034512322
11.4,57.03040806345847,35.715276655457735,34.631999413941315,5.059884243028884,-2.935931492924676,-0.4516006550083552,5.867372958624913,120.12388831139769,-0.4516006550083552,0.04184361994245282,0.2801797987767507,2,camera_only,57.00000000000001,35.742207084349275,34.63875142908121,5.0,-2.842598020796553,-0.5139879034512322
11.4,57.028658771149225,35.725109119854785,34.61752923057737,5.055143399398298,-2.890220120082978,-0.5101543935860091,5.845348974724072,119.75826614099195,-0.5101543935860091,0.04004067532284678,0.2749396492902538,2,camera_only,57.00000000000001,35.742207084349275,34.63875142908121,5.0,-2.842598020796553,-0.5139879034512322
11.433333333333334,57.19147203190587,35.63304220060086,34.605999231086614,5.022337516778095,-2.8717025762072845,-0.4866606418431212,5.805806438295328,119.760319599393,-0.4866606418431212,0.04385051764185009,0.28605800677262455,2,camera_only,57.166666666666664,35.64768900627673,34.621417912868324,5.0,-2.8284348381261197,-0.5260206932798053
11.433333333333334,57.18589595080806,35.64830997971719,34.589375897313346,4.997365092244703,-2.801553970845086,-0.5533031605119559,5.755736868914031,119.2752613701334,-0.5533031605119559,0.041856668986648284,0.28028551764750315,2,camera_only,57.166666666666664,35.64768900627673,34.621417912868324,5.0,-2.8284348381261197,-0.5260206932798053
11.433333333333334,57.182853458225864,35.65460270518791,34.5769921181272,4.98307871104854,-2.7734914965480413,-0.603499193736967,5.7347658887500055,119.09952127176774,-0.603499193736967,0.04004852431116706,0.2750187158756356,2,camera_only,57.166666666666664,35.64768900627673,34.621417912868324,5.0,-2.8284348381261197,-0.5260206932798053
11.466666666666667,57.34676502097158,35.55685199719866,34.552995527891554,4.967754052739717,-2.800718944414479,-0.6197409774985873,5.736434939342112,119.41342172802521,-0.6197409774985873,0.043856056478942626,0.28613898394785264,2,camera_only,57.333333333333336,35.553648208150726,34.603683543097404,5.0,-2.8139614857021216,-0.5380390619853549
11.466666666666667,57.346831755958284,35.557151312025496,34.55197968199541,4.9683894870642,-2.7993169735032706,-0.6239125576580751,5.73675313159953,119.39801630686574,-0.6239125576580751,0.04186511766622044,0.2803698702261907,2,camera_only,57.333333333333336,35.553648208150726,34.603683543097404,5.0,-2.8139614857021216,-0.5380390619853549
11.466666666666667,57.34599174304113,35.550795986339125,34.55817897193617,4.959767458984764,-2.830139854165003,-0.5988001575276273,5.741737234495532,119.70992202921093,-0.5988001575276273,0.04005104313688056,0.27507457490447457,2,camera_only,57.333333333333336,35.553648208150726,34.603683543097404,5.0,-2.8139614857021216,-0.5380390619853549
11.5,57.509153237973266,35.45855767339142,34.540686351424135,4.947571323500265,-2.820765521584549,-0.5882154761595704,5.725484920535198,119.68882016867458,-0.5882154761595704,0.04386305764697541,0.2862348217001486,2,camera_only,57.49999999999999,35.46009500260454,34.585548805965146,5.0,-2.7991795506907535,-0.5500426800782308
11.5,57.51018745371534,35.459511375953824,34.533151110752655,4.954924114956788,-2.8162571286134357,-0.6193525425117054,5.732902822424432,119.61283599637913,-0.6193525425117054,0.04187619366900387,0.28047129910027835,2,camera_only,57.49999999999999,35.46009500260454,34.585548805965146,5.0,-2.7991795506907535,-0.5500426800782308
11.5,57.51243478400122,35.4663391857794,34.528493646923124,4.9720791526851835,-2.7822856321243825,-0.6382328382902362,5.733238665463387,119.23058782940367,-0.6382328382902362,0.0400565157856152,0.2751467875457578,2,camera_only,57.49999999999999,35.46009500260454,34.585548805965146,5.0,-2.7991795506907535,-0.5500426800782308
11.533333333333333,57.672495605070175,35.366105882735866,34.502274039950926,4.935048664396776,-2.8220226737176697,-0.6587126305167175,5.722972970453668,119.76233758518084,-0.6587126305167175,0.04386989302829933,0.28632640325453956,2,camera_only,57.666666666666664,35.36703964880139,34.56701419864454,5.0,-2.784090654097765,-0.5620312184731813
11.533333333333333,57.671215900611465,35.3648053963122,34.512035401985706,4.925854771128781,-2.8281663637759253,-0.6183479059499585,5.71357369255341,119.86217292902981,-0.6183479059499585,0.041886498618334725,0.28056727841469525,2,camera_only,57.666666666666664,35.36703964880139,34.56701419864454,5.0,-2.784090654097765,-0.5620312184731813
11.533333333333333,57.670343903523275,35.36078840987997,34.515395122340536,4.918398958846182,-2.8478897727737125,-0.6047088102009722,5.715487487641189,120.07203459834365,-0.6047088102009722,0.040061219051645294,0.27521380809322143,2,camera_only,57.666666666666664,35.36703964880139,34.56701419864454,5.0,-2.784090654097765,-0.5620312184731813
11.566666666666666,57.82344091805886,35.273481663747106,34.50531929236208,4.856487807186042,-2.815291273315633,-0.561246667135154,5.641483545692938,120.10073962731073,-0.561246667135154,0.043879516463638066,0.2864295882682005,2,camera_only,57.833333333333336,35.27449235130946,34.5480802292712,5.0,-2.768696450590704,-0.5740043484983692
11.566666666666666,57.81707158321789,35.28717802058883,34.49580040547117,4.826085436001576,-2.752494239983798,-0.5988288861678494,5.588015856423417,119.6977041445758,-0.5988288861678494,0.0419005766670643,0.2806767914209015,2,camera_only,57.833333333333336,35.27449235130946,34.5480802292712,5.0,-2.768696450590704,-0.5740043484983692
11.566666666666666,57.82165956500798,35.2855605672595,34.50407364680958,4.851833062651202,-2.7573999674959326,-0.5652179168235424,5.609189775901708,119.61049081538636,-0.5652179168235424,0.04007052331495988,0.27529631335721516,2,camera_only,57.833333333333336,35.27449235130946,34.5480802292712,5.0,-2.768696450590704,-0.5740043484983692
11.6,57.98199747490535,35.183285749146144,34.4769998828318,4.839353575650123,-2.809298902138557,-0.6000001099926305,5.627744084773729,120.13564464528766,-0.6000001099926305,0.043890256753593954,0.286523978104901,2,camera_only,57.99999999999999,35.18246325898285,34.52874741692947,5.0,-2.7529986283174637,-0.5859617419043864
11.6,57.9844029036439,35.18168750935001,34.47034369260478,4.853513847374826,-2.816437783731014,-0.6279429711210305,5.646523782936468,120.1260962317234,-0.6279429711210305,0.04191479342934182,0.2807756522378673,2,camera_only,57.99999999999999,35.18246325898285,34.52874741692947,5.0,-2.7529986283174637,-0.5859617419043864
11.6,57.985880829368114,35.182723645828965,34.471312780682,4.86269852035365,-2.8105658140918695,-0.6240029084637133,5.651061557350322,120.02725930525754,-0.6240029084637133,0.0400777377621763,0.27536200043159964,2,camera_only,57.99999999999999,35.18246325898285,34.52874741692947,5.0,-2.7529986283174637,-0.5859617419043864
11.633333333333333,58.14959335714286,35.11885661504282,34.47607579263507,4.884321820270541,-2.6622403646417,-0.5158649246811258,5.586612571461777,118.59296134588973,-0.5158649246811258,0.04390051459950307,0.286621792145645,2,camera_only,58.166666666666664,35.09096246384859,34.509016291638154,5.0,-2.736998908721153,-0.5979030708732533
11.633333333333333,58.15591936437337,35.1100792680731,34.472047198799515,4.917894209078396,-2.702198261833248,-0.533938225901229,5.636723243784459,118.78714258926891,-0.533938225901229,0.04193097071669995,0.2808847608044907,2,camera_only,58.166666666666664,35.09096246384859,34.509016291638154,5.0,-2.736998908721153,-0.5979030708732533
11.633333333333333,58.159399224681046,35.10395011890927,34.48451570991117,4.9342647778128494,-2.729329576261997,-0.4831339341884752,5.659472345703919,118.94865055537517,-0.4831339341884752,0.04008918211630679,0.27544358111594175,2,camera_only,58.166666666666664,35.09096246384859,34.509016291638154,5.0,-2.736998908721153,-0.5979030708732533
11.666666666666666,58.328603162765134,35.02177701532923,34.474735920890915,4.965862924834697,-2.6834894540712217,-0.4567254447607466,5.662994646849949,118.38622601008552,-0.4567254447607466,0.04391735621891059,0.2867311377019615,2,camera_only,58.33333333333333,35.00000000000001,34.488887394336025,5.0,-2.720699046351328,-0.6098280080274026
11.666666666666666,58.32569956332013,35.02404773732938,34.48130173190478,4.949170130265146,-2.6733518293881393,-0.4290022769755384,5.641377308393033,118.3762159872104,-0.4290022769755384,0.04195227032077724,0.2810010052747048,2,camera_only,58.33333333333333,35.00000000000001,34.488887394336025,5.0,-2.720699046351328,-0.6098280080274026
11.666666666666666,58.32503816925096,35.014774905536186,34.49135276920105,4.939700180581483,-2.7181158325037456,-0.3879756356078585,5.6514880028864605,118.82219769606597,-0.3879756356078585,0.04010494920319427,0.2755300485566369,2,camera_only,58.33333333333333,35.00000000000001,34.488887394336025,5.0,-2.720699046351328,-0.6098280080274026
11.7,58.497298884102676,34.92303010062601,34.47496422685138,4.984259861363413,-2.720104679353906,-0.4032418936596244,5.692488019929743,118.62301630404075,-0.4032418936596244,0.04393829560290623,0.28684690947951236,2,camera_only,58.5,34.90958584249629,34.46836127686697,5.0,-2.7041008286715775,-0.6217362264386603
11.7,58.493015010859,34.92917944391813,34.47736108473557,4.961824566853423,-2.692082282353794,-0.39234988896186385,5.658705548317721,118.4824402512964,-0.39234988896186385,0.04197692922171551,0.2811217766896836,2,camera_only,58.5,34.90958584249629,34.46836127686697,5.0,-2.7041008286715775,-0.6217362264386603
11.7,58.498746042929525,34.929047543838884,34.485259346388695,4.9946907022250135,-2.6892046043666418,-0.3602098145863315,5.6840573295458645,118.29858375745904,-0.3602098145863315,0.040122711741974425,0.27561730183226096,2,camera_only,58.5,34.90958584249629,34.46836127686697,5.0,-2.7041008286715775,-0.6217362264386603
11.733333333333333,58.64877756619256,34.843611585141296,34.48211472595623,4.899230218740394,-2.676370267988043,-0.3212597332977326,5.591835330535759,118.64706653867151,-0.3212597332977326,0.04395963615720354,0.2869591612609511,2,camera_only,58.666666666666664,34.8197299062687,34.447438501964875,5.0,-2.6872060758635166,-0.6336273996372025
11.733333333333333,58.65390658087616,34.83546001867007,34.48233396681638,4.9252818485200205,-2.7135255615121925,-0.3215338119153816,5.632495561697824,118.85204478452982,-0.3215338119153816,0.04200226962851737,0.2812401786283587,2,camera_only,58.666666666666664,34.8197299062687,34.447438501964875,5.0,-2.6872060758635166,-0.6336273996372025
11.733333333333333,58.66357118708172,34.836273535069026,34.49354861801854,4.981257825931577,-2.7037820876981455,-0.27597254672727206,5.674462789789802,118.49271295099328,-0.27597254672727206,0.040141581754472695,0.27570342164844097,2,camera_only,58.666666666666664,34.8197299062687,34.447438501964875,5.0,-2.6872060758635166,-0.6336273996372025
11.766666666666666,58.8308632139052,34.73056710268478,34.47004085967422,4.9823319007760665,-2.780263758234511,-0.3367168847394341,5.715494378906498,119.162591956766,-0.3367168847394341,0.04398354377817729,0.2870761274187997,2,camera_only,58.83333333333333,34.73044204503323,34.426119643238174,5.0,-2.670016640627178,-0.6455012016205085
11.766666666666666,58.82728403555707,34.73775472613313,34.46570912095867,4.965410204160054,-2.7473345132003977,-0.35378543454172906,5.685798937413521,118.95551729179056,-0.35378543454172906,0.04202949321721311,0.28136177867684264,2,camera_only,58.83333333333333,34.73044204503323,34.426119643238174,5.0,-2.670016640627178,-0.6455012016205085
11.766666666666666,58.82680255628499,34.73938508173482,34.46300106483875,4.963687655827736,-2.739826433385636,-0.36486415895043267,5.681370423074164,118.8975549481875,-0.36486415895043267,0.04016064057463433,0.27578789225770944,2,camera_only,58.83333333333333,34.73044204503323,34.426119643238174,5.0,-2.670016640627178,-0.6455012016205085
11.8,58.99726713200209,34.655901242886735,34.45633892566433,4.9962580927972775,-2.6985693274846096,-0.34200461143323296,5.688746654521067,118.37428409343758,-0.34200461143323296,0.04400399127282345,0.28718250483799196,2,camera_only,59.00000000000001,34.64173205021003,34.40440528515415,5.0,-2.65253440797784,-0.6573573068623003
11.8,58.99784569322732,34.65849164539178,34.44637797936934,5.001991581873615,-2.68635836010645,-0.38329746718620344,5.6906377474233665,118.23836677847842,-0.38329746718620344,0.04205434564432318,0.28147652167025666,2,camera_only,59.00000000000001,34.64173205021003,34.40440528515415,5.0,-2.65253440797784,-0.6573573068623003
11.8,58.99566447328461,34.655368874607824,34.44729727180411,4.987599760254324,-2.702651737114432,-0.3794515378711821,5.685460513468495,118.45212218805445,-0.3794515378711821,0.040178073504446236,0.27586785955471316,2,camera_only,59.00000000000001,34.64173205021003,34.40440528515415,5.0,-2.65253440797784,-0.6573573068623003
11.833333333333334,59.17520975716112,34.55861308691542,34.4246225270878,5.062719092419145,-2.7290913384791664,-0.42314798764056594,5.7669852056296795,118.3271732342442,-0.42314798764056594,0.04402349089306547,0.2872845048358641,2,camera_only,59.166666666666664,34.55360964984973,34.382296023022896,5.0,-2.6347612950393238,-0.6691953903214621
11.833333333333334,59.17721545369177,34.559013684351655,34.414272213536364,5.075712989511075,-2.72684478264798,-0.4664046334303787,5.780664157571454,118.24619670720053,-0.4664046334303787,0.04207749407919166,0.2815850088944198,2,camera_only,59.166666666666664,34.55360964984973,34.382296023022896,5.0,-2.6347612950393238,-0.6691953903214621
11.833333333333334,59.177006490559826,34.55598113049056,34.417315465804094,5.072647369111284,-2.7415399588931098,-0.45393286486645296,5.783930127808006,118.38924672031366,-0.45393286486645296,0.04019216896928969,0.27593676611686113,2,camera_only,59.166666666666664,34.55360964984973,34.382296023022896,5.0,-2.6347612950393238,-0.6691953903214621
11.866666666666667,59.352238040751224,34.46456185219963,34.40029659378278,5.108502915712076,-2.7386752506814207,-0.46250414389584227,5.814727358325112,118.19581861970968,-0.46250414389584227,0.04404068444805002,0.2873869634227344,2,camera_only,59.333333333333336,34.466084507566556,34.359792462981005,5.0,-2.6166992508337437,-0.6810151274509569
11.866666666666667,59.34894175540026,34.47228154582999,34.392781546200155,5.094070522447953,-2.703203536592266,-0.4928777393818885,5.787900510020563,117.95296425390508,-0.4928777393818885,0.042099172519948665,0.2816961316272822,2,camera_only,59.333333333333336,34.466084507566556,34.359792462981005,5.0,-2.6166992508337437,-0.6810151274509569
11.866666666666667,59.34980782687573,34.47279983521014,34.392797033400726,5.0993579467354335,-2.7002256488676255,-0.49287856024453286,5.791165625233416,117.90223422864649,-0.49287856024453286,0.0402061196231036,0.27601150912655253,2,camera_only,59.333333333333336,34.466084507566556,34.359792462981005,5.0,-2.6166992508337437,-0.6810151274509569
11.9,59.51793825211094,34.373799304850756,34.36873116946762,5.084959434575267,-2.745610165871083,-0.5250566449523716,5.802660778868544,118.36670887697656,-0.5250566449523716,0.04405638210597134,0.2874837334332145,2,camera_only,59.5,34.3791662214787,34.336895221974956,5.0,-2.5983502560677914,-0.6928161942067192
11.9,59.51814750828382,34.37492332655083,34.364614648194866,5.087192855789003,-2.740291788179305,-0.5421509925247542,5.803676243128073,118.30978391875887,-0.5421509925247542,0.04211895088334667,0.2818005295438559,2,camera_only,59.5,34.3791662214787,34.336895221974956,5.0,-2.5983502560677914,-0.6928161942067192
11.9,59.517794136553306,34.374705865345454,34.36441832787142,5.085058731963003,-2.741549473529067,-0.5429415183237551,5.802473723821625,118.33080334258214,-0.5429415183237551,0.04021745909770723,0.27607761494667893,2,camera_only,59.5,34.3791662214787,34.336895221974956,5.0,-2.5983502560677914,-0.6928161942067192
11.933333333333334,59.69528071499899,34.27898661932786,34.33988101283252,5.129687713562286,-2.759004268235501,-0.5709969086631894,5.852506989360756,118.27360090239085,-0.5709969086631894,0.0440707600394352,0.28758138843909054,2,camera_only,59.66666666666667,34.29286432315568,34.31360492774415,5.0,-2.579716322915514,-0.7045982670565448
11.933333333333334,59.6955690360157,34.28047875318119,34.334519854380034,5.132706619418136,-2.7519204277922538,-0.5932778401468647,5.854034666580681,118.19815569923055,-0.5932778401468647,0.04213813672642662,0.2819078123313724,2,camera_only,59.66666666666667,34.29286432315568,34.31360492774415,5.0,-2.579716322915514,-0.7045982670565448
11.933333333333334,59.69700408106715,34.29145823616117,34.323467795991974,5.147786964611584,-2.698285069044783,-0.6388055285710196,5.847095471273567,117.66191427832852,-0.6388055285710196,0.04022802003439977,0.27614544294426946,2,camera_only,59.66666666666667,34.29286432315568,34.31360492774415,5.0,-2.579716322915514,-0.7045982670565448
11.966666666666667,59.86332045123263,34.1950392321843,34.298061193720706,5.114575570575552,-2.732914752965121,-0.6557289617080394,5.835896399468153,118.11730713041548,-0.6557289617080394,0.0440826249451251,0.2876722898840579,2,camera_only,59.833333333333336,34.20718827657321,34.289922218803795,5.0,-2.5607994947976676,-0.7163610229889538
11.966666666666667,59.85973253803289,34.19581149831715,34.31216322562921,5.0927141772098645,-2.730105203905287,-0.59644221553611,5.809040835767872,118.19489505598602,-0.59644221553611,0.04215467587276425,0.28200815264802254,2,camera_only,59.833333333333336,34.20718827657321,34.289922218803795,5.0,-2.5607994947976676,-0.7163610229889538
11.966666666666667,59.86169585275297,34.190663476984625,34.320573781196074,5.100457361687899,-2.753691788895365,-0.5619199051036207,5.823507340630533,118.36421743933198,-0.5619199051036207,0.04023710571635406,0.276209986977296,2,camera_only,59.833333333333336,34.20718827657321,34.289922218803795,5.0,-2.5607994947976676,-0.7163610229889538
12.0,60.016121949854124,34.094267594323455,34.30284824560387,5.008457707460629,-2.784234147183138,-0.5561211605562992,5.75724579456018,119.06996666452018,-0.5561211605562992,0.04409793747434916,0.28777707640205674,2,camera_only,60.0,34.12214747707527,34.265847744427305,5.0,-2.5416018461576297,-0.7281041395220498
12.0,60.0046099540115,34.112068476852905,34.30217841093865,4.951475073912426,-2.7033191596668216,-0.5564613357209518,5.668746696118123,118.63288017285296,-0.5564613357209518,0.042174805576022295,0.2821216721919772,2,camera_only,60.0,34.12214747707527,34.265847744427305,5.0,-2.5416018461576297,-0.7281041395220498
12.0,60.001103168401755,34.11747182903361,34.2920798692641,4.935235964047713,-2.6793773911980505,-0.5978613168001355,5.647393680222694,118.49787401427695,-0.5978613168001355,0.04025048110146935,0.27628920007398056,2,camera_only,60.0,34.12214747707527,34.265847744427305,5.0,-2.5416018461576297,-0.7281041395220498
12.033333333333333,60.170632922539674,34.0255313442516,34.268510392076124,4.963084306683464,-2.689815884742101,-0.6138315281197071,5.678389249952171,118.45612393421099,-0.6138315281197071,0.044111121165656526,0.2878649041532199,2,camera_only,60.16666666666667,34.037751250343845,34.24138216462856,5.0,-2.522125482233911,-0.7398272947123621
12.033333333333333,60.165438350256906,34.03138933071439,34.2745487038765,4.935618391854084,-2.6635464814729297,-0.5876389387699901,5.639160246999002,118.35387767434747,-0.5876389387699901,0.04219257573718568,0.28221889579101556,2,camera_only,60.16666666666667,34.037751250343845,34.24138216462856,5.0,-2.522125482233911,-0.7398272947123621
12.033333333333333,60.166886367199744,34.04086255338301,34.2650630922091,4.949840528068244,-2.617091515876688,-0.6268839066904935,5.634099101741838,117.866410908142,-0.6268839066904935,0.04026030268706754,0.2763499252392079,2,camera_only,60.16666666666667,34.037751250343845,34.24138216462856,5.0,-2.522125482233911,-0.7398272947123621
12.066666666666666,60.32036583903904,33.96221158797479,34.255971274131596,4.887047618072067,-2.580476254654198,-0.5756484110360381,5.556389404574372,117.83510929032467,-0.5756484110360381,0.04412356669166022,0.2879521083710957,2,camera_only,60.33333333333333,33.95400885137626,34.216526150143785,5.0,-2.502372538829296,-0.7515301671636678
12.066666666666666,60.321981949852834,33.9601850420158,34.254666896605514,4.895399283541941,-2.589607611950293,-0.5814126783967666,5.5685763379677535,117.87830435594734,-0.5814126783967666,0.042210329139674214,0.28231739142045076,2,camera_only,60.33333333333333,33.95400885137626,34.216526150143785,5.0,-2.502372538829296,-0.7515301671636678
12.066666666666666,60.31140946039523,33.96146966516683,34.24170599529446,4.837143494385101,-2.5896017113387906,-0.6342173758464128,5.5232441452887455,118.1627100342111,-0.6342173758464128,0.04027085994456108,0.276414189279891,2,camera_only,60.33333333333333,33.95400885137626,34.216526150143785,5.0,-2.502372538829296,-0.7515301671636678
12.1,60.490904989139594,33.879896199224916,34.21819001124966,4.943952812339283,-2.5570178416457026,-0.6461530708501465,5.603438537550049,117.3480551089973,-0.6461530708501465,0.04413662165749529,0.2880394220195087,2,camera_only,60.5,33.87092946347024,34.19128038241318,5.0,-2.4823451820766214,-0.7632124360358089
12.1,60.485085248581385,33.890738446890225,34.212271700630424,4.9170193901313946,-2.507433990176534,-0.6695995260572911,5.559916224487279,117.0193076413262,-0.6695995260572911,0.042228039938075584,0.28241458822750853,2,camera_only,60.5,33.87092946347024,34.19128038241318,5.0,-2.4823451820766214,-0.7632124360358089
12.1,60.48250733848084,33.88653037576,34.21446721719119,4.899907348998144,-2.5292098161064915,-0.6603259361654434,5.55355963906288,117.3016532051358,-0.6603259361654434,0.04028002178196908,0.276473705852596,2,camera_only,60.5,33.87092946347024,34.19128038241318,5.0,-2.4823451820766214,-0.7632124360358089
12.133333333333333,60.65748158948194,33.77762626676459,34.16616077477674,4.9566454727971365,-2.644690473536509,-0.773137537602996,5.671019634586529,118.08280139004012,-0.773137537602996,0.044149248890095166,0.2881273512105974,2,camera_only,60.66666666666667,33.7885221972169,34.165645553562214,5.0,-2.4620456082012443,-0.7748737810534819
12.133333333333333,60.65103197490604,33.79327321264874,34.149091252586615,4.930003961766981,-2.572571979173416,-0.842962963925196,5.624380162259296,117.55642897132977,-0.842962963925196,0.042244340327815266,0.28250953681005175,2,camera_only,60.66666666666667,33.7885221972169,34.165645553562214,5.0,-2.4620456082012443,-0.7748737810534819
12.133333333333333,60.646236194645965,33.79200406612155,34.14564769030464,4.902475909598622,-2.5814652625715024,-0.8568467484640084,5.606462279941919,117.7696571014882,-0.8568467484640084,0.04028550970967952,0.2765237677540796,2,camera_only,60.66666666666667,33.7885221972169,34.165645553562214,5.0,-2.4620456082012443,-0.7748737810534819
12.166666666666666,60.81462254360439,33.70209828242592,34.11169811056759,4.929355262241386,-2.5979847434607377,-0.880235244286855,5.641177369479384,117.79118198592035,-0.880235244286855,0.044155996459154516,0.2882045547843681,2,camera_only,60.83333333333333,33.70679608950163,34.139622366382675,5.0,-2.441476043280197,-0.7865138825150224
12.166666666666666,60.81554760395058,33.70287703032258,34.10527273390503,4.9357749235733825,-2.5940353947610384,-0.9072273568973049,5.649243772625833,117.7245246151076,-0.9072273568973049,0.042255991386930036,0.28259742706127533,2,camera_only,60.83333333333333,33.70679608950163,34.139622366382675,5.0,-2.441476043280197,-0.7865138825150224
12.166666666666666,60.81616213778123,33.704155004588785,34.10433081392082,4.94003339264498,-2.587521798181106,-0.9111853037736491,5.650615686305603,117.64493108333103,-0.9111853037736491,0.04028807228524037,0.27657054124948194,2,camera_only,60.83333333333333,33.70679608950163,34.139622366382675,5.0,-2.441476043280197,-0.7865138825150224
12.2,60.99214742004092,33.62412817529761,34.075353711572106,5.00718810403721,-2.5511271457633113,-0.9064577755113999,5.6922621269445495,116.998522661887,-0.9064577755113999,0.044162328295216755,0.2882838204395634,2,camera_only,61.0,33.625760102513105,34.11321153431338,5.0,-2.4206387429980682,-0.7981324213011695
12.2,60.9928017999615,33.62027657556923,34.08365999032566,5.007912167195332,-2.5691732967777496,-0.8719054208719683,5.695617154107605,117.15885935874996,-0.8719054208719683,0.042268711607964624,0.2826912370287516,2,camera_only,61.0,33.625760102513105,34.11321153431338,5.0,-2.4206387429980682,-0.7981324213011695
12.2,60.992769530698276,33.61289575855591,34.09189415602164,5.002937473624626,-2.60481868973431,-0.8377409754697747,5.70230424594898,117.5040932441046,-0.8377409754697747,0.040292655388581275,0.2766248395781265,2,camera_only,61.0,33.625760102513105,34.11321153431338,5.0,-2.4206387429980682,-0.7981324213011695
12.233333333333333,61.15004911732101,33.52737517333875,34.06883566900288,4.9493980734895375,-2.6031704352193787,-0.8160572274083456,5.651458838482998,117.74243918926265,-0.8160572274083456,0.04417400392238914,0.2883789635220627,2,camera_only,61.16666666666666,33.545423122760496,34.08641378142064,5.0,-2.399535992399653,-0.8097290788838118
12.233333333333333,61.14381554843587,33.53544646256043,34.0726627441249,4.917853979997869,-2.5668340358626516,-0.7988289457234681,5.604645610631371,117.56194268790824,-0.7988289457234681,0.04228590709793116,0.2827974178744463,2,camera_only,61.16666666666666,33.545423122760496,34.08641378142064,5.0,-2.399535992399653,-0.8097290788838118
12.233333333333333,61.14134685171366,33.54274674400664,34.06197047256896,4.908958230763295,-2.5329993239625095,-0.8430366228295364,5.587903652892116,117.29352090646209,-0.8430366228295364,0.040302279866392274,0.27669285324635173,2,camera_only,61.16666666666666,33.545423122760496,34.08641378142064,5.0,-2.399535992399653,-0.8097290788838118
12.266666666666666,61.30860024500463,33.466835888516975,34.04016159791483,4.933016728565159,-2.4891891056612656,-0.8166922362792481,5.585490368521392,116.77540836194567,-0.8166922362792481,0.044185298722554146,0.28846140958462224,2,camera_only,61.33333333333333,33.46579396009895,34.05922984237837,5.0,-2.3781701056393554,-0.8213035373347258
12.266666666666666,61.31221970016901,33.45930271972039,34.046499736825865,4.948773089614225,-2.5237794806435874,-0.7908775193854998,5.611176811514399,117.0207106092349,-0.7908775193854998,0.04230294293934044,0.28289250718687603,2,camera_only,61.33333333333333,33.46579396009895,34.05922984237837,5.0,-2.3781701056393554,-0.8213035373347258
12.266666666666666,61.31418716488836,33.45140321693743,34.05731409422479,4.954473964562027,-2.560814825567664,-0.74607093895085,5.626829185457571,117.33304828821494,-0.74607093895085,0.04031070920006996,0.276748016909169,2,camera_only,61.33333333333333,33.46579396009895,34.05922984237837,5.0,-2.3781701056393554,-0.8213035373347258
12.3,61.49499010259602,33.36275641991806,34.02288494125746,5.042078445172717,-2.569079455606702,-0.7884026659162174,5.713519323509772,117.00010978553217,-0.7884026659162174,0.044201354660483416,0.28855955990637977,2,camera_only,61.5,33.38688134676348,34.03166046244801,5.0,-2.356543425727434,-0.8328554793342853
12.3,61.49485521687223,33.36271375387745,34.02356175377981,5.041213742517447,-2.569328123561695,-0.7855427478768842,5.7124741061131985,117.00632858092959,-0.7855427478768842,0.04232465027494006,0.2830026141776154,2,camera_only,61.5,33.38688134676348,34.03166046244801,5.0,-2.356543425727434,-0.8328554793342853
12.3,61.50623612821606,33.36780001633266,34.02847411674531,5.107306579278938,-2.5383031265199962,-0.7661423343024245,5.754523206422708,116.42712227627194,-0.7661423343024245,0.04032216167275781,0.2768117461155987,2,camera_only,61.5,33.38688134676348,34.03166046244801,5.0,-2.356543425727434,-0.8328554793342853
12.333333333333334,61.677571956219865,33.28843699078395,34.00723224677541,5.11562354334179,-2.511928963996328,-0.7480006375700827,5.747947138862859,116.15246238742671,-0.7480006375700827,0.0442180639554979,0.28865737710531525,2,camera_only,61.66666666666667,33.308693936411416,34.003706397458025,5.0,-2.3346583242730508,-0.8443845881801647
12.333333333333334,61.66870286015103,33.296256923714445,34.02330776278369,5.067846094500176,-2.47771665681454,-0.6789258147117107,5.681820494425961,116.05443525469845,-0.6789258147117107,0.042347839907202624,0.28311508184451867,2,camera_only,61.66666666666667,33.308693936411416,34.003706397458025,5.0,-2.3346583242730508,-0.8443845881801647
12.333333333333334,61.66189999893317,33.30693469217121,34.00511709043791,5.0373996934454635,-2.4299344181740805,-0.7541150235151161,5.643462272120073,115.75167236488572,-0.7541150235151161,0.04033760588737927,0.2768853329263241,2,camera_only,61.66666666666667,33.308693936411416,34.003706397458025,5.0,-2.3346583242730508,-0.8443845881801647
12.366666666666667,61.82742224361783,33.21568593603481,33.97175841810371,5.0197152237521445,-2.4815637731728226,-0.7887999677348808,5.654900978531042,116.30610903905401,-0.7887999677348808,0.04423505610952023,0.28874352588524643,2,camera_only,61.83333333333334,33.231240303173394,33.97536841378323,5.0,-2.312517201224203,-0.8558905477960215
12.366666666666667,61.82959012548349,33.21201468207261,33.97304198310258,5.029810416269265,-2.498295007615674,-0.7838215613222931,5.6705244033230215,116.41348268773051,-0.7838215613222931,0.04236912160634977,0.28321018241345786,2,camera_only,61.83333333333334,33.231240303173394,33.97536841378323,5.0,-2.312517201224203,-0.8558905477960215
12.366666666666667,61.832102932890315,33.203855637680036,33.984575750382724,5.038239609340955,-2.5363364780271205,-0.7359231375131963,5.688448290635187,116.72146990127905,-0.7359231375131963,0.040347972225784574,0.2769345290487808,2,camera_only,61.83333333333334,33.231240303173394,33.97536841378323,5.0,-2.312517201224203,-0.8558905477960215
12.4,62.01281810000007,33.128738891783584,33.96358387198753,5.11415644470895,-2.483473387351672,-0.7223479985890899,5.7309704970194835,115.90156332470015,-0.7223479985890899,0.04425226429992001,0.2888377865572517,2,camera_only,62.0,33.154528940713114,33.946647288323774,5.0,-2.2901224846045416,-0.8673730427401598
12.4,62.00356555987755,33.143062327740395,33.96224764022187,5.069967673398777,-2.418471826284824,-0.7262464095323892,5.664010242858035,115.50203731038701,-0.7262464095323892,0.042392727935602406,0.28331921732733584,2,camera_only,62.0,33.154528940713114,33.946647288323774,5.0,-2.2901224846045416,-0.8673730427401598
12.4,62.001074458764315,33.145656334320776,33.95687923396757,5.05804517096761,-2.407324612930896,-0.7484340338202996,5.651476466070807,115.45163243553408,-0.7484340338202996,0.04036291727232481,0.2770022589081365,2,camera_only,62.0,33.154528940713114,33.946647288323774,5.0,-2.2901224846045416,-0.8673730427401598
12.433333333333334,62.17068812730334,33.06260108841739,33.92895230429499,5.062617032121956,-2.4206187073372516,-0.7612153169305516,5.662944013406108,115.55413531923516,-0.7612153169305516,0.04426886396011947,0.2889211485409334,2,camera_only,62.16666666666667,33.07856826129593,33.9175438084838,5.0,-2.2674766302471077,-0.8788317582141816
12.433333333333334,62.16733058098063,33.06030320568502,33.95063067606582,5.039939379067897,-2.432817440995103,-0.6695064527327675,5.636295639526024,115.76696050504083,-0.6695064527327675,0.0424142970244517,0.28341394658953,2,camera_only,62.16666666666667,33.07856826129593,33.9175438084838,5.0,-2.2674766302471077,-0.8788317582141816
12.433333333333334,62.17255224654255,33.063616814016235,33.95159866106419,5.070696494078018,-2.4138676592093606,-0.6660012993094588,5.655287591441648,115.45643917059908,-0.6660012993094588,0.04037523686383246,0.27705485998005186,2,camera_only,62.16666666666667,33.07856826129593,33.9175438084838,5.0,-2.2674766302471077,-0.8788317582141816
12.466666666666667,62.345478479489735,32.99475933114906,33.93823413726541,5.097350999139549,-2.3548933570479966,-0.6288999840873286,5.650134964890908,114.79617005032745,-0.6288999840873286,0.044287638324322684,0.2890129624660037,2,camera_only,62.33333333333333,33.00336659486635,33.88805877214992,5.0,-2.24458212152503,-0.8902663800716122
12.466666666666667,62.348463646206596,32.99379898516942,33.92817998292204,5.1147694352177515,-2.358348146590471,-0.6717131111774863,5.672201588421569,114.75376128262658,-0.6717131111774863,0.042439765362252364,0.28352176782828153,2,camera_only,62.33333333333333,33.00336659486635,33.88805877214992,5.0,-2.24458212152503,-0.8902663800716122
12.466666666666667,62.35176963571899,32.997428530590724,33.926729743209094,5.135264893343263,-2.338948639267115,-0.6781494679683392,5.683441999601915,114.48774472648606,-0.6781494679683392,0.04039081607904681,0.2771186404104829,2,camera_only,62.33333333333333,33.00336659486635,33.88805877214992,5.0,-2.24458212152503,-0.8902663800716122
12.5,62.51562681892003,32.92167127072853,33.909270514811794,5.095032539233455,-2.3318657282643875,-0.6554090999441401,5.64149939632996,114.59235489818914,-0.6554090999441401,0.04430667216406434,0.28910212814445935,2,camera_only,62.5,32.928932188134524,33.8581929876693,5.0,-2.2214414690791835,-0.9016765948265193
12.5,62.51608591412401,32.92524769136297,33.89650749722932,5.101071747262347,-2.3145744419957914,-0.7092034038948823,5.646340167431852,114.40582805753579,-0.7092034038948823,0.04246408307967938,0.2836234438601145,2,camera_only,62.5,32.928932188134524,33.8581929876693,5.0,-2.2214414690791835,-0.9016765948265193
12.5,62.501403490672864,32.9371017995562,33.870664540791736,5.028823399676822,-2.265269261451447,-0.8159239017114456,5.575503692528413,114.24952166971111,-0.8159239017114456,0.04040494732193669,0.27717602235259764,2,camera_only,62.5,32.928932188134524,33.8581929876693,5.0,-2.2214414690791835,-0.9016765948265193
12.533333333333333,62.66727412044906,32.87202307260468,33.85356435660597,5.0231872948683804,-2.2150264389299896,-0.7727995453236383,5.544003234282824,113.79557747371234,-0.7727995453236383,0.04431967757325528,0.28916960364650296,2,camera_only,62.66666666666667,32.85527320367196,33.827947273827505,5.0,-2.198057210542882,-0.9130620896621003
12.533333333333333,62.66422683166796,32.87663942020264,33.85308164943686,5.008720639384041,-2.1941255775773274,-0.7743083881918921,5.522773123494668,113.65635505019519,-0.7743083881918921,0.042481923183420214,0.28370298011580425,2,camera_only,62.66666666666667,32.85527320367196,33.827947273827505,5.0,-2.198057210542882,-0.9130620896621003
12.533333333333333,62.66954784402362,32.872028641266965,33.862736507322815,5.034643162098214,-2.2135396541602903,-0.7343929105975823,5.548578423104278,113.73325210395716,-0.7343929105975823,0.04041395055527446,0.2772173469408587,2,camera_only,62.66666666666667,32.85527320367196,33.827947273827505,5.0,-2.198057210542882,-0.9130620896621003
12.566666666666666,62.84139392344742,32.78637465303792,33.82627200215973,5.052337126190364,-2.269623931834856,-0.7858239091851325,5.594177548566547,114.19069276584594,-0.7858239091851325,0.04433401686836753,0.2892461186669207,2,camera_only,62.83333333333333,32.78239771901638,33.79732245982606,5.0,-2.174431910263594,-0.9244225524392625
12.566666666666666,62.83741345110564,32.79092899498684,33.83026728310392,5.032116465135035,-2.2494017449421446,-0.7683111972495128,5.565276850674265,114.0850768495118,-0.7683111972495128,0.04250180441291137,0.2837930556971677,2,camera_only,62.83333333333333,32.78239771901638,33.79732245982606,5.0,-2.174431910263594,-0.9244225524392625
12.566666666666666,62.82797239869706,32.79475456878562,33.81830780464125,4.983294463060427,-2.236027510975698,-0.8174550890427297,5.5227959909823525,114.16599666745925,-0.8174550890427297,0.04042320265163774,0.2772613281410814,2,camera_only,62.83333333333333,32.78239771901638,33.79732245982606,5.0,-2.174431910263594,-0.9244225524392625
12.6,62.99249766745249,32.70952310591736,33.781776660540814,4.970161173121523,-2.2892450255387087,-0.8566918573299102,5.5386880948627,114.73069075663442,-0.8566918573299102,0.04434613583693885,0.2893187690404092,2,camera_only,63.0,32.71031372578589,33.76631938525972,5.0,-2.150568159021723,-0.9357576717051816
12.6,63.00197392635034,32.7004993466832,33.766825479714335,5.019869793008484,-2.3286170715132686,-0.9213267096926026,5.609847868747874,114.88564119863564,-0.9213267096926026,0.04251857594955754,0.2838768284691823,2,camera_only,63.0,32.71031372578589,33.76631938525972,5.0,-2.150568159021723,-0.9357576717051816
12.6,63.00406229892047,32.702919326076554,33.766034850850225,5.03279296913491,-2.3157367857318167,-0.9248949196480604,5.616678070119036,114.70855646500023,-0.9248949196480604,0.04042754662198129,0.27729432002027654,2,camera_only,63.0,32.71031372578589,33.76631938525972,5.0,-2.150568159021723,-0.9357576717051816
12.633333333333333,63.17149878307545,32.62666845808999,33.735932316138786,5.031400549727898,-2.3113067105657232,-0.9217586988401014,5.613089105029043,114.67293397400545,-0.9217586988401014,0.044355108603750776,0.2893915366935367,2,camera_only,63.16666666666666,32.63902912880266,33.73493890009342,5.0,-2.1264685737465157,-0.947067136701836
12.633333333333333,63.166128464491436,32.633188853455216,33.74014328867079,5.0045584616296885,-2.2822536643374507,-0.9031076712937772,5.574037194906462,114.5146444756962,-0.9031076712937772,0.04253380320270418,0.2839651834076954,2,camera_only,63.16666666666666,32.63902912880266,33.73493890009342,5.0,-2.1264685737465157,-0.947067136701836
12.633333333333333,63.174910511866855,32.641711250023626,33.737504273548296,5.0578845749150725,-2.2361384736724585,-0.9152829326191714,5.605377283764757,113.85067368458469,-0.9152829326191714,0.04043370344385016,0.277340272682289,2,camera_only,63.16666666666666,32.63902912880266,33.73493890009342,5.0,-2.1264685737465157,-0.947067136701836
12.666666666666666,63.34043467058664,32.55922428088109,33.70119627102363,5.037549261122688,-2.2766121268921,-0.9395292398694687,5.607368413714192,114.31956706404647,-0.9395292398694687,0.04436482318431268,0.28946341718440377,2,camera_only,63.33333333333333,32.56855174522606,33.703181864639014,5.0,-2.1021357972290735,-0.9583506373745305
12.666666666666666,63.34430403286828,32.550830748159306,33.70911188280494,5.053502614056922,-2.315336563225521,-0.9067129278967189,5.632122193712077,114.61558013544094,-0.9067129278967189,0.04254989800384371,0.2840528403100609,2,camera_only,63.33333333333333,32.56855174522606,33.703181864639014,5.0,-2.1021357972290735,-0.9583506373745305
12.666666666666666,63.350131989529466,32.541497912708,33.724140209189116,5.078847546455531,-2.357472246756142,-0.8440915705638488,5.662584072122883,114.8995332136883,-0.8440915705638488,0.04043900915932811,0.2773800165611785,2,camera_only,63.33333333333333,32.56855174522606,33.703181864639014,5.0,-2.1021357972290735,-0.9583506373745305
12.7,63.51664614506087,32.45653419467542,33.69150451515947,5.060790754987843,-2.390108093306932,-0.8628506619564367,5.66292601296365,115.28040895812168,-0.8628506619564367,0.044378872964946754,0.28955307689401033,2,camera_only,63.5,32.49888930369541,33.67104914953168,5.0,-2.0775724978325476,-0.969607864380394
12.7,63.51300067367867,32.458895048739805,33.70057832540407,5.040736328014892,-2.3803683295510316,-0.8239151363598396,5.635069854475761,115.27791386991979,-0.8239151363598396,0.042570178475029356,0.2841569639566127,2,camera_only,63.5,32.49888930369541,33.67104914953168,5.0,-2.0775724978325476,-0.969607864380394
12.7,63.52239092823693,32.45805431002884,33.70875986212335,5.09097825178082,-2.379388997558049,-0.7905727451119807,5.674905887071564,115.05014681306767,-0.7905727451119807,0.04044911266881544,0.2774361272669102,2,camera_only,63.5,32.49888930369541,33.67104914953168,5.0,-2.0775724978325476,-0.969607864380394
12.733333333333333,63.6875887120714,32.382072282827274,33.68776125194647,5.067233097297331,-2.3654502691660335,-0.7672449600358021,5.644543477283482,115.02377785912519,-0.7672449600358021,0.04439515965655759,0.28964385100787193,2,camera_only,63.66666666666666,32.43004944348244,33.638541635706034,5.0,-2.052781369199521,-0.9808385090968611
12.733333333333333,63.68247501029101,32.386918512612,33.69585167657432,5.0405466824698735,-2.344411778735586,-0.7322253096965718,5.6070965169678,114.94363856069806,-0.7322253096965718,0.04259310618513317,0.28426352449121084,2,camera_only,63.66666666666666,32.43004944348244,33.638541635706034,5.0,-2.052781369199521,-0.9808385090968611
12.733333333333333,63.68370754680353,32.39256349428504,33.690584003379485,5.050961220241935,-2.3163366575212834,-0.7546355525458752,5.607771355586013,114.63586981130977,-0.7546355525458752,0.040462745205590095,0.2774979048068748,2,camera_only,63.66666666666666,32.43004944348244,33.638541635706034,5.0,-2.052781369199521,-0.9808385090968611
12.766666666666666,63.843955264011754,32.3300080223047,33.68272609117912,5.011689233983019,-2.2490156167225064,-0.6800931320041789,5.535126637257929,114.16834946006742,-0.6800931320041789,0.04441230350655415,0.28972773173026967,2,camera_only,63.83333333333333,32.36203971365358,33.60566021437197,5.0,-2.027765129956618,-0.9920422636301347
12.766666666666666,63.84257573188905,32.33839440082771,33.663548114339505,5.011004514474863,-2.2091172837121658,-0.7610962771728668,5.528981186476373,113.79043646048859,-0.7610962771728668,0.04261651395920097,0.2843625350051725,2,camera_only,63.83333333333333,32.36203971365358,33.60566021437197,5.0,-2.027765129956618,-0.9920422636301347
12.766666666666666,63.842006966370604,32.34145150906302,33.65967638031705,5.009980642852971,-2.194571253583359,-0.7773971549399628,5.5245267096217985,113.65533525556782,-0.7773971549399628,0.040476695574219186,0.27755419982033996,2,camera_only,63.83333333333333,32.36203971365358,33.60566021437197,5.0,-2.027765129956618,-0.9920422636301347
12.8,64.01022702133518,32.26819074797607,33.6329064092628,5.01673632030497,-2.194466437093289,-0.7811971622570315,5.531147734179083,113.62596784067067,-0.7811971622570315,0.04442746871447737,0.2897992017192983,2,camera_only,64.0,32.294867572242104,33.57240578699029,5.0,-2.0025265234163787,-1.0032188208236243
12.8,64.01804925857954,32.26056739387007,33.62118457399026,5.0572512843262425,-2.227587071649355,-0.832016088349105,5.588397398706585,113.77223771678145,-0.832016088349105,0.04263699529361564,0.284447299426571,2,camera_only,64.0,32.294867572242104,33.57240578699029,5.0,-2.0025265234163787,-1.0032188208236243
12.8,64.01081962337142,32.26568267356592,33.61060140619379,5.021640491780529,-2.206568462642282,-0.87586392330871,5.5545436555284216,113.72125689143614,-0.87586392330871,0.04048515927597562,0.27758838538195235,2,camera_only,64.0,32.294867572242104,33.57240578699029,5.0,-2.0025265234163787,-1.0032188208236243
12.833333333333334,64.16966464813909,32.20067448171216,33.593232925689996,4.9776901682292936,-2.169382369712926,-0.824491135370192,5.49212207704926,113.54858785423916,-0.824491135370192,0.044439085437117,0.2898655171450471,2,camera_only,64.16666666666667,32.22854038543029,33.53877926524791,5.0,-1.9770683172764238,-1.0143678742663687
12.833333333333334,64.16526660227161,32.213528826068035,33.574022924446126,4.962818491479067,-2.1092409297225028,-0.9053232114245703,5.4679132030535476,113.0259131851817,-0.9053232114245703,0.042654225588509814,0.28452774655574314,2,camera_only,64.16666666666667,32.22854038543029,33.53877926524791,5.0,-1.9770683172764238,-1.0143678742663687
12.833333333333334,64.1600384185303,32.217409502911075,33.56611978726948,4.937232910254981,-2.0931418943947957,-0.9381154895998416,5.44404008728836,112.97453590556513,-0.9381154895998416,0.04049299229394905,0.27762729659091473,2,camera_only,64.16666666666667,32.22854038543029,33.53877926524791,5.0,-1.9770683172764238,-1.0143678742663687
12.866666666666667,64.32583443580096,32.131582852911706,33.519416794058955,4.937637789955894,-2.170683214104555,-1.0038003568187348,5.48632369780942,113.73124018433298,-1.0038003568187348,0.044447102344118056,0.28991928173177195,2,camera_only,64.33333333333333,32.1630654267416,33.5047815710329,5.0,-1.9513933033159474,-1.0254891183014347
12.866666666666667,64.32619430525067,32.13048347057672,33.52120943983301,4.938797758714492,-2.1758376665996497,-0.9962432503100409,5.488031839071764,113.77637933740272,-0.9962432503100409,0.04266704130489214,0.28459380613154284,2,camera_only,64.33333333333333,32.1630654267416,33.5047815710329,5.0,-1.9513933033159474,-1.0254891183014347
12.866666666666667,64.32492613820102,32.14156584262646,33.50794353214819,4.9393789476835535,-2.1226247758690135,-1.052354666667,5.4781795034854674,113.25489699492141,-1.052354666667,0.04049392014892321,0.27764358306270487,2,camera_only,64.33333333333333,32.1630654267416,33.5047815710329,5.0,-1.9513933033159474,-1.0254891183014347
12.9,64.47268040693999,32.079662150037464,33.489647180587305,4.84938387840468,-2.0883901161793945,-0.9787801313703826,5.3699076177391,113.2991575028185,-0.9787801313703826,0.04445132165089686,0.2899711012708822,2,camera_only,64.5,32.098449876243095,33.47041363640923,5.0,-1.9255042970895562,-1.0365822480343014
12.9,64.4748819923918,32.08384398467144,33.46762183763773,4.866533135209216,-2.0669197510760156,-1.0726154224543887,5.394979690227238,113.01196005691362,-1.0726154224543887,0.042677692462768264,0.2846621672086542,2,camera_only,64.5,32.098449876243095,33.47041363640923,5.0,-1.9255042970895562,-1.0365822480343014
12.9,64.47417200469955,32.08999350915101,33.46030151553597,4.866821858524788,-2.037384430021857,-1.103610102043539,5.390254685600923,112.7155158960962,-1.103610102043539,0.04049537849045567,0.2776708630707827,2,camera_only,64.5,32.098449876243095,33.47041363640923,5.0,-1.9255042970895562,-1.0365822480343014
12.933333333333334,64.62141645940999,32.03263572537863,33.44091996656486,4.7881463532509905,-1.9939104326149948,-1.0276304704950137,5.287537110728536,112.60813292910684,-1.0276304704950137,0.04445403883243559,0.2900183379970994,2,camera_only,64.66666666666667,32.03470081975804,33.43567640359119,5.0,-1.8994041376185276,-1.0476469593412123
12.933333333333334,64.62537077843588,32.02536473878122,33.44540593303035,4.805367127831269,-2.0272097842756365,-1.0090871440214455,5.312192542343845,112.8731138246315,-1.0090871440214455,0.04268660061642827,0.28472540122193757,2,camera_only,64.66666666666667,32.03470081975804,33.43567640359119,5.0,-1.8994041376185276,-1.0476469593412123
12.933333333333334,64.62873193334177,32.029732027372965,33.442922846885466,4.8263208860703735,-2.0042104550427906,-1.0201172471133926,5.324553694093069,112.55148560817328,-1.0201172471133926,0.0404960194500261,0.2776948070933204,2,camera_only,64.66666666666667,32.03470081975804,33.43567640359119,5.0,-1.8994041376185276,-1.0476469593412123
12.966666666666667,64.80471128630288,31.9711741836349,33.408405078235795,4.913052461904554,-1.956216472570849,-1.0244382094244289,5.3864961733869885,111.71082629296865,-1.0244382094244289,0.04446011853254933,0.2900767088654961,2,camera_only,64.83333333333333,31.971825248088855,33.400570824917565,5.0,-1.8730956870794726,-1.058682948877517
12.966666666666667,64.7985289438296,31.980226519041064,33.40863331231639,4.8839903946939796,-1.9154357889198523,-1.022670359249317,5.344914508261587,111.41444822863748,-1.022670359249317,0.04269997136136457,0.2848027326133679,2,camera_only,64.83333333333333,31.971825248088855,33.400570824917565,5.0,-1.8730956870794726,-1.058682948877517
12.966666666666667,64.7974476882447,31.993545798412317,33.39307616641568,4.887088672605952,-1.85118531468762,-1.0887479152585144,5.338154623669894,110.74623778915667,-1.0887479152585144,0.040499825476733434,0.2777290239779998,2,camera_only,64.83333333333333,31.971825248088855,33.400570824917565,5.0,-1.8730956870794726,-1.058682948877517
13.0,64.96598522300116,31.92606719020753,33.34812267224777,4.915970548898686,-1.8762466265691797,-1.1263285210290608,5.381048576126681,110.89003115587855,-1.1263285210290608,0.04446541589315621,0.29012895941394196,2,camera_only,65.0,31.909830056250527,33.36509786282552,5.0,-1.846581830490457,-1.0696899140859892
13.0,64.97028870282747,31.921271974801417,33.34299712668485,4.937628502029423,-1.8972751241178998,-1.1486884915609283,5.412884016057839,111.01918436968579,-1.1486884915609283,0.042711412743147124,0.28487101558836464,2,camera_only,65.0,31.909830056250527,33.36509786282552,5.0,-1.846581830490457,-1.0696899140859892
13.0,64.96194088404796,31.910038009067588,33.35013495602982,4.885351186701386,-1.9562743000025524,-1.117070107245369,5.379731496901709,111.82298008968965,-1.117070107245369,0.040499338400002374,0.27774763647345896,2,camera_only,65.0,31.909830056250527,33.36509786282552,5.0,-1.846581830490457,-1.0696899140859892
13.033333333333333,65.12618770309466,31.849920045466753,33.31716894179598,4.89504419576019,-1.930844063249659,-1.099144465459221,5.375661357543052,111.52669329905353,-1.099144465459221,0.04447115186846969,0.2901893402457665,2,camera_only,65.16666666666666,31.848722042714463,33.329258489824234,5.0,-1.8198654753946448,-1.0806675532051158
13.033333333333333,65.12955211816224,31.846274352585905,33.313516980997925,4.911967008593196,-1.9467723079443526,-1.1151172986118674,5.400076749653694,111.62003364868077,-1.1151172986118674,0.042723411515348045,0.28494702801281213,2,camera_only,65.16666666666666,31.848722042714463,33.329258489824234,5.0,-1.8198654753946448,-1.0806675532051158
13.033333333333333,65.13682041915374,31.861059472107186,33.301735845504766,4.96079025480637,-1.8710431249570403,-1.1664415534297086,5.428704101827467,110.66478726298023,-1.1664415534297086,0.04050099266488708,0.2777761583802807,2,camera_only,65.16666666666666,31.848722042714463,33.329258489824234,5.0,-1.8198654753946448,-1.0806675532051158
13.066666666666666,65.3042945225948,31.78317455357964,33.24733181860007,4.9663613845125045,-1.9451371613358746,-1.2326480962257336,5.474278519322493,111.38841230145466,-1.2326480962257336,0.04447577155831588,0.29024282981124233,2,camera_only,65.33333333333333,31.788507908662964,33.29305368846822,5.0,-1.7929495515414333,-1.0916155652773767
13.066666666666666,65.30434846986105,31.785388516100696,33.24050404575218,4.9687250249233585,-1.9342783592714015,-1.2617704464964812,5.47920850160835,111.27049968572148,-1.2617704464964812,0.0427344803517226,0.28501729368330836,2,camera_only,65.33333333333333,31.788507908662964,33.29305368846822,5.0,-1.7929495515414333,-1.0916155652773767
13.066666666666666,65.30684701732513,31.773222953098312,33.25582984967435,4.973944738439245,-1.9922417746856056,-1.196667993658905,5.490097252043677,111.82785780105878,-1.196667993658905,0.04049963898512376,0.2777940389360585,2,camera_only,65.33333333333333,31.788507908662964,33.29305368846822,5.0,-1.7929495515414333,-1.0916155652773767
13.1,65.4686492993979,31.710578643122812,33.22157639839951,4.953410012895363,-1.976121657841825,-1.1721508123406268,5.460335620574467,111.74911636608073,-1.1721508123406268,0.04448068808362453,0.29030261832423243,2,camera_only,65.5,31.729194257254385,33.2564844513304,5.0,-1.7658370105651904,-1.10253365015749
13.1,65.47280961653192,31.70674717080129,33.214312943287844,4.975024276786099,-1.9924625660570647,-1.2036292032882299,5.492676659949866,111.82575772334279,-1.2036292032882299,0.04274632485387147,0.2850944272450869,2,camera_only,65.5,31.729194257254385,33.2564844513304,5.0,-1.7658370105651904,-1.10253365015749
13.1,65.48026564229401,31.69756015806849,33.22900407286461,5.008801728864812,-2.033399247968951,-1.1418958714979845,5.525100310588394,112.09544120876463,-1.1418958714979845,0.04050091428102489,0.2778213929584084,2,camera_only,65.5,31.729194257254385,33.2564844513304,5.0,-1.7658370105651904,-1.10253365015749
13.133333333333333,65.66862282070468,31.632775267929333,33.18231061939982,5.12770620320536,-2.0076089200051124,-1.1817464741760155,5.632085689271983,111.38142768531927,-1.1817464741760155,0.04448835506449374,0.29036792047706933,2,camera_only,65.66666666666666,31.670787592899003,33.21955178097488,5.0,-1.7385308256615641,-1.1134215085206431
13.133333333333333,65.65802778124889,31.649336537152283,33.179673995745766,5.079089749037551,-1.9326763927063015,-1.1918283769692968,5.563528160965112,110.83263531542484,-1.1918283769692968,0.042761697813502565,0.2851795200717551,2,camera_only,65.66666666666666,31.670787592899003,33.21955178097488,5.0,-1.7385308256615641,-1.1134215085206431
13.133333333333333,65.65593100516051,31.646675465671784,33.181347122349656,5.066102397982153,-1.9467097547698222,-1.1843493375784035,5.554975763185552,111.0198619772868,-1.1843493375784035,0.04050560284377814,0.27785668486141746,2,camera_only,65.66666666666666,31.670787592899003,33.21955178097488,5.0,-1.7385308256615641,-1.1134215085206431
13.166666666666666,65.81843192531551,31.59825341560981,33.16101950304617,5.037437563839649,-1.8704747105263726,-1.102080185373818,5.485347171081794,110.37070254791081,-1.102080185373818,0.044495396915727764,0.29042474559578874,2,camera_only,65.83333333333333,31.61329432054576,33.18225668992948,5.0,-1.7110339912614427,-1.1242788418706995
13.166666666666666,65.81066949105345,31.60830796002081,33.1656246801883,4.999885495986326,-1.825800783243797,-1.0815595844727806,5.431590430788483,110.06060200807558,-1.0815595844727806,0.04277573551792964,0.28525413473258043,2,camera_only,65.83333333333333,31.61329432054576,33.18225668992948,5.0,-1.7110339912614427,-1.1242788418706995
13.166666666666666,65.81914847404951,31.601877071041585,33.17775440058329,5.04091634664308,-1.8528443389764835,-1.0308321919554708,5.468682178212804,110.1814600517561,-1.0308321919554708,0.040512080600911195,0.27789240835163487,2,camera_only,65.83333333333333,31.61329432054576,33.18225668992948,5.0,-1.7110339912614427,-1.1242788418706995
13.2,66.00207865930373,31.550898442303904,33.14452157499615,5.127074917707541,-1.7928660871530733,-1.0283597366426924,5.528000521544584,109.27401482956753,-1.0283597366426924,0.04450663885855014,0.29048723723035086,2,camera_only,65.99999999999999,31.556720744979852,33.144600200657955,5.0,-1.6833495227025816,-1.1351053525483796
13.2,65.99853340962912,31.553142421703274,33.15390663443185,5.107735184614183,-1.7840240360275985,-0.9878395750682356,5.499775222983288,109.25322992434153,-0.9878395750682356,0.042794604212014795,0.2853365143768678,2,camera_only,65.99999999999999,31.556720744979852,33.144600200657955,5.0,-1.6833495227025816,-1.1351053525483796
13.2,66.00419801970553,31.54694953694929,33.16452478261236,5.133801941814993,-1.8113645409779664,-0.943133312167006,5.525075956275607,109.43442190969193,-0.943133312167006,0.04052064447585967,0.2779269222617469,2,camera_only,65.99999999999999,31.556720744979852,33.144600200657955,5.0,-1.6833495227025816,-1.1351053525483796
13.233333333333333,66.18239872208888,31.482753152529504,33.12534676236658,5.171206820660145,-1.8260267037938411,-0.9770898556767609,5.570498908632569,109.44885117604018,-0.9770898556767609,0.04452126239470201,0.29055714059434923,2,camera_only,66.16666666666666,31.501073070131362,33.10658334553198,5.0,-1.6554804558989284,-1.145900743739426
13.233333333333333,66.18726731077209,31.47211787960481,33.135517316843455,5.190716747943829,-1.8753260399478264,-0.9340242482459863,5.59756995577567,109.86400753581029,-0.9340242482459863,0.04281594811076656,0.28542375389814023,2,camera_only,66.16666666666666,31.501073070131362,33.10658334553198,5.0,-1.6554804558989284,-1.145900743739426
13.233333333333333,66.18699273964755,31.481615299192995,33.12530104689509,5.19550813830477,-1.8291701620148115,-0.9778966688876634,5.594233655454335,109.39551542947726,-0.9778966688876634,0.04052932453098205,0.27795811955424254,2,camera_only,66.16666666666666,31.501073070131362,33.10658334553198,5.0,-1.6554804558989284,-1.145900743739426
13.266666666666666,66.37330270060657,31.410625731666755,33.07589262208159,5.26370009531599,-1.870479557093079,-1.051290285007981,5.684227628296112,109.56289881408213,-1.051290285007981,0.04453434033515847,0.2906215216350618,2,camera_only,66.33333333333333,31.446357398394934,33.06820716680284,5.0,-1.627429847007717,-1.1566647194827353
13.266666666666666,66.37090903213752,31.417665415841665,33.06556465749108,5.2557730819830875,-1.8373108327690146,-1.0953140541186,5.674378790903732,109.26858279861729,-1.0953140541186,0.042835632118399206,0.2855056896292122,2,camera_only,66.33333333333333,31.446357398394934,33.06820716680284,5.0,-1.627429847007717,-1.1566647194827353
13.266666666666666,66.36503913836678,31.416035586295614,33.06411743985367,5.223367880536624,-1.8481934150741726,-1.100628373982311,5.6489621819021005,109.48539628812779,-1.100628373982311,0.040535646563152346,0.2779840911925813,2,camera_only,66.33333333333333,31.446357398394934,33.06820716680284,5.0,-1.627429847007717,-1.1566647194827353
13.299999999999999,66.53359999918588,31.36977003304883,33.045212512319516,5.198775841092564,-1.7772892371535716,-1.024326560174298,5.588852492266023,108.87385877483703,-1.024326560174298,0.044542756115329374,0.29067447868247703,2,camera_only,66.49999999999999,31.392579729960566,33.02947271657287,5.0,-1.5992007720943158,-1.1673969846784737
13.299999999999999,66.53290240737424,31.37686131407942,33.02716968535481,5.2011093242767945,-1.742739216938037,-1.1016159868974045,5.59484011960313,108.52449023993564,-1.1016159868974045,0.0428510004589806,0.28557717778805813,2,camera_only,66.49999999999999,31.392579729960566,33.02947271657287,5.0,-1.5992007720943158,-1.1673969846784737
13.299999999999999,66.52145765512607,31.37058850932321,33.02770738626878,5.135928256872582,-1.7790275790863814,-1.0975022934811316,5.545016633977623,109.10550810440385,-1.0975022934811316,0.04054158491926702,0.27801137698255696,2,camera_only,66.49999999999999,31.392579729960566,33.02947271657287,5.0,-1.5992007720943158,-1.1673969846784737
13.333333333333334,66.67973341555744,31.30551682759762,32.99367264222365,5.062796152227383,-1.8136866777333793,-1.0845752236151864,5.486134127022039,109.70946084212255,-1.0845752236151864,0.044549837435403486,0.29072072991496023,2,camera_only,66.66666666666667,31.33974596215561,32.99038105676658,5.0,-1.5707963267948954,-1.1780972450961729
13.333333333333334,66.68288491237426,31.300012334795028,32.99574742428807,5.0767258705018925,-1.838791407304211,-1.0759408489666664,5.505628766478368,109.91039977601407,-1.0759408489666664,0.042863499888013835,0.2856375651482457,2,camera_only,66.66666666666667,31.33974596215561,32.99038105676658,5.0,-1.5707963267948954,-1.1780972450961729
13.333333333333334,66.67979819943199,31.305050508525323,32.98852072980999,5.0636141003417015,-1.8157357249732076,-1.1066050332912607,5.491963098913614,109.7270687398465,-1.1066050332912607,0.040543273412286626,0.2780225970479293,2,camera_only,66.66666666666667,31.33974596215561,32.99038105676658,5.0,-1.5707963267948954,-1.1780972450961729
13.366666666666667,66.85467423026947,31.247993021395672,32.95154153346841,5.098280776176583,-1.7958347157505168,-1.1079933336302057,5.517711339531583,109.40446552571404,-1.1079933336302057,0.044554884728030236,0.290764663750081,2,camera_only,66.83333333333333,31.287861888798105,32.950933259101575,5.0,-1.542219625976981,-1.1887652073827841
13.366666666666667,66.85270173915212,31.250109665547487,32.95405919436078,5.088363651498991,-1.786694369934186,-1.09702635861339,5.503379711862813,109.34787731425872,-1.09702635861339,0.042875581759199546,0.2857004741268184,2,camera_only,66.83333333333333,31.287861888798105,32.950933259101575,5.0,-1.542219625976981,-1.1887652073827841
13.366666666666667,66.84912852616095,31.2629239081333,32.937771753768445,5.077847311508671,-1.7259024576521353,-1.1667329636198642,5.48858255114403,108.77231211200022,-1.1667329636198642,0.040545169077746086,0.2780390008132723,2,camera_only,66.83333333333333,31.287861888798105,32.950933259101575,5.0,-1.542219625976981,-1.1887652073827841
13.4,67.01541368423926,31.21971206165207,32.913738287800605,5.067038932795369,-1.6587540746074836,-1.1033186072870294,5.44459921166625,108.12646057393019,-1.1033186072870294,0.04455800057825713,0.2908039800187881,2,camera_only,67.0,31.236933199561363,32.911130405059154,5.0,-1.51347380339784,-1.1994005790707356
13.4,67.01266133203195,31.226498910647877,32.905751234241485,5.056740625716408,-1.6270078133901764,-1.1374159307227796,5.432448359631725,107.8355948774564,-1.1374159307227796,0.04288600029460589,0.2857596582336198,2,camera_only,67.0,31.236933199561363,32.911130405059154,5.0,-1.51347380339784,-1.1994005790707356
13.4,67.00108354296292,31.22268291494748,32.9038221539008,4.9925707430916155,-1.6513058315504299,-1.1438841262013228,5.381546661347664,108.30176813820802,-1.1438841262013228,0.0405471221449679,0.2780584451550194,2,camera_only,67.0,31.236933199561363,32.911130405059154,5.0,-1.51347380339784,-1.1994005790707356
13.433333333333334,67.17307647565313,31.16041575761336,32.855651564096114,5.0203458983179745,-1.682961158705116,-1.1873452989309503,5.42641871397348,108.53260059633733,-1.1873452989309503,0.044561627806687806,0.2908444562222661,2,camera_only,67.16666666666666,31.18696547935008,32.87097358585467,5.0,-1.4845620113608595,-1.2100030685859378
13.433333333333334,67.17938218788781,31.14747243282989,32.866033265672186,5.046349211067736,-1.7427802738280866,-1.1431744053488997,5.459832521601104,109.05259208581607,-1.1431744053488997,0.04289561071471854,0.2858160999098991,2,camera_only,67.16666666666666,31.18696547935008,32.87097358585467,5.0,-1.4845620113608595,-1.2100030685859378
13.433333333333334,67.18252928825513,31.147945613760676,32.86717620067911,5.063409288829024,-1.738937653959723,-1.1387434188467445,5.473459085854736,108.95412045373773,-1.1387434188467445,0.04054474659892284,0.2780617922396476,2,camera_only,67.16666666666666,31.18696547935008,32.87097358585467,5.0,-1.4845620113608595,-1.2100030685859378
13.466666666666667,67.34009575677246,31.0966824701999,32.84253055037795,5.004513335537163,-1.7128616284669114,-1.0804453290948162,5.398741593464761,108.89419699946455,-1.0804453290948162,0.044565731667138814,0.290893606245516,2,camera_only,67.33333333333333,31.137964207687855,32.8304639024076,5.0,-1.4554874203698374,-1.2205723852557873
13.466666666666667,67.33985305722771,31.092347347892925,32.85686852441543,4.999029077360951,-1.7345977108178043,-1.0187601274119815,5.388598438544027,109.13610537318625,-1.0187601274119815,0.04290705433642769,0.2858846546166241,2,camera_only,67.33333333333333,31.137964207687855,32.8304639024076,5.0,-1.4554874203698374,-1.2205723852557873
13.466666666666667,67.34681530489385,31.09834836952806,32.853876537220835,5.0400272124305125,-1.7019156684879666,-1.032853178629915,5.418964562837705,108.65878952065208,-1.032853178629915,0.0405478023607031,0.2780873924359411,2,camera_only,67.33333333333333,31.137964207687855,32.8304639024076,5.0,-1.4554874203698374,-1.2205723852557873
13.5,67.52240243521575,31.062374643820053,32.83420894744885,5.089390833109842,-1.5985125341187651,-0.9717119355379533,5.4223025975635295,107.43683646534616,-0.9717119355379533,0.04457334159177923,0.29094844693826677,2,camera_only,67.5,31.08993475811632,32.78960246531138,5.0,-1.4262532187813195,-1.2311082393171269
13.5,67.52357640231675,31.064200420368223,32.823206563493365,5.098159629785332,-1.5885581773449486,-1.0191390006678518,5.436303247268744,107.30674359421475,-1.0191390006678518,0.04292283458851137,0.2859614951694171,2,camera_only,67.5,31.08993475811632,32.78960246531138,5.0,-1.4262532187813195,-1.2311082393171269
13.5,67.54213980230733,31.06790029844108,32.8286082112275,5.199336307433473,-1.5615347388173038,-0.9987869974633793,5.519879006339821,106.71677169544346,-0.9987869974633793,0.04055423219726,0.27811986968127667,2,camera_only,67.5,31.08993475811632,32.78960246531138,5.0,-1.4262532187813195,-1.2311082393171269
13.533333333333333,67.70281440895246,31.002387586578987,32.791113846675046,5.12503916852647,-1.632708299790736,-1.014291236368337,5.473623076474087,107.6705678404264,-1.014291236368337,0.044583247210360014,0.29100609908280767,2,camera_only,67.66666666666666,31.042882397605872,32.74839039480296,5.0,-1.3968626124549492,-1.2416103419241957
13.533333333333333,67.69882844057405,31.01124352205559,32.78275984734074,5.109192630970849,-1.5915268503488669,-1.0500404432108967,5.453383535762614,107.30194792094646,-1.0500404432108967,0.0429395533564812,0.2860374608259181,2,camera_only,67.66666666666666,31.042882397605872,32.74839039480296,5.0,-1.3968626124549492,-1.2416103419241957
13.533333333333333,67.69527386863625,31.011971434009116,32.78036380641243,5.090741726399601,-1.5896847645575607,-1.0598552451521734,5.437466516333594,107.34200640578653,-1.0598552451521734,0.04055941169358557,0.2781438125883806,2,camera_only,67.66666666666666,31.042882397605872,32.74839039480296,5.0,-1.3968626124549492,-1.2416103419241957
13.566666666666666,67.8641558181659,30.97136108870317,32.75671290323608,5.091006956360868,-1.5309870326937267,-1.010355286316977,5.411385305869445,106.7372839243859,-1.010355286316977,0.04458979589046158,0.291051036007636,2,camera_only,67.83333333333333,30.996812285978063,32.706828820732056,5.0,-1.3673188244019125,-1.252078405156546
13.566666666666666,67.8652286420468,30.97161581245942,32.75102357978114,5.097698383584563,-1.5289042446732142,-1.034929420208481,5.421729973375057,106.69506519534117,-1.034929420208481,0.042953058562080454,0.2861012651837241,2,camera_only,67.83333333333333,30.996812285978063,32.706828820732056,5.0,-1.3673188244019125,-1.252078405156546
13.566666666666666,67.85263691246759,30.982510184643164,32.733168569486374,5.037847700672276,-1.4816893319366535,-1.1103828993762368,5.367332942418516,106.38922023500801,-1.1103828993762368,0.04056369013600736,0.2781637476159698,2,camera_only,67.83333333333333,30.996812285978063,32.706828820732056,5.0,-1.3673188244019125,-1.252078405156546
13.6,68.01966520165116,30.948398600114277,32.711096207327145,5.038613017481957,-1.4093058268791077,-1.0470647820710997,5.335738815896786,105.62636691685026,-1.0470647820710997,0.04459366549490107,0.2910853581333712,2,camera_only,68.0,30.951729475339807,32.66491888253023,5.0,-1.3376250944314998,-1.2625121420269345
13.6,68.01415929437991,30.961489782082747,32.69669004309,5.017544717680114,-1.348084572189934,-1.1089075700430713,5.312510047670024,105.0387476358877,-1.1089075700430713,0.042963718554994486,0.28615430229701294,2,camera_only,68.0,30.951729475339807,32.66491888253023,5.0,-1.3376250944314998,-1.2625121420269345
13.6,68.00597707527018,30.96574036806533,32.68761109922805,4.976891482804032,-1.3311644421468285,-1.146974012383202,5.277972810533019,104.97432967190865,-1.146974012383202,0.0405666777789353,0.2781806192977075,2,camera_only,68.0,30.951729475339807,32.66491888253023,5.0,-1.3376250944314998,-1.2625121420269345
13.633333333333333,68.17377828812934,30.911662991581355,32.63836496171443,4.9838051565673895,-1.3763334649393228,-1.1939077734984753,5.306413423109782,105.43808542963005,-1.1939077734984753,0.04459558971449212,0.29111346404695254,2,camera_only,68.16666666666666,30.907638909529314,32.62266172917959,5.0,-1.3077846787958154,-1.2729112664891973
13.633333333333333,68.17359420519398,30.910378991809022,32.643007104145106,4.981528478618544,-1.3828995462990317,-1.173870904288796,5.301510165827983,105.51494519194466,-1.173870904288796,0.04297169370995237,0.2861992137398952,2,camera_only,68.16666666666666,30.907638909529314,32.62266172917959,5.0,-1.3077846787958154,-1.2729112664891973
13.633333333333333,68.17217759221401,30.90752261590505,32.64617099908027,4.972036725811763,-1.397574071797664,-1.1599060045601801,5.293367966464906,105.69997413537754,-1.1599060045601801,0.04056368354516264,0.27817752162519443,2,camera_only,68.16666666666666,30.907638909529314,32.62266172917959,5.0,-1.3077846787958154,-1.2729112664891973
13.666666666666666,68.33749327846208,30.850576538342334,32.59841818384318,4.96586978503388,-1.4471318791952534,-1.1981926704533985,5.309399125440078,106.24694607707265,-1.1981926704533985,0.04459671538534338,0.29114706982032856,2,camera_only,68.33333333333333,30.86454542357399,32.580058519181364,5.0,-1.2778008498327074,-1.2832754934460824
13.666666666666666,68.33927633490627,30.84964098391553,32.59262049809109,4.9757985096795645,-1.4503800834372258,-1.22328220268992,5.325278635224513,106.25071189707378,-1.22328220268992,0.04297959651317042,0.28625125688654196,2,camera_only,68.33333333333333,30.86454542357399,32.580058519181364,5.0,-1.2778008498327074,-1.2832754934460824
13.666666666666666,68.35144078254419,30.845855085609006,32.60244859419705,5.037980287118109,-1.4631807721395134,-1.1825424162073521,5.377782992226347,106.19488398526376,-1.1825424162073521,0.0405602622859942,0.2781787932439802,2,camera_only,68.33333333333333,30.86454542357399,32.580058519181364,5.0,-1.2778008498327074,-1.2832754934460824
13.7,68.49940280763701,30.787547181135658,32.568341722617234,4.925091650873826,-1.519405335689894,-1.1562294942267366,5.2822331439410934,107.14514903805984,-1.1562294942267366,0.044597924060715284,0.2911861162861208,2,camera_only,68.5,30.82245374316019,32.53711042052406,5.0,-1.2476768956069109,-1.293604538757072
13.7,68.50161474361805,30.780138235756105,32.580435033642125,4.931617181558623,-1.5548026780906181,-1.1040683137068166,5.287459336446323,107.4986236099377,-1.1040683137068166,0.04298778401435371,0.2863090192307196,2,camera_only,68.5,30.82245374316019,32.53711042052406,5.0,-1.2476768956069109,-1.293604538757072
13.7,68.50818872511108,30.776958725393094,32.58702762191657,4.964472430734477,-1.5672881571353234,-1.0764534511603168,5.316119892885626,107.52095085025059,-1.0764534511603168,0.04055904454462153,0.27818928177928315,2,camera_only,68.5,30.82245374316019,32.53711042052406,5.0,-1.2476768956069109,-1.293604538757072
13.733333333333333,68.66977818047633,30.72746691356331,32.55681599027084,4.944117627665701,-1.556368159586778,-1.0517289869520732,5.288923787157978,107.4735794799444,-1.0517289869520732,0.04460229757570234,0.29123321855593776,2,camera_only,68.66666666666667,30.781368484114996,32.493818610651495,5.0,-1.2174161195494677,-1.3038981192461727
13.733333333333333,68.67234911556659,30.720560152016564,32.56614735940018,4.953213953325495,-1.5890001357538712,-1.0114835114916128,5.299278138847177,107.7863363408319,-1.0114835114916128,0.04299944842726021,0.2863754959423311,2,camera_only,68.66666666666667,30.781368484114996,32.493818610651495,5.0,-1.2174161195494677,-1.3038981192461727
13.733333333333333,68.66915414874533,30.732452988733034,32.55133726227428,4.9439999619617865,-1.532287616484184,-1.075551449148062,5.286572791825856,107.21971052614064,-1.075551449148062,0.040561531168633716,0.27820923789639335,2,camera_only,68.66666666666667,30.781368484114996,32.493818610651495,5.0,-1.2174161195494677,-1.3038981192461727
13.766666666666666,68.84645878965613,30.682942453500107,32.50796061398033,5.013047103901834,-1.518026189344288,-1.1097995699440857,5.354129234798296,106.84710310537567,-1.1097995699440857,0.04460654504207208,0.29127474273693593,2,camera_only,68.83333333333333,30.741294151900057,32.45018427643052,5.0,-1.1870218400954862,-1.314155952709674
13.766666666666666,68.8469420672905,30.686211097332656,32.49543694753967,5.019005888677146,-1.5011445144750128,-1.163964792195088,5.36643913609239,106.65150340760115,-1.163964792195088,0.04301070087621651,0.2864361291444272,2,camera_only,68.83333333333333,30.741294151900057,32.45018427643052,5.0,-1.1870218400954862,-1.314155952709674
13.766666666666666,68.84775621592487,30.676557724716577,32.50628776361106,5.017095651831752,-1.5479899409159614,-1.1166938071385346,5.367916420335513,107.14724600661683,-1.1166938071385346,0.040562152222119494,0.27822158769331357,2,camera_only,68.83333333333333,30.741294151900057,32.45018427643052,5.0,-1.1870218400954862,-1.314155952709674
13.799999999999999,69.03311158491128,30.611025323392703,32.44271275253002,5.111290689789099,-1.6040879685055403,-1.231513952426516,5.496818838314588,107.4235405401096,-1.231513952426516,0.04461005885309967,0.2913162949772173,2,camera_only,69.0,30.70223514111749,32.40620861411843,5.0,-1.156497390320215,-1.3243777579238913
13.799999999999999,69.03435811157082,30.612545040022212,32.43202973311523,5.120227900772237,-1.5953531415338755,-1.2777613361056268,5.513126103590857,107.30591346865836,-1.2777613361056268,0.043021018443200595,0.28649626624488644,2,camera_only,69.0,30.70223514111749,32.40620861411843,5.0,-1.156497390320215,-1.3243777579238913
13.799999999999999,69.0266260886083,30.629396932865504,32.41000194821778,5.090040971938946,-1.5164272734992603,-1.3727399139972658,5.485661641343803,106.5898701132955,-1.3727399139972658,0.04055906173361548,0.2782213388887021,2,camera_only,69.0,30.70223514111749,32.40620861411843,5.0,-1.156497390320215,-1.3243777579238913
13.833333333333334,69.20852960947808,30.584012174652848,32.360294503293105,5.158892234466568,-1.4853001815152451,-1.3918920127192325,5.54595790563905,106.06167483671864,-1.3918920127192325,0.04460523782196598,0.29133476515912776,2,camera_only,69.16666666666667,30.664195735027985,32.36189282933024,5.0,-1.1258461175735544,-1.3345632546528705
13.833333333333334,69.20180328270345,30.595185201249123,32.35856438557193,5.128466384075103,-1.4347463122817343,-1.3992995609390828,5.506151441291704,105.6295623114028,-1.3992995609390828,0.04302385210056813,0.2865362816368097,2,camera_only,69.16666666666667,30.664195735027985,32.36189282933024,5.0,-1.1258461175735544,-1.3345632546528705
13.833333333333334,69.19749444032328,30.602674854865885,32.34849323636141,5.110386732539137,-1.4000542387751131,-1.4426381077180677,5.491576197911176,105.32097074271269,-1.4426381077180677,0.040553923497152713,0.27822112435087665,2,camera_only,69.16666666666667,30.664195735027985,32.36189282933024,5.0,-1.1258461175735544,-1.3345632546528705
13.866666666666667,69.35748542970325,30.56885911583694,32.32056398164607,5.058210985346602,-1.3450168481540383,-1.3554874466743059,5.406654687715029,104.89080669226213,-1.3554874466743059,0.04459919937651453,0.29135170025440205,2,camera_only,69.33333333333334,30.627180105081088,32.31723813700556,5.0,-1.0950713831129693,-1.3447121636560737
13.866666666666667,69.35189254897386,30.572837782512796,32.33575573389805,5.027982481284721,-1.3298824620360177,-1.2896361546461697,5.35839123303885,104.81525430948035,-1.2896361546461697,0.043025628164358454,0.2865746776480167,2,camera_only,69.33333333333334,30.627180105081088,32.31723813700556,5.0,-1.0950713831129693,-1.3447121636560737
13.866666666666667,69.34784488237409,30.589673929346137,32.31505534637334,5.017343584857049,-1.2492592232013755,-1.3796116159685312,5.351421630387125,103.98166739037804,-1.3796116159685312,0.04055062426474978,0.2782269968136122,2,camera_only,69.33333333333334,30.627180105081088,32.31723813700556,5.0,-1.0950713831129693,-1.3447121636560737
13.9,69.51211862702158,30.54534684950984,32.26848087058382,5.000152174742521,-1.2635434158470098,-1.3814821483763098,5.339153178229213,104.18180284065757,-1.3814821483763098,0.04459538095504947,0.29137111878767835,2,camera_only,69.5,30.591192310457746,32.27224576137535,5.0,-1.0641765617348926,-1.3548242066960334
13.9,69.51135236186732,30.54689628836408,32.26754183820238,4.9969195150908385,-1.2563950187508033,-1.3855551412684688,5.335493991462551,104.1135416451202,-1.3855551412684688,0.04302905842338141,0.2866139236008035,2,camera_only,69.5,30.591192310457746,32.27224576137535,5.0,-1.0641765617348926,-1.3548242066960334
13.9,69.50784529503782,30.5565732065602,32.255412039536346,4.984473990611093,-1.2105926407951135,-1.4381579156795348,5.3271768973310305,103.65126067940416,-1.4381579156795348,0.0405450860304763,0.27822346161144496,2,camera_only,69.5,30.591192310457746,32.27224576137535,5.0,-1.0641765617348926,-1.3548242066960334
13.933333333333334,69.6797558369607,30.518658319846566,32.20513829181324,5.016939192236387,-1.1959020978961754,-1.4492628803010699,5.357258961686331,103.40754952388633,-1.4492628803010699,0.04459017366935956,0.2913887687042506,2,camera_only,69.66666666666667,30.55623629762519,32.226916935928315,5.0,-1.0331650414046447,-1.3648991065459815
13.933333333333334,69.6820704980512,30.511341479837167,32.21672101422105,5.024214839972301,-1.2309258243195602,-1.3990078795188698,5.358650594145001,103.7662274064653,-1.3990078795188698,0.043031432877774826,0.28665248096621065,2,camera_only,69.66666666666667,30.55623629762519,32.226916935928315,5.0,-1.0331650414046447,-1.3648991065459815
13.933333333333334,69.69941273389661,30.503603781413283,32.232237319385554,5.111485580649067,-1.2610610886226408,-1.3338986653586387,5.431099848084824,103.85876037307092,-1.3338986653586387,0.040538455621334187,0.2782179083166331,2,camera_only,69.66666666666667,30.55623629762519,32.226916935928315,5.0,-1.0331650414046447,-1.3648991065459815
13.966666666666667,69.86055521102595,30.462744938930324,32.196583968450675,5.061174475396204,-1.2606693825985862,-1.2947115561938962,5.374109449607959,103.98696290428177,-1.2947115561938962,0.04458998463273818,0.2914259686849115,2,camera_only,69.83333333333334,30.522315899904143,32.18125290337709,5.0,-1.0020402228848924,-1.3749365869974504
13.966666666666667,69.86000506863867,30.462657549051354,32.19972669362595,5.057737386369816,-1.2616418846349404,-1.281075233169991,5.367830238335572,104.00646645928015,-1.281075233169991,0.04303952208686151,0.2867119460526077,2,camera_only,69.83333333333334,30.522315899904143,32.18125290337709,5.0,-1.0020402228848924,-1.3749365869974504
13.966666666666667,69.84891737343521,30.462137801429826,32.195912006232525,4.998446080353739,-1.2691129453423866,-1.2958947397605929,5.317372853466123,104.24643953571909,-1.2958947397605929,0.04053779538882148,0.2782311353375119,2,camera_only,69.83333333333334,30.522315899904143,32.18125290337709,5.0,-1.0020402228848924,-1.3749365869974504
14.0,70.03419322613956,30.426156077922496,32.14339484280509,5.103045151996386,-1.2289989999670796,-1.339379803789607,5.417143769924644,103.54103663030273,-1.339379803789607,0.04459050535144947,0.2914579177847657,2,camera_only,70.0,30.489434837048464,32.135254915624216,5.0,-0.9708055193627337,-1.3849363728678423
14.0,70.02470658462083,30.441731949071258,32.142398070380516,5.059694538809499,-1.1587777923825036,-1.3438544473338194,5.361829871769191,102.8994948039041,-1.3438544473338194,0.04304726743958114,0.28676352657822946,2,camera_only,70.0,30.489434837048464,32.135254915624216,5.0,-0.9708055193627337,-1.3849363728678423
14.0,70.04073643326714,30.4516036029257,32.138015531108046,5.151170666028229,-1.1033764082978008,-1.36601207671026,5.442241057014669,102.09001529104147,-1.36601207671026,0.040537476466386,0.27824214554873616,2,camera_only,70.0,30.489434837048464,32.135254915624216,5.0,-0.9708055193627337,-1.3849363728678423
14.033333333333333,70.20315893166209,30.434671083376422,32.1183175739514,5.107156318162394,-1.01524995744098,-1.2552072609344895,5.356241536948519,101.24323777780012,-1.2552072609344895,0.04458963990750106,0.2914840673784635,2,camera_only,70.16666666666667,30.45759671483723,32.08892423372774,5.0,-0.9394643560753931,-1.3948981900079767
14.033333333333333,70.19163216063347,30.4516211098003,32.12332024886242,5.052624363597023,-0.9400217872457182,-1.2336892541357962,5.285323367201007,100.53916893021022,-1.2336892541357962,0.04305502418293121,0.28681361909567565,2,camera_only,70.16666666666667,30.45759671483723,32.08892423372774,5.0,-0.9394643560753931,-1.3948981900079767
14.033333333333333,70.19479280602341,30.455176661370576,32.12080850528915,5.071655574589209,-0.921238543904512,-1.2453394478093165,5.302946451012599,100.29521559760254,-1.2453394478093165,0.04054128293597892,0.2782650308048682,2,camera_only,70.16666666666667,30.45759671483723,32.08892423372774,5.0,-0.9394643560753931,-1.3948981900079767
14.066666666666666,70.37461731775437,30.413825389082202,32.060262423789325,5.127126556232663,-0.9651752287594668,-1.3279411390246538,5.3835320761142675,100.66109356039462,-1.3279411390246538,0.04459253997471555,0.2915134702455861,2,camera_only,70.33333333333334,30.426805024679325,32.04226212786672,5.0,-0.9080201699346078,-1.404821765309604
14.066666666666666,70.37316990022384,30.41330178320274,32.06933630980918,5.117827507500138,-0.9692853375281933,-1.2885085801322045,5.365810919436738,100.7244466433646,-1.2885085801322045,0.0430651027689249,0.28686296005203293,2,camera_only,70.33333333333334,30.426805024679325,32.04226212786672,5.0,-0.9080201699346078,-1.404821765309604
14.066666666666666,70.36580174746163,30.424035313869105,32.054278653936585,5.085459861710557,-0.9198562214659074,-1.3535754869257133,5.342303255342669,100.25278497206537,-1.3535754869257133,0.040540178376993884,0.27826380884707375,2,camera_only,70.33333333333334,30.426805024679325,32.04226212786672,5.0,-0.9080201699346078,-1.404821765309604
14.1,70.53592848977026,30.39328073659994,32.00818508968682,5.088837792467535,-0.919910693927833,-1.3578609484946647,5.346615014969329,100.24671737595665,-1.3578609484946647,0.04459116841997414,0.29153221392511663,2,camera_only,70.5,30.397063143230568,31.99526987730636,5.0,-0.8764764091497347,-1.414706826712894
14.1,70.53035948528228,30.40368212222353,32.00386914822145,5.0644438622424035,-0.8723091233941167,-1.3768161604893316,5.320257285164502,99.77283891971399,-1.3768161604893316,0.04307104899968804,0.2869021417835565,2,camera_only,70.5,30.397063143230568,31.99526987730636,5.0,-0.8764764091497347,-1.414706826712894
14.1,70.5307442116688,30.397942187444276,32.01045102190168,5.062871433216776,-0.9002798730412873,-1.3478324862125435,5.31599693472218,100.08294383116848,-1.3478324862125435,0.04053850045229266,0.27826578862230916,2,camera_only,70.5,30.397063143230568,31.99526987730636,5.0,-0.8764764091497347,-1.414706826712894
14.133333333333333,70.70422507698201,30.377185149795586,31.97021021709757,5.091902074412244,-0.854332891186175,-1.3292887403186422,5.331450082248184,99.52452466298578,-1.3292887403186422,0.04458996430110588,0.2915536800899026,2,camera_only,70.66666666666667,30.36837433202342,31.947948770362945,5.0,-0.844836532849604,-1.4245531032138963
14.133333333333333,70.69900436046676,30.38497254495782,31.9725164863586,5.067189910736608,-0.8197801016748925,-1.3194349706746045,5.299939777809939,99.18980150530439,-1.3194349706746045,0.043077719111947986,0.28694554869609135,2,camera_only,70.66666666666667,30.36837433202342,31.947948770362945,5.0,-0.844836532849604,-1.4245531032138963
14.133333333333333,70.69170757910945,30.380745034935764,31.97467156926117,5.025702872511574,-0.8436377320050437,-1.3086071383714646,5.26135596859122,99.52909212726185,-1.3086071383714646,0.04053825198814072,0.27827237394742915,2,camera_only,70.66666666666667,30.36837433202342,31.947948770362945,5.0,-0.844836532849604,-1.4245531032138963
14.166666666666666,70.84942411311248,30.345167508747505,31.932451911961024,4.96934343417203,-0.883981983308567,-1.3002902361157915,5.212154354170727,100.08666845678681,-1.3002902361157915,0.04458967826279706,0.2915761776564368,2,camera_only,70.83333333333333,30.34074173710932,31.900300104368533,5.0,-0.8131040107032069,-1.4343603248719652
14.166666666666666,70.85178998894096,30.34236899338289,31.928924385952055,4.981245452739877,-0.8958686200268556,-1.3155572231009562,5.229347727206867,100.19555554619797,-1.3155572231009562,0.04308407250580768,0.28698619607472536,2,camera_only,70.83333333333333,30.34074173710932,31.900300104368533,5.0,-0.8131040107032069,-1.4343603248719652
14.166666666666666,70.83311051871344,30.351159725884497,31.912647443483813,4.887318262196534,-0.8607320295776082,-1.384189835958325,5.151962822528019,99.98824265165148,-1.384189835958325,0.04053572171333565,0.2782696160636802,2,camera_only,70.83333333333333,30.34074173710932,31.900300104368533,5.0,-0.8131040107032069,-1.4343603248719652
14.2,71.00638848605973,30.319506681099554,31.85496265815634,4.943276815127241,-0.8687857800665791,-1.4352516405803442,5.220222377869451,99.9679899830439,-1.4352516405803442,0.04458530313769507,0.2915865980993796,2,camera_only,71.0,30.31416838871369,31.852325185635358,5.0,-0.781282322539184,-1.4441282228171666
14.2,71.00784269835646,30.3193953267349,31.847534677721335,4.952093340052542,-0.8678036578003323,-1.4675568606072926,5.237369070077066,99.93957410363632,-1.4675568606072926,0.04308632687056754,0.2870152103638245,2,camera_only,71.0,30.31416838871369,31.852325185635358,5.0,-0.781282322539184,-1.4441282228171666
14.2,71.01150805125538,30.322275626158792,31.845482426801947,4.973411590201385,-0.8521213290789104,-1.4772953509023552,5.257692950222406,99.72239103212696,-1.4772953509023552,0.04052925107234023,0.27825805509246576,2,camera_only,71.0,30.31416838871369,31.852325185635358,5.0,-0.781282322539184,-1.4441282228171666
14.233333333333333,71.17760333592618,30.29181262937296,31.793954466809446,4.974479360257081,-0.8615399957280538,-1.486974158717743,5.262963824553341,99.82570179524723,-1.486974158717743,0.044578996378316076,0.2915984032386013,2,camera_only,71.16666666666667,30.288657200903643,31.80402532942006,5.0,-0.7493749579642431,-1.4538565292576433
14.233333333333333,71.18180816936705,30.28135669504062,31.804934042065742,4.990678704412914,-0.9108072236896594,-1.4388579905886663,5.273211170291464,100.34275002579655,-1.4388579905886663,0.04308773665834229,0.28704870048411796,2,camera_only,71.16666666666667,30.288657200903643,31.80402532942006,5.0,-0.7493749579642431,-1.4538565292576433
14.233333333333333,71.18660384298597,30.266092048992274,31.823577639421295,5.0067405157993035,-0.983653057544303,-1.357112553995947,5.2798464385222355,101.11509185721943,-1.357112553995947,0.04052242844088746,0.2782491522773005,2,camera_only,71.16666666666667,30.288657200903643,31.80402532942006,5.0,-0.7493749579642431,-1.4538565292576433
14.266666666666666,71.34351319282467,30.23345121569096,31.787802833149087,4.951823556304488,-0.9886276372581579,-1.3147428950697226,5.217900920682472,101.29060514969238,-1.3147428950697226,0.044577275750145424,0.29162748374717684,2,camera_only,71.33333333333333,30.264210971268398,31.7554018598876,5.0,-0.717385415980476,-1.463544977486959
14.266666666666666,71.3401790348655,30.243019572733754,31.774941791553253,4.940135991510818,-0.9429551623879295,-1.3710654401743463,5.2128618334016,100.80642138033132,-1.3710654401743463,0.0430935939172615,0.2870982643747608,2,camera_only,71.33333333333333,30.264210971268398,31.7554018598876,5.0,-0.717385415980476,-1.463544977486959
14.266666666666666,71.34413547627504,30.260769854539667,31.756517282842356,4.972165839907164,-0.8542580574839078,-1.4535225656853301,5.250230263262018,99.74869834528788,-1.4535225656853301,0.0405214586871307,0.27825943226193905,2,camera_only,71.33333333333333,30.264210971268398,31.7554018598876,5.0,-0.717385415980476,-1.463544977486959
14.299999999999999,71.5001087916667,30.223374240171218,31.708473007548324,4.915570861008254,-0.9012615785157827,-1.4492122624948296,5.203395574455931,100.38968765362571,-1.4492122624948296,0.04457231979285474,0.29164028832660355,2,camera_only,71.5,30.240832380612527,31.70645611007495,5.0,-0.685317204601645,-1.4731933018914136
14.299999999999999,71.49647805980408,30.230130898091197,31.70630637466038,4.899448957536342,-0.8704194842690871,-1.4589083697635734,5.185618940634321,100.07386804167473,-1.4589083697635734,0.04309558141582642,0.28713050447997795,2,camera_only,71.5,30.240832380612527,31.70645611007495,5.0,-0.685317204601645,-1.4731933018914136
14.299999999999999,71.50871565978824,30.23014058025337,31.710397650842502,4.964624625258126,-0.8653395380660258,-1.4429942357919037,5.241997954061826,99.88738684175738,-1.4429942357919037,0.04051683602658414,0.278256354708532,2,camera_only,71.5,30.240832380612527,31.70645611007495,5.0,-0.685317204601645,-1.4731933018914136
14.333333333333334,71.665656668325,30.199365340483485,31.6685576639335,4.916922654304862,-0.8791664310193853,-1.4143935837696664,5.191297642368094,100.13759592157285,-1.4143935837696664,0.0445682737804635,0.29165820522158864,2,camera_only,71.66666666666667,30.218523992661943,31.657189421854564,5.0,-0.6531738404685066,-1.4828012379573186
14.333333333333334,71.66621226923915,30.195124161713604,31.679188627181645,4.916462585874564,-0.9004668370945658,-1.367905307844699,5.182046874955995,100.37888330312407,-1.367905307844699,0.04309919591052444,0.2871696300422198,2,camera_only,71.66666666666667,30.218523992661943,31.657189421854564,5.0,-0.6531738404685066,-1.4828012379573186
14.333333333333334,71.6582729972901,30.204741375523405,31.665766736550054,4.880074907330081,-0.8565114734946377,-1.4260880252586285,5.1558190485282465,99.95470410597514,-1.4260880252586285,0.0405136164854147,0.27825636320624697,2,camera_only,71.66666666666667,30.218523992661943,31.657189421854564,5.0,-0.6531738404685066,-1.4828012379573186
14.366666666666667,71.83527311908719,30.194281811140385,31.622205198878955,4.964652512354394,-0.7644748109710937,-1.4133730441865326,5.21821997112705,98.75385222341468,-1.4133730441865326,0.044564194309609236,0.29167304896457835,2,camera_only,71.83333333333334,30.19728825378278,31.607603145897592,5.0,-0.6209588484631606,-1.4923685222782528
14.366666666666667,71.84019969786426,30.18164342445953,31.635524132250353,4.983537922934361,-0.824189815508136,-1.3547445336295623,5.229748735141244,99.39071695758655,-1.3547445336295623,0.043102962681327926,0.2872064086066289,2,camera_only,71.83333333333334,30.19728825378278,31.607603145897592,5.0,-0.6209588484631606,-1.4923685222782528
14.366666666666667,71.82660172219266,30.180578073380236,31.632272220595755,4.910441391687489,-0.8349060964734384,-1.3666895054711108,5.165011428398891,99.64953158299753,-1.3666895054711108,0.040511471281748986,0.2782590166866691,2,camera_only,71.83333333333334,30.19728825378278,31.607603145897592,5.0,-0.6209588484631606,-1.4923685222782528
14.4,71.99470609279317,30.15776569661518,31.587356741509726,4.9363620812981726,-0.8091511135717673,-1.365244180741977,5.185198915694816,99.30893903363881,-1.365244180741977,0.044562868981822296,0.29169586575752976,2,camera_only,72.0,30.17712749271311,31.55769864163684,5.0,-0.5886757613225104,-1.5018948925622844
14.4,72.00070893217026,30.148883773351926,31.582594685168615,4.965360323651452,-0.84814180566238,-1.3855550279754465,5.224357415199723,99.69324180985917,-1.3855550279754465,0.04310867388989547,0.28724854304374864,2,camera_only,72.0,30.17712749271311,31.55769864163684,5.0,-0.5886757613225104,-1.5018948925622844
14.4,72.00586369156552,30.158064002081638,31.57444276921035,4.998339946958437,-0.8010893710192533,-1.4228730688801412,5.258299551743404,99.10542066206187,-1.4228730688801412,0.040509366154439355,0.2782597940107806,2,camera_only,72.0,30.17712749271311,31.55769864163684,5.0,-0.5886757613225104,-1.5018948925622844
14.433333333333334,72.17898343741007,30.130420706356556,31.519849355421123,5.033955138430968,-0.8017371934056117,-1.454750650853225,5.300923157260756,99.04925903383403,-1.454750650853225,0.04456022130981191,0.2917144314170343,2,camera_only,72.16666666666667,30.15804392030758,31.50747727722949,5.0,-0.5563281192508585,-1.5113800876391594
14.433333333333334,72.17198066914871,30.142230684591862,31.520791134394518,5.001390688102786,-0.748760531006651,-1.4512728479342525,5.261249283866506,98.51454089077818,-1.4512728479342525,0.043113691349316606,0.287288762155473,2,camera_only,72.16666666666667,30.15804392030758,31.50747727722949,5.0,-0.5563281192508585,-1.5113800876391594
14.433333333333334,72.1654764088146,30.143345572068636,31.517205886232233,4.9674316267991285,-0.7458259677589031,-1.4660042307261867,5.232666790998144,98.53878838355244,-1.4660042307261867,0.040508099492608106,0.27826478583767805,2,camera_only,72.16666666666667,30.15804392030758,31.50747727722949,5.0,-0.5563281192508585,-1.5113800876391594
14.466666666666667,72.3406594467724,30.118283504477475,31.458507280938143,5.020405589033796,-0.7412436668124405,-1.5100183169884365,5.294720934065545,98.39882354596746,-1.5100183169884365,0.04455651312723333,0.29172837568722954,2,camera_only,72.33333333333334,30.14003962929495,31.45694042951963,5.0,-0.5239194695316823,-1.5208238474674638
14.466666666666667,72.33789648215789,30.124663896796378,31.453548986143943,5.0090669224669675,-0.7114289761780327,-1.5320085966558261,5.286202130275173,98.08355437216743,-1.5320085966558261,0.04311731004996586,0.2873232476452647,2,camera_only,72.33333333333334,30.14003962929495,31.45694042951963,5.0,-0.5239194695316823,-1.5208238474674638
14.466666666666667,72.34016408845058,30.129591858891292,31.44889691755542,5.024098397752428,-0.6863725968045793,-1.5532101697853113,5.303313481538432,97.77936508897314,-1.5532101697853113,0.04050445690592518,0.27826072999478,2,camera_only,72.33333333333334,30.14003962929495,31.45694042951963,5.0,-0.5239194695316823,-1.5208238474674638
14.5,72.51229501596603,30.112792702451998,31.397994995853423,5.05168388726133,-0.6556036721812137,-1.551004456798208,5.324935783349987,97.3944731091273,-1.551004456798208,0.04455071018932345,0.2917375048509573,2,camera_only,72.5,30.123116594048625,31.406089484000464,5.0,-0.49145336613863916,-1.5302259131417502
14.5,72.5154428790708,30.109899364940695,31.389643187021655,5.068571824568598,-0.6668076289169306,-1.5872702986500304,5.352987927855715,97.4946384949791,-1.5872702986500304,0.043119525808032015,0.2873550532003496,2,camera_only,72.5,30.123116594048625,31.406089484000464,5.0,-0.49145336613863916,-1.5302259131417502
14.5,72.5070642635237,30.11735426109957,31.378980812001167,5.028305706873002,-0.6334948513305837,-1.6333454006640375,5.324752689684689,97.18061982627636,-1.6333454006640375,0.04049963888234497,0.2782545577299485,2,camera_only,72.5,30.123116594048625,31.406089484000464,5.0,-0.49145336613863916,-1.5302259131417502
14.533333333333333,72.68009799652376,30.09636405354203,31.319380035500185,5.058286651483476,-0.629830975751662,-1.6565407009631057,5.359764733693033,97.09763608138168,-1.6565407009631057,0.044543074312714794,0.29174232028286196,2,camera_only,72.66666666666667,30.10727667037012,31.354925834776346,5.0,-0.4589333693458201,-1.5395860268996406
14.533333333333333,72.6831164814728,30.091489920652613,31.318439780502814,5.07255892022078,-0.6515444631808613,-1.6603465399218433,5.376998681350358,97.31927643856778,-1.6603465399218433,0.04311949341123589,0.2873813371355005,2,camera_only,72.66666666666667,30.10727667037012,31.354925834776346,5.0,-0.4589333693458201,-1.5395860268996406
14.533333333333333,72.69535438337545,30.094079521283714,31.319247938370225,5.1393840258646835,-0.6341396705923221,-1.659049843420235,5.437632542760197,97.0340733910427,-1.659049843420235,0.040492571661169714,0.2782430120099723,2,camera_only,72.66666666666667,30.10727667037012,31.354925834776346,5.0,-0.4589333693458201,-1.5395860268996406
14.566666666666666,72.85438797135782,30.081021720991178,31.283891863453288,5.073851413773612,-0.603957140884242,-1.5718693375582302,5.345980322768996,96.78816409581958,-1.5718693375582302,0.04453632331484006,0.29175397786617324,2,camera_only,72.83333333333333,30.092521595285564,31.303450884524572,5.0,-0.426363045337346,-1.5489039321288864
14.566666666666666,72.8522431100139,30.0854378014095,31.2820145130852,5.064474710861208,-0.583635457293473,-1.5803662432887462,5.337330035409977,96.57382773193625,-1.5803662432887462,0.04312126491733918,0.2874167651631697,2,camera_only,72.83333333333333,30.092521595285564,31.303450884524572,5.0,-0.426363045337346,-1.5489039321288864
14.566666666666666,72.86006919582248,30.09193250399323,31.27666515420212,5.110135539500979,-0.5487184793521716,-1.6057409250361772,5.384513081049163,96.12884901906979,-1.6057409250361772,0.04049036594010531,0.2782494451696672,2,camera_only,72.83333333333333,30.092521595285564,31.303450884524572,5.0,-0.426363045337346,-1.5489039321288864
14.6,73.02629470131205,30.081874287985745,31.235267074994344,5.08970686011826,-0.5132476896529066,-1.553743371865862,5.346275112495243,95.75825948517867,-1.553743371865862,0.04453213393510733,0.29176921492254226,2,camera_only,73.0,30.078852986855225,31.251666044456893,5.0,-0.39374596581627297,-1.5581793733744103
14.6,73.02085990496357,30.087956328574897,31.24683025338859,5.061336454908217,-0.4884405465130457,-1.5036599840867908,5.302517725100476,95.51221739612059,-1.5036599840867908,0.043125254102693605,0.28745478088705034,2,camera_only,73.0,30.078852986855225,31.251666044456893,5.0,-0.39374596581627297,-1.5581793733744103
14.6,73.0261510641428,30.088219075516385,31.248063993591266,5.08973312277188,-0.4851650564330542,-1.4991396949120943,5.328056701827225,95.4451130783598,-1.4991396949120943,0.040490706371656866,0.27826062687920977,2,camera_only,73.0,30.078852986855225,31.251666044456893,5.0,-0.39374596581627297,-1.5581793733744103
14.633333333333333,73.19505640612687,30.08613346390411,31.211996778946247,5.08952701442286,-0.4208878644124066,-1.4408576158390891,5.306270111299575,94.7274236190335,-1.4408576158390891,0.04453177778445573,0.2917920094472711,2,camera_only,73.16666666666667,30.066272343996033,31.19957273428087,5.0,-0.3610857076129346,-1.5674120963453042
14.633333333333333,73.1920431841229,30.09033768485131,31.21600742511613,5.074481784317927,-0.40283862486019334,-1.4236456361214498,5.285774421435457,94.53891669836999,-1.4236456361214498,0.04313305350571688,0.2875001117369682,2,camera_only,73.16666666666667,30.066272343996033,31.19957273428087,5.0,-0.3610857076129346,-1.5674120963453042
14.633333333333333,73.18060254386967,30.085442636781647,31.21839536534211,5.010522069540737,-0.43114302404838195,-1.4107679628600238,5.223167809057315,94.91804587821757,-1.4107679628600238,0.040494346908854506,0.27827784498240166,2,camera_only,73.16666666666667,30.066272343996033,31.19957273428087,5.0,-0.3610857076129346,-1.5674120963453042
14.666666666666666,73.35982359910497,30.068314713070222,31.15597689921525,5.077332791387514,-0.4367598496248561,-1.4790657281789377,5.306383219200884,94.91656644974454,-1.4790657281789377,0.04453366923218523,0.29181587542449156,2,camera_only,73.33333333333333,30.054781046317267,31.147172382160917,5.0,-0.32838585229269307,-1.5766018479218038
14.666666666666666,73.3667014596701,30.056645836670242,31.153757638131744,5.109833817146106,-0.4888351851334398,-1.4878710843952996,5.3444477582678305,95.4646036194962,-1.4878710843952996,0.04314185943624364,0.2875431104875804,2,camera_only,73.33333333333333,30.054781046317267,31.147172382160917,5.0,-0.32838585229269307,-1.5766018479218038
14.666666666666666,73.36962879223651,30.064424645392112,31.145786889196394,5.129994520467191,-0.44954815198231673,-1.5242076130716509,5.370488447871358,95.00811098845328,-1.5242076130716509,0.04049356778102884,0.2782747852848387,2,camera_only,73.33333333333333,30.054781046317267,31.147172382160917,5.0,-0.32838585229269307,-1.5766018479218038
14.7,73.54041566834947,30.03758207590714,31.08397772745319,5.125630288397471,-0.5039682629750447,-1.5700455798577753,5.384339605397728,95.61545388369676,-1.5700455798577753,0.044531781909604946,0.29183080814415124,2,camera_only,73.5,30.0443803539692,31.094466424679148,5.0,-0.29564998576317275,-1.5857483761622284
14.7,73.54096322133064,30.035139521170937,31.088706375284307,5.126868101648411,-0.516063612985627,-1.549173805453108,5.380616847894841,95.74795482072128,-1.549173805453108,0.04314734041343743,0.287578934147249,2,camera_only,73.5,30.0443803539692,31.094466424679148,5.0,-0.29564998576317275,-1.5857483761622284
14.7,73.53443134656911,30.02875788171004,31.094384632266312,5.088252258938495,-0.5498216568734057,-1.5224438676832686,5.33951779051312,96.16728488654353,-1.5224438676832686,0.040491593541677855,0.2782717004361252,2,camera_only,73.5,30.0443803539692,31.094466424679148,5.0,-0.29564998576317275,-1.5857483761622284
14.733333333333333,73.70805542994633,30.02711385998884,31.0553356068892,5.1148746013089355,-0.4712444545588188,-1.474994995148604,5.344120485054684,95.26392361235573,-1.474994995148604,0.0445293882053807,0.2918464516106953,2,camera_only,73.66666666666666,30.035071407504958,31.041456306796015,5.0,-0.26288169788104093,-1.5948514303098855
14.733333333333333,73.69699020550591,30.045998528434968,31.058513623071427,5.062505378293225,-0.3869109568807242,-1.462645724434708,5.283748036101771,94.3704355201622,-1.462645724434708,0.0431528022388889,0.28761654657117547,2,camera_only,73.66666666666666,30.035071407504958,31.041456306796015,5.0,-0.26288169788104093,-1.5948514303098855
14.733333333333333,73.6870297312926,30.050048839389845,31.051205697123464,5.011639652529282,-0.37055656126456443,-1.4935680518553465,5.242574720251779,94.2287084350249,-1.4935680518553465,0.04049591670248415,0.2782914602013329,2,camera_only,73.66666666666666,30.035071407504958,31.041456306796015,5.0,-0.26288169788104093,-1.5948514303098855
14.766666666666666,73.84819926329136,30.03009958657066,31.000520405789604,4.977051668208352,-0.40863823504020985,-1.4952722387524005,5.21285599102219,94.69371203024785,-1.4952722387524005,0.0445283054996128,0.29186077139092986,2,camera_only,73.83333333333333,30.02685522775542,30.98814348181068,5.0,-0.23008458205832902,-1.6039107607999474
14.766666666666666,73.83820125292218,30.045775669520534,31.008600086765057,4.928304939944505,-0.3398822571092358,-1.4612692820773119,5.151603385793769,93.9451764841196,-1.4612692820773119,0.043158344900052555,0.2876493091401458,2,camera_only,73.83333333333333,30.02685522775542,30.98814348181068,5.0,-0.23008458205832902,-1.6039107607999474
14.766666666666666,73.84112993477112,30.04704144340237,31.00797762176546,4.944670232514655,-0.33263593323585466,-1.4646453980663374,5.167745786556564,93.84858084520435,-1.4646453980663374,0.04049772354461044,0.2782988264058675,2,camera_only,73.83333333333333,30.02685522775542,30.98814348181068,5.0,-0.23008458205832902,-1.6039107607999474
14.799999999999999,74.00747874519149,30.036418232206614,30.958083615184957,4.953233991974303,-0.32966091953532367,-1.4696289496057307,5.177162596503784,93.80768700142313,-1.4696289496057307,0.0445277449588832,0.29187621698059685,2,camera_only,74.0,30.019732715717282,30.934529411321172,5.0,-0.1972622348683768,-1.6129261192662918
14.799999999999999,74.01025675307653,30.03193193555476,30.956120421340557,4.966706387580523,-0.34942203033578084,-1.4778197058040778,5.1936710695403105,94.02429161001183,-1.4778197058040778,0.04316511650347339,0.2876853843624257,2,camera_only,74.0,30.019732715717282,30.934529411321172,5.0,-0.1972622348683768,-1.6129261192662918
14.799999999999999,74.00475624861755,30.034000112729544,30.952423347709807,4.938479923975904,-0.3411822447119609,-1.4934079370638165,5.170614716849917,93.95208459925216,-1.4934079370638165,0.04049793146754925,0.2782998044949493,2,camera_only,74.0,30.019732715717282,30.934529411321172,5.0,-0.1972622348683768,-1.6129261192662918
14.833333333333334,74.16875390211385,30.02903876743497,30.90903074518262,4.936689442451517,-0.3122739158495389,-1.4666526950622587,5.159407696399429,93.6194642412449,-1.4666526950622587,0.044526078239739864,0.29188961539476604,2,camera_only,74.16666666666667,30.01370465245426,30.880615565184314,5.0,-0.16441825565142792,-1.621897258548313
14.833333333333334,74.16531651474989,30.034514802220198,30.911962706530655,4.919884456080875,-0.288272377044395,-1.4543279673094303,5.138427177751127,93.3533160893593,-1.4543279673094303,0.043170648512442046,0.28771914131486387,2,camera_only,74.16666666666667,30.01370465245426,30.880615565184314,5.0,-0.16441825565142792,-1.621897258548313
14.833333333333334,74.14500945216948,30.042846641543303,30.897326994759126,4.816068609903658,-0.2542831147010344,-1.5163149060144854,5.05553040263068,93.02234760610683,-1.5163149060144854,0.040500129599618295,0.27830982541093807,2,camera_only,74.16666666666667,30.01370465245426,30.880615565184314,5.0,-0.16441825565142792,-1.621897258548313
14.866666666666667,74.31014553878084,30.02379141923911,30.83117341980795,4.839132876898468,-0.2996602007620292,-1.5830714380962827,5.1003057177307145,93.54347972629066,-1.5830714380962827,0.044523214187782954,0.29189767917139436,2,camera_only,74.33333333333334,30.008771699011415,30.82640342147543,5.0,-0.13155624611992156,-1.6308239326976952
14.866666666666667,74.31104152793235,30.018377130192857,30.843862567546378,4.83991071519468,-0.3270885892383626,-1.5270091757228486,5.08561497746418,93.86625773451871,-1.5270091757228486,0.04317398201112254,0.28774471363035536,2,camera_only,74.33333333333334,30.008771699011415,30.82640342147543,5.0,-0.13155624611992156,-1.6308239326976952
14.866666666666667,74.30869611440589,30.032018506696907,30.82834267277889,4.8349519070836005,-0.2609171714915157,-1.5966460581263602,5.098442541514117,93.0889585655888,-1.5966460581263602,0.04049724511487205,0.27830259452425954,2,camera_only,74.33333333333334,30.008771699011415,30.82640342147543,5.0,-0.13155624611992156,-1.6308239326976952
14.9,74.47810065305721,30.017669500260006,30.760317784689573,4.87943349021971,-0.2817842711557059,-1.6613615141013587,5.162208407405266,93.30512496278443,-1.6613615141013587,0.04451812239528878,0.2919035650526025,2,camera_only,74.5,30.004934396342684,30.771894466447833,5.0,-0.09867980996352677,-1.639705896985157
14.9,74.4764823810846,30.01804501205307,30.769068310377286,4.869513774785255,-0.28219547244735493,-1.6230780612527829,5.140640143057402,93.31666499543687,-1.6230780612527829,0.04317617559279331,0.2877714591267292,2,camera_only,74.5,30.004934396342684,30.771894466447833,5.0,-0.09867980996352677,-1.639705896985157
14.9,74.48730565583809,30.013657314655852,30.776288656752424,4.924990091394094,-0.30007677008699807,-1.592550278503834,5.1847651690157095,93.48668799535179,-1.592550278503834,0.040494214850099956,0.2783002523310944,2,camera_only,74.5,30.004934396342684,30.771894466447833,5.0,-0.09867980996352677,-1.639705896985157
14.933333333333334,74.65256730956983,29.993969503572863,30.712604764428484,4.928869086388187,-0.3433559670458571,-1.6370821043285024,5.204967013072394,93.98491353985158,-1.6370821043285024,0.044515381902720155,0.29192076795967936,2,camera_only,74.66666666666667,30.002193165251544,30.717090194492048,5.0,-0.06579255245394632,-1.648542907907162
14.933333333333334,74.64882168717607,29.99968771330883,30.717114453783196,4.910164889535329,-0.31864283350320244,-1.6179103614565165,5.17966084174213,93.71297626323114,-1.6179103614565165,0.043180949660278245,0.28780988609704133,2,camera_only,74.66666666666667,30.002193165251544,30.717090194492048,5.0,-0.06579255245394632,-1.648542907907162
14.933333333333334,74.64706881724082,29.99777617175655,30.7192045342035,4.899679428236967,-0.3286824713808502,-1.6081736375264766,5.167311981573852,93.83779106256945,-1.6081736375264766,0.0404931043461827,0.2783046248396971,2,camera_only,74.66666666666667,30.002193165251544,30.717090194492048,5.0,-0.06579255245394632,-1.648542907907162
14.966666666666667,74.8125370073963,30.011052784786894,30.686483744888566,4.917024040153921,-0.2176893274015508,-1.5221080144513837,5.151827526458281,92.53497646179807,-1.5221080144513837,0.04451216407336661,0.2919349483716293,2,camera_only,74.83333333333333,30.00054830634488,30.66199210809489,5.0,-0.03289808004957739,-1.6573347231925908
14.966666666666667,74.81533516603903,30.008191124709597,30.678184030680708,4.932317730718563,-0.2285904560775801,-1.5581737000360707,5.177636243775201,92.65349962078562,-1.5581737000360707,0.04318565777079623,0.2878463246799349,2,camera_only,74.83333333333333,30.00054830634488,30.66199210809489,5.0,-0.03289808004957739,-1.6573347231925908
14.966666666666667,74.80852496759415,30.003364757464496,30.68212198125738,4.893229864545662,-0.25455087358189515,-1.5390162616959142,5.135860756318003,92.97790133455766,-1.5390162616959142,0.040496087231384474,0.27832195072139965,2,camera_only,74.83333333333333,30.00054830634488,30.66199210809489,5.0,-0.03289808004957739,-1.6573347231925908
15.0,74.98419560452339,30.008693267793927,30.628843561062997,4.966281804325806,-0.184626721908915,-1.552309580525982,5.206506220126235,92.12905008486165,-1.552309580525982,0.0445125161502441,0.2919563443163217,2,camera_only,75.0,30.0,30.606601717798213,5.0,-5.771012081165369e-16,-1.666081101809387
15.0,74.98011674405195,30.01512471747393,30.632905909610347,4.946050776910194,-0.1566205682203969,-1.535184652488857,5.181191002790859,91.81370963983632,-1.535184652488857,0.04319331442193733,0.28788831685662947,2,camera_only,75.0,30.0,30.606601717798213,5.0,-5.771012081165369e-16,-1.666081101809387
15.0,74.9828586727227,30.007002620403618,30.642818285718636,4.956265440587875,-0.1956974633192796,-1.4908644914669942,5.179337944818088,92.26114142809283,-1.4908644914669942,0.040500779089603464,0.27834092521803216,2,camera_only,75.0,30.0,30.606601717798213,5.0,-5.771012081165369e-16,-1.666081101809387
15.033333333333333,75.14471845205811,29.97990146748961,30.577370394439274,4.933238132344171,-0.29062190969021756,-1.5549825635599348,5.18066311757308,93.37145410343932,-1.5549825635599348,0.044515555667404505,0.29198301639576757,2,camera_only,75.16666666666667,30.00054830634488,30.550920542157556,5.0,0.032898080049576235,-1.6747818039711624
15.033333333333333,75.1480512379583,29.976309805551004,30.568130471558135,4.951338307793786,-0.304543770816715,-1.5951036215640682,5.210840000431437,93.51967837512042,-1.5951036215640682,0.043202901134619304,0.28793323467049664,2,camera_only,75.16666666666667,30.00054830634488,30.550920542157556,5.0,0.032898080049576235,-1.6747818039711624
15.033333333333333,75.14338041593032,29.978230207638052,30.56503992193731,4.927372788175631,-0.2965999485222895,-1.6081964932020647,5.191653887140833,93.44472510255324,-1.6081964932020647,0.04050126351789117,0.27834059883694434,2,camera_only,75.16666666666667,30.00054830634488,30.550920542157556,5.0,0.032898080049576235,-1.6747818039711624
15.066666666666666,75.30645713644351,29.9805215301773,30.524212830131606,4.923411360233799,-0.24228524104370194,-1.554689719698818,5.168727278996641,92.81730105517931,-1.554689719698818,0.044513331659914356,0.2919938986031253,2,camera_only,75.33333333333333,30.002193165251544,30.494950107700483,5.0,0.06579255245394515,-1.6834365911437712
15.066666666666666,75.30420428904094,29.98870875243406,30.511179033701968,4.916284536244365,-0.20208547505283403,-1.6127854234274985,5.1780082080432255,92.35383653289739,-1.6127854234274985,0.04320789766298382,0.28796459673327834,2,camera_only,75.33333333333333,30.002193165251544,30.494950107700483,5.0,0.06579255245394515,-1.6834365911437712
15.066666666666666,75.3127006769019,30.002710787293744,30.496748649174098,4.9693501050053515,-0.130497941286979,-1.6798737814986922,5.247232232383427,91.50427381286111,-1.6798737814986922,0.04050485626251952,0.27835500777224675,2,camera_only,75.33333333333333,30.002193165251544,30.494950107700483,5.0,0.06579255245394515,-1.6834365911437712
15.1,75.49005125153938,30.024444324986696,30.451968294186763,5.039807210518893,-0.006181896119935526,-1.6381177847631663,5.299351357647013,90.07027974774162,-1.6381177847631663,0.044511138307713076,0.29200465253032803,2,camera_only,75.5,30.004934396342684,30.438691948884717,5.0,0.09867980996352561,-1.6920452260518524
15.1,75.48716843295216,30.02979115596297,30.452501646763682,5.026085305593487,0.01781144679139841,-1.636395478150054,5.285796147000896,89.79695600172433,-1.636395478150054,0.043214013229385305,0.28799935151347883,2,camera_only,75.5,30.004934396342684,30.438691948884717,5.0,0.09867980996352561,-1.6920452260518524
15.1,75.48502478466428,30.035761865388814,30.44556788529544,5.017757969530954,0.046465136826062646,-1.6674933170936395,5.2877772279364805,89.46944827582404,-1.6674933170936395,0.040510609788389745,0.27837773257678455,2,camera_only,75.5,30.004934396342684,30.438691948884717,5.0,0.09867980996352561,-1.6920452260518524
15.133333333333333,75.64183458572923,30.025817871392892,30.391639418971383,4.957229759030315,-0.01136372970042017,-1.6562005908727908,5.226591280689149,90.13134202821719,-1.6562005908727908,0.04451227312133026,0.29202415392975273,2,camera_only,75.66666666666666,30.008771699011415,30.38214760805611,5.0,0.1315562461199204,-1.7006074726853302
15.133333333333333,75.63894907067191,30.031042744208225,30.392853509189397,4.943312912492815,0.01191665088035267,-1.6514946212213812,5.211901672260285,89.86187957532361,-1.6514946212213812,0.043222103485647846,0.2880384090776372,2,camera_only,75.66666666666666,30.008771699011415,30.38214760805611,5.0,0.1315562461199204,-1.7006074726853302
15.133333333333333,75.63671295111799,30.03203059706476,30.391279085388053,4.931868428544967,0.016100625299954156,-1.6581979265001756,5.203191884801399,89.81295230937981,-1.6581979265001756,0.04051401995376986,0.27838871683433614,2,camera_only,75.66666666666666,30.008771699011415,30.38214760805611,5.0,0.1315562461199204,-1.7006074726853302
15.166666666666666,75.80811695720476,30.045247695945648,30.339427165832333,4.973387847358305,0.07721619609314638,-1.6470579995879566,5.239594361703686,89.11050437893847,-1.6470579995879566,0.04451300884682499,0.2920410825747258,2,camera_only,75.83333333333333,30.01370465245426,30.325318635406312,5.0,0.1644182556514268,-1.7091230963058894
15.166666666666666,75.81011648247573,30.041076928693037,30.340587344035843,4.982538257770982,0.05810046980987008,-1.6414610864434718,5.246280363557766,89.3319146456335,-1.6414610864434718,0.0432304050223335,0.2880766950019267,2,camera_only,75.83333333333333,30.01370465245426,30.325318635406312,5.0,0.1644182556514268,-1.7091230963058894
15.166666666666666,75.7976490466537,30.051431069582083,30.326725255550063,4.9212014381513365,0.10526062256683674,-1.702045764997502,5.2082879317172806,88.77467524394514,-1.702045764997502,0.04051874253493271,0.2784037800487226,2,camera_only,75.83333333333333,30.01370465245426,30.325318635406312,5.0,0.1644182556514268,-1.7091230963058894
15.2,75.95465937971534,30.035401148334838,30.25999605312604,4.878412022523274,0.013450870710927529,-1.7403995746432361,5.179582557199071,89.8420231489278,-1.7403995746432361,0.04451300851326844,0.292054826255737,2,camera_only,76.0,30.019732715717282,30.268206588930333,5.0,0.19726223486837563,-1.7175918634534055
15.2,75.96086620731529,30.023772857941225,30.258297386514776,4.908187385114498,-0.0386215619927902,-1.746411290363571,5.209774220401227,90.45083992452014,-1.746411290363571,0.04323670975934906,0.28810813580850286,2,camera_only,76.0,30.019732715717282,30.268206588930333,5.0,0.19726223486837563,-1.7175918634534055
15.2,75.98343937416054,30.02206487233225,30.264223115605134,5.028162414835654,-0.04036371240784696,-1.7239593017358792,5.315645038307855,90.45993357025681,-1.7239593017358792,0.04051780071806466,0.27839974138467816,2,camera_only,76.0,30.019732715717282,30.268206588930333,5.0,0.19726223486837563,-1.7175918634534055
15.233333333333333,76.13857823557753,30.018670940295102,30.22085404304772,4.9580626934474905,-0.05696782034419246,-1.6598414744711696,5.228833973754108,90.65829584053606,-1.6598414744711696,0.04451339108898743,0.29207512287506965,2,camera_only,76.16666666666666,30.02685522775542,30.21081303438377,5.0,0.23008458205832785,-1.7260135419523501
15.233333333333333,76.1400729217483,30.01852889426446,30.210667922637835,4.967736666295031,-0.05501483563459217,-1.704558666913551,5.252328480468646,90.63449197331258,-1.704558666913551,0.04324480695956842,0.2881502316475703,2,camera_only,76.16666666666666,30.02685522775542,30.21081303438377,5.0,0.23008458205832785,-1.7260135419523501
15.233333333333333,76.16654830633283,30.02082432792259,30.21213077557852,5.110762200828482,-0.035942636435789266,-1.703130191042518,5.387191716856908,90.4029393935509,-1.703130191042518,0.040521971809243426,0.2784159964075912,2,camera_only,76.16666666666666,30.02685522775542,30.21081303438377,5.0,0.23008458205832785,-1.7260135419523501
15.266666666666666,76.3307558283075,30.019213774265566,30.16281452546601,5.07628663844629,-0.04142479402352539,-1.669418061286753,5.343908561397607,90.46754908666682,-1.669418061286753,0.04451596942951161,0.2921008776704012,2,camera_only,76.33333333333333,30.035071407504958,30.15313954523991,5.0,0.2628816978810398,-1.7343879009181524
15.266666666666666,76.333244357755,30.0143485472703,30.162409062484816,5.088162907395726,-0.06330720533662429,-1.6705612074723355,5.355761787305022,90.7128404869996,-1.6705612074723355,0.04325518706190836,0.28819820889666015,2,camera_only,76.33333333333333,30.035071407504958,30.15313954523991,5.0,0.2628816978810398,-1.7343879009181524
15.266666666666666,76.34196065835735,30.0217258297309,30.155304365033327,5.138653445843494,-0.024487496602610313,-1.7046866824789328,5.414084923548033,90.2730325367966,-1.7046866824789328,0.040528242505836164,0.27843705491135956,2,camera_only,76.33333333333333,30.035071407504958,30.15313954523991,5.0,0.2628816978810398,-1.7343879009181524
15.299999999999999,76.51707788668026,30.016515606592538,30.089061760472966,5.159425786305155,-0.04180328000505848,-1.7455558384578247,5.446869481067446,90.46421815207381,-1.7455558384578247,0.04451908747457326,0.2921257377758983,2,camera_only,76.49999999999999,30.0443803539692,30.095187702646605,5.0,0.2956499857631688,-1.7427147107635306
15.299999999999999,76.51219999524545,30.023835538344965,30.097282652938286,5.134143509978189,-0.010877233573608962,-1.7103889123857603,5.411559675996701,90.12138707126076,-1.7103889123857603,0.04326570129512298,0.2882441948124907,2,camera_only,76.49999999999999,30.0443803539692,30.095187702646605,5.0,0.2956499857631688,-1.7427147107635306
15.299999999999999,76.53199997602833,30.02246104432253,30.101764221569535,5.239508522284206,-0.012043381644017729,-1.693894268183248,5.506529977210176,90.13169817762231,-1.693894268183248,0.04053586261713695,0.27846120071975394,2,camera_only,76.49999999999999,30.0443803539692,30.095187702646605,5.0,0.2956499857631688,-1.7427147107635306
15.333333333333334,76.71288058782456,30.02391016464422,30.039234269733832,5.274634280101144,-0.0001510947985080332,-1.7219116417924867,5.548580585500066,90.00164126910015,-1.7219116417924867,0.04452476558611151,0.29215748257009583,2,camera_only,76.66666666666667,30.054781046317267,30.03695909538287,5.0,0.32838585229269196,-1.7509937432047882
15.333333333333334,76.71465752939656,30.017446952330967,30.04923818090629,5.280484812305937,-0.031988618639724395,-1.677037099012487,5.540487032398899,90.3470875281173,-1.677037099012487,0.043279392919967054,0.2882987734652371,2,camera_only,76.66666666666667,30.054781046317267,30.03695909538287,5.0,0.32838585229269196,-1.7509937432047882
15.333333333333334,76.69180106655025,30.031728310495343,30.029489239167077,5.165301172020396,0.03201094814048652,-1.7626175016560994,5.4578550141626625,89.64492510974442,-1.7626175016560994,0.040544986774735295,0.27848640045147144,2,camera_only,76.66666666666667,30.054781046317267,30.03695909538287,5.0,0.32838585229269196,-1.7509937432047882
15.366666666666667,76.8603772524202,30.025070475136502,29.967686722970605,5.144072045220887,-0.004472008435085557,-1.7735806242716974,5.441239329056794,90.0498101780992,-1.7735806242716974,0.04452742311171681,0.2921758606622388,2,camera_only,76.83333333333333,30.066272343996033,29.978455319815417,5.0,0.3610857076129334,-1.7592247712680666
15.366666666666667,76.85439501219106,30.033256549299363,29.981660041593518,5.112032880473227,0.02885369402471935,-1.7132666122644653,5.391567044134611,89.67661058247104,-1.7132666122644653,0.043288561274721006,0.288335488332333,2,camera_only,76.83333333333333,30.066272343996033,29.978455319815417,5.0,0.3610857076129334,-1.7592247712680666
15.366666666666667,76.8422923252247,30.03590045629941,29.977001514556974,5.048520612064553,0.038578272983221154,-1.7321288903322185,5.337538678671147,89.56218279153074,-1.7321288903322185,0.04055325186216792,0.27850865724836565,2,camera_only,76.83333333333333,30.066272343996033,29.978455319815417,5.0,0.3610857076129334,-1.7592247712680666
15.4,77.01101155608808,30.049948963018057,29.931758386386715,5.0525684235975685,0.09545390730599945,-1.6804598123493841,5.3255520187560395,88.91768798727243,-1.6804598123493841,0.0445312764518265,0.2921975654784115,2,camera_only,77.0,30.07885298685522,29.919677979854775,5.0,0.39374596581627186,-1.7674075692955749
15.4,77.0066917163811,30.059884404666338,29.92790000817094,5.032981587048593,0.14140456792895995,-1.698855120415511,5.313850546220071,88.39066484907258,-1.698855120415511,0.04329948827591559,0.2883769204325023,2,camera_only,77.0,30.07885298685522,29.919677979854775,5.0,0.39374596581627186,-1.7674075692955749
15.4,77.01383423772324,30.058541077341143,29.93072592222732,5.070515951846505,0.13661169601156728,-1.6874396387180588,5.345675570751928,88.45668949741798,-1.6874396387180588,0.04056411250943566,0.2785390911549565,2,camera_only,77.0,30.07885298685522,29.919677979854775,5.0,0.39374596581627186,-1.7674075692955749
15.433333333333334,77.1803406967998,30.053374745452672,29.868092511541445,5.05524739608091,0.09201562371426975,-1.7126865058797076,5.33828513457391,88.95721725331981,-1.7126865058797076,0.04453870431571919,0.29222849582553656,2,camera_only,77.16666666666667,30.092521595285564,29.860628686911433,5.0,0.42636304533734476,-1.7755419129517718
15.433333333333334,77.18173051274671,30.051316597249784,29.865833328384397,5.062504258045958,0.08333463446975099,-1.722343024187105,5.3481173806304625,89.05693083873417,-1.722343024187105,0.0433136248966911,0.28842677146423945,2,camera_only,77.16666666666667,30.092521595285564,29.860628686911433,5.0,0.42636304533734476,-1.7755419129517718
15.433333333333334,77.1720318942664,30.064407908702623,29.848672369542328,5.01716237620221,0.1454773342405416,-1.7987639297990348,5.331850864296825,88.33912043717109,-1.7987639297990348,0.04057231746219826,0.27855698351371805,2,camera_only,77.16666666666667,30.092521595285564,29.860628686911433,5.0,0.42636304533734476,-1.7755419129517718
15.466666666666667,77.34212666844903,30.07580637431889,29.791017948059277,5.034008684014359,0.17627144449625384,-1.7907246591463084,5.345933955610698,87.99454357760922,-1.7907246591463084,0.04454168568305972,0.2922452153405734,2,camera_only,77.33333333333333,30.10727667037012,29.801309059851583,5.0,0.45893336934581896,-1.7836275792295155
15.466666666666667,77.34481542962627,30.073218275698974,29.77982227924309,5.049663121468494,0.16755278191319517,-1.8396096202700527,5.376926178592739,88.09956700257965,-1.8396096202700527,0.043323461136755996,0.28846311534733154,2,camera_only,77.33333333333333,30.10727667037012,29.801309059851583,5.0,0.45893336934581896,-1.7836275792295155
15.466666666666667,77.33601631463944,30.07685140979595,29.774499048835537,5.004326960871127,0.18321931565692112,-1.8621934660022355,5.342716739052602,87.90321319668651,-1.8621934660022355,0.04057966448641497,0.278576078985298,2,camera_only,77.33333333333333,30.10727667037012,29.801309059851583,5.0,0.45893336934581896,-1.7836275792295155
15.5,77.51204751839204,30.100206598570338,29.717148088287654,5.057933306552904,0.2649848102880791,-1.8472780626590855,5.39122829455423,87.00101945439052,-1.8472780626590855,0.04454462008921273,0.2922645984374264,2,camera_only,77.5,30.12311659404862,29.741720724952756,5.0,0.491453366138638,-1.7916643464561826
15.5,77.51512583341254,30.090908797712245,29.726989055327525,5.0701284273673615,0.22024444307003768,-1.8025263390323605,5.385518646110815,87.51265696655413,-1.8025263390323605,0.043333603922128934,0.28850313648317666,2,camera_only,77.5,30.12311659404862,29.741720724952756,5.0,0.491453366138638,-1.7916643464561826
15.5,77.49701879700147,30.091077123894447,29.72375085899814,4.973416313330481,0.216772138994609,-1.8134820360127812,5.298167332284543,87.50427637874618,-1.8134820360127812,0.040588276429824086,0.2786008893308514,2,camera_only,77.5,30.12311659404862,29.741720724952756,5.0,0.491453366138638,-1.7916643464561826
15.533333333333333,77.66740203069536,30.111492449882842,29.670253913096143,5.000565252330814,0.2777522864315578,-1.7870357288396788,5.317546038501769,86.82081976116548,-1.7870357288396788,0.044550079220247556,0.2922911663717767,2,camera_only,77.66666666666666,30.140039629294947,29.681865315859262,5.0,0.5239194695316812,-1.7996519942997378
15.533333333333333,77.6764038414047,30.092256560683715,29.67113982791684,5.043460864811173,0.19046659363366392,-1.780163171024953,5.3517993173927865,87.83724932654718,-1.780163171024953,0.043345866423548346,0.2885488004224883,2,camera_only,77.66666666666666,30.140039629294947,29.681865315859262,5.0,0.5239194695316812,-1.7996519942997378
15.533333333333333,77.67652444963177,30.089737840809434,29.674005817397493,5.042906421220895,0.17810153710946725,-1.7670235974536217,5.3464939656441794,87.97731188739466,-1.7670235974536217,0.04059693353681206,0.278623979032783,2,camera_only,77.66666666666666,30.140039629294947,29.681865315859262,5.0,0.5239194695316812,-1.7996519942997378
15.566666666666666,77.84259173982288,30.110149390052747,29.632726316558678,5.032777033281674,0.24066675187859538,-1.6929510082405217,5.3153408421746455,87.26220877771527,-1.6929510082405217,0.04455819970893471,0.2923255724257016,2,camera_only,77.83333333333333,30.15804392030758,29.621744473537372,5.0,0.5563281192508572,-1.8075903037747822
15.566666666666666,77.83912449674399,30.115121215447534,29.641386356350075,5.013953762031617,0.26080070149125006,-1.6555731829166593,5.286650347590819,87.02244459236854,-1.6555731829166593,0.0433610250178396,0.2886030661442556,2,camera_only,77.83333333333333,30.15804392030758,29.621744473537372,5.0,0.5563281192508572,-1.8075903037747822
15.566666666666666,77.85088228776463,30.11414442762934,29.643633789513647,5.076445198980472,0.25883139914811537,-1.6476437384640763,5.343408971839675,87.08120243126284,-1.6476437384640763,0.04061235746899581,0.27866907137450514,2,camera_only,77.83333333333333,30.15804392030758,29.621744473537372,5.0,0.5563281192508572,-1.8075903037747822
15.6,78.02560468527493,30.128993703974224,29.58732293494592,5.107909399261549,0.2895036542590819,-1.6562853094568246,5.377530271715477,86.75608766637991,-1.6562853094568246,0.044571474930293294,0.29237074367594346,2,camera_only,78.0,30.17712749271311,29.561359846230346,5.0,0.5886757613225093,-1.8154790572485509
15.6,78.02778321057295,30.124963098875376,29.585092795691587,5.118942826657204,0.2718741280645318,-1.6654729537474189,5.389924986839821,86.95979843769113,-1.6654729537474189,0.04338134782405777,0.28866821086873645,2,camera_only,78.0,30.17712749271311,29.561359846230346,5.0,0.5886757613225093,-1.8154790572485509
15.6,77.98896183214995,30.142178608332987,29.559991309653068,4.919558237534209,0.34791694117820693,-1.7725636617302198,5.240713824025877,85.95471030544441,-1.7725636617302198,0.04062855229914396,0.2787105988344396,2,camera_only,78.0,30.17712749271311,29.561359846230346,5.0,0.5886757613225093,-1.8154790572485509
15.633333333333333,78.15531972904341,30.159697210811604,29.503461602437024,4.933354893311096,0.3753904038659331,-1.7632734096392464,5.252431967747128,85.64861668993977,-1.7632734096392464,0.04457910157363954,0.2923939202590118,2,camera_only,78.16666666666666,30.19728825378278,29.500713089413253,5.0,0.6209588484631595,-1.8233180384468823
15.633333333333333,78.15191122101432,30.167599792498024,29.501193679996874,4.917509553336862,0.4117869535899421,-1.7745475622604594,5.244090746071308,85.21328077794884,-1.7745475622604594,0.043394733076917436,0.28870768176993394,2,camera_only,78.16666666666666,30.19728825378278,29.500713089413253,5.0,0.6209588484631595,-1.8233180384468823
15.633333333333333,78.15703715082472,30.166403608914177,29.50346717440691,4.94429980805163,0.4069678305049266,-1.7652383287742515,5.265718352166111,85.29456260988978,-1.7652383287742515,0.04064204149526482,0.2787447200477952,2,camera_only,78.16666666666666,30.19728825378278,29.500713089413253,5.0,0.6209588484631595,-1.8233180384468823
15.666666666666666,78.32393464728041,30.202350817146385,29.46440224293664,4.957510347945166,0.506473890565685,-1.6845166403171903,5.260325176575461,84.1667323235834,-1.6845166403171903,0.04458972574308189,0.29242886781832583,2,camera_only,78.33333333333333,30.218523992661943,29.43980586574756,5.0,0.6531738404685055,-1.8311070324601473
15.666666666666666,78.32429497513365,30.200146479520853,29.470050895284917,4.95785543913402,0.4949365670749027,-1.659254746209557,5.251515883399537,84.29912114212281,-1.659254746209557,0.04341257302263769,0.2887631020433891,2,camera_only,78.33333333333333,30.218523992661943,29.43980586574756,5.0,0.6531738404685055,-1.8311070324601473
15.666666666666666,78.32882458563412,30.199732004934315,29.47069834525589,4.981930810460364,0.4939666797987126,-1.6571644471476354,5.273502790921396,84.33753628720606,-1.6571644471476354,0.04065954526426761,0.27879132240821497,2,camera_only,78.33333333333333,30.218523992661943,29.43980586574756,5.0,0.6531738404685055,-1.8311070324601473
15.7,78.49475887242484,30.19636523332243,29.395409052015303,4.980068435344728,0.40695170610425513,-1.740073083113406,5.2909872090559675,85.32839288682504,-1.740073083113406,0.04460518085157819,0.2924751295457642,2,camera_only,78.49999999999999,30.240832380612524,29.37863984503558,5.0,0.6853172046016412,-1.8388458257491396
15.7,78.48911631176621,30.20848202506421,29.395678276660693,4.952741446566568,0.461731422606592,-1.740894088271374,5.270062235850619,84.6738558324087,-1.740894088271374,0.043434067269381385,0.28882651510093044,2,camera_only,78.49999999999999,30.240832380612524,29.37863984503558,5.0,0.6853172046016412,-1.8388458257491396
15.7,78.49760506980974,30.216297358276112,29.386454616386583,5.001871235718368,0.5023161595291024,-1.7849595315594209,5.334521338614711,84.26526151725638,-1.7849595315594209,0.040675123372571884,0.2788275957976707,2,camera_only,78.49999999999999,30.240832380612524,29.37863984503558,5.0,0.6853172046016412,-1.8388458257491396
15.733333333333333,78.6677680175099,30.242924942250667,29.33209471571645,5.021676313814208,0.5476372963379241,-1.7656007329682972,5.351120028304463,83.77622238507759,-1.7656007329682972,0.044616648563072236,0.2925088812725193,2,camera_only,78.66666666666666,30.264210971268398,29.31721670417466,5.0,0.7173854159804722,-1.846534206150933
15.733333333333333,78.67463648480503,30.230606562131108,29.32181795756998,5.05744514982275,0.4947318237805618,-1.8088618827873215,5.393931064810506,84.41296077659112,-1.8088618827873215,0.04345263284061913,0.2888807186856825,2,camera_only,78.66666666666666,30.264210971268398,29.31721670417466,5.0,0.7173854159804722,-1.846534206150933
15.733333333333333,78.68615380864605,30.229352500429275,29.324784430635777,5.118300925176947,0.4908620233398017,-1.797734077796614,5.446998962832256,84.52189868962067,-1.797734077796614,0.040690231226271016,0.2788642018345948,2,camera_only,78.66666666666666,30.264210971268398,29.31721670417466,5.0,0.7173854159804722,-1.846534206150933
15.766666666666666,78.85448225226554,30.24643824595962,29.26894195250146,5.105484722634619,0.49265730373855626,-1.7795601134678258,5.42913618077757,84.48826892966628,-1.7795601134678258,0.04463039679051005,0.2925515776600194,2,camera_only,78.83333333333333,30.28865720090364,29.25553812711123,5.0,0.749374957964242,-1.8541719628846947
15.766666666666666,78.85371576703069,30.24573480060616,29.27767865886537,5.0995732816506445,0.4870018638934731,-1.7408778517223034,5.410496665277422,84.54487940322872,-1.7408778517223034,0.04347328782767351,0.2889433139664321,2,camera_only,78.83333333333333,30.28865720090364,29.25553812711123,5.0,0.749374957964242,-1.8541719628846947
15.766666666666666,78.83883199433969,30.25369715056489,29.266679879919135,5.023800562614246,0.5233013608567594,-1.7883332066938555,5.358222845810137,84.05326328404247,-1.7883332066938555,0.04070855946740755,0.2789112415960652,2,camera_only,78.83333333333333,30.28865720090364,29.25553812711123,5.0,0.749374957964242,-1.8541719628846947
15.799999999999999,79.01608123930178,30.289505957184172,29.211542400510982,5.079491359236462,0.6093331724010457,-1.775405062208321,5.4152176796931375,83.15951492976652,-1.775405062208321,0.04464346332463192,0.29258941294669594,2,camera_only,78.99999999999999,30.31416838871369,29.19360580479465,5.0,0.7812823225391802,-1.8617588865574652
15.799999999999999,79.01446401576754,30.289054350383907,29.226594888257857,5.067876260388668,0.6030185030797247,-1.708875488149606,5.382123794531867,83.21437086320717,-1.708875488149606,0.0434931591484573,0.2890005108045187,2,camera_only,78.99999999999999,30.31416838871369,29.19360580479465,5.0,0.7812823225391802,-1.8617588865574652
15.799999999999999,79.03127969045161,30.29116997449412,29.225291046771545,5.158585394001019,0.6168597145969156,-1.7184468208209747,5.472163982437199,83.18099338618268,-1.7184468208209747,0.040729387547435346,0.2789663556775108,2,camera_only,78.99999999999999,30.31416838871369,29.19360580479465,5.0,0.7812823225391802,-1.8617588865574652
15.833333333333334,79.19677684702147,30.30941569657598,29.17572743227085,5.122075088164129,0.6027598270462956,-1.682660437881471,5.424971775696526,83.2883674365244,-1.682660437881471,0.04466273040773591,0.29264544975037804,2,camera_only,79.16666666666667,30.34074173710932,29.131421435130807,5.0,0.8131040107032057,-1.869294769169901
15.833333333333334,79.19419288345176,30.316114909786076,29.171948229545418,5.110455056916972,0.6341787892493168,-1.7005146285855064,5.423161774051673,82.9260788430726,-1.7005146285855064,0.04351934113365832,0.2890761017471679,2,camera_only,79.16666666666667,30.34074173710932,29.131421435130807,5.0,0.8131040107032057,-1.869294769169901
15.833333333333334,79.18602018172759,30.31846818752758,29.16820736985913,5.0679873499033645,0.6442852673359047,-1.7159487746030029,5.389255930232686,82.75494145771584,-1.7159487746030029,0.04075287459802909,0.2790263601853954,2,camera_only,79.16666666666667,30.34074173710932,29.131421435130807,5.0,0.8131040107032057,-1.869294769169901
15.866666666666667,79.34342931268893,30.337956598685153,29.12737077195607,5.0028192879801106,0.6284218378446058,-1.6412360116360354,5.3025249155809515,82.84037386817747,-1.6412360116360354,0.04468131297758501,0.2926947924141079,2,camera_only,79.33333333333333,30.368374332023418,29.068986722935627,5.0,0.844836532849603,-1.876779404121971
15.866666666666667,79.34463564821382,30.338659774696826,29.11402674617291,5.011999765470534,0.635415611542136,-1.7002874710705074,5.330560208153314,82.77465262423527,-1.7002874710705074,0.04354396171570574,0.2891423101619711,2,camera_only,79.33333333333333,30.368374332023418,29.068986722935627,5.0,0.844836532849603,-1.876779404121971
15.866666666666667,79.34640809901892,30.344710710218195,29.106827774477633,5.024154778468291,0.6656421407844041,-1.733878625491059,5.356448990285315,82.45292836798903,-1.733878625491059,0.04077477114865436,0.2790778865028816,2,camera_only,79.33333333333333,30.368374332023418,29.068986722935627,5.0,0.844836532849603,-1.876779404121971
15.9,79.51319270038486,30.362402099280967,29.04623909092159,5.020103047249825,0.6454662975407502,-1.7448044090440606,5.353728025599315,82.67331851836349,-1.7448044090440606,0.044699021356778515,0.29274053552485946,2,camera_only,79.5,30.397063143230568,29.00630337988826,5.0,0.8764764091497335,-1.8842125862186294
15.9,79.51155327387093,30.36525619361235,29.04894744042657,5.0114096600169855,0.6576079623090201,-1.7333385955114684,5.343326463851282,82.52423822671452,-1.7333385955114684,0.04356775304650334,0.2892054742190862,2,camera_only,79.5,30.397063143230568,29.00630337988826,5.0,0.8764764091497335,-1.8842125862186294
15.9,79.52389868190879,30.364570247677953,29.05054213397771,5.076869767839884,0.656497997103293,-1.7286397489347565,5.403127949753222,82.63187992185914,-1.7286397489347565,0.040795931932262684,0.2791276395802758,2,camera_only,79.5,30.397063143230568,29.00630337988826,5.0,0.8764764091497335,-1.8842125862186294
15.933333333333334,79.69590071462412,30.38941529736233,28.991374268861644,5.092561744546466,0.6711242411638674,-1.7368049379802666,5.422276667755765,82.49252667506241,-1.7368049379802666,0.04471834905901182,0.29279256842739626,2,camera_only,79.66666666666666,30.426805024679325,28.94337312448424,5.0,0.9080201699346068,-1.8915941116754331
15.933333333333334,79.69819805065954,30.38559031552861,28.98554358844948,5.105204658652804,0.6554637723578046,-1.7618649647542457,5.44030472654173,82.68374734593064,-1.7618649647542457,0.043593733028000854,0.2892765736313913,2,camera_only,79.66666666666666,30.426805024679325,28.94337312448424,5.0,0.9080201699346068,-1.8915941116754331
15.933333333333334,79.70330406633624,30.381814205384362,28.991119337719507,5.130587481828295,0.6375357190549449,-1.7373768559145581,5.45415970074508,82.91663594916193,-1.7373768559145581,0.04081853248332328,0.2791821611398865,2,camera_only,79.66666666666666,30.426805024679325,28.94337312448424,5.0,0.9080201699346068,-1.8915941116754331
15.966666666666667,79.87829972807687,30.41611758110413,28.940939613721156,5.152764097965681,0.6964293171036374,-1.7077656274940196,5.472883616655443,82.30274877934077,-1.7077656274940196,0.04473878807914153,0.29284765342381197,2,camera_only,79.83333333333333,30.45759671483723,28.880197681988292,5.0,0.9394643560753921,-1.8989237781241335
15.966666666666667,79.87601594377495,30.420957361419998,28.94188488428746,5.141337846345685,0.7180781213597447,-1.7044614891416643,5.463897876663605,82.04907161327732,-1.7044614891416643,0.04362087643113184,0.28935088343389764,2,camera_only,79.83333333333333,30.45759671483723,28.880197681988292,5.0,0.9394643560753921,-1.8989237781241335
15.966666666666667,79.86698253745794,30.422122567043235,28.93991234232733,5.093803604492708,0.7222884812842882,-1.711590489657188,5.421999429696005,81.92940674677739,-1.711590489657188,0.04084549348342589,0.27925085825604645,2,camera_only,79.83333333333333,30.45759671483723,28.880197681988292,5.0,0.9394643560753921,-1.8989237781241335
16.0,80.03874317305873,30.434939839731936,28.867699464588277,5.105234109836349,0.6748378808178224,-1.7755604998300174,5.447149398555161,82.46998404640492,-1.7755604998300174,0.04476091712627564,0.2929047653842976,2,camera_only,80.0,30.489434837048464,28.816778784387097,5.0,0.9708055193627326,-1.9062013846182222
16.0,80.03446787678148,30.44607674545073,28.862335496173024,5.085625007390983,0.7268715935331077,-1.8013257205920075,5.443959807066196,81.86599212834741,-1.8013257205920075,0.04364874653260872,0.2894243056849136,2,camera_only,80.0,30.489434837048464,28.816778784387097,5.0,0.9708055193627326,-1.9062013846182222
16.0,80.03159343613623,30.460347616342013,28.844204105045755,5.076635916843823,0.7970713189506946,-1.8843879935992915,5.473433385920001,81.07696307592487,-1.8843879935992915,0.0408697435051799,0.27930788920029176,2,camera_only,80.0,30.489434837048464,28.816778784387097,5.0,0.9708055193627326,-1.9062013846182222
16.03333333333333,80.19929103814451,30.481364509728643,28.777633237400295,5.06829361350003,0.7722483032975573,-1.8990538521565676,5.467208897415741,81.33656175957492,-1.8990538521565676,0.04477874768093126,0.2929492937413697,2,camera_only,80.16666666666666,30.52231589990414,28.753118170341768,5.0,1.0020402228848886,-1.9134267316384401
16.03333333333333,80.19997743996404,30.480455067489242,28.774545872416233,5.072411010895277,0.7690213190314492,-1.912524762533097,5.475262388222029,81.37911577637826,-1.912524762533097,0.04367272955241991,0.28948655190980843,2,camera_only,80.16666666666666,30.52231589990414,28.753118170341768,5.0,1.0020402228848886,-1.9134267316384401
16.03333333333333,80.18598632510334,30.489271759887743,28.763247498857613,5.001847935613829,0.8102987121017494,-1.9617263682644654,5.433547378810841,80.79803412604083,-1.9617263682644654,0.04089123596121776,0.27935876206588084,2,camera_only,80.16666666666666,30.52231589990414,28.753118170341768,5.0,1.0020402228848886,-1.9134267316384401
16.066666666666666,80.35868261417592,30.53302283429443,28.70635128638343,5.034733859823628,0.8860524241087279,-1.9303097344821163,5.464405695824561,80.01884112007454,-1.9303097344821163,0.04479519824030056,0.29299241939323856,2,camera_only,80.33333333333333,30.55623629762519,28.68921758514018,5.0,1.0331650414046436,-1.9205996210982508
16.066666666666666,80.35891120292023,30.533715095623748,28.700855117942545,5.03719950146233,0.8907939882809656,-1.9547334964352783,5.476118679244994,79.97132262015128,-1.9547334964352783,0.043695658169720944,0.2895481536293484,2,camera_only,80.33333333333333,30.55623629762519,28.68921758514018,5.0,1.0331650414046436,-1.9205996210982508
16.066666666666666,80.34826171029889,30.539631188169682,28.693073701074848,4.983208964659838,0.9183967288946143,-1.988364474212843,5.443291046731032,79.55766307186754,-1.988364474212843,0.04091470320448134,0.27942011846594333,2,camera_only,80.33333333333333,30.55623629762519,28.68921758514018,5.0,1.0331650414046436,-1.9205996210982508
16.1,80.5136344711044,30.573245289277377,28.63069388248745,4.979000912825849,0.9310049201843316,-1.9718936666660245,5.435585054432103,79.40878102813583,-1.9718936666660245,0.04481406634382404,0.29304390649946827,2,camera_only,80.5,30.591192310457746,28.625078780649176,5.0,1.0641765617348942,-1.9277198563492646
16.1,80.5132202646458,30.575142040413656,28.627419717202237,4.977797800918998,0.940576882400679,-1.9867508526678204,5.441537904776268,79.2998641539183,-1.9867508526678204,0.043720603107295926,0.2896167427266014,2,camera_only,80.5,30.591192310457746,28.625078780649176,5.0,1.0641765617348942,-1.9277198563492646
16.1,80.51453013947982,30.572578783302262,28.630316441830477,4.983724953202227,0.9281870153816068,-1.9735588581456247,5.44003493658438,79.4499005738375,-1.9735588581456247,0.04093782300098788,0.27948019804968127,2,camera_only,80.5,30.591192310457746,28.625078780649176,5.0,1.0641765617348942,-1.9277198563492646
16.133333333333333,80.68025907685619,30.597479206455134,28.558303610045005,4.981964032172764,0.9020953182175105,-1.9991757202092475,5.443385448531751,79.73653138090546,-1.9991757202092475,0.04483525512290364,0.29310220887956084,2,camera_only,80.66666666666666,30.627180105081084,28.560703515266475,5.0,1.095071383112968,-1.934787242186635
16.133333333333333,80.68342629611696,30.591961879334832,28.550503557919267,4.9995168436588004,0.8793960970714861,-2.0326369125127894,5.468100125608724,80.02393851143013,-2.0326369125127894,0.04374777254352927,0.2896918460183327,2,camera_only,80.66666666666666,30.627180105081084,28.560703515266475,5.0,1.095071383112968,-1.934787242186635
16.133333333333333,80.66820892149464,30.588395034742142,28.554731995282555,4.917323209999968,0.859448823982869,-2.0097065706228623,5.381230373497741,80.08599593935374,-2.0097065706228623,0.04095990894537099,0.27953500137776055,2,camera_only,80.66666666666666,30.627180105081084,28.560703515266475,5.0,1.095071383112968,-1.934787242186635
16.166666666666668,80.8350702289852,30.636541343769114,28.504471379659087,4.93242656708119,0.9447832205334564,-1.9422454593397709,5.384585833448647,79.15660186143946,-1.9422454593397709,0.044854554209021354,0.29315411773763544,2,camera_only,80.83333333333333,30.66419573502798,28.49609355387249,5.0,1.1258461175735532,-1.9418015848544106
16.166666666666668,80.83192815425886,30.64420825386638,28.502961229120004,4.917278015415037,0.9799793008447126,-1.9504072733307245,5.379969427685396,78.72902053744083,-1.9504072733307245,0.043773193014957995,0.2897608788626406,2,camera_only,80.83333333333333,30.66419573502798,28.49609355387249,5.0,1.1258461175735532,-1.9418015848544106
16.166666666666668,80.82521311553668,30.650837688189917,28.49429778560314,4.884548886871187,1.0118931267211193,-1.9890003687542621,5.37018323663584,78.29604448008196,-1.9890003687542621,0.04098700857208953,0.27960834856515265,2,camera_only,80.83333333333333,30.66419573502798,28.49609355387249,5.0,1.1258461175735532,-1.9418015848544106
16.2,80.98947879998747,30.677228084434866,28.417085623978824,4.893456815831576,0.9814890143803008,-2.035291263945806,5.389958332199966,78.65857414310064,-2.035291263945806,0.04487689793960513,0.2932131732286738,2,camera_only,81.0,30.702235141117484,28.43125066778196,5.0,1.1564973903202114,-1.9487626920508425
16.2,80.98867557118656,30.681308149991523,28.408119533208858,4.891726675593169,1.0026610203213264,-2.075803894428487,5.407705687119638,78.41648058106648,-2.075803894428487,0.04380109562542767,0.28983550138138414,2,camera_only,81.0,30.702235141117484,28.43125066778196,5.0,1.1564973903202114,-1.9487626920508425
16.2,80.99634500734024,30.677891746603994,28.41302961629428,4.930770418400009,0.9866690948204552,-2.0548742917474265,5.432174626843922,78.68431335966702,-2.0548742917474265,0.041011152272753745,0.27966958928113,2,camera_only,81.0,30.702235141117484,28.43125066778196,5.0,1.1564973903202114,-1.9487626920508425
16.233333333333334,81.16478220139903,30.715873086234144,28.343042875843455,4.953380089456976,1.0110274488102828,-2.063836395882184,5.460546811615536,78.46389631337449,-2.063836395882184,0.044899589392000845,0.2932739064052458,2,camera_only,81.16666666666667,30.741294151900057,28.36617663469535,5.0,1.187021840095485,-1.9556703729336629
16.233333333333334,81.16508357222992,30.714569534601925,28.346387148208247,4.95406639971535,1.004128911269982,-2.0487805437601456,5.45422317839369,78.54206680107738,-2.0487805437601456,0.043829946554653276,0.289913701144398,2,camera_only,81.16666666666667,30.741294151900057,28.36617663469535,5.0,1.187021840095485,-1.9556703729336629
16.233333333333334,81.17210697080965,30.7262311272949,28.330847337003906,4.996215992643927,1.0630605808861888,-2.1222472827175984,5.531383694229434,77.98812773141023,-2.1222472827175984,0.041037855709635446,0.2797388435182797,2,camera_only,81.16666666666667,30.741294151900057,28.36617663469535,5.0,1.187021840095485,-1.9556703729336629
16.266666666666666,81.33386549257477,30.74873192729014,28.253921827826872,4.9705485768742035,1.0048827948185894,-2.144665287053832,5.505972373694068,78.57071180877557,-2.144665287053832,0.04492318894930587,0.2933356841894313,2,camera_only,81.33333333333333,30.781368484114992,28.30087323865017,5.0,1.2174161195494644,-1.9625244381253075
16.266666666666666,81.33280878350661,30.748442397127842,28.265418114981873,4.962422584404648,1.000107825998435,-2.0936349881709866,5.478061795336591,78.60545971072489,-2.0936349881709866,0.04385941322681328,0.2899921582315783,2,camera_only,81.33333333333333,30.781368484114992,28.30087323865017,5.0,1.2174161195494644,-1.9625244381253075
16.266666666666666,81.35462947618814,30.747065323721433,28.267113012188204,5.077111552189099,0.9961536994996965,-2.090669916468609,5.580348072121111,78.89930436372828,-2.090669916468609,0.04106435373952896,0.2798062239257791,2,camera_only,81.33333333333333,30.781368484114992,28.30087323865017,5.0,1.2174161195494644,-1.9625244381253075
16.3,81.52806055205636,30.800295208888986,28.21230231525254,5.09856144482112,1.084164099717913,-2.0318603909429727,5.59456854904974,77.99536162308208,-2.0318603909429727,0.04495015032687824,0.29340710483842153,2,camera_only,81.5,30.82245374316019,28.235342269971973,5.0,1.2476768956069098,-1.9693246997181204
16.3,81.52543796437902,30.806541730388336,28.21283881264366,5.085419729230192,1.1123177366411419,-2.0307345782284254,5.587721136286485,77.66217964644498,-2.0307345782284254,0.04389331754927411,0.2900832644091093,2,camera_only,81.5,30.82245374316019,28.235342269971973,5.0,1.2476768956069098,-1.9693246997181204
16.3,81.502740363293,30.803314921989006,28.216978737946455,4.964356438290763,1.093500500811614,-2.006356996927513,5.464983677083967,77.57780782137819,-2.006356996927513,0.041099665604954164,0.2799012007947685,2,camera_only,81.5,30.82245374316019,28.235342269971973,5.0,1.2476768956069098,-1.9693246997181204
16.333333333333332,81.66438002696783,30.843503486192137,28.160906369168355,4.942192586611461,1.107023958748577,-1.9588780831012542,5.430282953295813,77.37446317636652,-1.9588780831012542,0.04498049753379317,0.2934822099658565,2,camera_only,81.66666666666667,30.86454542357399,28.169585525225408,5.0,1.2778008498327063,-1.9760709712794924
16.333333333333332,81.66126805485004,30.8519924821433,28.156369994639412,4.927853390890332,1.1468675755054951,-1.9807027806708737,5.433436093597911,76.89867457983796,-1.9807027806708737,0.04392902649071089,0.29017292222051744,2,camera_only,81.66666666666667,30.86454542357399,28.169585525225408,5.0,1.2778008498327063,-1.9760709712794924
16.333333333333332,81.66583789472229,30.84909084692574,28.160030542592068,4.9507575029413236,1.1330477039872522,-1.9647331209537098,5.445546179127774,77.10909571413066,-1.9647331209537098,0.04113383113631553,0.2799853732957,2,camera_only,81.66666666666667,30.86454542357399,28.169585525225408,5.0,1.2778008498327063,-1.9760709712794924
16.366666666666667,81.83146564884072,30.888917549393827,28.095901584133646,4.953863163644175,1.1421392600372173,-1.959470253499822,5.448372785316703,77.01702295429547,-1.959470253499822,0.04501224968487255,0.2935578673336388,2,camera_only,81.83333333333334,30.907638909529314,28.103604807164828,5.0,1.3077846787958143,-1.9827630678569819
16.366666666666667,81.83457840973696,30.884222715467747,28.08307952756101,4.972566410295412,1.124753937193569,-2.015417480374562,5.482097750335175,77.25463628468603,-2.015417480374562,0.0439663948181715,0.29026424846682364,2,camera_only,81.83333333333334,30.907638909529314,28.103604807164828,5.0,1.3077846787958143,-1.9827630678569819
16.366666666666667,81.82821434573826,30.885042113812148,28.08185735886011,4.939453083223259,1.1281515593122184,-2.019583723397092,5.454323158555313,77.13454849643325,-2.019583723397092,0.041167159115679204,0.2800632091598341,2,camera_only,81.83333333333334,30.907638909529314,28.103604807164828,5.0,1.3077846787958143,-1.9827630678569819
16.4,81.99995990980912,30.951029969880416,28.034318878812645,4.9754123156753485,1.2529181664786564,-1.9423593409142883,5.486099839786291,75.86554781167834,-1.9423593409142883,0.04504252135297598,0.2936276504511186,2,camera_only,82.0,30.951729475339803,28.037401924684957,5.0,1.3376250944314962,-1.98940080598338
16.4,82.00249162123765,30.944702261160465,28.03534012670376,4.98778124936815,1.2239354827888402,-1.9365458242189608,5.488732967350293,76.21279625868442,-1.9365458242189608,0.044002660282252866,0.29035098154013556,2,camera_only,82.0,30.951729475339803,28.037401924684957,5.0,1.3376250944314962,-1.98940080598338
16.4,81.98804889739847,30.943851516816657,28.03646301318702,4.9115462637824505,1.2181866058609023,-1.92795087676062,5.415187890662364,76.07030488975832,-1.92795087676062,0.04120459475134811,0.28015548008905544,2,camera_only,82.0,30.951729475339803,28.037401924684957,5.0,1.3376250944314962,-1.98940080598338
16.433333333333334,82.15849552244055,30.993630860613138,27.970578287377784,4.948181425387905,1.2612742623536441,-1.939458646534927,5.462308305565395,75.70001486706514,-1.939458646534927,0.04507698546715028,0.2937079076319268,2,camera_only,82.16666666666667,30.99681228597806,27.970978692771247,5.0,1.3673188244019114,-1.9959840036817438
16.433333333333334,82.16379135051433,30.979507659162373,27.975936990155514,4.973263097831869,1.1956428324003252,-1.912780303626244,5.460918980617366,76.48183200448388,-1.912780303626244,0.044042438098964444,0.2904460552605919,2,camera_only,82.16666666666667,30.99681228597806,27.970978692771247,5.0,1.3673188244019114,-1.9959840036817438
16.433333333333334,82.17576698544575,30.978930690529022,27.97673685043467,5.035855265362514,1.1939588681212476,-1.9119019412634433,5.517313210744126,76.66193500462744,-1.9119019412634433,0.04124077843390759,0.28023947340039285,2,camera_only,82.16666666666667,30.99681228597806,27.970978692771247,5.0,1.3673188244019114,-1.9959840036817438
16.466666666666665,82.34822788407973,31.02924012780983,27.917142639419435,5.060033875510666,1.2411784083541109,-1.897897888411851,5.544951132112717,76.2179966475446,-1.897897888411851,0.045113756224657936,0.29379405070629916,2,camera_only,82.33333333333333,31.042882397605872,27.904336932450164,5.0,1.3968626124549481,-2.0025124804703824
16.466666666666665,82.34804662099918,31.031329004706887,27.908850021085037,5.061205450326642,1.253176534323763,-1.9351393732240603,5.561566005218119,76.09301513505511,-1.9351393732240603,0.044085057598487916,0.2905488761477972,2,camera_only,82.33333333333333,31.042882397605872,27.904336932450164,5.0,1.3968626124549481,-2.0025124804703824
16.466666666666665,82.34014926874337,31.030185564984308,27.910647933924736,5.019298744775404,1.2466794349144825,-1.9249626629339769,5.518428286788957,76.05129937708509,-1.9249626629339769,0.04128195242719874,0.2803393771745997,2,camera_only,82.33333333333333,31.042882397605872,27.904336932450164,5.0,1.3968626124549481,-2.0025124804703824
16.5,82.50332353752896,31.06582761326234,27.847113091619615,4.99696751910994,1.2191281000955212,-1.9193812468781757,5.489989260677099,76.28919135543765,-1.9193812468781757,0.04515140092965044,0.2938798667892921,2,camera_only,82.5,31.08993475811632,27.837478470739235,5.0,1.4262532187813186,-2.0089860573678076
16.5,82.50317326700976,31.064604592937492,27.854499881232435,4.994345425249226,1.2113185029633569,-1.8863167117373658,5.474392156149295,76.36684977680089,-1.8863167117373658,0.04412772669543391,0.29064878066634303,2,camera_only,82.5,31.08993475811632,27.837478470739235,5.0,1.4262532187813186,-2.0089860573678076
16.5,82.51307388673082,31.064350963537645,27.85473272108036,5.046066604531414,1.2109533505707721,-1.8875954784108924,5.521975451298477,76.5053686229465,-1.8875954784108924,0.04132117356023321,0.2804290855394138,2,camera_only,82.5,31.08993475811632,27.837478470739235,5.0,1.4262532187813186,-2.0089860573678076
16.53333333333333,82.68445289241546,31.110527172684773,27.792958208016376,5.062894315838753,1.237381000167798,-1.8850781649238029,5.542339783954166,76.2660317860447,-1.8850781649238029,0.04518972339181356,0.2939665843322451,2,camera_only,82.66666666666666,31.13796420768785,27.77040514059696,5.0,1.455487420369834,-2.0154045568976366
16.53333333333333,82.68395308478286,31.113061774671195,27.78738302103696,5.061814924424702,1.25058371830326,-1.9103833940742818,5.552971697926132,76.1222816053854,-1.9103833940742818,0.044171693094772854,0.29075159221713287,2,camera_only,82.66666666666666,31.13796420768785,27.77040514059696,5.0,1.455487420369834,-2.0154045568976366
16.53333333333333,82.67295758635616,31.111816958109536,27.789174779552706,5.00384299126417,1.2434743438267197,-1.899405699091982,5.494762518500863,76.04446440537663,-1.899405699091982,0.04136356592429611,0.28052913656136397,2,camera_only,82.66666666666666,31.13796420768785,27.77040514059696,5.0,1.455487420369834,-2.0154045568976366
16.566666666666666,82.84136053132693,31.157384393763177,27.727747336567692,5.012112980708208,1.261802644333784,-1.8927225071323048,5.5041639631861115,75.86939152422346,-1.8927225071323048,0.04522840273877855,0.29405296132676406,2,camera_only,82.83333333333334,31.18696547935008,27.70311878087255,5.0,1.4845620113608584,-2.021767803093465
16.566666666666666,82.8415274301545,31.156040288797765,27.731848336184093,5.011900721422766,1.2544457557246704,-1.8742133782282073,5.495949306769784,75.94793500028095,-1.8742133782282073,0.04421547945144357,0.2908523627854536,2,camera_only,82.83333333333334,31.18696547935008,27.70311878087255,5.0,1.4845620113608584,-2.021767803093465
16.566666666666666,82.83426567556081,31.153380182742346,27.735645972648065,4.972904941820449,1.240624732722684,-1.854817768940462,5.450622188686604,75.99197031029517,-1.854817768940462,0.04140531347997235,0.2806255186869137,2,camera_only,82.83333333333334,31.18696547935008,27.70311878087255,5.0,1.4845620113608584,-2.021767803093465
16.6,83.00475125816386,31.192858435837774,27.662455927892694,5.000088968910337,1.2358540990645828,-1.9056748410281517,5.491795849348484,76.11666006441641,-1.9056748410281517,0.04526794916219359,0.2941413062849425,2,camera_only,83.0,31.236933199561367,27.635621236255567,5.0,1.5134738033978414,-2.0280756215036826
16.6,83.00654229233075,31.190286701931804,27.652589191393066,5.011596283159321,1.2272570076109044,-1.9489728147974559,5.515501074329141,76.23999895536701,-1.9489728147974559,0.044259976546022144,0.290954708655412,2,camera_only,83.0,31.236933199561367,27.635621236255567,5.0,1.5134738033978414,-2.0280756215036826
16.6,82.9959732923628,31.197282675761844,27.644109044761247,4.959101896900642,1.260988578079374,-1.9860216542639113,5.4888127886725515,75.73331771238361,-1.9860216542639113,0.04144573368199153,0.28071688588808613,2,camera_only,83.0,31.236933199561367,27.635621236255567,5.0,1.5134738033978414,-2.0280756215036826
16.633333333333333,83.15692727440644,31.212788203632865,27.55427860323588,4.94041100939595,1.1471336952386724,-2.081269249104683,5.4822676278873335,76.9279027893348,-2.081269249104683,0.04530423632618623,0.29422090492873904,2,camera_only,83.16666666666667,31.287861888798105,27.56791435722529,5.0,1.5422196259769798,-2.034327839196261
16.633333333333333,83.15789945266847,31.210180662070282,27.55461255075053,4.945209054112167,1.13521835172159,-2.0792275471329065,5.4833384436595525,77.07122356667854,-2.0792275471329065,0.04430058798486112,0.2910467246621986,2,camera_only,83.16666666666667,31.287861888798105,27.56791435722529,5.0,1.5422196259769798,-2.034327839196261
16.633333333333333,83.16615823118349,31.213370948772084,27.549737573662465,4.989557025549522,1.1517510350054696,-2.1038516280921224,5.536099839315819,77.00195115675712,-2.1038516280921224,0.04148034885465915,0.2807913371144168,2,camera_only,83.16666666666667,31.287861888798105,27.56791435722529,5.0,1.5422196259769798,-2.034327839196261
16.666666666666668,83.3330669765135,31.247785250620392,27.48783137437603,4.990364455204054,1.1311602787212613,-2.06637347949939,5.51843821463095,77.22863728856831,-2.06637347949939,0.047136646672641884,0.2997354484835883,2,camera_only,83.33333333333334,31.339745962155614,27.5,5.0,1.570796326794897,-2.040524284763495
16.666666666666668,83.33376953514023,31.241122592476877,27.496759600968286,4.991416761261116,1.098138973325854,-2.0249633747804117,5.49732909316312,77.59228272202353,-2.0249633747804117,0.044255916610690386,0.2888031688685646,2,camera_only,83.33333333333334,31.339745962155614,27.5,5.0,1.570796326794897,-2.040524284763495
16.7,83.49984633101208,31.279999959117898,27.426747506740035,4.990475751698249,1.1091349563970014,-2.0366552843293606,5.5029985759562665,77.46965682256159,-2.0366552843293606,0.050003212242872415,0.30639381971430824,2,camera_only,83.5,31.39257972996056,27.431880026486116,5.0,1.5992007720943124,-2.046664788326698
16.7,83.48851647613799,31.281736742127627,27.42404696574269,4.932812152258406,1.117630402749626,-2.046409310128208,5.456145572764523,77.23399064279667,-2.046409310128208,0.047075326583781,0.29493404791694017,2,camera_only,83.5,31.39257972996056,27.431880026486116,5.0,1.5992007720943124,-2.046664788326698
16.733333333333334,83.65213733539728,31.325891587863445,27.353423765338857,4.9289987150274595,1.1486311921493277,-2.059259641724334,5.4639667111317,76.88216763101758,-2.059259641724334,0.052762964850914425,0.3113076568195674,2,camera_only,83.66666666666667,31.44635739839493,27.363556304227114,5.0,1.627429847007716,-2.0527491815408645
16.733333333333334,83.6516360691366,31.335837168867375,27.340588823871283,4.928772776325419,1.1967970457101755,-2.118094040767565,5.496494029361103,76.35167347390649,-2.118094040767565,0.04981142911105979,0.2995085903212465,2,camera_only,83.66666666666667,31.44635739839493,27.363556304227114,5.0,1.627429847007716,-2.0527491815408645
16.766666666666666,83.81651518182368,31.374161814157237,27.262563721730917,4.93321050869817,1.193244320764265,-2.1487179024638694,5.511568429815142,76.40246771735093,-2.1487179024638694,0.05531830658691138,0.31481579273762955,2,camera_only,83.83333333333333,31.501073070131355,27.295030706352364,5.0,1.655480455898925,-2.058777297599279
16.766666666666666,83.80086848631281,31.37997919567339,27.25285019776227,4.8557648623292975,1.2234919685461851,-2.189231303434748,5.465173253911305,75.85774033587343,-2.189231303434748,0.05236535077017351,0.3028351765111056,2,camera_only,83.83333333333333,31.501073070131355,27.295030706352364,5.0,1.655480455898925,-2.058777297599279
16.8,83.96097057021126,31.43963307815277,27.190937812791265,4.842659035458824,1.296126898094395,-2.152724920051763,5.455778225980841,75.01611449031748,-2.152724920051763,0.0576046151419596,0.3172379258652,2,camera_only,84.00000000000001,31.55672074497985,27.22630511152573,5.0,1.6833495227025805,-2.0647489712380973
16.8,83.96782267935438,31.44551954773275,27.184498165069815,4.877099066847656,1.3223856054074081,-2.1833583221494686,5.504711850781504,74.82946515761208,-2.1833583221494686,0.054667425987537925,0.30519112031585643,2,camera_only,84.00000000000001,31.55672074497985,27.22630511152573,5.0,1.6833495227025805,-2.0647489712380973
16.833333333333332,84.13096575415813,31.488019814093775,27.096969631617746,4.882545182847398,1.3237093321222761,-2.2422937185638814,5.533474042480454,74.83113702045607,-2.2422937185638814,0.05959332012087419,0.31887216622915904,2,camera_only,84.16666666666666,31.613294320545755,27.157381403894128,5.0,1.7110339912614418,-2.0706640387408677
16.833333333333332,84.1301383167886,31.48835931444566,27.095390606090973,4.878645078695291,1.3260589715031368,-2.24874128226404,5.53321313111471,74.79387071846008,-2.24874128226404,0.05667868744242307,0.3068107638801272,2,camera_only,84.16666666666666,31.613294320545755,27.157381403894128,5.0,1.7110339912614418,-2.0706640387408677
16.866666666666667,84.29266657773024,31.54311286327572,27.020118146637405,4.8759900522617095,1.367506263500605,-2.2563494739665617,5.544047737811942,74.33346799186378,-2.2563494739665617,0.06127440179633023,0.319942670022888,2,camera_only,84.33333333333334,31.670787592899003,27.08826147303581,5.0,1.7385308256615635,-2.076522337943028
16.866666666666667,84.31718797490815,31.56666466702322,26.99659120769838,4.99510409019956,1.4674552985971918,-2.368229908245019,5.7195281993898375,73.62833415525847,-2.368229908245019,0.05838546594198414,0.30789860608615016,2,camera_only,84.33333333333334,31.670787592899003,27.08826147303581,5.0,1.7385308256615635,-2.076522337943028
16.9,84.4839238257535,31.603421130248336,26.907665994160194,5.000781485782552,1.427066583705169,-2.399632721847239,5.727352940288688,74.0729112233702,-2.399632721847239,0.06266710746478205,0.32065482341740326,2,camera_only,84.5,31.72919425725438,27.0189472139086,5.0,1.7658370105651893,-2.0823237082363457
16.9,84.47849679910402,31.602837196631853,26.905622187655975,4.9747135319568505,1.427517627090371,-2.4064105416391084,5.707573301815769,73.98891685185961,-2.4064105416391084,0.059804653879335666,0.3086392764459517,2,camera_only,84.5,31.72919425725438,27.0189472139086,5.0,1.7658370105651893,-2.0823237082363457
16.933333333333334,84.64436562453051,31.65091916451998,26.82845899182031,4.974296553299881,1.427354174063555,-2.394889054602603,5.702320555900298,73.98938296515651,-2.394889054602603,0.06379903002610313,0.32114930048062507,2,camera_only,84.66666666666667,31.78850790866296,26.949440526797925,5.0,1.7929495515414322,-2.0880679905733235
16.933333333333334,84.65953023030669,31.650411390050888,26.834736407497566,5.047269886189226,1.416941106752687,-2.3726926183278807,5.754331035412001,74.31875443028055,-2.3726926183278807,0.06095466420989676,0.3091466003319689,2,camera_only,84.66666666666667,31.78850790866296,26.949440526797925,5.0,1.7929495515414322,-2.0880679905733235
16.966666666666665,84.82781656776716,31.706447988053625,26.776395574825862,5.041330028841933,1.4349818066880675,-2.2990342564581008,5.72361247444278,74.11134151143517,-2.2990342564581008,0.06470484462423264,0.32152740035577343,2,camera_only,84.83333333333333,31.848722042714456,26.879743317264726,5.0,1.8198654753946417,-2.093755027471559
16.966666666666665,84.80870040625592,31.703952926076482,26.771107610150075,4.950120315507104,1.4353342632570176,-2.314151767232917,5.649705654904771,73.82998305740416,-2.314151767232917,0.06187975206977927,0.3095478696240563,2,camera_only,84.83333333333333,31.848722042714456,26.879743317264726,5.0,1.8198654753946417,-2.093755027471559
17.0,84.9740899106564,31.7656368536887,26.69556252369386,4.947432214925751,1.4845935550326435,-2.318650658469941,5.661911728467045,73.29688961980769,-2.318650658469941,0.06542863537863086,0.32187305024788393,2,camera_only,85.0,31.909830056250524,26.8098574960932,5.0,1.846581830490456,-2.0993846630180646
17.0,84.96449431538119,31.762809224640826,26.6948459794858,4.901939962070195,1.477916395228311,-2.317385747365324,5.619922505259066,73.22213920374794,-2.317385747365324,0.06261119988954464,0.3098938179718568,2,camera_only,85.0,31.909830056250524,26.8098574960932,5.0,1.846581830490456,-2.0993846630180646
17.03333333333333,85.1288177295863,31.839494769138,26.62421985871321,4.89626303052961,1.5716817011956226,-2.313900210546608,5.638945754161128,72.20356851638536,-2.313900210546608,0.06600000226641815,0.32221414338825793,2,camera_only,85.16666666666666,31.971825248088848,26.739784979238454,5.0,1.8730956870794695,-2.104956742873536
17.03333333333333,85.13227879867462,31.842969494313852,26.622905300436276,4.9121279322886116,1.5840566474562379,-2.3223656194180156,5.659648253714634,72.12659388210324,-2.3223656194180156,0.06319030346149151,0.3102443539576713,2,camera_only,85.16666666666666,31.971825248088848,26.739784979238454,5.0,1.8730956870794695,-2.104956742873536
17.066666666666666,85.29730871361447,31.925004314733343,26.567605845267163,4.904018865812285,1.6710548708518491,-2.2622008467832995,5.6532626056842235,71.1833472415246,-2.2622008467832995,0.06645957730266581,0.3225928131387382,2,camera_only,85.33333333333333,32.03470081975803,26.669527687773915,5.0,1.8994041376185269,-2.110471114276591
17.066666666666666,85.30954122519337,31.923043850200543,26.574599212689417,4.962276493614252,1.6542150741868844,-2.236698490244336,5.688887030606686,71.56377395348191,-2.236698490244336,0.06365791339919444,0.3106396375033446,2,camera_only,85.33333333333333,32.03470081975803,26.669527687773915,5.0,1.8994041376185269,-2.110471114276591
17.1,85.47594800915553,31.99878544667379,26.51136071014939,4.957493840005123,1.7180991849313594,-2.210993173310182,5.693601741900707,70.88541894541665,-2.210993173310182,0.06684153211524937,0.32302849418988683,2,camera_only,85.50000000000001,32.0984498762431,26.599087547838725,5.0,1.9255042970895575,-2.1159276260479514
17.1,85.49017372786376,32.001993592410706,26.512643778161532,5.024593245129322,1.7232548390510949,-2.2120325695668406,5.754062270095511,71.06987483706104,-2.2120325695668406,0.06404459832213304,0.3110837708104509,2,camera_only,85.50000000000001,32.0984498762431,26.599087547838725,5.0,1.9255042970895575,-2.1159276260479514
17.133333333333333,85.65778206292546,32.06433953088419,26.43575630998033,5.024113317987503,1.7431221981452971,-2.2280946614760486,5.765812644384515,70.86572086060266,-2.2280946614760486,0.06716739414360808,0.3235105952810628,2,camera_only,85.66666666666667,32.1630654267416,26.528466490584915,5.0,1.9513933033159465,-2.1213261285945895
17.133333333333333,85.64674492523505,32.06141831343463,26.43500524708287,4.972309572766104,1.7375859135601777,-2.2258557945752346,5.718172899857816,70.73790559888278,-2.2258557945752346,0.06437180629031841,0.3115683197012948,2,camera_only,85.66666666666667,32.1630654267416,26.528466490584915,5.0,1.9513933033159465,-2.1213261285945895
17.166666666666668,85.81339334368911,32.13502918483686,26.373034344256958,4.968070474231847,1.7824369177800656,-2.1931285455066436,5.715646806785355,70.2631044369101,-2.1931285455066436,0.06744932448670742,0.3240189524812789,2,camera_only,85.83333333333334,32.22854038543029,26.45766645212443,5.0,1.9770683172764252,-2.1266664739138323
17.166666666666668,85.82954933949112,32.15071518444469,26.35935519557494,5.0428236960863835,1.842624449777594,-2.262084193923587,5.826007259961786,69.92793032400341,-2.262084193923587,0.06465037677968964,0.3120786659448784,2,camera_only,85.83333333333334,32.22854038543029,26.45766645212443,5.0,1.9770683172764252,-2.1266664739138323
17.2,85.99722425360655,32.2099379788427,26.263512817654266,5.046435277309885,1.8520298100983037,-2.3373087251994944,5.861700734638722,69.84698262967453,-2.3373087251994944,0.06770266153522236,0.3245533177457976,2,camera_only,86.0,32.294867572242104,26.386689373476095,5.0,2.002526523416378,-2.1319485155974145
17.2,85.99329860240772,32.2024221633135,26.27375217508287,5.0281134574837,1.818741054408265,-2.291242518189339,5.817175967896914,70.11421296393013,-2.291242518189339,0.06490430555972473,0.3126243631675872,2,camera_only,86.0,32.294867572242104,26.386689373476095,5.0,2.002526523416378,-2.1319485155974145
17.233333333333334,86.16106048889867,32.26460686805115,26.203311947285957,5.026842375596146,1.8191883653476053,-2.270205399649115,5.807962046561703,70.10507083062421,-2.270205399649115,0.06793719549965019,0.32510222596940264,2,camera_only,86.16666666666667,32.36203971365357,26.315537200512367,5.0,2.027765129956617,-2.137172108835496
17.233333333333334,86.17983922266441,32.267464888857596,26.2064922921272,5.114523617374346,1.8188208696710566,-2.265565777565235,5.882112671575214,70.42365610414228,-2.265565777565235,0.0651350731104476,0.31317731997620496,2,camera_only,86.16666666666667,32.36203971365357,26.315537200512367,5.0,2.027765129956617,-2.137172108835496
17.266666666666666,86.35110237442176,32.33570357602203,26.14913492632878,5.110783696241189,1.8298849006776754,-2.2036893181666266,5.85874008217591,70.30040336038593,-2.2036893181666266,0.0681604500186126,0.32565621319593185,2,camera_only,86.33333333333333,32.43004944348243,26.24421188390602,5.0,2.0527813691995207,-2.142337110420629
17.266666666666666,86.35723045582988,32.32388290769538,26.166467682478583,5.140368405381375,1.7715824540101355,-2.129776739655684,5.839335638167927,70.98394158805702,-2.129776739655684,0.06536180987992062,0.3137574004212535,2,camera_only,86.33333333333333,32.43004944348243,26.24421188390602,5.0,2.0527813691995207,-2.142337110420629
17.3,86.52979874573832,32.39535040452684,26.110045754961092,5.137540066285707,1.8021155122729438,-2.0856699373895236,5.830262201650638,70.6704557007088,-2.0856699373895236,0.0683860333559561,0.32622588976148736,2,camera_only,86.5,32.49888930369541,26.17271537907663,5.0,2.0775724978325476,-2.1474433787516856
17.3,86.52235051593826,32.39141131133836,26.112990651196796,5.103058882198431,1.7891388016856515,-2.0691352019111378,5.789952339239876,70.67927013826832,-2.0691352019111378,0.06558699947012804,0.3143431323216635,2,camera_only,86.5,32.49888930369541,26.17271537907663,5.0,2.0775724978325476,-2.1474433787516856
17.333333333333332,86.69424843937814,32.472226660112185,26.06295849970095,5.098067375527301,1.8461623562798948,-2.016116026364287,5.784749799509368,70.0931665836496,-2.016116026364287,0.06861316146660487,0.3267911940512077,2,camera_only,86.66666666666666,32.56855174522605,26.101049646137007,5.0,2.1021357972290713,-2.15249077383774
17.333333333333332,86.69493081434038,32.47706870864264,26.057000635917596,5.100811349954514,1.8676693110100864,-2.0429581266660906,5.803459570844334,69.88972381685298,-2.0429581266660906,0.06581255657290037,0.31492764719555527,2,camera_only,86.66666666666666,32.56855174522605,26.101049646137007,5.0,2.1021357972290713,-2.15249077383774
17.366666666666667,86.86469584618031,32.53617333018885,25.98822908671638,5.101066396561997,1.857409483720824,-2.042746646516328,5.800315701253145,69.99233208632124,-2.042746646516328,0.06884481736106549,0.3273513575925781,2,camera_only,86.83333333333334,32.63902912880266,26.029216649839398,5.0,2.1264685737465157,-2.157479157301908
17.366666666666667,86.851631285697,32.545285490316665,25.971513828750897,5.039873458587538,1.908814975249317,-2.1100076116617217,5.787575589966974,69.25618655206219,-2.1100076116617217,0.06604205581081611,0.31549892891076753,2,camera_only,86.83333333333334,32.63902912880266,26.029216649839398,5.0,2.1264685737465157,-2.157479157301908
17.4,87.02177958239471,32.63298037553933,25.914054677771464,5.036406358490643,1.9805628901200143,-2.0823357814579175,5.798632655747859,68.53280524970573,-2.0823357814579175,0.0690763150317811,0.327885885859341,2,camera_only,86.99999999999999,32.71031372578588,25.957218359521715,5.0,2.15056815902172,-2.162408392385134
17.4,86.99242779230005,32.62486026355375,25.914458178440952,4.901583070440514,1.9654690653526172,-2.0654424357844516,5.67050594734071,68.14987670139395,-2.0654424357844516,0.06627252576088319,0.3160570866132487,2,camera_only,86.99999999999999,32.71031372578588,25.957218359521715,5.0,2.15056815902172,-2.162408392385134
17.433333333333334,87.15693415097786,32.70060719849117,25.854234358695955,4.900140222326053,1.9932217010786024,-2.041768306121691,5.6703725419051025,67.8650667136888,-2.041768306121691,0.06931172456325131,0.3284068490556072,2,camera_only,87.16666666666667,32.78239771901638,25.88505674905342,5.0,2.174431910263593,-2.167278343949951
17.433333333333334,87.15921601563343,32.70394335746592,25.85068473370931,4.91034332960449,2.006652158980564,-2.058701885856053,5.690024424952843,67.77221673307005,-2.058701885856053,0.06650064599375206,0.3165799732423095,2,camera_only,87.16666666666667,32.78239771901638,25.88505674905342,5.0,2.174431910263593,-2.167278343949951
17.466666666666665,87.3238511644239,32.78253130976896,25.77729033180693,4.910947660906425,2.0505859112902995,-2.0869350841820298,5.71643311456842,67.33682831302929,-2.0869350841820298,0.06954443955771919,0.32889402209726876,2,camera_only,87.33333333333333,32.85527320367196,25.812733796781547,5.0,2.1980572105428817,-2.172088878484175
17.466666666666665,87.30854274458268,32.787032613541264,25.765720125626626,4.840361833942756,2.0829216572008717,-2.1300391271910453,5.68372518660877,66.7166520875329,-2.1300391271910453,0.06673499967004722,0.31708918245561957,2,camera_only,87.33333333333333,32.85527320367196,25.812733796781547,5.0,2.1980572105428817,-2.172088878484175
17.5,87.47007786205322,32.85799880433206,25.697917243851332,4.8396998201214485,2.0854986675706435,-2.1192578976784184,5.6800750944151135,66.68807090207608,-2.1192578976784184,0.0697816810566837,0.3293639952627433,2,camera_only,87.5,32.928932188134524,25.74025148547635,5.0,2.2214414690791826,-2.176839864104573
17.5,87.4717030161986,32.86396452211758,25.68869943966855,4.847109662337924,2.112902416355483,-2.159718948317133,5.711673540696331,66.44714288862899,-2.159718948317133,0.06696888369673532,0.3175681575735515,2,camera_only,87.5,32.928932188134524,25.74025148547635,5.0,2.2214414690791826,-2.176839864104573
17.53333333333333,87.63613225690077,32.963242702818874,25.623016578506604,4.845631836043857,2.2057778324577577,-2.160835358216687,5.7458518238780965,65.52451917088545,-2.160835358216687,0.07001822942498298,0.3298067995386261,2,camera_only,87.66666666666666,33.00336659486634,25.667611802277012,5.0,2.2445821215250272,-2.1815311705604734
17.53333333333333,87.62870682914706,32.972088354477364,25.60825123619049,4.811056067912212,2.2519875975545074,-2.2220356384775193,5.758050972924643,64.91636783498748,-2.2220356384775193,0.06720929858012568,0.3180415700857114,2,camera_only,87.66666666666666,33.00336659486634,25.667611802277012,5.0,2.2445821215250272,-2.1815311705604734
17.566666666666666,87.78937839626751,33.04766927411314,25.539964574492686,4.810635048169928,2.248881955285186,-2.20060272366697,5.748245990117219,64.94479015065663,-2.20060272366697,0.07026485111403827,0.33024901275445384,2,camera_only,87.83333333333333,33.07856826129593,25.59481673863714,5.0,2.2674766302471068,-2.1861626692373406
17.566666666666666,87.81286214254254,33.06509799261618,25.5225320492951,4.916526545154427,2.3115678932090438,-2.2885733102619703,5.895179996451885,64.81883582961039,-2.2885733102619703,0.06745375079967518,0.3184926113210399,2,camera_only,87.83333333333333,33.07856826129593,25.59481673863714,5.0,2.2674766302471068,-2.1861626692373406
17.6,87.97902253788179,33.1617075360544,25.458056015916625,4.9146735534941755,2.3679988965154077,-2.2606990115512784,5.905268404750302,64.27419982090909,-2.2606990115512784,0.07051374373052022,0.33067029777474766,2,camera_only,88.00000000000001,33.15452894071312,25.521868290270167,5.0,2.2901224846045425,-2.1907342331602986
17.633333333333333,88.14520633573797,33.266917403862614,25.401035101842805,4.9086235305157615,2.4418475384851446,-2.213454099692244,5.912409273467405,63.55145768886593,-2.213454099692244,0.07415314054258897,0.3416241247195221,2,camera_only,88.16666666666666,33.23124030317339,25.448768457094683,5.0,2.312517201224201,-2.195245736997612
17.666666666666668,88.30868992794898,33.346452760932834,25.31955184185224,4.9107552733918265,2.440994514199972,-2.2400251648360463,5.923823453868181,63.56935703714163,-2.2400251648360463,0.07830261789632241,0.35139675837986506,2,camera_only,88.33333333333334,33.308693936411416,25.375519243179504,5.0,2.3346583242730508,-2.1996970570641263
17.7,88.4723603699146,33.41158810961104,25.229900413284856,4.9203648297478955,2.397369793154777,-2.28273288951611,5.930281732584851,64.02307473882708,-2.28273288951611,0.08287999687755511,0.36008286128354833,2,camera_only,88.5,33.386881346763474,25.302122656688862,5.0,2.3565434257274323,-2.204088071324651
17.733333333333334,88.63539854190468,33.49259482411438,25.17765918520447,4.9110693207566545,2.3890445555682285,-2.2020817081314323,5.888573648266146,64.05887719039026,-2.2020817081314323,0.08781792343497238,0.36783803065082055,2,camera_only,88.66666666666667,33.46579396009894,25.22858070982723,5.0,2.3781701056393536,-2.208418659397314
17.766666666666666,88.79917854263307,33.54735454660312,25.12842554884351,4.914367264922542,2.301380804793373,-2.111631548064208,5.822915680137718,64.90647343289761,-2.111631548064208,0.09307636025303177,0.3748585483850666,2,camera_only,88.83333333333333,33.545423122760496,25.154895418784243,5.0,2.399535992399651,-2.2126887025568545
17.8,88.96675552809738,33.59900002267733,25.041494383718437,4.937745870931804,2.2296539371154243,-2.15628856030177,5.83114665571761,65.69830180534082,-2.15628856030177,0.09863059449692384,0.3813322923827957,2,camera_only,89.0,33.625760102513105,25.08106880367937,5.0,2.4206387429980687,-2.2168980837378824
17.833333333333332,89.12916628312819,33.69536793400107,24.962437501553847,4.925909282688201,2.2987638609052485,-2.184924308395986,5.85856567624683,64.98304734463386,-2.184924308395986,0.10447331910375056,0.3874289317496749,2,camera_only,89.16666666666666,33.70679608950162,25.007102888506566,5.0,2.441476043280195,-2.2210466875380868
17.866666666666667,89.28511678021042,33.80372785073702,24.902623651634688,4.89017085460843,2.392425035874041,-2.1511468550781987,5.853622923596247,63.93066897486682,-2.1511468550781987,0.1106123822855445,0.39329103359388085,2,camera_only,89.33333333333333,33.78852219721689,24.93299970107875,5.0,2.462045608201244,-2.225134400221399
17.9,89.44257222571387,33.89829453173827,24.841965585314824,4.868428027297393,2.4355168901834827,-2.1197123265627793,5.841790335738351,63.42268345348777,-2.1197123265627793,0.11705432436905727,0.39901496476454784,2,camera_only,89.49999999999999,33.870929463470226,24.85876127297225,5.0,2.482345182076619,-2.2291611097211095
17.933333333333334,89.60912179168326,33.947332387873736,24.799154256379875,4.883466587449098,2.335531918826328,-2.032772286885386,5.7823108205039935,64.44040777389952,-2.032772286885386,0.12380137564604181,0.4046595010495819,2,camera_only,89.66666666666667,33.95400885137625,24.784389639471048,5.0,2.5023725388292957,-2.2331267056429454
17.966666666666665,89.76944303384367,34.03609266764725,24.721078824401914,4.876144656615283,2.3695700867419567,-2.0638754764427247,5.800968116657921,64.08249340974135,-2.0638754764427247,0.13085233909196536,0.41025673752159875,2,camera_only,89.83333333333331,34.03775125034383,24.709886839511086,5.0,2.5221254822339088,-2.2370310792680885
18.0,89.93249010824037,34.10915720676938,24.665784399379852,4.876365419808625,2.3504971525014215,-2.024203553205403,5.7793751043025425,64.2650845215352,-2.024203553205403,0.13820559915781822,0.41582372449788463,2,camera_only,90.0,34.122147477075266,24.635254915624213,5.0,2.5416018461576297,-2.240874123556167
18.03333333333333,90.11159841460555,34.163658881532335,24.57239735938344,4.92771233627986,2.2789351734021457,-2.1005662603674584,5.821363500752063,65.18072093688275,-2.1005662603674584,0.14585560643052875,0.4213629514817696,2,camera_only,90.16666666666666,34.207188276573206,24.56049591388236,5.0,2.560799494797666,-2.2446557331481776
18.066666666666666,90.27788442456244,34.26175498084293,24.459456771979617,4.934620346542388,2.3458352197256866,-2.2262380274713007,5.899962423403634,64.57437434297252,-2.2262380274713007,0.15379404085396406,0.42687055935869894,2,camera_only,90.33333333333333,34.292864323155676,24.485611883841305,5.0,2.579716322915512,-2.2483758043693847
18.1,90.43501327837079,34.34863846018771,24.390202400100222,4.914667759249803,2.3731491904066697,-2.2107661380034913,5.888402430259007,64.22546345027133,-2.2107661380034913,0.16201244910810608,0.4323382410012695,2,camera_only,90.5,34.37916622147869,24.410604878484563,5.0,2.59835025606779,-2.2520342352321556
18.133333333333333,90.6040053083465,34.42785196680748,24.292069926585846,4.931355456171012,2.3738467643940058,-2.281683244791086,5.929544124592706,64.29485268437996,-2.281683244791086,0.17050134949522858,0.43775524550616246,2,camera_only,90.66666666666666,34.466084507566556,24.335476954167074,5.0,2.616699250833744,-2.2556309254387608
18.166666666666668,90.76481320912502,34.50712875197044,24.233408604866923,4.91965672649878,2.3739655429847635,-2.23134735906093,5.900647908717468,64.24050694681036,-2.23134735906093,0.17925105438735317,0.4431146542445414,2,camera_only,90.83333333333334,34.55360964984973,24.260230170558838,5.0,2.6347612950393238,-2.2591657763841213
18.2,90.92534962665654,34.58007747649184,24.18765923135023,4.907696243984713,2.3550156051002697,-2.1486610337826995,5.852206862507817,64.36543335923109,-2.1486610337826995,0.18825242971581677,0.44840890490850743,2,camera_only,90.99999999999999,34.64173205021003,24.18486659058844,5.0,2.6525344079778397,-2.2626386911585126
18.233333333333334,91.0919263884735,34.674569278593445,24.07806894687461,4.917352978131581,2.402649182043372,-2.258672910196929,5.920699850420614,63.95957828392601,-2.258672910196929,0.1974966150359106,0.453633026593002,2,camera_only,91.16666666666667,34.73044204503323,24.109388280386483,5.0,2.670016640627178,-2.2660495745502223
18.266666666666666,91.24737313055986,34.771374148575894,24.000494963964794,4.895056927107399,2.4538238288980385,-2.264139583887712,5.925298453092231,63.376030238571296,-2.264139583887712,0.20697389795246718,0.45878413963736936,2,camera_only,91.33333333333333,34.8197299062687,24.033797309228987,5.0,2.687206075863516,-2.269398333048158
18.3,91.39730580865898,34.86257422285544,23.94410893754347,4.861041824096445,2.484521813339056,-2.2067535482041087,5.888322127659449,62.92801951976016,-2.2067535482041087,0.21667583173307328,0.46385918726897063,2,camera_only,91.5,34.909585842496284,23.95809574948059,5.0,2.704100828671577,-2.272684874844416
18.333333333333332,91.54960465740196,34.96579277400257,23.848549356745714,4.8409941757162835,2.5492591879976145,-2.267727218185083,5.922544533644867,62.2287864881388,-2.267727218185083,0.2265951156215763,0.4688579107984903,2,camera_only,91.66666666666666,34.99999999999999,23.882285676537816,5.0,2.7206990463513256,-2.2759091098367903
18.366666666666667,91.71180153355758,35.03152798138029,23.795529756739207,4.844545541492705,2.4926523523747366,-2.2018497056036033,5.876315119142508,62.772929702122454,-2.2018497056036033,0.23672343633585416,0.4737814184042807,2,camera_only,91.83333333333333,35.09096246384859,23.806369168772086,5.0,2.7369989087211524,-2.279070949631252
18.4,91.87571235908143,35.114306433285115,23.715056876533165,4.8511792745969355,2.4914430497313984,-2.2226231529273552,5.8890816350482424,62.81611377809681,-2.2226231529273552,0.24705789038838594,0.4786349343462954,2,camera_only,92.0,35.182463258982835,23.73034830747283,5.0,2.752998628317462,-2.2821703075443645
18.433333333333334,92.03732762093169,35.20971296469315,23.640340592517123,4.8448332831849035,2.52536412404835,-2.226280031701291,5.899677642078303,62.46927008217914,-2.226280031701291,0.2575905661656578,0.483420555757634,2,camera_only,92.16666666666666,35.274492351309455,23.65422517679034,5.0,2.7686964505907032,-2.285207098605666
18.466666666666665,92.2301829667985,35.25627311362307,23.54238568834311,4.924942152829919,2.4077970746665285,-2.299409568222138,5.944730971534811,63.946057956644026,-2.299409568222138,0.2683148660224667,0.48814114889300747,2,camera_only,92.33333333333333,35.36703964880138,23.578001863678715,5.0,2.7840906540977635,-2.2881812395599948
18.5,92.38612461587849,35.366777051847684,23.449338631247297,4.900749837186723,2.4975553471226037,-2.3469629699465795,5.980248060149919,62.99537254856731,-2.3469629699465795,0.27922838776293135,0.4928026741901648,2,camera_only,92.5,35.46009500260453,23.50168045783858,5.0,2.7991795506907526,-2.2910926488697743
18.53333333333333,92.53959009965514,35.47630484442528,23.38254925838308,4.8659330287940215,2.5729025429495698,-2.3153485964998537,5.971429549072715,62.131980533750315,-2.3153485964998537,0.29031976454519476,0.4974022905234758,2,camera_only,92.66666666666666,35.55364820815072,23.425263051659844,5.0,2.8139614857021202,-2.293941246717248
18.566666666666666,92.68529396521669,35.58353759762333,23.320413724327032,4.821981799154316,2.6386367803001636,-2.2702013793461964,5.947077167190088,61.31207927127358,-2.2702013793461964,0.30158598787839336,0.5019449348486976,2,camera_only,92.83333333333333,35.64768900627673,23.348751740164268,5.0,2.8284348381261197,-2.296726955006667
18.6,92.83290875153952,35.68392062283952,23.257020176997223,4.789663723102337,2.678294369541348,-2.2326447449796802,5.9244275561107855,60.78685937843189,-2.2326447449796802,0.31302283838270756,0.5064328062709665,2,camera_only,93.0,35.742207084349275,23.272148620948133,5.0,2.8425980207965535,-2.299449697366431
18.633333333333333,93.00079101017141,35.76494680912165,23.180166709075184,4.808168545382818,2.6513150562373196,-2.241410066569414,5.930588113733589,61.12682712763564,-2.241410066569414,0.32462680838369157,0.5108695059289194,2,camera_only,93.16666666666666,35.83719207739598,23.19545579412465,5.0,2.8564494805608382,-2.3021093991511825
18.666666666666668,93.16326133882866,35.85177047974363,23.077122301308897,4.823376461166494,2.650693434098079,-2.3209040195808845,5.9730839300827165,61.20894215489537,-2.3209040195808845,0.336395073679491,0.5152600380771964,2,camera_only,93.33333333333333,35.932633569242,23.11867536226639,5.0,2.8699876984503208,-2.3047059874438545
18.7,93.30465954142578,35.96182548787819,23.00822460061149,4.7775397473489445,2.7197199190488237,-2.2931062227872023,5.956517323449614,60.34834947849334,-2.2931062227872023,0.3483193607938082,0.5196026368880672,2,camera_only,93.5,36.02852109365219,23.04180943034769,5.0,2.883211189846845,-2.3072393910576663
18.733333333333334,93.4674128639263,36.039986320886605,22.999416249747732,4.764043101581115,2.672133327266439,-2.104500349091724,5.853659104503593,60.712101866553006,-2.104500349091724,0.3603978304928133,0.5239001047174494,2,camera_only,93.66666666666667,36.12484413547897,22.96486010568689,5.0,2.8961185046455675,-2.309709540538079
18.766666666666666,93.64656181972184,36.08996143151761,22.91258048477896,4.8257789576581755,2.5580477874071113,-2.1521367329108037,5.870557345600061,62.07284233684938,-2.1521367329108037,0.3726389707571105,0.5281637111928323,2,camera_only,93.83333333333333,36.22159213181532,22.887829497888617,5.0,2.908708227413964,-2.3121163681646957
18.8,93.8127143752226,36.167992338907816,22.83417275345832,4.840845643043379,2.5365792804956833,-2.171521920537588,5.88077617644026,62.345682874120534,-2.171521920537588,0.38502932588893385,0.5323867285847658,2,camera_only,94.0,36.31875447315322,22.81071971878587,5.0,2.920978977547065,-2.314459807953123
18.833333333333332,93.97135237462287,36.24642399014723,22.7650772027489,4.8398056558037155,2.5217584665640516,-2.1600444667953362,5.86930802123813,62.478440469861205,-2.1600444667953362,0.39756375744171885,0.5365696150925535,2,camera_only,94.16666666666667,36.416320504546995,22.733532882382214,5.0,2.932929409418834,-2.316739795656773
18.866666666666667,94.12163739060261,36.332981650311496,22.652903832261146,4.839003452883792,2.5433633595379215,-2.266740340883922,5.918003326177828,62.27374071249928,-2.266740340883922,0.41024058211167425,0.5407135351026329,2,camera_only,94.33333333333334,36.51427952678185,22.656271104793753,5.0,2.944558212529752,-2.3189562687686327
18.9,94.25748392343834,36.44130903407055,22.5382176546365,4.803516239870683,2.6299528194110895,-2.368245356833315,5.966490272278358,61.2990410420986,-2.368245356833315,0.4230469790080515,0.5448129030907023,2,camera_only,94.5,36.61262079754708,22.57893650419115,5.0,2.9558641116505093,-2.3211091665229717
18.933333333333334,94.43250715293505,36.49630579844576,22.461945578953312,4.845692393567993,2.533798498168237,-2.3609661252002865,5.956091893745896,62.39506248030611,-2.3609661252002865,0.4359773619980915,0.5488676833955998,2,camera_only,94.66666666666667,36.71133353261416,22.50153120074154,5.0,2.9668458669618643,-2.3231984298970105
18.966666666666665,94.5922387940367,36.58820836725597,22.341350911644454,4.855216193608172,2.562227734611522,-2.4771456596078183,6.0228220851691585,62.17818786496095,-2.4771456596078183,0.4490432248227613,0.5528901851892132,2,camera_only,94.83333333333333,36.8104069070193,22.42405731655042,5.0,2.9775022741905928,-2.3252240016125385
19.0,94.7731179258682,36.656087650176616,22.275803512533916,4.886181740003057,2.4999557408935087,-2.435179146520049,6.0045522879238735,62.90399395103537,-2.435179146520049,0.46222497905944393,0.5568708913176685,2,camera_only,95.0,36.90983005625052,22.346516975603464,5.0,2.9878321647415556,-2.3271858261374834
19.03333333333333,94.94513060802637,36.75162152444491,22.239755302557324,4.870815008242352,2.516472116787711,-2.317516200932048,5.952172048981068,62.677182357271626,-2.317516200932048,0.47554062751476267,0.5608240362025206,2,camera_only,95.16666666666666,37.00959207743912,22.268912303708294,5.0,2.9978344058258455,-2.3290838496874353
19.066666666666666,95.11262019164106,36.835304951053,22.172770469065323,4.873428318893383,2.5103067384228686,-2.2915268123377754,5.94163602318639,62.74696883934361,-2.2915268123377754,0.48899651673080685,0.5647543727251303,2,camera_only,95.33333333333334,37.109682030555284,22.191245428436172,5.0,3.007507900585015,-2.33091802022712
19.1,95.25438851422874,36.93331089583417,22.075219309565814,4.844866203093624,2.5662949202435437,-2.3433934436180044,5.962389703393975,62.09011479603887,-2.3433934436180044,0.5025781871327928,0.5686525784412986,2,camera_only,95.5,37.210088939607715,22.113518479063735,5.0,3.0168515882113507,-2.332688287471825
19.133333333333333,95.41395867380359,37.041939716096785,21.986363142138554,4.82968974550538,2.6290004275565697,-2.376741890476776,5.990529884733034,61.438714290631836,-2.376741890476776,0.5162719376574278,0.5725104456730903,2,camera_only,95.66666666666667,37.31080179384734,22.035733586514567,5.0,3.025864444064211,-2.3343946028887794
19.166666666666668,95.54935754657394,37.185629985126816,21.90042539904031,4.758132385842119,2.792864157530984,-2.395184164916299,6.014717049661327,59.58849491034552,-2.395184164916299,0.5300769830665647,0.5763335674320885,2,camera_only,95.83333333333334,37.411809548974794,21.957892883300772,5.0,3.0345454797823876,-2.3360369196984854
19.2,95.70996694427863,37.26464863408742,21.802648653862356,4.778593172385362,2.758722901117011,-2.4424005188695777,6.034138301935897,60.00179093241946,-2.4424005188695777,0.5439873653406361,0.580119132155966,2,camera_only,96.0,37.513101128351444,21.879998503464567,5.0,3.042893743392486,-2.3376151928759965
19.233333333333334,95.86355313977154,37.346797684178,21.70344656832295,4.786218007736807,2.7412937156155723,-2.486607946147534,6.050272153440833,60.198189793578415,-2.486607946147534,0.5580052043209485,0.583870021594137,2,camera_only,96.16666666666667,37.61466542421419,21.80205258251971,5.0,3.050908319413326,-2.3391293791521575
19.266666666666666,96.01777263048662,37.466179766209855,21.637631409600566,4.75136427579963,2.8134278391842478,-2.4432013554266017,6.038217580611042,59.36892970480947,-2.4432013554266017,0.5721269610054665,0.5875856563459643,2,camera_only,96.33333333333333,37.71649129889343,21.724057257393007,5.0,3.0585883289563305,-2.3405794370147857
19.3,96.18750568016655,37.57963797796889,21.56907089136707,4.74486899993447,2.8523904300008236,-2.417041178663397,6.040860952799192,58.987709151636956,-2.417041178663397,0.5863634177813389,0.591275607685088,2,camera_only,96.50000000000001,37.818567586034575,21.64601466636568,5.0,3.065932929821908,-2.341965326709813
19.333333333333332,96.35614742826301,37.69076028094778,21.483911270826287,4.746982890554966,2.885877958213217,-2.4375739988742735,6.06662221939939,58.7029335065024,-2.4375739988742735,0.600710388419761,0.5949399688459737,2,camera_only,96.66666666666666,37.920883091822404,21.567926949014804,5.0,3.072941316591806,-2.3432870102423733
19.366666666666667,96.52788914441994,37.80812760737193,21.43266478810174,4.734641795027784,2.9235410000122344,-2.3658679458242164,6.0465904477693,58.305548637784646,-2.3658679458242164,0.6151559978870355,0.5985730509527514,2,camera_only,96.83333333333334,38.023426596208736,21.489796246154587,5.0,3.079612720717438,-2.3445444513778444
19.4,96.65204397660975,37.90367102511524,21.31967540883742,4.709868339573195,2.9509410729124395,-2.4437851876279835,6.071490676529572,57.93103431277395,-2.4437851876279835,0.6297175945747706,0.6021844026043697,2,camera_only,97.0,38.12618685414275,21.411624699777715,5.0,3.085946410604164,-2.345737615642843
19.433333333333334,96.82192581126694,37.998606685510495,21.235985100209962,4.728588656381348,2.932713463747295,-2.454904603382383,6.0816869003107215,58.19243621959016,-2.454904603382383,0.6443592145971526,0.6057506446732833,2,camera_only,97.16666666666667,38.22915259680417,21.33341445299662,5.0,3.0919416916915106,-2.346866470326168
19.466666666666665,96.96087839279599,38.10359526134119,21.13906160428444,4.7070971259621395,2.9681577260170995,-2.4893230747472432,6.096183479048601,57.7656685436916,-2.4893230747472432,0.6590992008794869,0.6092897978613628,2,camera_only,97.33333333333333,38.33231253283897,21.255167649984735,5.0,3.0975979065293475,-2.347930984479698
19.5,97.12766357784555,38.20340897924498,21.058443976165943,4.716893348511217,2.962189340065014,-2.487438078869756,6.10008169976726,57.871350501378984,-2.487438078869756,0.6739236317175737,0.6127930506448988,2,camera_only,97.5,38.43565534959769,21.176886435917677,5.0,3.102914434849978,-2.348931128919239
19.53333333333333,97.2742345107124,38.28528212868406,20.96500683685418,4.722236667261839,2.9302548867692955,-2.507977739413032,6.097201422329661,58.17946080135225,-2.507977739413032,0.6888447138857319,0.6162711808240554,2,camera_only,97.66666666666666,38.53916971437587,21.09857295691448,5.0,3.1078906936361594,-2.349866876225327
19.566666666666666,97.44495726568194,38.41855631540821,20.896329092879835,4.703056672610783,3.005964353932108,-2.480450054786934,6.107961708883888,57.415270931493595,-2.480450054786934,0.7038552796362053,0.6197180045529638,2,camera_only,97.83333333333333,38.64284427565695,21.020229359978728,5.0,3.1125261371850392,-2.3507382007439763
19.6,97.60084870149936,38.51074437043093,20.81979839844025,4.706150678487141,2.985617329532223,-2.4616611302214872,6.092744912358586,57.608651446920696,-2.4616611302214872,0.7189584840927224,0.6231426006488109,2,camera_only,98.00000000000001,38.74666766435696,20.941857792939697,5.0,3.1168202571679955,-2.3515450785873853
19.633333333333333,97.72231786324164,38.594314968679264,20.708475948019622,4.69061530104614,2.979287139435583,-2.5226033772195904,6.102585645476359,57.57795557241882,-2.5226033772195904,0.7341581920338415,0.6265418834510224,2,camera_only,98.16666666666667,38.850628495071334,20.86346040439351,5.0,3.120772582686381,-2.35228748763459
19.666666666666668,97.89580308652369,38.69278632459729,20.644755230081437,4.702601035656625,2.959963702816648,-2.474470048682241,6.082667477708797,57.81240933912032,-2.474470048682241,0.7494243699179026,0.6299001256094825,2,camera_only,98.33333333333334,38.954715367323466,20.785039343644158,5.0,3.1243826803231642,-2.3529654075320714
19.7,98.05368752665842,38.80064651537739,20.56532719832295,4.695191039792884,2.981295299423451,-2.4685237567428975,6.084944543717701,57.58576594766026,-2.4685237567428975,0.7647934079814547,0.6332424079056785,2,camera_only,98.5,39.058916866814855,20.706596760644643,5.0,3.1276501541904578,-2.353578819694314
19.733333333333334,98.20461515682685,38.92047058103946,20.47276887693242,4.67615681497021,3.038084305251238,-2.498208214572783,6.110437225548199,56.98834489011986,-2.498208214572783,0.7802442325973066,0.6365583087203416,2,camera_only,98.66666666666667,39.16322156667684,20.628134805937997,5.0,3.1305746459729304,-2.3541277073043125
19.766666666666666,98.3898916846868,39.016032719694095,20.413913656029735,4.70376462320873,2.9960712173969872,-2.4433910319503123,6.088678354559374,57.504829223663876,-2.4433910319503123,0.7957577733139062,0.6398408154626541,2,camera_only,98.83333333333333,39.26761802872368,20.549655630598345,5.0,3.1331558349671025,-2.354612055314036
19.8,98.57666158501085,39.17146282607627,20.357766893420198,4.680884264205619,3.1042288711098,-2.398829932174343,6.107478974389921,56.448797998129876,-2.398829932174343,0.8113740672293914,0.6431091569251569,2,camera_only,99.0,39.37209480470687,20.471161386171925,5.0,3.1353934381165134,-2.3550318504448393
19.833333333333332,98.72924753779,39.31703300711273,20.310173116866146,4.630446927513806,3.2050042224373465,-2.3179269899290262,6.089817431171866,55.31061682459395,-2.3179269899290262,0.8270678256560705,0.6463560921903294,2,camera_only,99.16666666666666,39.47664043757056,20.392654224618102,5.0,3.137287210042762,-2.355387081187826
19.866666666666667,98.87248749738691,39.377274654910046,20.16552303886757,4.681821524092433,3.111089703605299,-2.486742798736097,6.146724467096271,56.39579825680871,-2.486742798736097,0.842842213871057,0.6495766472197637,2,camera_only,99.33333333333334,39.58124346270801,20.31413629825035,5.0,3.1388369430724166,-2.3556777378041676
19.9,99.06609510301712,39.48802574063364,20.096537475553152,4.71065179777587,3.0952766338037505,-2.466457865070745,6.1525923154252515,56.691871341149316,-2.466457865070745,0.8586409685117231,0.6527468447762433,2,camera_only,99.49999999999999,39.68589240921871,20.235609759677317,5.0,3.1400424672597853,-2.355903812325365
19.933333333333334,99.18741900328384,39.606448747824956,20.010174597819912,4.661815223862206,3.1625194508499437,-2.465583972076756,6.1492401792253535,55.847502682304025,-2.465583972076756,0.874520889620413,0.6558994603665146,2,camera_only,99.66666666666667,39.79057580116643,20.157076761743685,5.0,3.1409036504055567,-2.356065298553471
19.966666666666665,99.31673587374425,39.72468500560439,19.90577350624824,4.631631155855829,3.2188738733521447,-2.5173288184648843,6.176576766844014,55.20161522151353,-2.5173288184648843,0.8904571670697088,0.6590168996568293,2,camera_only,99.83333333333333,39.89528215883754,20.078539457471297,5.0,3.1414203980712943,-2.3561621920612588
20.0,99.46404099999903,39.82509419844187,19.79385984918719,4.6399056791613935,3.2125141127188694,-2.5888399278522694,6.208950298397806,55.30257833321636,-2.5888399278522694,0.9064226026842045,0.6620929421079902,2,camera_only,100.0,40.0,20.000000000000004,5.0,3.141592653589793,-2.356194490192345
