timestamp,x,y,z,vx,vy,vz,speed,course_over_ground,vertical_speed,pos_uncertainty,vel_uncertainty,scenario_id,sensor_mode,ground_truth_x,ground_truth_y,ground_truth_z,ground_truth_vx,ground_truth_vy,ground_truth_vz
0.0,,,,,,,,,,,,3,track_to_track_ci,0.0,40.0,20.0,5.0,3.141592653589793,2.356194490192345
0.05,,,,,,,,,,,,3,track_to_track_ci,0.25,40.15707317311821,20.11780851333067,5.0,3.1412050831004863,2.3561218196049336
0.1,,,,,,,,,,,,3,track_to_track_ci,0.5,40.31410759078128,20.23560975967731,5.0,3.1400424672597853,2.355903812325365
0.15000000000000002,,,,,,,,,,,,3,track_to_track_ci,0.7500000000000001,40.47106450709643,20.35339647250415,5.0,3.138105092925752,2.355540481801354
0.2,,,,,,,,,,,,3,track_to_track_ci,1.0,40.62790519529313,20.471161386171925,5.0,3.1353934381165134,2.3550318504448393
0.25,,,,,,,,,,,,3,track_to_track_ci,1.25,40.784590957278446,20.58889723638603,5.0,3.1319081718923187,2.354377949630598
0.30000000000000004,,,,,,,,,,,,3,track_to_track_ci,1.5000000000000002,40.941083133185145,20.70659676064464,5.0,3.1276501541904578,2.353578819694314
0.35000000000000003,,,,,,,,,,,,3,track_to_track_ci,1.7500000000000002,41.09734311091045,20.824252698686685,5.0,3.1226204356130842,2.352634509930085
0.4,,,,,,,,,,,,3,track_to_track_ci,2.0,41.253332335643044,20.9418577929397,5.0,3.1168202571679955,2.3515450785873853
0.45,,,,,,,,,,,,3,track_to_track_ci,2.25,41.409012319375826,21.0594047889675,5.0,3.110251049962433,2.350310592867472
0.5,,,,,,,,,,,,3,track_to_track_ci,2.5,41.56434465040231,21.176886435917673,5.0,3.1029144348499784,2.348931128919239
0.55,,,,,,,,,,,,3,track_to_track_ci,2.7500000000000004,41.719291002794094,21.29429548696885,5.0,3.094812222030629,2.347406771834521
0.6000000000000001,,,,,,,,,,,,3,track_to_track_ci,3.0000000000000004,41.87381314585725,21.411624699777715,5.0,3.085946410604164,2.345737615642843
0.65,,,,,,,,,,,,3,track_to_track_ci,3.25,42.02787295356512,21.52886683692575,5.0,3.0763191880768885,2.343923763305622
0.7000000000000001,,,,,,,,,,,,3,track_to_track_ci,3.5000000000000004,42.181432413965425,21.64601466636568,5.0,3.065932929821908,2.341965326709813
0.75,,,,,,,,,,,,3,track_to_track_ci,3.75,42.334453638559054,21.763060961867566,5.0,3.054790198493033,2.339862426661011
0.8,,,,,,,,,,,,3,track_to_track_ci,4.0,42.48689887164855,21.879998503464563,5.0,3.042893743392486,2.3376151928759965
0.8500000000000001,,,,,,,,,,,,3,track_to_track_ci,4.25,42.63873049965373,21.996820077898285,5.0,3.0302464997925544,2.3352237639747346
0.9,,,,,,,,,,,,3,track_to_track_ci,4.5,42.78991106039229,22.11351847906374,5.0,3.0168515882113502,2.3326882874718247
0.9500000000000001,,,,,,,,,,,,3,track_to_track_ci,4.75,42.94040325232304,22.230086508453844,5.0,3.002712313642874,2.3300089197674008
1.0,14.465162144474334,37.4660022041021,20.09752490175388,21.919531776223973,-6.805295239060617,-1.608302169038498,,,,5.160417025911646,11.055342770010439,3,track_to_track_ci,5.0,43.09016994374947,22.346516975603464,5.0,2.9878321647415556,2.327185826137484
1.05,13.67857211402272,38.24857146632133,20.358777761610767,18.885562767384553,-5.181793363645365,-2.8428223789728064,,,,5.428759920607476,9.967625332798399,3,track_to_track_ci,5.250000000000001,43.2391741819815,22.462802698532943,5.0,2.9722148129614796,2.324219180723786
1.1,15.84502136297266,37.17793154565971,19.935810269720875,20.211708226262353,-6.9491975259843795,-2.695668119231204,,,,5.535598439150681,8.70048881809952,3,track_to_track_ci,5.500000000000001,43.38737920245291,22.578936504191145,5.0,2.95586411165051,2.3211091665229717
1.1500000000000001,17.44325739789368,36.41879762151058,19.61850029297072,20.747183970980906,-7.737540227724823,-3.094094398694037,,,,5.7633967795115755,8.41635864354958,3,track_to_track_ci,5.750000000000001,43.53474843779257,22.694911228897887,5.0,2.938784095099535,2.317855975375366
1.2000000000000002,16.550146540311175,37.18634513722285,19.90257243012468,18.29561571637884,-6.367857163288315,-2.8793076821150247,,,,5.8243014066368906,7.993938836511783,3,track_to_track_ci,6.000000000000001,43.68124552684678,22.81071971878587,5.0,2.9209789775470645,2.314459807953123
1.25,17.459488555292637,36.869112096495485,19.759778192701447,18.284242033777602,-6.372616141085746,-2.87764523246131,,,,6.182905728587455,7.993963162021715,3,track_to_track_ci,6.25,43.8268343236509,22.926354830241923,5.0,2.902453152139431,2.3109208737478455
1.3,16.748676747089497,37.56020895567983,20.130623678818825,16.604611173856174,-5.250840633215121,-2.0202556853441993,,,,6.158949171996818,7.566514949575962,3,track_to_track_ci,6.5,43.971478906347805,23.041809430347687,5.0,2.8832111898468455,2.3072393910576663
1.35,17.01758587895135,37.705521626135464,20.27496810071162,16.21736544355523,-4.760604953334645,-1.5313976882543017,,,,6.283473784230454,7.34177755241344,3,track_to_track_ci,6.75,44.11514358605109,23.157076397319585,5.0,2.863257838335581,2.303415586973779
1.4000000000000001,16.795692067261665,38.13002429460811,20.50773527282136,15.262344942195133,-4.067865486375408,-1.1442980088241532,,,,6.092994120819908,6.825638925969075,3,track_to_track_ci,7.000000000000001,44.257792915650725,23.272148620948137,5.0,2.842598020796553,2.299449697366431
1.4500000000000002,17.555265995688824,37.92867721105924,20.451453132644346,15.258424748969878,-4.06586520934332,-1.1432501065107616,,,,6.404635291064117,6.825600976749355,3,track_to_track_ci,7.250000000000001,44.39939169855915,23.387019003036556,5.0,2.8212368347306014,2.295341966870374
1.5,17.693442864802535,38.095162421330656,20.60001812356388,14.6547106444221,-3.735506384514052,-0.8666092332096055,,,,6.040186330067236,6.1890914259180025,3,track_to_track_ci,7.5,44.53990499739547,23.50168045783858,5.0,2.799179550690753,2.2910926488697743
1.55,17.323133267401058,38.58643523607116,20.879749934309697,13.638427121786643,-3.113251682878871,-0.5136268957528354,,,,6.023901327257807,5.919219407269057,3,track_to_track_ci,7.75,44.67929814260573,23.61612591249558,5.0,2.776431610981794,2.286702005482583
1.6,13.812068005108191,41.07943830642523,21.99097217105362,9.905086423691525,-0.6691037144373995,0.5464344174164677,,,,5.748147651684715,5.441079141845983,3,track_to_track_ci,8.0,44.81753674101715,23.730348307472823,5.0,2.7529986283174632,2.282170307544365
1.6500000000000001,16.225320964315618,39.80445910780911,21.508824633314877,11.493121111727508,-1.7703665248698428,0.12071337007849932,,,,5.759384319125679,5.240166162728757,3,track_to_track_ci,8.25,44.95458668432408,23.84434059699495,5.0,2.7288863844355977,2.2774978345915953
1.7000000000000002,18.749225759990576,38.46997950134459,20.988097404717593,13.14458751123036,-2.8679875719772685,-0.3366680369890143,,,,5.4577718729859805,4.784787969384474,3,track_to_track_ci,8.5,45.090414157503716,23.958095749480595,5.0,2.7041008286715766,2.272684874844416
1.75,17.475944020467125,39.580487293460465,21.510258468899686,11.659561772846313,-1.8439694054132063,0.1070409715362869,,,,5.374352390144853,4.5372133448016605,3,track_to_track_ci,8.75,45.224985647159485,24.071606747976112,5.0,2.67864807649041,2.2677317251888542
1.8,13.930223975865166,42.11726383172723,22.71490959671763,8.350528989289906,0.30963379550955644,1.1659545243641076,,,,5.074765999248491,4.128821262123978,3,track_to_track_ci,9.0,45.35826794978997,24.184866590588438,5.0,2.6525344079778406,2.2626386911585126
1.85,15.128943714788106,41.638790357886464,22.528070928979034,8.938633080926461,-0.06561465648101782,0.9464675890500567,,,,5.036908524606909,3.952832230822354,3,track_to_track_ci,9.25,45.490228179981315,24.297868290916973,5.0,2.625766266290827,2.257406086915721
1.9000000000000001,12.77137297827102,43.423056722532955,23.35632783679865,6.545678946557176,1.472743415081342,1.6295382885100882,,,,4.7815535466984,3.612838931218734,3,track_to_track_ci,9.5,45.6208337785213,24.41060487848456,5.0,2.5983502560677905,2.2520342352321556
1.9500000000000002,13.713391194738724,43.0676807506317,23.267371518684172,6.83544913716992,1.2231782538608449,1.544492864576383,,,,4.745908301582512,3.4614456349280474,3,track_to_track_ci,9.75,45.75005252043279,24.523069399167433,5.0,2.570293141799019,2.246523467468933
2.0,14.266461715437767,42.98436916350064,23.307221793106212,7.041882291914078,1.0767739229073912,1.5200630220141758,,,,4.4923548743392905,3.14871600011761,3,track_to_track_ci,10.0,45.877852522924734,24.63525491562421,5.0,2.5416018461576297,2.240874123556167
2.0500000000000003,14.082231367393222,43.391915080340794,23.541456837237938,6.682464351224714,1.323464858559744,1.6348910343581966,,,,4.426371187079125,2.9961839054517503,3,track_to_track_ci,10.25,46.00420225325884,24.747154507723792,5.0,2.512283448291506,2.235086551972
2.1,11.059310430003771,45.66359269341123,24.623773669143745,4.3667513191490945,2.8849737492970426,2.3771962292224726,,,,4.184347540792655,2.719970963673891,3,track_to_track_ci,10.500000000000002,46.12907053652977,24.85876127297224,5.0,2.482345182076621,2.22916110972111
2.15,11.639268893010247,45.59546358726292,24.649017244879655,4.8662570718006615,2.596405787558568,2.250613287234225,,,,4.147163435526351,2.6077901759258224,3,track_to_track_ci,10.75,46.25242656335705,24.970068326938566,5.0,2.4517944343321867,2.2230981623126858
2.2,12.61763833932272,45.2450209090965,24.570824216135176,5.521055030211836,2.1689042295846814,2.089429215795953,,,,3.922900760046241,2.366952195244706,3,track_to_track_ci,11.000000000000002,46.374239897486895,25.081068803679372,5.0,2.420638742998068,2.2168980837378824
2.25,12.28479156112534,45.77866937448521,24.84945535991589,5.230352459322444,2.3991043142596506,2.175595436605785,,,,3.8563150220054916,2.2510983194038148,3,track_to_track_ci,11.25,46.494480483301835,25.191755856162395,5.0,2.38888579527491,2.2105612564467525
2.3000000000000003,12.346018725934728,46.03371759808839,25.01268572261576,5.092806896187275,2.494810911662298,2.211161091618648,,,,3.65677074700506,2.0468772801963016,3,track_to_track_ci,11.500000000000002,46.61311865323652,25.30212265668886,5.0,2.356543425727433,2.204088071324651
2.35,12.857978668346833,46.00237692442938,25.04382724156587,5.359840940175274,2.3382073180988723,2.128876477010293,,,,3.601117673240518,1.952146835733276,3,track_to_track_ci,11.75,46.73012513509774,25.412162397314628,5.0,2.3236196143513745,2.1974789276681292
2.4000000000000004,12.441540401831462,46.59618054083614,25.355204988562082,5.041929332861212,2.5822157028346617,2.2314126560026377,,,,3.541401192054043,1.8602367065251009,3,track_to_track_ci,12.000000000000002,46.845471059286886,25.52186829027017,5.0,2.290122484604541,2.190734233160298
2.45,10.685678861557758,48.095675027126944,26.072870051481708,3.90734061411211,3.384934594894456,2.589706899906596,,,,3.462241562509421,1.7565903065311437,3,track_to_track_ci,12.250000000000002,46.959127965923145,25.631233568379244,5.0,2.2560603014024703,2.183854403845687
2.5,12.108723505258402,47.440625658924525,25.845532315306052,4.745843739124561,2.82043703033024,2.3485804208809715,,,,3.4098486013543012,1.6747072755218337,3,track_to_track_ci,12.5,47.071067811865476,25.740251485476346,5.0,2.221441469079183,2.176839864104573
2.5500000000000003,11.334811500961141,48.25419642854992,26.271957416804845,4.066417651341858,3.268134161487463,2.56040844336004,,,,3.3248818490716574,1.5750125546238098,3,track_to_track_ci,12.75,47.18126297763189,25.848915316822826,5.0,2.186274529313543,2.1696910466268107
2.6,10.558187006028321,49.08748320171292,26.705934394506745,3.534432452689826,3.6390394700636834,2.737049982609071,,,,3.161896676081332,1.4260104157859175,3,track_to_track_ci,13.0,47.28968627421412,25.95721835952171,5.0,2.1505681590217223,2.1624083923851343
2.6500000000000004,10.893997844890963,49.144244769816694,26.77043844002925,3.4402970692298127,3.677238251941495,2.7335945615223123,,,,3.1238985563156194,1.3662902652813484,3,track_to_track_ci,13.25,47.3963109497861,26.065153932931175,5.0,2.1143311682163053,2.1549923506079627
2.7,10.714735441949927,49.573488726809735,27.037815374013974,3.3598858829175544,3.743313662572009,2.7885076233487425,,,,3.017784034819794,1.2638881948481913,3,track_to_track_ci,13.5,47.50111069630459,26.17271537907663,5.0,2.077572497832547,2.1474433787516856
2.75,13.721731918046032,47.70298055939283,26.240975003512318,4.1584263561344414,3.0402256615716396,2.448080081985836,,,,0.2605852952404394,0.9072715407778992,3,track_to_track_ci,13.750000000000002,47.60405965600031,26.279896063061422,5.0,2.0403012175223334,2.1397619424724454
2.8000000000000003,13.934204850360231,47.81741819502221,26.37673639866955,4.04576174027261,3.0754404270192026,2.496807768356348,,,,0.18485980457672913,0.8509150320401356,3,track_to_track_ci,14.000000000000002,47.70513242775789,26.38668937347609,5.0,2.002526523416379,2.131948515597415
2.85,14.206804084977989,47.93076526482025,26.488259685240294,4.255862423575309,2.945099348439726,2.4444423815439222,,,,0.14097329306498715,0.8227363402020031,3,track_to_track_ci,14.250000000000002,47.8043040733833,26.49308872280621,5.0,1.9642577358552191,2.124003580095568
2.9000000000000004,14.574913569044796,48.00132935201914,26.645988312250154,5.513978010337951,2.152943883901685,2.157849749644299,,,,0.12168397071885124,0.6992307755423036,3,track_to_track_ci,14.500000000000002,47.901550123756905,26.599087547838728,5.0,1.9255042970895562,2.115927626047951
2.95,14.76211421439892,48.14269653893845,26.768011973068468,5.011646549381226,2.4597273873696395,2.2883663728106,,,,0.12134383933097916,0.5065225938895258,3,track_to_track_ci,14.750000000000002,47.99684658487091,26.704679310066815,5.0,1.8862757689505254,2.1077211516174503
3.0,15.008489241849539,48.24478136843805,26.87264325524897,4.987092531610244,2.447785213796635,2.2864564994027603,,,,0.1067972197159838,0.36280867420602086,3,track_to_track_ci,15.0,48.09016994374947,26.8098574960932,5.0,1.8465818304904567,2.0993846630180646
3.0500000000000003,15.262404339463693,48.380432291108704,26.979405417245285,5.00099503934274,2.461493989260987,2.2681662610502684,,,,0.10535501115004825,0.32341017007642076,3,track_to_track_ci,15.250000000000002,48.18149717425024,26.914615618031934,5.0,1.806432275594711,2.090918674483679
3.1,15.529813736429382,48.47342967422805,27.029369525126903,5.060714692876246,2.4163304865456894,2.1644475799832747,,,,0.0955664184527711,0.2691205952285856,3,track_to_track_ci,15.5,48.27080574274562,27.0189472139086,5.0,1.7658370105651893,2.0823237082363457
3.1500000000000004,15.780409473374483,48.580153073277245,27.13040827803442,5.0544626389255995,2.4054801489233455,2.1556890536322157,,,,0.10239662141873403,0.2716562306361297,3,track_to_track_ci,15.750000000000004,48.358073613682706,27.12284584805892,5.0,1.7248060516760961,2.0736002944540672
3.2,16.020328824235783,48.68780679683061,27.24109028442444,5.016918298989907,2.4011242063055818,2.1759728024756697,,,,0.09218902223972078,0.227937255856202,3,track_to_track_ci,16.0,48.44327925502015,27.22630511152573,5.0,1.6833495227025799,2.0647489712380973
3.25,16.273866325446637,48.76889917456819,27.34783505310601,5.026383650201083,2.348390184592148,2.182073698510635,,,,0.09238909826406055,0.21564173968364173,3,track_to_track_ci,16.25,48.52640164354092,27.329318622454323,5.0,1.6414776524228363,2.055770284579746
3.3000000000000003,16.55642877805768,48.82242572619799,27.436055127525563,5.104572092042304,2.244611555261514,2.1536551685739056,,,,0.08611698557235443,0.19383212108171366,3,track_to_track_ci,16.5,48.60742027003944,27.431880026486112,5.0,1.5992007720943138,2.0466647883266984
3.35,16.799187807399477,48.91682431443657,27.547045950710793,5.07571264990969,2.232547096487167,2.1685687981594555,,,,0.08681888357568991,0.18755761284140196,3,track_to_track_ci,16.75,48.686315144381915,27.533982997150588,5.0,1.5565293129046327,2.0374330441488553
3.4000000000000004,17.04986566151451,48.980038314772614,27.656254520850297,5.069472000862881,2.17547156329411,2.1823831326246506,,,,0.0823356167138367,0.17468731959231454,3,track_to_track_ci,17.0,48.76306680043864,27.63562123625557,5.0,1.5134738033978397,2.0280756215036826
3.45,17.283687077168317,49.09442950228454,27.757870413032983,5.02690999242386,2.199642740203757,2.178492455692279,,,,0.08365644756021401,0.1720292116671357,3,track_to_track_ci,17.25,48.837656300886934,27.736788474275713,5.0,1.4700448668766537,2.0185930976010864
3.5,17.54149844539894,49.166907208564645,27.89142551047093,5.039783957091728,2.145279416624021,2.2192878857695604,,,,0.0803398180993186,0.16399646323735903,3,track_to_track_ci,17.5,48.91006524188368,27.83747847073923,5.0,1.426253218781319,2.0089860573678076
3.5500000000000003,17.781597192576825,49.24289365137642,27.987677579428762,5.016587862194321,2.118486229703052,2.208472604175526,,,,0.08157640358919398,0.16266973741032217,3,track_to_track_ci,17.750000000000004,48.98027575760616,27.93768501461286,5.0,1.3821096640457349,1.9992550934113407
3.6,18.03435778172721,49.30126038331788,28.10683420576911,5.019248141060189,2.060771285491569,2.2281899086917036,,,,0.07863876634107887,0.156800219074834,3,track_to_track_ci,18.0,49.0482705246602,28.03740192468495,5.0,1.337625094431499,1.9894008059833805
3.6500000000000004,18.280141111260036,49.368840161499925,28.203971586685437,5.008838842827863,2.0253495700017083,2.216458280126261,,,,0.07994399647270065,0.15651894038250988,3,track_to_track_ci,18.250000000000004,49.114032766354455,28.13662304994678,5.0,1.292810485840525,1.9794238029427924
3.7,18.512621553849243,49.42628810713876,28.308675538794958,4.977122460071989,1.9841535379374307,2.219684970875477,,,,0.07953793353461822,0.1553455818076014,3,track_to_track_ci,18.5,49.17754625683981,28.235342269971976,5.0,1.2476768956069093,1.9693246997181204
3.75,18.764874075767047,49.49122824599644,28.409943415697267,4.98090104458273,1.9463295035695296,2.211851265135536,,,,0.08061463676487453,0.15496921854456058,3,track_to_track_ci,18.75,49.23879532511287,28.333553495294034,5.0,1.2022354597686926,1.9591041192696221
3.8000000000000003,19.026580531090016,49.575857838129934,28.518628559919524,4.997705853366234,1.9308875662894138,2.210685011472421,,,,0.07924250879575741,0.15150804300445805,3,track_to_track_ci,19.0,49.297764858882516,28.43125066778196,5.0,1.1564973903202134,1.948762692050843
3.85,19.265818199915586,49.66190282285202,28.628913115122963,4.977021723387459,1.9273830287705493,2.2159802367348362,,,,0.08035045398916822,0.1518705455804118,3,track_to_track_ci,19.25,49.35444030829867,28.52842776101396,5.0,1.110473972445714,1.9383010559697262
3.9000000000000004,19.50963038257686,49.72893936952052,28.727487117502232,4.9666218088627545,1.8995219710685944,2.206145630711461,,,,0.07946831792416652,0.15062165297982863,3,track_to_track_ci,19.5,49.40880768954226,28.62507878064918,5.0,1.064176561734893,1.9277198563492643
3.95,19.774285233157233,49.7891089607911,28.824488409562022,4.9901287529502625,1.8572610144797181,2.191136676418168,,,,0.08055014406143085,0.1510499185666242,3,track_to_track_ci,19.75,49.460853588275455,28.72119776479746,5.0,1.017616581381079,1.917019745887691
4.0,20.02019782057649,49.83808429529183,28.91381906571145,4.982251874658637,1.8130911267746797,2.172749638816555,,,,0.07985822492810364,0.15047100473329672,3,track_to_track_ci,20.0,49.510565162951536,28.816778784387097,5.0,0.9708055193627333,1.9062013846182224
4.05,20.262486418957984,49.88869369681541,29.005654132183682,4.968971428865139,1.776548009955178,2.1595405947595196,,,,0.08034512738194086,0.15098055244095326,3,track_to_track_ci,20.25,49.5579301479833,28.911815943530577,5.0,0.9237549256089601,1.8952654398683402
4.1000000000000005,20.50614921627305,49.92263018643913,29.092059727378025,4.958619988860612,1.7191002252464216,2.1396330057597055,,,,0.07772631173824283,0.14723791718646467,3,track_to_track_ci,20.5,49.60293685676943,29.00630337988826,5.0,0.8764764091497337,1.8842125862186299
4.15,20.75117730594796,49.988016690931815,29.189723177070757,4.951726794026733,1.7045693160107191,2.133855822585005,,,,0.0806090382308296,0.15124356189183003,3,track_to_track_ci,20.75,49.64557418457798,29.100235265029994,5.0,0.8289816352515474,1.8730435054611674
4.2,20.99811762296354,50.019311177366205,29.280338117756635,4.947037387223105,1.6455107601290706,2.120055812982713,,,,0.08028322947985515,0.1501723210424235,3,track_to_track_ci,21.000000000000004,49.68583161128631,29.193605804794647,5.0,0.7812823225391823,1.861758886557466
4.25,21.243993521063715,50.0798739228857,29.397289203864364,4.940459080440867,1.62578852637958,2.138687229832243,,,,0.08105260767774904,0.1502621372143288,3,track_to_track_ci,21.25,49.723699203976764,29.28640923964751,5.0,0.7333902401043089,1.8503594255959737
4.3,21.480898042035435,50.101743310195666,29.4895485107564,4.9212706580049534,1.5675170569945465,2.130266455042161,,,,0.07785265291310654,0.14664353371473351,3,track_to_track_ci,21.5,49.75916761938747,29.378639845035575,5.0,0.6853172046016434,1.83884582574914
4.3500000000000005,21.72278960154798,50.164725792179766,29.59612209525197,4.909455348700938,1.5588056629261757,2.136191121544769,,,,0.07892119921886483,0.14762603202459285,3,track_to_track_ci,21.750000000000004,49.79222810621766,29.470291931740668,5.0,0.6370750773333625,1.8272187972300362
4.4,21.96095856606193,50.18345669691562,29.681359048150743,4.89567575563639,1.501448736117652,2.1189633261681706,,,,0.07604662088979033,0.1451804088425258,3,track_to_track_ci,22.000000000000004,49.82287250728689,29.561359846230346,5.0,0.5886757613225101,1.8154790572485509
4.45,22.19679443248184,50.174306025114404,29.741330154548677,4.882752209773187,1.4172164400096676,2.074116048674938,,,,0.07553344365435677,0.14724143811512844,3,track_to_track_ci,22.25,49.85109326154774,29.651837971006685,5.0,0.5401311983760958,1.8036273299671446
4.5,22.43492714109967,50.14128395523803,29.808739839704163,4.882600375044838,1.288765664612157,2.034894330861846,,,,0.0704353728092117,0.14739441284283697,3,track_to_track_ci,22.5,49.876883405951375,29.741720724952756,5.0,0.49145336613863877,1.7916643464561826
4.55,22.68972016512855,50.14798253862503,29.885075646322306,4.900749289610651,1.206581350318487,2.0012876201447227,,,,0.06971790085178092,0.14812241681802849,3,track_to_track_ci,22.749999999999996,49.90023657716557,29.831002563676908,5.0,0.4426542751368617,1.7795908446488387
4.6000000000000005,22.931361695835836,50.10925000955438,29.958171514750397,4.904599464028458,1.0437334160260718,1.9557790943631659,,,,0.06780009970689423,0.14892847688092276,3,track_to_track_ci,23.000000000000004,49.921147013144775,29.91967797985478,5.0,0.39374596581627125,1.7674075692955749
4.65,23.19712571320901,50.13228390361162,30.036661387961942,4.937433050843886,0.9918333214272934,1.9238359052876604,,,,0.06737096391341327,0.14796920321587992,3,track_to_track_ci,23.25,49.939609554551794,30.007741503568994,5.0,0.3447405055703644,1.7551152719182044
4.7,23.443964066098378,50.153802076251225,30.120835272490538,4.935454712553579,0.9492854342763337,1.906685308247262,,,,0.06746738821420412,0.14685354792996358,3,track_to_track_ci,23.5,49.9556196460308,30.095187702646598,5.0,0.295649985763171,1.742714710763531
4.75,23.708528614940434,50.13563935767384,30.19082013917243,4.9686816933690565,0.8262094406740914,1.85546765268154,,,,0.065975339310593,0.14571418313138906,3,track_to_track_ci,23.75,49.96917333733128,30.182011182994124,5.0,0.24648651874589617,1.7302066507565785
4.800000000000001,23.954111158687887,50.18661594260763,30.316274965206425,4.959587132436205,0.8505335446193101,1.908427447192281,,,,0.06656799553599285,0.14385879291987974,3,track_to_track_ci,24.000000000000004,49.98026728428272,30.268206588930333,5.0,0.1972622348683764,1.717591863453406
4.8500000000000005,24.203395622749944,50.15984000171885,30.383404557255652,4.9674313181646355,0.7241387536276136,1.8552305354184568,,,,0.06508392071920725,0.14253741268985265,3,track_to_track_ci,24.250000000000004,49.9888987496197,30.353768603516556,5.0,0.14798927948610313,1.704871126993516
4.9,24.471712751712403,50.134043915197154,30.455375105888002,4.996902934155024,0.6201630846736919,1.8195006518691628,,,,0.06032368014417906,0.13626792306543323,3,track_to_track_ci,24.500000000000004,49.995065603657316,30.438691948884717,5.0,0.09867980996352638,1.6920452260518526
4.95,24.72216888539777,50.14556471419196,30.544559207627373,4.997210495233926,0.5876496458159295,1.8152806734365043,,,,0.06073482886435152,0.13638580637690742,3,track_to_track_ci,24.75,49.99876632481661,30.522971386562837,5.0,0.049345992674419525,1.6791149517904018
5.0,24.97679998313459,50.16049335669982,30.638077023099854,5.002975996303228,0.5636980279645627,1.8182276256284524,,,,0.059097864782698906,0.13413909924425638,3,track_to_track_ci,25.0,50.0,30.606601717798213,5.0,1.9236706937217898e-16,1.6660811018093873
5.050000000000001,25.230293528341978,50.185952599495586,30.73201439076282,5.007668602909881,0.5590201036894484,1.8219942212025586,,,,0.06195263385225733,0.1368529858819904,3,track_to_track_ci,25.250000000000007,49.99876632481661,30.689577783878086,5.0,-0.04934599267442054,1.65294448009807
5.1000000000000005,25.48808249604683,50.20710542328368,30.82211016454336,5.018706458398377,0.5474794791337558,1.8197116721379558,,,,0.06310878452756741,0.13722221872260204,3,track_to_track_ci,25.5,49.995065603657316,30.771894466447833,5.0,-0.0986798099635267,1.639705896985157
5.15,25.743197883950785,50.23240579302205,30.90937226886021,5.024885516759063,0.5437921665246108,1.8136428664017643,,,,0.06624451602930997,0.13980201518369847,3,track_to_track_ci,25.75,49.9888987496197,30.85354668782674,5.0,-0.14798927948610274,1.6263661690888134
5.2,26.012006453999156,50.25399314889127,31.018433450615703,5.04308368759893,0.5426040129730438,1.8431436634154323,,,,0.06809086239411227,0.13970819509347346,3,track_to_track_ci,26.0,49.98026728428272,30.934529411321172,5.0,-0.1972622348683774,1.6129261192662916
5.25,26.2610121560733,50.28158130205969,31.121872873538507,5.024389218885503,0.5580547678471248,1.8678836130205667,,,,0.07171830140882038,0.1415658078220205,3,track_to_track_ci,26.25,49.96917333733128,31.014837641535284,5.0,-0.24648651874589578,1.5993865765631734
5.300000000000001,26.509741371110913,50.268958320761556,31.207042538061636,4.996854231882576,0.5391699348198813,1.8752904502711942,,,,0.0724515462174377,0.14016406301365547,3,track_to_track_ci,26.5,49.9556196460308,31.094466424679148,5.0,-0.29564998576317125,1.5857483761622289
5.3500000000000005,26.75314770915538,50.26299753457232,31.294090887973827,4.974311670554396,0.525102055645192,1.8802947210175347,,,,0.0744449087322056,0.1416060378752703,3,track_to_track_ci,26.75,49.939609554551794,31.17341084887433,5.0,-0.3447405055703647,1.5720123593319013
5.4,26.98674198621612,50.23548298450726,31.361153006544118,4.942790877395055,0.4916641910340047,1.8633232604847336,,,,0.07267247718033429,0.13983465422268715,3,track_to_track_ci,27.0,49.921147013144775,31.251666044456893,5.0,-0.3937459658162723,1.5581793733744105
5.45,27.243016141122308,50.232851049897405,31.45833728853402,4.950242352796998,0.4648479809559376,1.874062389819585,,,,0.07420535811866447,0.14127010910584284,3,track_to_track_ci,27.250000000000004,49.90023657716557,31.329227184277755,5.0,-0.44265427513686134,1.54425027157349
5.5,27.486905976530267,50.20856159148107,31.52234796125328,4.940434564145072,0.422328236381432,1.846291309615026,,,,0.07251918549201906,0.1394119169698479,3,track_to_track_ci,27.500000000000004,49.876883405951375,31.406089484000468,5.0,-0.49145336613863916,1.5302259131417502
5.550000000000001,27.732805886089135,50.20357774643153,31.59840869357392,4.932205074277697,0.40460699635407593,1.8343236211637475,,,,0.07407090504640547,0.1407899576008882,3,track_to_track_ci,27.750000000000004,49.85109326154774,31.48224820239632,5.0,-0.540131198376096,1.5161071631676806
5.6000000000000005,27.998238844907046,50.16840029301623,31.655961217381876,4.956005481999188,0.3441493210086719,1.7968834769104447,,,,0.07238079374672274,0.1389863668175288,3,track_to_track_ci,28.000000000000004,49.82287250728689,31.55769864163684,5.0,-0.5886757613225111,1.5018948925622841
5.65,28.243583214946536,50.155589624800655,31.734545110512883,4.945767629937988,0.3215985690008978,1.7920261507772892,,,,0.07393097953439326,0.14032624297755564,3,track_to_track_ci,28.250000000000004,49.79222810621766,31.63243614758352,5.0,-0.6370750773333634,1.487589978005358
5.7,28.47307862697647,50.12787558008712,31.802204116930945,4.913257053938594,0.2902523451794252,1.7787290527971464,,,,0.07228181588473223,0.13852448323100514,3,track_to_track_ci,28.500000000000004,49.759167619387476,31.706456110074946,5.0,-0.6853172046016429,1.4731933018914143
5.75,28.72047088793154,50.09700064251168,31.88041103183524,4.911285069906089,0.24591472321044705,1.7744077250321908,,,,0.07388258699832793,0.1398920933444548,3,track_to_track_ci,28.749999999999996,49.723699203976764,31.77975396321117,5.0,-0.7333902401043078,1.4587057522752498
5.800000000000001,28.957610847501346,50.07237834250764,31.959217146759077,4.891099702958137,0.2186146814322143,1.7738446096642946,,,,0.07220185797448253,0.13806309921124774,3,track_to_track_ci,29.000000000000004,49.68583161128631,31.852325185635358,5.0,-0.7812823225391826,1.444128222817167
5.8500000000000005,29.2044093741544,50.0416368033776,32.036505279973305,4.888908530611706,0.18000131803727015,1.7688537646455202,,,,0.0737655312827262,0.13943743461987973,3,track_to_track_ci,29.250000000000004,49.64557418457798,31.924165300812653,5.0,-0.8289816352515484,1.4294616127278497
5.9,29.466267425816394,49.97913565017878,32.12490543419298,4.911498929835371,0.09504918907215654,1.776180538056913,,,,0.07211925773493208,0.13764734053581557,3,track_to_track_ci,29.500000000000004,49.60293685676943,31.99526987730636,5.0,-0.8764764091497338,1.4147068267128942
5.95,29.72016112721285,49.945671902915535,32.21307768063281,4.918012756667029,0.056825902307352294,1.7829477817026245,,,,0.07363463114752605,0.13893030488521682,3,track_to_track_ci,29.75,49.5579301479833,32.065634529051266,5.0,-0.923754925608959,1.3998647749170028
6.0,29.988658762875104,49.86694072299757,32.27619165791687,4.950490150499972,-0.04039587432701808,1.7564689477538664,,,,0.07191523566386103,0.13710090206560602,3,track_to_track_ci,30.0,49.510565162951536,32.135254915624216,5.0,-0.970805519362733,1.3849363728678425
6.050000000000001,30.24124030624237,49.84555308554673,32.36258729637356,4.950240277088296,-0.05230613303847065,1.7622592471776883,,,,0.07340290411592533,0.13841509142576988,3,track_to_track_ci,30.250000000000004,49.460853588275455,32.204126742511804,5.0,-1.0176165813810798,1.3699225414195708
6.1000000000000005,30.485063540097595,49.768508034031825,32.44182423668934,4.940492822800421,-0.13005514631564097,1.7630892807842287,,,,0.07163082928358026,0.13654749943879105,3,track_to_track_ci,30.500000000000004,49.40880768954226,32.27224576137535,5.0,-1.064176561734893,1.3548242066960332
6.15,30.732664692128758,49.73026612711537,32.50819377423821,4.9348251776884275,-0.1528655324942889,1.7453037197526626,,,,0.07310528105267577,0.13789026859723647,3,track_to_track_ci,30.75,49.35444030829868,32.339607770312895,5.0,-1.1104739724457138,1.3396423000336353
6.2,30.974098561868068,49.64507142400441,32.56996285752583,4.924100253637372,-0.23236114415858822,1.7268399692233771,,,,0.07138451410848659,0.13609480718367692,3,track_to_track_ci,31.0,49.297764858882516,32.40620861411843,5.0,-1.1564973903202131,1.324377757923892
6.25,31.222892806463832,49.60072947729129,32.64976526542341,4.921143723720199,-0.258924813325649,1.7281100688702509,,,,0.07285679145669821,0.13738993569474828,3,track_to_track_ci,31.25,49.23879532511287,32.47204418453818,5.0,-1.2022354597686924,1.309031521955664
6.300000000000001,31.461684175698597,49.53611410629714,32.71778032758735,4.904594850414748,-0.30353381029726734,1.7181300049544461,,,,0.07114116052706931,0.13566071979833322,3,track_to_track_ci,31.500000000000007,49.17754625683981,32.53711042052406,5.0,-1.2476768956069102,1.293604538757072
6.3500000000000005,31.710454063010374,49.47042977626182,32.78184330610942,4.904963984737988,-0.3511870147075342,1.7011206482823198,,,,0.07262776560019124,0.13699507761281957,3,track_to_track_ci,31.75,49.114032766354455,32.60140330848413,5.0,-1.2928104858405254,1.2780977599371093
6.4,31.97508980659444,49.38002807670552,32.8421371699463,4.9306506851033465,-0.4327015009468056,1.678177864444507,,,,0.07093249194089306,0.13526679708626724,3,track_to_track_ci,32.0,49.0482705246602,32.66491888253023,5.0,-1.337625094431499,1.2625121420269347
6.45,32.22659000853003,49.32874616323129,32.90863944976836,4.930978155533831,-0.45374098122276507,1.6659098514328576,,,,0.07240546276486652,0.13662760625066211,3,track_to_track_ci,32.25,48.98027575760616,32.72765322472256,5.0,-1.382109664045735,1.2468486464208772
6.5,32.48015154836991,49.218935861215904,32.95122158986057,4.939858373598259,-0.5467640651946084,1.6263504107407556,,,,0.07073405687791305,0.1349088774793,3,track_to_track_ci,32.5,48.91006524188368,32.78960246531138,5.0,-1.426253218781319,1.231108239317127
6.550000000000001,32.728209266387616,49.1485413693298,33.00914128133313,4.935651998318711,-0.5825783175888972,1.6085240581252194,,,,0.07222763652480639,0.13624112092815444,3,track_to_track_ci,32.75,48.837656300886934,32.85076278297574,5.0,-1.4700448668766533,1.2152918916581381
6.6000000000000005,32.984927164349806,49.04706348773864,33.05206645503398,4.946245775882702,-0.6575472329455749,1.5731375878392129,,,,0.07056266474364556,0.13456507211902918,3,track_to_track_ci,33.0,48.76306680043864,32.911130405059154,5.0,-1.5134738033978405,1.1994005790707354
6.65,33.239748125649186,48.989349200447194,33.111185979554975,4.949759691798314,-0.672099722248916,1.5584142260096385,,,,0.07204057299009965,0.135864245991656,3,track_to_track_ci,33.25,48.68631514438191,32.970701607802326,5.0,-1.556529312904633,1.1834352818059348
6.7,33.500948358634076,48.90712050406639,33.16167119544102,4.965370058178617,-0.7193329087451588,1.5329305101908304,,,,0.07036193336828718,0.1341761016462563,3,track_to_track_ci,33.5,48.60742027003944,33.02947271657287,5.0,-1.5992007720943142,1.1673969846784744
6.75,33.744245095370474,48.8402876142061,33.23077491684103,4.950644182666591,-0.7382030533864139,1.5367685571217677,,,,0.07181231471024589,0.1354957439686592,3,track_to_track_ci,33.75,48.52640164354092,33.087440106091954,5.0,-1.6414776524228358,1.1512866770060683
6.800000000000001,33.999024498238,48.73411018673256,33.27894502169154,4.957797895562808,-0.8091007351063695,1.5132591096896633,,,,0.07011009204303331,0.13377604634578397,3,track_to_track_ci,34.0,48.44327925502015,33.144600200657955,5.0,-1.6833495227025808,1.1351053525483799
6.8500000000000005,34.244629918459665,48.669857632642035,33.35242240963075,4.9462929819357075,-0.8201463591371123,1.5231970751986807,,,,0.07156143197718198,0.13510080598996363,3,track_to_track_ci,34.25,48.358073613682706,33.20094947436698,5.0,-1.7248060516760972,1.1188540094457229
6.9,34.49163440797052,48.55402716652419,33.3902414973947,4.943425308045051,-0.894055142553853,1.4899180212226,,,,0.06991099096853237,0.13345676114852031,3,track_to_track_ci,34.5,48.270805742745615,33.2564844513304,5.0,-1.7658370105651897,1.1025336501574903
6.95,34.73485201625686,48.47119517703074,33.434166763879944,4.931908553254558,-0.9193540119406407,1.465595561707417,,,,0.07137804862079412,0.13475092009663608,3,track_to_track_ci,34.75,48.18149717425023,33.311201705889246,5.0,-1.8064322755947113,1.0861452814003187
7.0,34.9887940384443,48.377848712868285,33.50427554261066,4.935817071752159,-0.9644100838209084,1.4737339444883943,,,,0.06970566690902669,0.13310818332561342,3,track_to_track_ci,35.0,48.09016994374947,33.365097862825515,5.0,-1.8465818304904564,1.0696899140859892
7.050000000000001,35.2422961119514,48.3140247022249,33.57217350648309,4.936997316747225,-0.9670017865840492,1.4774210459086632,,,,0.07115906972941,0.13443377411671265,3,track_to_track_ci,35.25,47.9968465848709,33.418169597570376,5.0,-1.886275768950526,1.0531685632590695
7.1000000000000005,35.49820273364128,48.204897614658655,33.629538612415836,4.949261708133449,-1.0308829850301038,1.4677781720558016,,,,0.06957219093270561,0.13271567030581172,3,track_to_track_ci,35.50000000000001,47.901550123756905,33.47041363640923,5.0,-1.9255042970895564,1.0365822480343012
7.15,35.75367905883162,48.12692828500196,33.68870073675859,4.952269985016873,-1.0460612320848668,1.4617332128456724,,,,0.07093676821609478,0.1340626660400166,3,track_to_track_ci,35.75000000000001,47.8043040733833,33.52182675668369,5.0,-1.9642577358552191,1.019931991533736
7.2,36.000066513613824,47.98827090050404,33.725349014982484,4.950662514631389,-1.1360209750702666,1.430774143043564,,,,0.06928973656134166,0.13237536517472515,3,track_to_track_ci,36.0,47.70513242775789,33.572405786990295,5.0,-2.002526523416379,1.0032188208236241
7.25,36.24742903098915,47.90364659776164,33.78804154665764,4.944009237096952,-1.1521827173153412,1.432642134101961,,,,0.07074749433733142,0.13365051491593918,3,track_to_track_ci,36.25,47.60405965600031,33.62214760737622,5.0,-2.0403012175223334,0.9864437668510614
7.300000000000001,36.49383226292894,47.76580590824843,33.80874279245101,4.940755862495143,-1.2304067349865306,1.3850384820963484,,,,0.06903432970155525,0.13204182542302056,3,track_to_track_ci,36.50000000000001,47.50111069630459,33.67104914953168,5.0,-2.077572497832548,0.9696078643803938
7.3500000000000005,36.74660191970587,47.66855235231248,33.846692615882006,4.944172781719029,-1.2556553933332992,1.3582309430806134,,,,0.07048272595879522,0.13332043996868534,3,track_to_track_ci,36.75000000000001,47.3963109497861,33.719107396979204,5.0,-2.1143311682163057,0.9527121519293908
7.4,37.00622177631154,47.559232317790816,33.90558959191525,4.955205794439305,-1.298700746848354,1.3592744890550037,,,,0.06874077168312888,0.13166738427318014,3,track_to_track_ci,37.0,47.28968627421411,33.76631938525972,5.0,-2.1505681590217223,0.9357576717051819
7.45,37.24675448389291,47.447291945262016,33.9554090494848,4.940424210974964,-1.3357296535549068,1.352439277536,,,,0.0701565048288442,0.13296451770801648,3,track_to_track_ci,37.25,47.18126297763189,33.8126822021154,5.0,-2.186274529313543,0.91874546953997
7.5,37.49686669044863,47.33399852778665,34.00534188744828,4.937652558546822,-1.3739860858504045,1.3446399166803857,,,,0.06839161723717149,0.13128769100205978,3,track_to_track_ci,37.5,47.071067811865476,33.8581929876693,5.0,-2.221441469079183,0.9016765948265195
7.550000000000001,37.73972362175185,47.22743538500083,34.04860677540971,4.926972584851545,-1.3991041713567682,1.329659692634877,,,,0.06979430722680964,0.1325388528365943,3,track_to_track_ci,37.75000000000001,46.959127965923145,33.90284893460181,5.0,-2.256060301402471,0.8845521004534235
7.6000000000000005,38.005031494930336,47.1033663534661,34.08398078973636,4.949102672020407,-1.451161091531631,1.301985431924301,,,,0.06804072437489421,0.13092419407675127,3,track_to_track_ci,38.0,46.845471059286886,33.946647288323774,5.0,-2.2901224846045407,0.86737304274016
7.65,38.24308801728538,46.98975217609572,34.13839507466902,4.930491451620936,-1.4802544062582257,1.3050820715466998,,,,0.06944729902604692,0.13216979589648353,3,track_to_track_ci,38.25,46.73012513509774,33.98958534714641,5.0,-2.3236196143513745,0.8501404813719277
7.7,38.487603432578226,46.854024301126834,34.16365633125763,4.92277526619402,-1.534120244619487,1.2712332632412995,,,,0.06770701264043416,0.13055090382868034,3,track_to_track_ci,38.5,46.61311865323652,34.03166046244801,5.0,-2.356543425727433,0.8328554793342855
7.75,38.71582591397915,46.74544362266364,34.20908446844862,4.891486963830495,-1.5463095865847833,1.2671639343081438,,,,0.06912316607453066,0.13184487223541855,3,track_to_track_ci,38.75,46.494480483301835,34.072870038837266,5.0,-2.38888579527491,0.8155191028475783
7.800000000000001,38.97588130820758,46.60696268132581,34.24340651392629,4.908343793953425,-1.6062661966657856,1.2446701956114765,,,,0.06741801220203575,0.13023202950740503,3,track_to_track_ci,39.0,46.3742398974869,34.11321153431338,5.0,-2.420638742998068,0.7981324213011697
7.8500000000000005,39.23682945945058,46.50400829193831,34.28967562420153,4.923765747112979,-1.6173314083258674,1.2362107179765474,,,,0.06882566508213046,0.13150856481867287,3,track_to_track_ci,39.25,46.25242656335705,34.1526824604229,5.0,-2.4517944343321867,0.7806965071874753
7.9,39.46793895867384,46.36025239660434,34.313879595162895,4.897640819302404,-1.6690986186825967,1.2090503616074102,,,,0.06710864791513244,0.12990078152469528,3,track_to_track_ci,39.5,46.12907053652977,34.19128038241318,5.0,-2.482345182076621,0.7632124360358092
7.95,39.721702769361755,46.256005412064546,34.37145413683898,4.902946320067219,-1.6767620069293656,1.2186729376638965,,,,0.06852002172356034,0.13114310373322746,3,track_to_track_ci,39.75,46.00420225325884,34.229002919382566,5.0,-2.512283448291506,0.7456812863460368
8.0,39.97397465084955,46.131075850355145,34.417954338888336,4.90591404062776,-1.7087324667979118,1.2152758478759296,,,,0.06680757117526195,0.12955766349753284,3,track_to_track_ci,40.0,45.877852522924734,34.265847744427305,5.0,-2.5416018461576297,0.72810413952205
8.05,40.21936556021485,46.02117633969819,34.46926185590266,4.899429982953227,-1.717838512051756,1.2186164489513374,,,,0.06820012487223046,0.13082049542725338,3,track_to_track_ci,40.25,45.75005252043278,34.30181258478502,5.0,-2.5702931417990196,0.7104820798050604
8.1,40.47731037953799,45.89939283293771,34.50633451255395,4.914754306723947,-1.7461093335890183,1.2009475482582062,,,,0.06657883256912638,0.12911920482644748,3,track_to_track_ci,40.5,45.62083377852131,34.336895221974956,5.0,-2.59835025606779,0.69281619420672
8.15,40.71465096579681,45.77877384270376,34.55841951188012,4.892919141701647,-1.7621364196843103,1.2096378689334841,,,,0.06786531415813188,0.13047695958948757,3,track_to_track_ci,40.75,45.490228179981315,34.371093491934786,5.0,-2.625766266290827,0.6751075724420642
8.200000000000001,40.962938985952576,45.64470772269754,34.59105317312774,4.897706689457475,-1.8013696136322324,1.1890153878179746,,,,0.06629989315525547,0.12880094972610412,3,track_to_track_ci,41.0,45.35826794978997,34.40440528515415,5.0,-2.6525344079778406,0.6573573068623002
8.25,41.2191749471291,45.52650031452697,34.62679347859827,4.9086103440677835,-1.8178175538846375,1.1722444944837562,,,,0.0676971051659174,0.1300568748909596,3,track_to_track_ci,41.25,45.224985647159485,34.436828546804705,5.0,-2.67864807649041,0.6395664923874195
8.3,41.48547270577224,45.372187449490916,34.6564652930609,4.93545153564694,-1.8838525413068936,1.147535375530218,,,,0.06601716295597035,0.12846057373325515,3,track_to_track_ci,41.5,45.09041415750371,34.46836127686697,5.0,-2.704100828671577,0.6217362264386606
8.35,41.73344492331138,45.23463360212023,34.689506938632945,4.933490806750643,-1.917921251167357,1.1324266002918577,,,,0.06738053945773723,0.12970218368147635,3,track_to_track_ci,41.75,44.95458668432408,34.49900153025361,5.0,-2.7288863844355973,0.6038676088708169
8.4,41.99995787494223,45.076735395923606,34.70344799673775,4.959176341262174,-1.9803260505771618,1.0913686767843345,,,,0.06570471692915263,0.1280830683745582,3,track_to_track_ci,42.00000000000001,44.81753674101715,34.52874741692946,5.0,-2.7529986283174632,0.5859617419043867
8.450000000000001,42.24242404440636,44.94275025225416,34.73810075016672,4.946772793642747,-2.000797129451442,1.0834347774588835,,,,0.06707158348771068,0.12937354322592234,3,track_to_track_ci,42.25000000000001,44.67929814260573,34.55759710202814,5.0,-2.776431610981794,0.5680197300575901
8.5,42.49452799907932,44.80649384173286,34.77005035771305,4.948543439374446,-2.0264171782404503,1.0698757787547137,,,,0.06538636645915473,0.12774355166121257,3,track_to_track_ci,42.5,44.53990499739547,34.585548805965146,5.0,-2.7991795506907526,0.5500426800782316
8.55,42.74695080236636,44.68375565696863,34.78610314381327,4.950810221273862,-2.0295587418092396,1.0373757057058413,,,,0.0667358357050199,0.12898245830939734,3,track_to_track_ci,42.75000000000001,44.39939169855915,34.61260080454774,5.0,-2.821236834730602,0.5320317008754331
8.6,42.99950351277729,44.520898987024296,34.79986694389309,4.956307517836077,-2.087078351248195,1.0048670802977213,,,,0.06506827284966407,0.1274161367272142,3,track_to_track_ci,43.0,44.257792915650725,34.63875142908121,5.0,-2.8425980207965527,0.5139879034512326
8.65,43.24753343773585,44.38212726958959,34.82118402808739,4.952764029203113,-2.107541805924143,0.984493514779949,,,,0.0664235121142987,0.12865043904439086,3,track_to_track_ci,43.25,44.11514358605109,34.66399906647186,5.0,-2.863257838335581,0.49591240083204685
8.700000000000001,43.49556665650415,44.232829433584875,34.8345207780087,4.949629965095308,-2.140652667661911,0.9556732302063651,,,,0.0647576896945163,0.12706457424764056,3,track_to_track_ci,43.50000000000001,43.971478906347805,34.68834215932649,5.0,-2.8832111898468464,0.4778063080000219
8.75,43.74806384908422,44.103736824411676,34.87310425497766,4.950819554141708,-2.147149902819507,0.9595408937743244,,,,0.06611873642327816,0.12834292552790746,3,track_to_track_ci,43.75,43.8268343236509,34.711779206048455,5.0,-2.902453152139431,0.4596707418242519
8.8,44.00151963529714,43.93803562445487,34.8942817539448,4.956604289162593,-2.201709580107533,0.9416555778586897,,,,0.06447838098145368,0.12675398972409668,3,track_to_track_ci,44.00000000000001,43.68124552684678,34.73430876093033,5.0,-2.920978977547065,0.44150682099188254
8.85,44.25135493783595,43.79396023614792,34.92312490437644,4.955205445166333,-2.2230507986744925,0.9347722130328435,,,,0.06584167277065613,0.12802965966031796,3,track_to_track_ci,44.25,43.53474843779257,34.755929434243036,5.0,-2.938784095099535,0.4233156659391127
8.9,44.49904091490642,43.63825310671413,34.94065074028913,4.951664719807736,-2.256623519981261,0.9153652424943601,,,,0.06421999871013234,0.1264776662984796,3,track_to_track_ci,44.5,43.38737920245291,34.77663989232161,5.0,-2.95586411165051,0.4050983987820719
8.950000000000001,44.74683137801335,43.501110640307274,34.96739363737235,4.947246968594332,-2.2641056726362905,0.9076886739787469,,,,0.06559680529928742,0.12772397948619793,3,track_to_track_ci,44.75000000000001,43.23917418198149,34.79643885764743,5.0,-2.97221481296148,0.38685614324761025
9.0,45.002087575383264,43.34550356644422,34.99320698597798,4.954098666810575,-2.2981086469206247,0.8984944785089368,,,,0.06398026287556037,0.1261850993940687,3,track_to_track_ci,45.0,43.09016994374947,34.81532510892707,5.0,-2.9878321647415556,0.3685900246039791
9.05,45.25227349716814,43.190806589161355,35.02022304969893,4.954144852393819,-2.327975909503877,0.8921049925878819,,,,0.06534379472652095,0.12745076729426072,3,track_to_track_ci,45.25,42.940403252323044,34.83329748116757,5.0,-3.002712313642874,0.3503011695914158
9.1,45.49622162662832,43.02382735171379,35.02248946669228,4.946760490548832,-2.3688203760560924,0.8556123822774424,,,,0.06368923994088474,0.12584443974766524,3,track_to_track_ci,45.49999999999999,42.7899110603923,34.850354865748365,5.0,-3.01685158821135,0.33199070635264627
9.15,45.73851035400929,42.88372472414932,35.058697457927025,4.934510170526487,-2.37214615428762,0.865301051287581,,,,0.06504221431385962,0.12712749708771934,3,track_to_track_ci,45.75,42.638730499653725,34.86649621048962,5.0,-3.0302464997925544,0.3136597643632925
9.200000000000001,45.983484032513736,42.73454301988804,35.0791270904682,4.928069708715318,-2.3869325566045347,0.8539217362786857,,,,0.06345120520364951,0.1255774186738145,3,track_to_track_ci,46.00000000000001,42.48689887164854,34.88172051971717,5.0,-3.0428937433924865,0.29530947436220345
9.25,46.22117597545014,42.59198690935544,35.10948217344776,4.911572947281658,-2.3914356756496034,0.8567222944652286,,,,0.06481970926505555,0.12682198607758466,3,track_to_track_ci,46.25,42.334453638559054,34.89602685432389,5.0,-3.054790198493033,0.2769409682817049
9.3,46.47130005725715,42.42443587870687,35.13050366995123,4.91536349850994,-2.431818872645806,0.8457543602750377,,,,0.06321754478231187,0.12529875719974176,3,track_to_track_ci,46.5,42.181432413965425,34.9094143318277,5.0,-3.065932929821908,0.25855537917777327
9.35,46.72843793370919,42.28807537169132,35.15921390068154,4.9263676369423965,-2.429639058704012,0.843337872578914,,,,0.06457169161561643,0.12654714789867288,3,track_to_track_ci,46.75,42.02787295356513,34.9218821264259,5.0,-3.0763191880768885,0.24015384116015046
9.4,46.987619189354604,42.10486426485309,35.142768837333584,4.944807163164658,-2.48921676457455,0.7834262550443043,,,,0.06293676772688274,0.12497137580503663,3,track_to_track_ci,47.0,41.87381314585725,34.9334294690462,5.0,-3.085946410604164,0.22173748932237822
9.450000000000001,47.23128280617225,41.95289128619973,35.16046412603958,4.936557337434511,-2.5001187121075787,0.7741386627239351,,,,0.06427458610123651,0.126252111707211,3,track_to_track_ci,47.25,41.719291002794094,34.94405564739412,5.0,-3.094812222030629,0.20330745967178826
9.5,47.4739128979076,41.79298675192881,35.17532455348275,4.92737587698325,-2.5214973370326845,0.7616146672685247,,,,0.06264814617700075,0.12468165773982301,3,track_to_track_ci,47.5,41.56434465040231,34.95376000599692,5.0,-3.102914434849978,0.18486488905942214
9.55,47.71547590795533,41.632724923600584,35.184287682914594,4.918730224269915,-2.5411667998532153,0.742766288598439,,,,0.06398900638742139,0.125933026702968,3,track_to_track_ci,47.75,41.409012319375826,34.96254194624405,5.0,-3.1102510499624336,0.1664109151099069
9.600000000000001,47.965562356170935,41.44437360057901,35.17071624443455,4.925115765481589,-2.597484911688781,0.6958397416052762,,,,0.06237514038615042,0.12441926119124015,3,track_to_track_ci,48.00000000000001,41.25333233564304,34.97040092642408,5.0,-3.1168202571679955,0.14794667615128232
9.65,48.20848856596654,41.29846580670838,35.180402311052134,4.917210761505043,-2.591940895066216,0.6821653983088041,,,,0.06370906458074534,0.12565387130939928,3,track_to_track_ci,48.25000000000001,41.09734311091045,34.97733646175807,5.0,-3.1226204356130842,0.12947331114478267
9.700000000000001,48.464002038669115,41.10261255279215,35.14649139343244,4.93236713894917,-2.6555645291679895,0.6118194864048192,,,,0.06210351812941638,0.12412486771238984,3,track_to_track_ci,48.50000000000001,40.941083133185145,34.983348124429554,5.0,-3.1276501541904578,0.11099195961457735
9.75,48.70340439716099,40.945402639029055,35.16167356835413,4.919309907019517,-2.661493383789221,0.6118773735168332,,,,0.0634454020762891,0.12540429228048322,3,track_to_track_ci,48.75,40.78459095727845,34.98843554361085,5.0,-3.1319081718923187,0.09250376157748418
9.8,48.9474340194937,40.76102232583595,35.1670285738698,4.915042336268563,-2.705759254167191,0.5982766314749952,,,,0.06185688093310093,0.12386292785771809,3,track_to_track_ci,49.00000000000001,40.62790519529313,34.99259840548598,5.0,-3.1353934381165134,0.07400985747264478
9.850000000000001,49.20251561766333,40.59457706347128,35.16071069618859,4.92650617730569,-2.723123927558376,0.5688836002457407,,,,0.06318983231118916,0.12512845904080908,3,track_to_track_ci,49.25000000000001,40.47106450709642,34.99583645327001,5.0,-3.138105092925752,0.05551138809117944
9.9,49.4577265406347,40.43444574558168,35.15136796366695,4.936107443649532,-2.729531463247838,0.5377665407640748,,,,0.061574407189322354,0.12358697911705496,3,track_to_track_ci,49.5,40.31410759078128,34.99814948722491,5.0,-3.1400424672597853,0.037009494505814644
9.950000000000001,49.69273587425855,40.26802191051509,35.156419701972695,4.917964964156732,-2.742347683886038,0.530287526868122,,,,0.0628927174125142,0.12481166314744008,3,track_to_track_ci,49.75000000000001,40.1570731731182,34.999537364671845,5.0,-3.1412050831004863,0.01850531800049792
10.0,49.955929169858024,40.11076986409234,35.14947027653826,4.9383227657117095,-2.745620667435432,0.5040662193858196,,,,0.06126485757649194,0.12328332991640582,3,track_to_track_ci,50.0,40.0,35.0,5.0,-3.141592653589793,1.4427530202913423e-16
10.05,50.2175129954473,39.964068302493,35.16548465702171,4.954771113126597,-2.736124238752069,0.5085893052154233,,,,0.06258071260035479,0.12454860048707048,3,track_to_track_ci,50.25000000000001,39.84292682688179,34.999537364671845,5.0,-3.1412050831004863,-0.01850531800049868
10.100000000000001,50.48255765192941,39.78489403382293,35.1439963457137,4.977759765498029,-2.7711795451809706,0.4640156708956056,,,,0.0609644030826425,0.12299940493060092,3,track_to_track_ci,50.500000000000014,39.68589240921871,34.99814948722491,5.0,-3.1400424672597853,-0.0370094945058154
10.15,50.73294939600832,39.63305779230389,35.13960032322264,4.977337467129429,-2.7629011601864164,0.44690466294874653,,,,0.06227960476912561,0.12428656746212502,3,track_to_track_ci,50.75000000000001,39.52893549290357,34.99583645327001,5.0,-3.138105092925752,-0.05551138809117968
10.200000000000001,50.991100385420125,39.48171275175982,35.14416209492397,4.9864628846118775,-2.7567807115860035,0.44171959978691433,,,,0.06069269973074952,0.12276404197532295,3,track_to_track_ci,51.0,39.37209480470687,34.99259840548598,5.0,-3.1353934381165134,-0.07400985747264502
10.25,51.231958050517655,39.33888840021148,35.14750689074796,4.971783895974108,-2.7362519036373385,0.4371450847155316,,,,0.062025716631264806,0.12401971801933219,3,track_to_track_ci,51.24999999999999,39.215409042721554,34.98843554361085,5.0,-3.131908171892319,-0.09250376157748338
10.3,51.47354612615321,39.17801844974386,35.1216592129292,4.96078965447967,-2.7408527812074084,0.39483268721475895,,,,0.06044646019311422,0.12253455961251355,3,track_to_track_ci,51.5,39.05891686681486,34.983348124429554,5.0,-3.1276501541904578,-0.11099195961457706
10.350000000000001,51.72383107015974,39.02619311695269,35.118747742773735,4.961983696030184,-2.736239021753633,0.3836858381925268,,,,0.06178777981293581,0.12380655763045074,3,track_to_track_ci,51.75000000000001,38.90265688908955,34.97733646175807,5.0,-3.1226204356130842,-0.1294733111447829
10.4,52.00489651779329,38.85517278387668,35.12148596855242,5.005135075564052,-2.7653154404966926,0.3760339001032236,,,,0.06023381748643282,0.1223066914720641,3,track_to_track_ci,52.0,38.746667664356956,34.97040092642408,5.0,-3.1168202571679955,-0.14794667615128307
10.450000000000001,52.270331260066364,38.713289954304834,35.128651665134285,5.022852638584555,-2.7484784550692467,0.3769997961466345,,,,0.06156959789164792,0.12361193248311708,3,track_to_track_ci,52.25000000000001,38.59098768062417,34.96254194624405,5.0,-3.110251049962433,-0.16641091510990766
10.5,52.519355744334966,38.542449931607315,35.102077185586865,5.018923794541664,-2.768128540987263,0.3372411402967117,,,,0.06002581241394346,0.12210451437940342,3,track_to_track_ci,52.5,38.435655349597695,34.95376000599692,5.0,-3.1029144348499784,-0.18486488905942183
10.55,52.75990407605926,38.38926746460989,35.09112312113918,5.0032080876648175,-2.7617353016313473,0.3207895693532876,,,,0.061379997865128655,0.12338484807530353,3,track_to_track_ci,52.75000000000001,38.2807089972059,34.94405564739412,5.0,-3.094812222030629,-0.20330745967178854
10.600000000000001,52.99294934119793,38.222603814995814,35.065588168868096,4.97912491907458,-2.7723362417831368,0.28768982591573433,,,,0.05989810946935434,0.12196859292715001,3,track_to_track_ci,53.0,38.12618685414275,34.9334294690462,5.0,-3.0859464106041634,-0.22173748932237844
10.65,53.25398745920482,38.063944618074586,35.06980691873962,4.994103588669584,-2.7791687504834215,0.291115606619357,,,,0.06127185732178128,0.12324601704748056,3,track_to_track_ci,53.25,37.97212704643488,34.9218821264259,5.0,-3.076319188076889,-0.24015384116014965
10.700000000000001,53.50531011491041,37.91497161747469,35.08388541759547,4.9932785275215705,-2.769931701676157,0.3084960254067681,,,,0.05980524781769339,0.12181194165359192,3,track_to_track_ci,53.5,37.818567586034575,34.9094143318277,5.0,-3.065932929821908,-0.2585553791777735
10.75,53.74836851701523,37.76128171562483,35.069629978845555,4.983524796166045,-2.7653172841424976,0.28893000786740686,,,,0.061164567990496306,0.12310980806985954,3,track_to_track_ci,53.75,37.665546361440946,34.89602685432389,5.0,-3.054790198493033,-0.2769409682817046
10.8,54.00993690904105,37.600000722976134,35.049003368777676,4.999775110318562,-2.7745296925592413,0.2593830414296079,,,,0.059668262594602485,0.12162649630975189,3,track_to_track_ci,54.0,37.51310112835145,34.88172051971716,5.0,-3.042893743392486,-0.2953094743622042
10.850000000000001,54.26708158520603,37.450004500404894,35.040887989060835,5.008489379676497,-2.7675655738137124,0.24905955327739804,,,,0.061024291904817396,0.1229169422929657,3,track_to_track_ci,54.25000000000001,37.36126950034627,34.86649621048962,5.0,-3.030246499792554,-0.31365976436329324
10.9,54.502989320371874,37.305467057489714,35.018802887837566,4.987514540687127,-2.7483317952506354,0.2241914646322698,,,,0.059523158503491845,0.12145295492079225,3,track_to_track_ci,54.50000000000001,37.21008893960771,34.850354865748365,5.0,-3.0168515882113502,-0.331990706352646
10.950000000000001,54.745495660314475,37.158680081000284,35.01441579861021,4.970638686366616,-2.73444247829525,0.2244283323925842,,,,0.060818586046215276,0.12276034821405518,3,track_to_track_ci,54.75000000000001,37.059596747676956,34.83329748116757,5.0,-3.002712313642874,-0.35030116959141605
11.0,55.0021136968002,36.99519808827806,34.992057072062316,4.987154029537692,-2.7518517720799593,0.19590285117993034,,,,0.059371513986314566,0.1212650105461591,3,track_to_track_ci,55.00000000000001,36.90983005625052,34.81532510892706,5.0,-2.9878321647415556,-0.3685900246039794
11.05,55.24046688606961,36.853585221228954,34.99257941080319,4.966069235325476,-2.7310493375160263,0.20462055841070992,,,,0.060668122212274064,0.12258326030582951,3,track_to_track_ci,55.25,36.76082581801851,34.79643885764743,5.0,-2.97221481296148,-0.38685614324761053
11.100000000000001,55.48371140477597,36.69118488606081,34.9701816616612,4.957935387874911,-2.7415337692437447,0.1822690143858523,,,,0.05914883864252093,0.121103720046936,3,track_to_track_ci,55.50000000000001,36.61262079754709,34.77663989232161,5.0,-2.95586411165051,-0.40509839878207204
11.15,55.73192361924941,36.536747211684826,34.95092940482603,4.960083190760273,-2.7429045902990907,0.1630028118556197,,,,0.06049521029186032,0.12238955595203702,3,track_to_track_ci,55.75,36.46525156220743,34.755929434243036,5.0,-2.938784095099535,-0.42331566593911235
11.200000000000001,55.970003427760176,36.39978493982139,34.91606825852723,4.944722367243876,-2.7147750120286958,0.12664066861436396,,,,0.058963434006570094,0.12090784329738026,3,track_to_track_ci,56.00000000000001,36.31875447315322,34.73430876093033,5.0,-2.920978977547064,-0.44150682099188326
11.25,56.23114108354358,36.25532185988038,34.89927745756076,4.965250458268271,-2.7062340136877907,0.11246448693798783,,,,0.060316600715836784,0.12216293087231281,3,track_to_track_ci,56.25,36.1731656763491,34.711779206048455,5.0,-2.9024531521394312,-0.45967074182425155
11.3,56.50761725346354,36.118185467522395,34.893612909022735,4.9826650177486895,-2.704431440845596,0.1234274382312961,,,,0.05557013743486635,0.11851983925872879,3,track_to_track_ci,56.50000000000001,36.028521093652195,34.68834215932649,5.0,-2.883211189846845,-0.4778063080000226
11.350000000000001,56.76845660631548,35.97697815701014,34.885278590322045,4.994344272013842,-2.6919869405656343,0.1232615409648048,,,,0.05447581606293885,0.11809199820391325,3,track_to_track_ci,56.750000000000014,35.88485641394891,34.66399906647186,5.0,-2.86325783833558,-0.49591240083204763
11.4,57.00841989704486,35.83160860635994,34.855867826484875,4.971742775546984,-2.6807743078211885,0.10046507535803073,,,,0.05201199956765291,0.11628462908873284,3,track_to_track_ci,57.00000000000001,35.742207084349275,34.63875142908121,5.0,-2.842598020796553,-0.5139879034512322
11.450000000000001,57.25557734433501,35.67763280638153,34.83774598443866,4.967605891492415,-2.6883376122548484,0.09228014457616496,,,,0.052173143694392424,0.11698488612794168,3,track_to_track_ci,57.25,35.60060830144085,34.61260080454774,5.0,-2.8212368347306014,-0.5320317008754334
11.5,57.50576264191769,35.52386407819494,34.80705232854419,4.965519897638524,-2.699762991814268,0.07450072962618748,,,,0.04923497789515103,0.11431068527790518,3,track_to_track_ci,57.49999999999999,35.46009500260454,34.585548805965146,5.0,-2.7991795506907535,-0.5500426800782308
11.55,57.75153447991126,35.37422067252737,34.78348360388523,4.961686990141436,-2.7037769114058463,0.0644679635006078,,,,0.049799146541771984,0.11514176903642825,3,track_to_track_ci,57.75,35.32070185739427,34.55759710202814,5.0,-2.7764316109817946,-0.5680197300575898
11.600000000000001,57.99787984876422,35.21886887868879,34.74296257511892,4.962508605329876,-2.719335171576354,0.03680793930501913,,,,0.04839095679102937,0.11347399376005084,3,track_to_track_ci,58.00000000000001,35.18246325898285,34.52874741692946,5.0,-2.7529986283174632,-0.585961741904387
11.65,58.24505479087938,35.067559792089675,34.72013962476204,4.960798588133479,-2.7296004053501832,0.033704935919230294,,,,0.04904707589766262,0.11373658598312412,3,track_to_track_ci,58.25,35.04541331567592,34.49900153025361,5.0,-2.7288863844355977,-0.6038676088708167
11.700000000000001,58.49029782907461,34.908919030421956,34.65406405726549,4.948321834906954,-2.7445478445887233,-0.008523547534720066,,,,0.047101583953326316,0.11063767646782884,3,track_to_track_ci,58.50000000000001,34.909585842496284,34.46836127686697,5.0,-2.704100828671576,-0.6217362264386613
11.75,58.74183541848563,34.76713359320902,34.6372136957449,4.9561623749014,-2.7394071956810535,-0.006635314708096862,,,,0.04805087758097529,0.1116014522425196,3,track_to_track_ci,58.75,34.775014352840515,34.436828546804705,5.0,-2.67864807649041,-0.6395664923874192
11.8,58.99527012109243,34.64115980974941,34.59992128014529,4.957438286957993,-2.6935106926212953,-0.02313822649451658,,,,0.04645339959760335,0.10899714865551806,3,track_to_track_ci,59.00000000000001,34.64173205021003,34.40440528515415,5.0,-2.65253440797784,-0.6573573068623003
11.850000000000001,59.24288915634543,34.504319109137725,34.573151861195896,4.955353974198605,-2.676504138505166,-0.03156223027555316,,,,0.04833662797509556,0.112256972318127,3,track_to_track_ci,59.25,34.509771820018685,34.371093491934786,5.0,-2.625766266290827,-0.6751075724420645
11.9,59.4942644320449,34.37471215917815,34.518618807764526,4.954474041128781,-2.6419093462264414,-0.06750327396354194,,,,0.04644844687435934,0.10832256811876828,3,track_to_track_ci,59.5,34.3791662214787,34.336895221974956,5.0,-2.5983502560677914,-0.6928161942067192
11.950000000000001,59.74101694800466,34.24343462149214,34.480845517473924,4.948284484089623,-2.614830770732109,-0.08296205790776856,,,,0.047442273891272126,0.10922752242233501,3,track_to_track_ci,59.75,34.24994747956721,34.30181258478502,5.0,-2.570293141799019,-0.7104820798050607
12.0,59.989895913042375,34.11819284358032,34.43287882605735,4.944509566818609,-2.578578702606583,-0.109307434306956,,,,0.045911219149155885,0.10691350749132812,3,track_to_track_ci,60.0,34.12214747707527,34.265847744427305,5.0,-2.5416018461576297,-0.7281041395220498
12.05,60.23686308855938,33.98951835432817,34.40484796163106,4.941944291521122,-2.556727530545528,-0.11172327315022201,,,,0.04698595490939156,0.1082436046163236,3,track_to_track_ci,60.25,33.99579774674116,34.229002919382566,5.0,-2.5122834482915057,-0.7456812863460369
12.100000000000001,60.48649106264472,33.864415558103566,34.37239471910257,4.941707339094173,-2.530239812983711,-0.11888860902209686,,,,0.04555662726994984,0.10626292803571111,3,track_to_track_ci,60.50000000000001,33.87092946347023,34.191280382413176,5.0,-2.48234518207662,-0.7632124360358098
12.15,60.736482292993934,33.739410244414415,34.34062378981597,4.946551895757098,-2.5092405040836496,-0.1275226958237159,,,,0.04665647053433674,0.10773344482410123,3,track_to_track_ci,60.75000000000001,33.74757343664295,34.1526824604229,5.0,-2.4517944343321862,-0.7806965071874755
12.200000000000001,60.97769652251434,33.618616217057124,34.28765241709648,4.920740862060379,-2.4630187380228215,-0.12983097265931498,,,,0.04546983001656107,0.10575050124314722,3,track_to_track_ci,61.00000000000001,33.6257601025131,34.11321153431338,5.0,-2.4206387429980674,-0.7981324213011699
12.25,61.223507345937165,33.49611980543649,34.26120446778933,4.9189814913400856,-2.4424935714947544,-0.12977456150791156,,,,0.046591642093231425,0.10724285035494291,3,track_to_track_ci,61.25000000000001,33.50551951669816,34.07287003883726,5.0,-2.3888857952749096,-0.8155191028475787
12.3,61.47289319029862,33.373238728288925,34.21646241328883,4.922607816159124,-2.4273959173973623,-0.14988933119916226,,,,0.0452896270114556,0.1055272017073781,3,track_to_track_ci,61.5,33.38688134676348,34.03166046244801,5.0,-2.356543425727434,-0.8328554793342853
12.350000000000001,61.72124793040534,33.25198885586309,34.1854631004436,4.926554501174315,-2.4108896347625475,-0.15640067805155056,,,,0.04641987838629367,0.10707748602738378,3,track_to_track_ci,61.75000000000001,33.26987486490226,33.98958534714641,5.0,-2.3236196143513745,-0.8501404813719279
12.4,61.963207264873475,33.12602047886416,34.12341936522179,4.916596452686672,-2.401369386694199,-0.1940919085878896,,,,0.045131905863051915,0.10542130770497424,3,track_to_track_ci,62.0,33.154528940713114,33.946647288323774,5.0,-2.2901224846045416,-0.8673730427401598
12.450000000000001,62.220035887390694,33.01491352116002,34.09774980333182,4.933256559701063,-2.365324189348435,-0.189526137561856,,,,0.0462731147315635,0.10704180938623027,3,track_to_track_ci,62.25000000000001,33.040872034076855,33.902848934601806,5.0,-2.2560603014024694,-0.8845521004534241
12.5,62.477922358020116,32.90558853280926,34.04797734821789,4.94655765488049,-2.326043885273549,-0.2097611224946263,,,,0.044987668056457014,0.10542758383106453,3,track_to_track_ci,62.5,32.928932188134524,33.8581929876693,5.0,-2.2214414690791835,-0.9016765948265193
12.55,62.73406068026121,32.79134432245602,34.01080253061539,4.972314537415429,-2.3140766790463942,-0.2514582127316558,,,,0.04671768795416746,0.10892448657465477,3,track_to_track_ci,62.75000000000001,32.81873702236811,33.8126822021154,5.0,-2.1862745293135424,-0.9187454695399703
12.600000000000001,62.9776971226626,32.6842335416275,33.94564418663809,4.951276819634472,-2.262568841142837,-0.25830155125393617,,,,0.04533212063497097,0.1061306287679493,3,track_to_track_ci,63.000000000000014,32.71031372578588,33.76631938525971,5.0,-2.150568159021721,-0.9357576717051825
12.65,63.22696945246575,32.57239679076881,33.909669926187085,4.955474158880615,-2.244308346523951,-0.2648472561643018,,,,0.04644043694018706,0.10740530596765054,3,track_to_track_ci,63.25000000000001,32.6036890502139,33.719107396979204,5.0,-2.1143311682163053,-0.952712151929391
12.700000000000001,63.47953161209981,32.4761323635863,33.86251565046093,4.953281744864484,-2.181359149142864,-0.2688837029523157,,,,0.04499950509601547,0.1056405128087831,3,track_to_track_ci,63.5,32.49888930369541,33.67104914953168,5.0,-2.0775724978325476,-0.969607864380394
12.75,63.73193500457801,32.373001502511336,33.82222183753861,4.961355638193323,-2.151469280272039,-0.2782460209610349,,,,0.04611464866175909,0.10720351989052304,3,track_to_track_ci,63.74999999999999,32.3959403439997,33.62214760737622,5.0,-2.040301217522335,-0.9864437668510606
12.8,63.98847912479838,32.27877687062445,33.75974166261035,4.970714889570982,-2.0983286257558262,-0.30625755502371277,,,,0.04474955986538273,0.10561393713900928,3,track_to_track_ci,64.0,32.294867572242104,33.57240578699029,5.0,-2.0025265234163787,-1.0032188208236243
12.850000000000001,64.23644130217804,32.17725954265205,33.726728385581154,4.970306983863772,-2.0747192848788956,-0.30381460027930984,,,,0.04587392302103591,0.10720076344725271,3,track_to_track_ci,64.25,32.1956959266167,33.52182675668369,5.0,-1.964257735855219,-1.019931991533736
12.9,64.49867313822713,32.0871432431347,33.68237798597858,4.989479223717339,-2.026120488747665,-0.3104568320299421,,,,0.04453508040603246,0.1056786016854875,3,track_to_track_ci,64.5,32.098449876243095,33.47041363640923,5.0,-1.9255042970895562,-1.0365822480343014
12.950000000000001,64.74860391835804,31.987502075295346,33.64263728381322,4.992069872656089,-2.008687375691551,-0.31878223328793354,,,,0.0456686479630483,0.10721517734062314,3,track_to_track_ci,64.75000000000001,32.00315341512909,33.418169597570376,5.0,-1.8862757689505258,-1.0531685632590697
13.0,64.9983879694537,31.89778916325111,33.59886436717355,4.987837886751023,-1.9620960168633559,-0.32017198821338866,,,,0.04432566319455769,0.10570368709832029,3,track_to_track_ci,65.0,31.909830056250527,33.36509786282552,5.0,-1.846581830490457,-1.0696899140859892
13.05,65.24655973912246,31.80275686262649,33.55301202330798,4.987969789806635,-1.9400093822286664,-0.33455532612969563,,,,0.04547332388416693,0.10728017371053519,3,track_to_track_ci,65.25000000000001,31.81850282574976,33.311201705889246,5.0,-1.8064322755947095,-1.0861452814003194
13.100000000000001,65.49911310588799,31.715120982207385,33.47164482382138,4.992743574535366,-1.896664014472293,-0.3861194521137392,,,,0.044129891221613475,0.1057277426434358,3,track_to_track_ci,65.5,31.729194257254385,33.2564844513304,5.0,-1.7658370105651904,-1.10253365015749
13.15,65.74430164689005,31.62316964257457,33.429085557611415,4.98715322905142,-1.874459867710982,-0.39037594578414314,,,,0.04528625318572811,0.10732336320985665,3,track_to_track_ci,65.75,31.6419263863173,33.20094947436698,5.0,-1.724806051676098,-1.1188540094457227
13.200000000000001,65.9946947537479,31.54836842381953,33.36336989516073,4.986722324701219,-1.8045406177066639,-0.41192172172117836,,,,0.043957764965350435,0.1057843874079938,3,track_to_track_ci,66.0,31.55672074497985,33.14460020065795,5.0,-1.6833495227025792,-1.1351053525483805
13.25,66.24441488495819,31.459445978162687,33.322047340128776,4.990168060072462,-1.7894960690038033,-0.41622002188302076,,,,0.045113406666417014,0.10731172652407482,3,track_to_track_ci,66.25,31.47359835645908,33.08744010609196,5.0,-1.6414776524228376,-1.1512866770060677
13.3,66.49491853587594,31.378898710199255,33.26061555648134,4.986036564157391,-1.7463157709549648,-0.4258952738956694,,,,0.04385598141373082,0.10600515454815028,3,track_to_track_ci,66.5,31.392579729960563,33.02947271657287,5.0,-1.5992007720943135,-1.1673969846784746
13.350000000000001,66.74681441675375,31.302022889387434,33.216576794896035,4.9926027721953,-1.7057968850318446,-0.42976480768875547,,,,0.0450317082861363,0.10750953623149093,3,track_to_track_ci,66.75000000000001,31.313684855618085,32.970701607802326,5.0,-1.5565293129046323,-1.1834352818059348
13.4,67.00393090600025,31.225168930090906,33.148873076583904,5.006573199358991,-1.6691903700348405,-0.45932367030550836,,,,0.043696008053259246,0.10592589629728066,3,track_to_track_ci,67.0,31.236933199561363,32.911130405059154,5.0,-1.51347380339784,-1.1994005790707356
13.450000000000001,67.25599001464407,31.14960599876138,33.11146792622271,5.011353966805881,-1.6371857773814327,-0.45606318542818514,,,,0.044834587458678334,0.10750528162551323,3,track_to_track_ci,67.25000000000001,31.162343699113062,32.85076278297574,5.0,-1.4700448668766515,-1.215291891658139
13.5,67.50087037628016,31.080702178900886,33.02281886497144,5.003196180752818,-1.5840866981711486,-0.5049099908280752,,,,0.043486100761436365,0.10592674173026573,3,track_to_track_ci,67.5,31.08993475811632,32.78960246531138,5.0,-1.4262532187813195,-1.2311082393171269
13.55,67.7587015284971,31.00369610097519,32.96159713781475,5.021292183446205,-1.5676238382547183,-0.531988369389083,,,,0.0446601150368077,0.10744242576205036,3,track_to_track_ci,67.75,31.019724242393846,32.72765322472256,5.0,-1.3821096640457358,-1.246848646420877
13.600000000000001,68.02031498282798,30.93280076987058,32.874315936039615,5.04182028213129,-1.5333307875708329,-0.5835843668103209,,,,0.04324697068823481,0.10593126681677335,3,track_to_track_ci,68.0,30.951729475339803,32.66491888253022,5.0,-1.3376250944314974,-1.2625121420269356
13.65,68.26698962347118,30.866350452912155,32.82603017391768,5.034882757039936,-1.493150227433972,-0.5788308330979248,,,,0.04440672628884996,0.10742046294230438,3,track_to_track_ci,68.25,30.88596723364555,32.60140330848413,5.0,-1.2928104858405265,-1.2780977599371088
13.700000000000001,68.49976514484472,30.803871008040872,32.746040956492145,5.005337528172026,-1.4423730019003926,-0.6055562998948645,,,,0.04307465269423791,0.10585900478663357,3,track_to_track_ci,68.5,30.82245374316019,32.53711042052405,5.0,-1.2476768956069084,-1.293604538757073
13.75,68.7465449512924,30.731295405350192,32.675926102687725,5.005099394821951,-1.430532146237681,-0.6341614817479879,,,,0.04423550438859104,0.10739182793316768,3,track_to_track_ci,68.75,30.761204674887136,32.47204418453818,5.0,-1.2022354597686942,-1.3090315219556632
13.8,69.00057522628624,30.670874735607036,32.61588315766376,5.014413624159859,-1.3885517656106288,-0.6462479625901203,,,,0.04434171442803776,0.10698778581926942,3,track_to_track_ci,69.0,30.702235141117484,32.40620861411843,5.0,-1.1564973903202125,-1.3243777579238922
13.850000000000001,69.25254978114711,30.61056141123198,32.55621733067731,5.020340821751894,-1.3523991195961287,-0.6545892574456253,,,,0.04535617157057181,0.1082617672224087,3,track_to_track_ci,69.25000000000001,30.645559691701322,32.339607770312895,5.0,-1.110473972445711,-1.3396423000336362
13.9,69.50465510837142,30.563792930687796,32.47313243918665,5.025285938091262,-1.2824103401061961,-0.6817230518502093,,,,0.04368716712263757,0.10634643640138133,3,track_to_track_ci,69.5,30.591192310457746,32.27224576137535,5.0,-1.0641765617348926,-1.3548242066960334
13.950000000000001,69.75835168235672,30.50781126962734,32.407988837091054,5.034497533345174,-1.2495342154585671,-0.6964029428851859,,,,0.04470955989711777,0.10767077282259718,3,track_to_track_ci,69.75,30.539146411724545,32.204126742511804,5.0,-1.0176165813810794,-1.369922541419571
14.0,70.00842740511386,30.461284981424267,32.322908747719,5.035727510222944,-1.1926844056047798,-0.7265022476690071,,,,0.043067677901815496,0.1059181272848714,3,track_to_track_ci,70.0,30.489434837048464,32.135254915624216,5.0,-0.9708055193627337,-1.3849363728678423
14.05,70.26469549603017,30.402124166340165,32.27633378108514,5.049195313912119,-1.183086669732404,-0.724723588120149,,,,0.04578497998410271,0.10853869167676404,3,track_to_track_ci,70.25,30.4420698520167,32.065634529051266,5.0,-0.9237549256089604,-1.3998647749170023
14.100000000000001,70.5101026709095,30.35976597030927,32.18487505672528,5.041927216317159,-1.124198765544179,-0.7591843439655399,,,,0.04381689929822568,0.10641207504541168,3,track_to_track_ci,70.5,30.397063143230568,31.995269877306356,5.0,-0.8764764091497319,-1.4147068267128946
14.15,70.76111149025662,30.309803101233364,32.1181858738273,5.046005369627231,-1.096680211750737,-0.7701714144766427,,,,0.04476106502853131,0.10773812164062643,3,track_to_track_ci,70.75,30.35442581542202,31.924165300812653,5.0,-0.8289816352515492,-1.4294616127278494
14.200000000000001,71.00297162752963,30.27791204518057,32.03175409439349,5.030412058604387,-1.0198662203228253,-0.7821167738538204,,,,0.042867964929684366,0.10593390807316157,3,track_to_track_ci,71.00000000000001,30.31416838871369,31.852325185635355,5.0,-0.7812823225391813,-1.4441282228171672
14.25,71.26085503578369,30.22708308642358,31.97187424180644,5.047243349130898,-1.0096711400875904,-0.7884986426216187,,,,0.043846672764312575,0.10729366333657128,3,track_to_track_ci,71.25,30.276300796023236,31.77975396321117,5.0,-0.7333902401043079,-1.4587057522752498
14.3,71.5166296786416,30.175864259476192,31.89604493529996,5.066399776954118,-1.0056404437366382,-0.837428001113814,,,,0.04452308042107263,0.10899213420999736,3,track_to_track_ci,71.50000000000001,30.240832380612524,31.706456110074946,5.0,-0.6853172046016424,-1.4731933018914143
14.350000000000001,71.75798357844478,30.14058178321646,31.829658661867132,5.050517456333061,-0.9566197003068169,-0.8293911605134099,,,,0.04511247222253054,0.10931576302196669,3,track_to_track_ci,71.75,30.207771893782343,31.63243614758352,5.0,-0.6370750773333629,-1.4875899780053583
14.4,72.01563670701506,30.108894777291013,31.74831945162287,5.067537740563722,-0.910333900369551,-0.8629564901254021,,,,0.04431924636981199,0.10857177092808204,3,track_to_track_ci,72.0,30.17712749271311,31.55769864163684,5.0,-0.5886757613225104,-1.5018948925622844
14.450000000000001,72.26825762067531,30.063752205904464,31.677463852271842,5.076715453831797,-0.9031034901787223,-0.893274208974324,,,,0.046760846940282534,0.11144681759088548,3,track_to_track_ci,72.25,30.14890673845226,31.48224820239632,5.0,-0.5401311983760961,-1.5161071631676806
14.5,72.52235049755674,30.01856248907496,31.589219869945968,5.088716929900475,-0.8969873031891211,-0.9580284640817105,,,,0.0477554965516321,0.11244099936611701,3,track_to_track_ci,72.5,30.123116594048625,31.406089484000464,5.0,-0.49145336613863916,-1.5302259131417502
14.55,72.7922490158628,29.96585503908728,31.502682055492443,5.1212405672965575,-0.9061052887919203,-1.0375863267118177,,,,0.05068582356405536,0.11485115876356938,3,track_to_track_ci,72.75,30.099763422834425,31.329227184277755,5.0,-0.442654275136862,-1.5442502715734896
14.600000000000001,73.0428748332199,29.926675978808895,31.415586875640724,5.122034383266225,-0.8855064973573974,-1.0715500543124428,,,,0.05121158809474076,0.11497163626377944,3,track_to_track_ci,73.00000000000001,30.07885298685522,31.25166604445689,5.0,-0.3937459658162703,-1.558179373374411
14.65,73.28809745046854,29.890284314915476,31.336348834458036,5.112797258973033,-0.8628148001733251,-1.0914419994356166,,,,0.05354496007348968,0.11686150314162712,3,track_to_track_ci,73.25,30.060390445448203,31.173410848874326,5.0,-0.3447405055703634,-1.5720123593319015
14.700000000000001,73.54289683376676,29.85404377111209,31.224253025932967,5.11097559854469,-0.8400301068172666,-1.189941313369907,,,,0.053760301072496575,0.11611338846213122,3,track_to_track_ci,73.50000000000001,30.0443803539692,31.094466424679144,5.0,-0.29564998576317,-1.585748376162229
14.75,73.80046543480928,29.8198188548875,31.140499246463776,5.11661829674852,-0.8188347104666036,-1.2243468434853924,,,,0.05561940353568679,0.1175904831881083,3,track_to_track_ci,73.75,30.030826662668723,31.01483764153528,5.0,-0.24648651874589517,-1.5993865765631736
14.8,74.05286918928844,29.82140100786168,31.04042253576376,5.110976361567093,-0.7490388118603306,-1.2903300043636179,,,,0.05446709907211656,0.11632975667944664,3,track_to_track_ci,74.0,30.019732715717282,30.934529411321172,5.0,-0.1972622348683768,-1.6129261192662918
14.850000000000001,74.30244459373766,29.804386541277914,30.95988399459878,5.106026915563993,-0.7128796210404502,-1.310215042133244,,,,0.05571848918404095,0.1176946239667153,3,track_to_track_ci,74.25,30.0111012503803,30.85354668782674,5.0,-0.1479892794861028,-1.6263661690888134
14.9,74.55725111669527,29.796201106738284,30.853599099295618,5.111011343614156,-0.6644316678908382,-1.3622567980079907,,,,0.05430843342165996,0.11629436581221755,3,track_to_track_ci,74.5,30.004934396342684,30.771894466447833,5.0,-0.09867980996352677,-1.639705896985157
14.950000000000001,74.80389608937415,29.78691564623238,30.798090820794094,5.10373114267927,-0.6262420011369016,-1.340905906874184,,,,0.056887874723874916,0.1190587869079439,3,track_to_track_ci,74.75,30.001233675183393,30.689577783878082,5.0,-0.04934599267441991,-1.6529444800980702
15.0,75.04762832428428,29.799033940999244,30.70087694014284,5.092947317547344,-0.5564305555909144,-1.3799558272721413,,,,0.055182695059167224,0.11707136092253914,3,track_to_track_ci,75.0,30.0,30.606601717798213,5.0,-5.771012081165369e-16,-1.666081101809387
15.05,75.30336971934614,29.783613029198293,30.60748442705052,5.100430805850121,-0.5305208039370939,-1.4084431079516193,,,,0.05637996076094683,0.11817900951539335,3,track_to_track_ci,75.25,30.001233675183393,30.52297138656283,5.0,0.04934599267442154,-1.6791149517904025
15.100000000000001,75.53272249760396,29.81541567899952,30.51248159346131,5.068008432769245,-0.4418196605580107,-1.4418308986397363,,,,0.054796698988758503,0.11643497590545229,3,track_to_track_ci,75.50000000000001,30.004934396342684,30.43869194888471,5.0,0.0986798099635284,-1.6920452260518533
15.15,75.77838977844937,29.80892168961212,30.431138337624795,5.06239225565226,-0.41376038565694273,-1.450249742853785,,,,0.0560068402235435,0.11768762367300599,3,track_to_track_ci,75.75,30.0111012503803,30.353768603516556,5.0,0.14798927948610444,-1.7048711269935164
15.200000000000001,76.02476575904753,29.8278618137241,30.34166647360211,5.059432777610028,-0.35206743258377315,-1.4714686521458873,,,,0.05448195827173053,0.11612574995535896,3,track_to_track_ci,76.0,30.019732715717282,30.268206588930333,5.0,0.19726223486837563,-1.7175918634534055
15.25,76.28220646182912,29.828235036607406,30.25994674215713,5.073365361769852,-0.3210929468053507,-1.4791495257031997,,,,0.055742452922385895,0.11741088592366812,3,track_to_track_ci,76.25,30.03082666266872,30.18201118299413,5.0,0.24648651874589403,-1.7302066507565779
15.3,76.53313205473796,29.856372865517088,30.178837391303908,5.07768546606274,-0.255194035189902,-1.488957675891477,,,,0.05429528442326325,0.11597705452531569,3,track_to_track_ci,76.5,30.0443803539692,30.095187702646598,5.0,0.2956499857631716,-1.742714710763531
15.350000000000001,76.78781826364059,29.85358441660923,30.085783101490986,5.084527643672781,-0.23490255511093494,-1.5111465723446926,,,,0.055576541172527895,0.11729882897017274,3,track_to_track_ci,76.75,30.060390445448203,30.007741503568994,5.0,0.34474050557036506,-1.7551152719182044
15.4,77.04058958267588,29.87433223638714,29.992990793226156,5.0883466531902615,-0.18399986686817726,-1.5337385716377483,,,,0.054170558723281886,0.11587890888931253,3,track_to_track_ci,77.0,30.07885298685522,29.919677979854775,5.0,0.39374596581627186,-1.7674075692955749
15.450000000000001,77.28597451321048,29.877389849306237,29.902105814611993,5.079110897100203,-0.16174661373586474,-1.5508121350142332,,,,0.05546798534070676,0.1172561152588271,3,track_to_track_ci,77.25000000000001,30.099763422834425,29.83100256367691,5.0,0.4426542751368609,-1.7795908446488384
15.5,77.525089408796,29.90685130649405,29.810425230799318,5.0614655455288355,-0.1058437586249994,-1.5714932957268815,,,,0.05412742084561719,0.1158733221311672,3,track_to_track_ci,77.5,30.12311659404862,29.741720724952756,5.0,0.491453366138638,-1.7916643464561826
15.55,77.77169999838796,29.91986530235252,29.72879173340249,5.057196636845002,-0.07671710217038452,-1.5741800747186687,,,,0.05546057636574463,0.11723197941737065,3,track_to_track_ci,77.75000000000001,30.14890673845226,29.651837971006678,5.0,0.5401311983760977,-1.8036273299671453
15.600000000000001,78.0140643726283,29.957113425670546,29.60885236844379,5.046629113202561,-0.01167990059972368,-1.632808756185021,,,,0.054164625756113895,0.11590892938609157,3,track_to_track_ci,78.0,30.17712749271311,29.561359846230346,5.0,0.5886757613225093,-1.8154790572485509
15.65,78.26279175172839,29.968181157961077,29.525766802165734,5.046741580437799,0.007943583440649604,-1.6327191652401538,,,,0.055502856283000314,0.117239656096423,3,track_to_track_ci,78.25,30.207771893782343,29.470291931740668,5.0,0.6370750773333618,-1.8272187972300362
15.700000000000001,78.50154022929611,29.98975997384406,29.39794260395941,5.02972759474872,0.04548664406753744,-1.69701835744317,,,,0.054191188468664386,0.11586138061178701,3,track_to_track_ci,78.5,30.240832380612527,29.378639845035575,5.0,0.685317204601644,-1.83884582574914
15.75,78.75495018067082,30.018548813242216,29.314725401115552,5.040144639109251,0.08504092278774067,-1.694581556679836,,,,0.05553053381256498,0.11722640035841356,3,track_to_track_ci,78.75,30.276300796023232,29.28640923964751,5.0,0.7333902401043066,-1.8503594255959732
15.8,79.00442312865101,30.066118958860383,29.229634486553834,5.0430020755722635,0.1464182583947462,-1.6982912888761135,,,,0.054223012370703726,0.11582215104922143,3,track_to_track_ci,79.0,30.31416838871369,29.193605804794643,5.0,0.7812823225391828,-1.861758886557466
15.850000000000001,79.25648001842235,30.089216493799846,29.129039220926565,5.048467519384952,0.17250458197145235,-1.7196806245312857,,,,0.05556945596416293,0.11718414135087002,3,track_to_track_ci,79.25000000000001,30.35442581542202,29.100235265029994,5.0,0.8289816352515481,-1.8730435054611674
15.9,79.51600802006642,30.131528404574823,29.020724401368227,5.0668751310550775,0.22412927942499294,-1.7529356295996266,,,,0.05563200975855866,0.11682166185690912,3,track_to_track_ci,79.5,30.397063143230568,29.00630337988826,5.0,0.8764764091497335,-1.8842125862186294
15.950000000000001,79.77937299019773,30.156288127530452,28.921395709021745,5.0889915701144295,0.24625525313114593,-1.7688113540528718,,,,0.05688096304061804,0.11795091802351317,3,track_to_track_ci,79.75000000000001,30.4420698520167,28.911815943530573,5.0,0.923754925608962,-1.8952654398683408
16.0,80.02129531547081,30.23758008311523,28.83477080849087,5.07436546589129,0.33939125249354163,-1.775344664055222,,,,0.05535552401725726,0.11632949196749694,3,track_to_track_ci,80.0,30.489434837048464,28.816778784387097,5.0,0.9708055193627326,-1.9062013846182222
16.05,80.27631858716535,30.28215140086951,28.74320852536092,5.081981289120019,0.3776249753649523,-1.7821070805574877,,,,0.056618531842639874,0.117575025026495,3,track_to_track_ci,80.25,30.539146411724545,28.72119776479746,5.0,1.017616581381078,-1.9170197458876908
16.1,80.53145725231552,30.34632626276741,28.6271837501113,5.088924690966831,0.4421465602678438,-1.8260373607323679,,,,0.055149508706016766,0.11603555811906716,3,track_to_track_ci,80.5,30.591192310457746,28.625078780649176,5.0,1.0641765617348942,-1.9277198563492646
16.150000000000002,80.78803438973881,30.3930278840371,28.53579448443307,5.0973452546656945,0.47505060923614195,-1.8292696490115006,,,,0.05641651012388584,0.11734326144859003,3,track_to_track_ci,80.75000000000001,30.64555969170133,28.52842776101396,5.0,1.1104739724457153,-1.9383010559697265
16.2,81.03951420402635,30.477309454732058,28.439785619993078,5.096708103141362,0.5550223043926863,-1.8451311299630113,,,,0.054982066423946485,0.11587236014465933,3,track_to_track_ci,81.0,30.702235141117484,28.43125066778196,5.0,1.1564973903202114,-1.9487626920508425
16.25,81.28967102933622,30.521647066973934,28.332686619911755,5.092229997942649,0.578155007166508,-1.8687369158230211,,,,0.05627092113150088,0.11717433841894505,3,track_to_track_ci,81.25,30.761204674887132,28.333553495294034,5.0,1.2022354597686933,-1.9591041192696224
16.3,81.53995148570012,30.57053472666818,28.227504575348,5.088713098942521,0.6059591198964114,-1.8877618025882477,,,,0.054888486959112574,0.11580638313329177,3,track_to_track_ci,81.5,30.82245374316019,28.235342269971973,5.0,1.2476768956069098,-1.9693246997181204
16.35,81.78967830679282,30.616201142680197,28.13527819738041,5.084484633448361,0.6251384115332712,-1.8873577851883212,,,,0.05620707490265753,0.11715645891056489,3,track_to_track_ci,81.75000000000001,30.88596723364555,28.136623049946778,5.0,1.292810485840528,-1.979423802942793
16.400000000000002,82.04113655525833,30.705678044463205,28.044783021473258,5.08382256767232,0.7001603309219107,-1.8922128384510621,,,,0.05488904444307516,0.11582179332448875,3,track_to_track_ci,82.0,30.951729475339803,28.03740192468495,5.0,1.3376250944314987,-1.9894008059833805
16.45,82.28663492498382,30.774311849104144,27.94280009356089,5.072284132468766,0.7435853207734056,-1.9093110477997612,,,,0.056224322922928935,0.11721892529134438,3,track_to_track_ci,82.25,31.019724242393842,27.93768501461286,5.0,1.3821096640457349,-1.9992550934113407
16.5,82.53595169523568,30.859244990020322,27.843698997422134,5.068790715553375,0.8056538823708195,-1.9239685817525114,,,,0.05493707950262572,0.11589508072231862,3,track_to_track_ci,82.5,31.08993475811632,27.837478470739235,5.0,1.4262532187813186,-2.0089860573678076
16.55,82.78957720166794,30.940488486168654,27.756403628130798,5.072332618671725,0.8558559992259447,-1.9197982873184856,,,,0.056287833409162664,0.11725595224973373,3,track_to_track_ci,82.75,31.162343699113066,27.736788474275713,5.0,1.4700448668766528,-2.018593097601086
16.6,83.01585982954532,31.015585031015057,27.645095307647708,5.027501349926743,0.897633407213835,-1.9495831718924705,,,,0.055043122015682774,0.11600124961433797,3,track_to_track_ci,83.0,31.236933199561367,27.635621236255567,5.0,1.5134738033978414,-2.0280756215036826
16.650000000000002,83.26739442879956,31.09208384724404,27.553022614204135,5.030785303182764,0.9359958058638362,-1.948826264289245,,,,0.056418146686736226,0.1173614477814955,3,track_to_track_ci,83.25000000000001,31.313684855618092,27.533982997150584,5.0,1.5565293129046338,-2.0374330441488557
16.7,83.50976232165297,31.166474794017585,27.430460955893942,5.017151674492304,0.9734316990687102,-1.9899843881083612,,,,0.05518371345900804,0.11608392423668511,3,track_to_track_ci,83.5,31.39257972996056,27.431880026486116,5.0,1.5992007720943124,-2.046664788326698
16.75,83.7509601429917,31.22881291520384,27.320459706675962,5.003186673244165,0.9904382099883797,-2.008850903656704,,,,0.05656099803402394,0.11746912538910938,3,track_to_track_ci,83.75,31.473598356459078,27.329318622454323,5.0,1.6414776524228365,-2.055770284579746
16.8,84.00263556771795,31.325076866434646,27.218921963263405,5.008241481754871,1.0488277720077406,-2.0205254095217438,,,,0.055338814255744245,0.11617663496448641,3,track_to_track_ci,84.00000000000001,31.55672074497985,27.22630511152573,5.0,1.6833495227025805,-2.0647489712380973
16.85,84.25514905211047,31.39511461780027,27.11837215380867,5.01434425714151,1.0690074209854536,-2.0247263517620926,,,,0.05673296536958206,0.11756290679954709,3,track_to_track_ci,84.25,31.641926386317298,27.12284584805892,5.0,1.7248060516760968,-2.0736002944540672
16.900000000000002,84.49678895945188,31.467369229049282,27.009166878114332,5.001700376132527,1.0920425481334153,-2.0417320258327294,,,,0.05552964743435561,0.11630580108960241,3,track_to_track_ci,84.50000000000001,31.72919425725438,27.0189472139086,5.0,1.7658370105651893,-2.0823237082363457
16.95,84.7443573649378,31.5481711442817,26.90232507389612,4.99929981198029,1.1239108821693176,-2.055323949077307,,,,0.05693735074224495,0.11765616671843698,3,track_to_track_ci,84.74999999999999,31.81850282574976,26.91461561803194,5.0,1.8064322755947089,-2.090918674483679
17.0,84.98799616883854,31.641040015808883,26.798678207312122,4.989712301452899,1.1689512951610945,-2.065762965863282,,,,0.05575534531695281,0.11642463090191522,3,track_to_track_ci,85.0,31.909830056250524,26.8098574960932,5.0,1.846581830490456,-2.0993846630180646
17.05,85.2253213695362,31.720268642132726,26.691476268950325,4.970535824163792,1.193449543426905,-2.0774322857923098,,,,0.05717943341262248,0.11781432280809903,3,track_to_track_ci,85.25,32.00315341512909,26.70467931006682,5.0,1.8862757689505247,-2.10772115161745
17.1,85.47698118861865,31.820993838610832,26.581892005100535,4.976970849141988,1.2439994640870558,-2.0949790318601478,,,,0.05600766850459937,0.11655587922383019,3,track_to_track_ci,85.50000000000001,32.0984498762431,26.599087547838725,5.0,1.9255042970895575,-2.1159276260479514
17.150000000000002,85.72711190595986,31.913414184215764,26.473140809986027,4.9801820274230275,1.2797904406898022,-2.1090412039347273,,,,0.05742998191691716,0.11795203854105833,3,track_to_track_ci,85.75000000000001,32.19569592661671,26.493088722806206,5.0,1.9642577358552202,-2.1240035800955686
17.2,85.98301393929438,32.01936496543824,26.362145099525225,4.991715880596415,1.3306904078479285,-2.127889625506573,,,,0.05626167822904575,0.11670332903395611,3,track_to_track_ci,86.0,32.294867572242104,26.386689373476095,5.0,2.002526523416378,-2.1319485155974145
17.25,86.22736182193356,32.12175511661723,26.261242272487518,4.982505480560132,1.371396491273143,-2.1301049236315723,,,,0.057693184240810054,0.11805409476613721,3,track_to_track_ci,86.25,32.39594034399969,26.27989606306142,5.0,2.0403012175223347,-2.1397619424724454
17.3,86.48059131177438,32.22334867228873,26.14615095803807,4.9892176321022355,1.4104765953128782,-2.1520833752169515,,,,0.05794659034085511,0.1177541469724198,3,track_to_track_ci,86.5,32.49888930369541,26.17271537907663,5.0,2.0775724978325476,-2.1474433787516856
17.35,86.73070007439057,32.322696002699345,26.036630193569252,4.989899929843199,1.4423768349234685,-2.1639829192205733,,,,0.05927987011919114,0.11893175084255612,3,track_to_track_ci,86.75,32.6036890502139,26.065153932931175,5.0,2.1143311682163053,-2.1549923506079627
17.400000000000002,86.98237227763404,32.434977616221325,25.933484231507013,4.992131288316616,1.4874252356039914,-2.167954806141152,,,,0.05789068577016235,0.11744928079293561,3,track_to_track_ci,87.00000000000001,32.710313725785895,25.957218359521704,5.0,2.150568159021724,-2.1624083923851347
17.45,87.23467681025407,32.53910566051712,25.839278686647656,4.995456168559876,1.5172307247022285,-2.1575751881036167,,,,0.05924884447639934,0.11874791170215614,3,track_to_track_ci,87.25,32.818737022368104,25.848915316822833,5.0,2.18627452931354,-2.16969104662681
17.5,87.47595305771458,32.64857832008674,25.721667322267482,4.97933734526522,1.5549968711918094,-2.182600843686521,,,,0.05793518147407269,0.11738997117439066,3,track_to_track_ci,87.5,32.928932188134524,25.74025148547635,5.0,2.2214414690791826,-2.176839864104573
17.55,87.72707929171364,32.74267650229248,25.604707606150463,4.982356036167612,1.5710323183647361,-2.2010742620186967,,,,0.05931269528605232,0.11869602839074857,3,track_to_track_ci,87.75,33.04087203407686,25.631233568379244,5.0,2.2560603014024716,-2.183854403845687
17.6,87.97437449807857,32.87272691712998,25.48044475475126,4.975557379263101,1.6310314885487145,-2.2368214974498724,,,,0.05804992939139208,0.11745121974356015,3,track_to_track_ci,88.00000000000001,33.15452894071312,25.521868290270167,5.0,2.2901224846045425,-2.1907342331602986
17.650000000000002,88.22701233122848,32.973629803226544,25.35253551071883,4.980766991533395,1.6512735136482313,-2.2680334676904987,,,,0.05943626607574264,0.11876452837853083,3,track_to_track_ci,88.25,33.26987486490227,25.412162397314624,5.0,2.323619614351376,-2.1974789276681292
17.7,88.46154390929561,33.08393538370909,25.232953658606412,4.95410697362402,1.6814146487978903,-2.2861354199267296,,,,0.058183852334819576,0.11752823616296257,3,track_to_track_ci,88.5,33.386881346763474,25.302122656688862,5.0,2.3565434257274323,-2.204088071324651
17.75,88.71909005930803,33.20133261833176,25.1342848941242,4.967995530037027,1.7140276615461651,-2.2747202171315397,,,,0.05958193364926543,0.11889262769307218,3,track_to_track_ci,88.75,33.50551951669816,25.1917558561624,5.0,2.3888857952749087,-2.210561256446752
17.8,88.96777995939685,33.33466286437011,25.02503673078094,4.9641820704761885,1.7652693211621902,-2.282935285707101,,,,0.05837390931717509,0.11768077626560408,3,track_to_track_ci,89.0,33.625760102513105,25.08106880367937,5.0,2.4206387429980687,-2.2168980837378824
17.85,89.21910688291304,33.439589857228526,24.896740150089173,4.967509674280123,1.7812269712649886,-2.3112627585659222,,,,0.059799513171118014,0.11905890684234378,3,track_to_track_ci,89.25,33.74757343664295,24.970068326938566,5.0,2.4517944343321867,-2.2230981623126858
17.900000000000002,89.46920154193786,33.55724904970827,24.778829979641024,4.967503150436139,1.8103584699642639,-2.3247919659797116,,,,0.05863112790500066,0.11790481363236142,3,track_to_track_ci,89.50000000000001,33.87092946347024,24.858761272972234,5.0,2.4823451820766222,-2.22916110972111
17.95,89.7207062304934,33.6779692356865,24.66763791777965,4.968846492027783,1.839843930134414,-2.328433095435102,,,,0.06007443153682184,0.11925328070537371,3,track_to_track_ci,89.75,33.99579774674116,24.747154507723792,5.0,2.512283448291506,-2.235086551972
18.0,89.97510575539816,33.82106142409138,24.553779925789822,4.9725642823205485,1.8941817167250008,-2.3406691105948774,,,,0.05893692703545332,0.11813216463180572,3,track_to_track_ci,90.0,34.122147477075266,24.635254915624213,5.0,2.5416018461576297,-2.240874123556167
18.05,90.22589894455632,33.93576223509078,24.43685832685459,4.972591260170766,1.9112770700926305,-2.349653092856304,,,,0.060399599402576276,0.11951162798397175,3,track_to_track_ci,90.25000000000001,34.24994747956722,24.523069399167433,5.0,2.5702931417990196,-2.2465234674689336
18.1,90.46973224483659,34.07394981657931,24.31905395173139,4.958016317960592,1.9559742117200116,-2.363956950981727,,,,0.059276205681519034,0.11837049030026037,3,track_to_track_ci,90.5,34.37916622147869,24.410604878484563,5.0,2.59835025606779,-2.2520342352321556
18.150000000000002,90.73402808118932,34.20336754011801,24.210888984461864,4.979895689941294,1.9841607911713908,-2.361732658812489,,,,0.06076190851551117,0.11976259970762707,3,track_to_track_ci,90.75000000000001,34.509771820018685,24.297868290916973,5.0,2.625766266290828,-2.257406086915721
18.2,90.99325278548612,34.35694851225957,24.107808896855918,4.987273785691922,2.038922112178227,-2.3576376744837972,,,,0.05965358799682148,0.11863632474679776,3,track_to_track_ci,90.99999999999999,34.64173205021003,24.18486659058844,5.0,2.6525344079778397,-2.2626386911585126
18.25,91.2305953102448,34.47226011491916,23.9845149122198,4.963053018910472,2.048363086912566,-2.373556619541322,,,,0.06115694655410775,0.11998167584435684,3,track_to_track_ci,91.25,34.77501435284051,24.07160674797612,5.0,2.6786480764904086,-2.267731725188854
18.3,91.4726128881854,34.61940149043342,23.86599391444517,4.944230090111397,2.0942372660922715,-2.3883974157510615,,,,0.060057050448632174,0.1188827938173796,3,track_to_track_ci,91.5,34.909585842496284,23.95809574948059,5.0,2.704100828671577,-2.272684874844416
18.35,91.72505142283815,34.73723773511239,23.744457215942703,4.948978919098652,2.102039413264208,-2.3995189548643765,,,,0.061560064942344284,0.12022277058887804,3,track_to_track_ci,91.75000000000001,35.04541331567592,23.84434059699495,5.0,2.728886384435598,-2.2774978345915953
18.400000000000002,91.97804272246573,34.89987743264227,23.62527643310615,4.947404943684122,2.1615364300351914,-2.416334423344587,,,,0.06044796578441792,0.11908831414248615,3,track_to_track_ci,92.00000000000001,35.18246325898286,23.730348307472816,5.0,2.7529986283174646,-2.282170307544365
18.45,92.23262048113764,35.02770906561601,23.5109377626109,4.95360746649304,2.1751341059897555,-2.416704739242867,,,,0.06195728806659955,0.1204590645255013,3,track_to_track_ci,92.25,35.32070185739426,23.61612591249558,5.0,2.7764316109817937,-2.286702005482583
18.5,92.47614082885582,35.16517948367499,23.39079283587318,4.94065492484153,2.2013708169015587,-2.427108554005752,,,,0.06085354618505208,0.11933234152314898,3,track_to_track_ci,92.5,35.46009500260453,23.50168045783858,5.0,2.7991795506907526,-2.2910926488697743
18.55,92.72557556277891,35.295927463281565,23.27299466542709,4.938651546155267,2.2168188219989133,-2.431486311136986,,,,0.0623732619218907,0.12066938023382177,3,track_to_track_ci,92.75,35.60060830144084,23.387019003036556,5.0,2.821236834730601,-2.295341966870374
18.6,92.97217387820471,35.4522843567934,23.149894770684,4.928754857658269,2.262514390080419,-2.4483983171257364,,,,0.061270901190251324,0.11958672055372324,3,track_to_track_ci,93.0,35.742207084349275,23.272148620948133,5.0,2.8425980207965535,-2.299449697366431
18.650000000000002,93.22404342482622,35.59742692889362,23.039136333267553,4.929281521737504,2.289419480982474,-2.4435026581155874,,,,0.06280116209276511,0.1209095586650234,3,track_to_track_ci,93.25000000000001,35.88485641394892,23.15707639731958,5.0,2.8632578383355813,-2.303415586973779
18.7,93.47612912355176,35.75050794482627,22.944164653221883,4.928145865093413,2.3223306275075757,-2.4172785026101558,,,,0.06173245729378003,0.11983682054508837,3,track_to_track_ci,93.5,36.02852109365219,23.04180943034769,5.0,2.883211189846845,-2.3072393910576663
18.75,93.7188374774489,35.87610469483916,22.834726364930003,4.917177760248169,2.3239321583912584,-2.4073829360335957,,,,0.06328387286427732,0.12119860401563556,3,track_to_track_ci,93.75,36.17316567634909,22.92635483024193,5.0,2.9024531521394303,-2.3109208737478455
18.8,93.96510020674086,36.02804386879909,22.714533294465223,4.9085899812682925,2.3561273008824344,-2.420085210824052,,,,0.06336221922168153,0.12150015559604604,3,track_to_track_ci,94.0,36.31875447315322,22.81071971878587,5.0,2.920978977547065,-2.314459807953123
18.85,94.21666452586868,36.18264655878426,22.605650055986672,4.908206143415256,2.3865252676731785,-2.416271634530762,,,,0.06619151766602598,0.12415666450827186,3,track_to_track_ci,94.25000000000001,36.465251562207435,22.69491122889788,5.0,2.938784095099536,-2.317855975375366
18.900000000000002,94.46693634497748,36.334803623194404,22.496804045633205,4.906087690947157,2.411637811531506,-2.4121691771021325,,,,0.06768307402127358,0.12561136496117828,3,track_to_track_ci,94.5,36.61262079754709,22.578936504191145,5.0,2.95586411165051,-2.3211091665229717
18.95,94.71631505374248,36.47134880626185,22.378404179763635,4.905939317939701,2.4194678450153617,-2.41770774789029,,,,0.07082039495532048,0.12801305413118946,3,track_to_track_ci,94.75,36.7608258180185,22.462802698532947,5.0,2.9722148129614796,-2.324219180723786
19.0,94.9689580165188,36.63656276718261,22.286145226518087,4.905088988926472,2.454892739982583,-2.3921329181053643,,,,0.07261460249708665,0.1292265522155586,3,track_to_track_ci,95.0,36.90983005625052,22.346516975603464,5.0,2.9878321647415556,-2.3271858261374834
19.05,95.21862415933317,36.781392370706946,22.172133258945077,4.903961127796084,2.4686638915936925,-2.393933679499469,,,,0.07602858475226117,0.13143052557328644,3,track_to_track_ci,95.25,37.059596747676956,22.230086508453848,5.0,3.002712313642874,-2.3300089197674008
19.1,95.47024256040449,36.93346988093148,22.07160040727714,4.904171334013029,2.4876655237807483,-2.378909091644527,,,,0.0781018649669258,0.1323890787626715,3,track_to_track_ci,95.5,37.210088939607715,22.113518479063735,5.0,3.0168515882113507,-2.332688287471825
19.150000000000002,95.71724405838619,37.0758615735857,21.951552620261516,4.900183046098427,2.4975076189856438,-2.3884124864276686,,,,0.08176235618210158,0.1344441115326663,3,track_to_track_ci,95.75000000000001,37.361269500346275,21.99682007789828,5.0,3.030246499792555,-2.3352237639747346
19.200000000000003,95.96611308363514,37.24361469758837,21.83930474505259,4.895028211821693,2.532739171305586,-2.39114988453505,,,,0.08407464635407062,0.13518970872609629,3,track_to_track_ci,96.00000000000001,37.513101128351465,21.879998503464556,5.0,3.0428937433924874,-2.3376151928759965
19.25,96.21304075834982,37.36846495726491,21.727551554452727,4.894186948977161,2.5206769514437113,-2.386121048598554,,,,0.08793596850739485,0.1370736889174864,3,track_to_track_ci,96.25,37.665546361440946,21.763060961867563,5.0,3.054790198493033,-2.339862426661011
19.3,96.45891589129404,37.53896083188111,21.627335068155215,4.885820663489241,2.5564424862997512,-2.3734532192818847,,,,0.09047214037088565,0.13768806179994278,3,track_to_track_ci,96.50000000000001,37.818567586034575,21.64601466636568,5.0,3.065932929821908,-2.341965326709813
19.35,96.70924451867532,37.69929138037004,21.512515971883182,4.88484534309049,2.579828112618827,-2.3780838194426543,,,,0.09451354302819852,0.13945322884497113,3,track_to_track_ci,96.75,37.97212704643488,21.52886683692575,5.0,3.0763191880768885,-2.343923763305622
19.400000000000002,96.96155534024498,37.860040004124066,21.404275246206517,4.885551065550381,2.5997889381290094,-2.3754284472659926,,,,0.09722488333517573,0.13992721151982193,3,track_to_track_ci,97.00000000000001,38.12618685414275,21.411624699777715,5.0,3.085946410604164,-2.345737615642843
19.450000000000003,97.21367957395915,38.01741049698638,21.298872944443076,4.88663336988443,2.61622532956185,-2.3684425941710536,,,,0.10143068746115984,0.14162721210389217,3,track_to_track_ci,97.25000000000001,38.28070899720591,21.294295486968846,5.0,3.0948122220306296,-2.347406771834521
19.5,97.45963172926324,38.176840636041476,21.195335767005126,4.88087671937272,2.6339928299660826,-2.359970045430149,,,,0.10431698766348367,0.14201312990175605,3,track_to_track_ci,97.5,38.43565534959769,21.176886435917677,5.0,3.102914434849978,-2.348931128919239
19.55,97.70734359370337,38.31898254195765,21.067914758822234,4.879550671732208,2.6335563705346416,-2.3775466938914,,,,0.10866087240218032,0.14363405832405682,3,track_to_track_ci,97.75,38.59098768062417,21.059404788967502,5.0,3.110251049962433,-2.350310592867472
19.6,97.95771012988047,38.50667084531485,20.9662651092423,4.875503623286546,2.6772232913434806,-2.3692588059628577,,,,0.11171371323101731,0.14398440884652536,3,track_to_track_ci,98.00000000000001,38.74666766435696,20.941857792939697,5.0,3.1168202571679955,-2.3515450785873853
19.650000000000002,98.20918953553067,38.64636713244951,20.844432336703747,4.878068794870899,2.6706265357447165,-2.380036908541623,,,,0.11617779347607272,0.14553719976607793,3,track_to_track_ci,98.25000000000001,38.90265688908955,20.824252698686685,5.0,3.1226204356130842,-2.352634509930085
19.700000000000003,98.46132631685593,38.81829154116585,20.72516705716111,4.877352471842839,2.69520012972869,-2.390021698152104,,,,0.11936714875463246,0.14584707688035473,3,track_to_track_ci,98.50000000000001,39.05891686681486,20.706596760644636,5.0,3.1276501541904578,-2.353578819694314
19.75,98.70312108757662,38.97260632929143,20.596179262739376,4.870055472872538,2.7042121571265696,-2.406796289263184,,,,0.12394711732879744,0.14736897470508142,3,track_to_track_ci,98.75,39.215409042721554,20.58889723638603,5.0,3.1319081718923187,-2.354377949630598
19.8,98.95389070264717,39.16370038826327,20.47312760888778,4.8666648059561854,2.7444708970934997,-2.4202099469879172,,,,0.1272473030374869,0.1476282205341871,3,track_to_track_ci,99.0,39.37209480470687,20.471161386171925,5.0,3.1353934381165134,-2.3550318504448393
19.85,99.19705540255683,39.32681691999027,20.34610118013242,4.860475112750713,2.7586123029072667,-2.433489638801964,,,,0.1319155988674491,0.14911187015686425,3,track_to_track_ci,99.25,39.52893549290357,20.35339647250415,5.0,3.138105092925752,-2.355540481801354
19.900000000000002,99.44912013748869,39.48654266953585,20.224920387609764,4.861462986427762,2.764360135777906,-2.441504196325562,,,,0.13533388402471144,0.14935320967360127,3,track_to_track_ci,99.50000000000001,39.685892409218724,20.235609759677303,5.0,3.1400424672597853,-2.355903812325365
19.950000000000003,99.69259591608096,39.643491694443725,20.101810899358135,4.8568106662883,2.771668282900869,-2.448847002441246,,,,0.14007260324663356,0.15077933661203283,3,track_to_track_ci,99.75000000000001,39.8429268268818,20.117808513330665,5.0,3.1412050831004863,-2.3561218196049336
20.0,99.9365338597304,39.82028027520482,19.985657826355137,4.850609224294928,2.795845681630073,-2.450082730267063,,,,0.1436031228456311,0.15103058623550095,3,track_to_track_ci,100.0,40.0,20.000000000000004,5.0,3.141592653589793,-2.356194490192345
