timestamp,x,y,z,vx,vy,vz,speed,course_over_ground,vertical_speed,pos_uncertainty,vel_uncertainty,scenario_id,sensor_mode,ground_truth_x,ground_truth_y,ground_truth_z,ground_truth_vx,ground_truth_vy,ground_truth_vz
1.0,15.74130389041104,36.87827423901327,19.773117388701824,23.802363860392884,-7.672434859683475,-2.086936204689071,25.09530005281996,107.86616562555729,-2.086936204689071,9.111208092411555,15.651187731905685,3,camera_only,5.0,43.09016994374947,22.346516975603464,5.0,2.9878321647415556,2.327185826137484
1.0,14.465162144474334,37.4660022041021,20.09752490175388,21.919531776223973,-6.805295239060617,-1.608302169038498,23.00792368829938,107.24785363549496,-1.608302169038498,5.160417025911646,11.055342770010439,3,camera_only,5.0,43.09016994374947,22.346516975603464,5.0,2.9878321647415556,2.327185826137484
1.0333333333333332,13.36109052268017,38.33564112181797,20.406750531097476,18.86713485832897,-5.204831986945242,-2.842096908178373,19.77717291753747,105.4224579985344,-2.842096908178373,5.30034380233352,9.968259687494095,3,camera_only,5.166666666666666,43.1895930929807,22.424057316550417,5.0,2.977502274190593,2.3252240016125385
1.0666666666666667,15.241016132663445,37.43552382845964,19.960934261073564,20.70743092026592,-5.839055339269535,-3.779240979727275,21.84433393252097,105.74732367448453,-3.779240979727275,5.426492789108245,9.153468656031365,3,camera_only,5.333333333333333,43.28866646738583,22.501531200741535,5.0,2.966845866961865,2.323198429897011
1.1,15.840396319897252,37.17977362473389,19.936903615566244,20.203709628516943,-6.950784201946889,-2.6938418351563644,21.53508921756075,108.98501263123553,-2.6938418351563644,5.535166948466543,8.70126501454203,3,camera_only,5.500000000000001,43.38737920245291,22.578936504191145,5.0,2.95586411165051,2.3211091665229717
1.1333333333333333,17.090088937312935,36.55248688914166,19.67201622146052,20.741063854541963,-7.727263300390838,-3.0915698146061663,22.348604695826946,110.43331454626178,-3.0915698146061663,5.6399847794098426,8.417554369490675,3,camera_only,5.666666666666666,43.48572047321815,22.65627110479375,5.0,2.9445582125297523,2.3189562687686327
1.1666666666666667,15.901265922772293,37.433993700068164,20.070579961474884,18.38562035206371,-6.315806124991376,-2.3492373917357896,19.581607673054517,108.95855973860634,-2.3492373917357896,5.738347086796821,8.196089745837947,3,camera_only,5.833333333333333,43.583679495453005,22.733532882382214,5.0,2.932929409418835,2.316739795656773
1.2,16.54145761767118,37.19119064582137,19.904712274356843,18.284592315267933,-6.362597234339035,-2.8789163499691437,19.57286690937466,109.18666427666938,-2.8789163499691437,5.823886694006249,7.996222486108351,3,camera_only,6.0,43.68124552684678,22.81071971878587,5.0,2.920978977547065,2.314459807953123
1.2333333333333334,14.234040684037925,38.707341020866174,20.694659372003255,14.836866890681215,-4.549243148960173,-1.1947408570873275,15.564563536307316,107.04645645440404,-1.1947408570873275,5.899722903505651,7.805975192823855,3,camera_only,6.166666666666667,43.77840786818467,22.88782949788861,5.0,2.908708227413965,2.312116368164696
1.2666666666666666,14.223799201165946,38.86670875645792,20.765659313055284,14.241240871148188,-4.168520149200948,-1.1471890828552138,14.88306233865121,106.31515718328131,-1.1471890828552138,5.954429763764563,7.609327573012296,3,camera_only,6.333333333333332,43.87515586452103,22.964860105686892,5.0,2.896118504645567,2.309709540538079
1.3,13.960891341183666,39.253061023136326,20.925669677468917,13.59929917621418,-3.414164884556734,-0.9473329585315552,14.053287860050405,104.09309225138084,-0.9473329585315552,6.00405436462656,7.419453319980553,3,camera_only,6.5,43.971478906347805,23.041809430347687,5.0,2.8832111898468455,2.3072393910576663
1.3333333333333333,14.049683560202094,39.43142072655973,21.054934562383846,13.43867340709776,-3.0104154953498385,-0.614761791249155,13.785444369234487,102.62645661393766,-0.614761791249155,6.029423681540484,7.214229778302196,3,camera_only,6.666666666666667,44.067366430758,23.11867536226639,5.0,2.8699876984503203,2.3047059874438545
1.3666666666666667,13.542614583354593,39.934319822533745,21.307614894364573,12.490329472620497,-2.3546636845399913,-0.26867286025896764,12.713180424572894,100.67604311645059,-0.26867286025896764,6.011431553005303,6.975422633501082,3,camera_only,6.833333333333333,44.16280792260401,23.195455794124648,5.0,2.8564494805608387,2.3021093991511825
1.4,14.386396596335837,39.622957427115466,21.178583762493524,13.004068565466335,-2.558663328977684,-0.4347093102461202,13.260525233595368,101.13125040818399,-0.4347093102461202,5.983833400914367,6.739876168326485,3,camera_only,6.999999999999999,44.257792915650725,23.272148620948137,5.0,2.8425980207965535,2.299449697366431
1.4333333333333333,10.475856591749675,42.20393811192656,22.360056872303566,8.619784785267923,0.1219191296786235,0.9215021100744842,8.66975894459527,89.18965658934518,0.9215021100744842,5.93597111938724,6.496042913638386,3,camera_only,7.166666666666667,44.35231099372328,23.34875174016427,5.0,2.8284348381261193,2.296726955006667
1.4666666666666666,10.973578386348374,42.10788902618275,22.33959049267005,8.925230215771943,0.03374019823777186,0.855174140075901,8.966169506280828,89.78340483063714,0.855174140075901,5.915393102267087,6.292325555994013,3,camera_only,7.333333333333333,44.446351791849274,23.425263051659837,5.0,2.8139614857021216,2.293941246717248
1.5,11.932289179868945,41.69420841115035,22.201250100243136,9.569795016158158,-0.3849400212774588,0.7090069366002808,9.603741266163615,92.30345109638509,0.7090069366002808,5.872328021931892,6.07608879658165,3,camera_only,7.5,44.53990499739547,23.50168045783858,5.0,2.799179550690753,2.2910926488697743
1.5333333333333332,11.85061259140437,41.934267350193345,22.351862448927694,9.235092664084736,-0.16279862402241377,0.8625386804461731,9.276713474150267,91.00992035244691,0.8625386804461731,5.812932923538702,5.854324076665324,3,camera_only,7.666666666666666,44.63296035119862,23.578001863678715,5.0,2.7840906540977644,2.2881812395599948
1.5666666666666667,11.20567015579201,42.53313454398233,22.65170968281374,8.40722879908774,0.3890179264979068,1.1366542718792587,8.49263292278245,87.35070869529272,1.1366542718792587,5.745428920342131,5.63547729212493,3,camera_only,7.833333333333334,44.72550764869054,23.654225176790337,5.0,2.7686964505907037,2.285207098605666
1.6,9.56231558450514,43.77079105171869,23.187165382121293,6.6726541245811415,1.545864637845637,1.5543302229437823,7.023528528224813,76.95630364689059,1.5543302229437823,5.67661305432934,5.4256066528412195,3,camera_only,8.0,44.81753674101715,23.730348307472823,5.0,2.7529986283174632,2.282170307544365
1.6333333333333333,12.014304199687006,42.39646033797612,22.64433564852255,8.602948528694082,0.24757743624142892,1.0448153280070418,8.669697632785931,88.35158514296282,1.0448153280070418,5.621485790037867,5.237572173276367,3,camera_only,8.166666666666666,44.90903753615141,23.806369168772083,5.0,2.736998908721153,2.2790709496312522
1.6666666666666667,13.283571275222071,41.79673134633376,22.406863194280866,9.505050820795264,-0.29390556373029664,0.78040829479272,9.541562172562395,91.77107781588755,0.78040829479272,5.53892063041305,5.032850291132403,3,camera_only,8.333333333333334,45.0,23.882285676537812,5.0,2.7206990463513265,2.2759091098367907
1.7,15.265889800279723,40.720089373780674,21.98565971420719,10.911523364069973,-1.2299076582649815,0.4094582077444651,10.98825149859581,96.43103041682058,0.4094582077444651,5.437786897510039,4.82110965832184,3,camera_only,8.5,45.090414157503716,23.95809574948059,5.0,2.7041008286715766,2.272684874844416
1.7333333333333334,9.334143446975776,44.83838001751111,23.68131745180629,6.144235977516304,2.286313235905905,1.6243162534399127,6.754055615056285,69.58941359564355,1.6243162534399127,0.09968636141388085,2.099767955484145,3,camera_only,8.666666666666668,45.1802700937313,24.033797309228987,5.0,2.6872060758635166,2.2693983330481586
1.7333333333333334,9.333965619723129,44.8377230051291,23.688748778053764,6.159595806602294,2.2745836133120467,1.6405200143613188,6.767987664895697,69.73208160453814,1.6405200143613188,0.09453955584640351,2.0932163564437896,3,camera_only,8.666666666666668,45.1802700937313,24.033797309228987,5.0,2.6872060758635166,2.2693983330481586
1.7666666666666666,9.539285479943205,44.913542458906164,23.743432778532476,6.159595806602294,2.2745836133120467,1.6405200143613188,6.767987664895697,69.73208160453814,1.6405200143613188,0.11956246998361683,2.0963988285193125,3,camera_only,8.833333333333334,45.26955795496678,24.109388280386487,5.0,2.6700166406271775,2.2660495745502223
1.7666666666666666,9.528947917892983,44.8836332925999,23.75116470413643,5.994197221484121,2.275172750885285,1.7017562326891673,6.633459553801115,69.21511389981212,1.7017562326891673,0.11572076449114024,2.0886690858548578,3,camera_only,8.833333333333334,45.26955795496678,24.109388280386487,5.0,2.6700166406271775,2.2660495745502223
1.8,9.728754491942455,44.95947238429608,23.807889911892733,5.994197221484121,2.275172750885285,1.7017562326891673,6.633459553801115,69.21511389981212,1.7017562326891673,0.16846992223466295,2.091858475982326,3,camera_only,9.0,45.35826794978997,24.184866590588438,5.0,2.6525344079778406,2.2626386911585126
1.8,9.71472598471804,44.927417337710004,23.836403419330242,5.8533399147839775,2.244297714494769,1.8175227423916875,6.527009216203141,69.02209085687518,1.8175227423916875,0.1657788542757891,2.082959277519678,3,camera_only,9.0,45.35826794978997,24.184866590588438,5.0,2.6525344079778406,2.2626386911585126
1.8333333333333333,9.909837315210838,45.0022272615265,23.896987510743298,5.8533399147839775,2.244297714494769,1.8175227423916875,6.527009216203141,69.02209085687518,1.8175227423916875,0.22797333264990377,2.0861573970193708,3,camera_only,9.166666666666666,45.44639035015027,24.260230170558838,5.0,2.6347612950393238,2.2591657763841213
1.8333333333333333,9.926094123262663,45.01536798778248,23.891997003968743,5.991025310882298,2.224332220644986,1.7752668445589563,6.632617166158628,69.63117725466081,1.7752668445589563,0.22572416927901498,2.0761240115569235,3,camera_only,9.166666666666666,45.44639035015027,24.260230170558838,5.0,2.6347612950393238,2.2591657763841213
1.8666666666666667,10.12579496695874,45.08951239513732,23.95117256545404,5.991025310882298,2.224332220644986,1.7752668445589563,6.632617166158628,69.63117725466081,1.7752668445589563,0.2911567208058955,2.0793326440703397,3,camera_only,9.333333333333334,45.533915492433444,24.335476954167074,5.0,2.616699250833744,2.2556309254387608
1.8666666666666667,10.068309226407763,45.068670435652784,23.94588461818064,5.597805233710277,2.313228428609209,1.827702808250289,6.326685289530845,67.54770369682888,1.827702808250289,0.288913364641449,2.0680863648913617,3,camera_only,9.333333333333334,45.533915492433444,24.335476954167074,5.0,2.616699250833744,2.2556309254387608
1.9,9.51781141871122,45.56009157981418,24.250107002559233,1.3250744608682101,4.843328124076299,3.1148538631547424,5.908973196175766,15.300988573500286,3.1148538631547424,0.10650749754624482,0.6207963813539765,3,camera_only,9.5,45.6208337785213,24.41060487848456,5.0,2.5983502560677905,2.2520342352321556
1.9,9.516849266793454,45.54545873382002,24.252132160692145,1.3230330443601237,4.801324960741372,3.12303394939234,5.878475896366682,15.405854228095222,3.12303394939234,0.10201898185870341,0.614961511687071,3,camera_only,9.5,45.6208337785213,24.41060487848456,5.0,2.5983502560677905,2.2520342352321556
1.9333333333333333,9.630626797498334,45.6586337649097,24.347564002644766,1.7015493003565438,4.5571196557789255,3.0549611306158395,5.744162000518795,20.474758214254038,3.0549611306158395,0.09692947351759548,0.5247008291642749,3,camera_only,9.666666666666666,45.70713567684432,24.4856118838413,5.0,2.5797163229155133,2.2483758043693847
1.9333333333333333,9.630264974353235,45.654297392245994,24.35822236335513,1.701090729043778,4.542052612079782,3.0883452169546115,5.7499415456529555,20.531943202457747,3.0883452169546115,0.09208333433421728,0.517909386568879,3,camera_only,9.666666666666666,45.70713567684432,24.4856118838413,5.0,2.5797163229155133,2.2483758043693847
1.9666666666666666,9.736823163664779,45.75811524623312,24.477434523607155,1.9663618241001615,4.32738762316758,3.120200641869277,5.685816960643731,24.437013362898472,3.120200641869277,0.09297095752492507,0.4770194488519617,3,camera_only,9.833333333333332,45.79281172342679,24.560495913882356,5.0,2.5607994947976676,2.244655733148178
1.9666666666666666,9.737079740253384,45.77941414741268,24.492592245625247,1.968160587454566,4.383782058516104,3.16254754244569,5.752643582980477,24.178366488446088,3.16254754244569,0.08797491905151196,0.4697724096663278,3,camera_only,9.833333333333332,45.79281172342679,24.560495913882356,5.0,2.5607994947976676,2.244655733148178
2.0,9.857401186513956,45.88210116801114,24.59855814014751,2.249692279514796,4.188578506438026,3.1482224920408157,5.702333742994597,28.240317245967134,3.1482224920408157,0.09080351459107847,0.4459003813479118,3,camera_only,10.0,45.877852522924734,24.63525491562421,5.0,2.5416018461576297,2.240874123556167
2.0,9.85727620073729,45.89495717976519,24.612384093336768,2.2507348172187815,4.22016835313616,3.189550355055122,5.748813757088072,28.07225822261588,3.189550355055122,0.08573063072643922,0.43835550622002023,3,camera_only,10.0,45.877852522924734,24.63525491562421,5.0,2.5416018461576297,2.240874123556167
2.033333333333333,9.993267680510796,45.99580448717322,24.705110315840038,2.5544244972307664,4.0453374179404,3.129417043044365,5.71691266037342,32.270323950557795,3.129417043044365,0.08942077132147531,0.4233260053029374,3,camera_only,10.166666666666666,45.962248749656155,24.70988683951107,5.0,2.5221254822339114,2.2370310792680894
2.033333333333333,9.993355338110499,46.00104648862688,24.70750614808132,2.5554928406450585,4.059361069351766,3.1352908325459414,5.730532658889877,32.19167895998161,3.1352908325459414,0.08430304742074249,0.4155469966138154,3,camera_only,10.166666666666666,45.962248749656155,24.70988683951107,5.0,2.5221254822339114,2.2370310792680894
2.0666666666666664,10.1599495733802,46.085505133723196,24.793745729172066,2.948553495820845,3.848013652770999,3.06136189521476,5.733507952650125,37.46126318618764,3.06136189521476,0.0884314702423766,0.40616184647612047,3,camera_only,10.333333333333332,46.04599114862375,24.784389639471048,5.0,2.5023725388292957,2.233126705642945
2.0666666666666664,10.159319322978206,46.07689683220446,24.80013974582973,2.945198992504726,3.8194948187746864,3.088994695687824,5.727532278921267,37.6356898936715,3.088994695687824,0.08328428221034306,0.39818586716217286,3,camera_only,10.333333333333332,46.04599114862375,24.784389639471048,5.0,2.5023725388292957,2.233126705642945
2.1,10.345224464915468,46.155100237592315,24.8713140661874,3.3545266923909565,3.631904526906834,2.9697825077874525,5.767424725654432,42.726416210862894,2.9697825077874525,0.0876416896862415,0.39277254873156825,3,camera_only,10.500000000000002,46.12907053652977,24.85876127297224,5.0,2.482345182076621,2.22916110972111
2.1,10.343802209057078,46.10568440870848,24.84343401732568,3.3380652523373624,3.505265097887647,2.897219999366949,5.641227416091574,43.60039783945296,2.897219999366949,0.08247541473465608,0.3846357464319091,3,camera_only,10.500000000000002,46.12907053652977,24.85876127297224,5.0,2.482345182076621,2.22916110972111
2.1333333333333333,10.492085274725202,46.20643065035449,24.921932280048182,3.5056308717370612,3.4490589777178706,2.8294546135337435,5.673735017666897,45.466053749184525,2.8294546135337435,0.08695300716838936,0.3821732158093643,3,camera_only,10.666666666666666,46.2114778027831,24.93299970107875,5.0,2.4620456082012443,2.225134400221399
2.1333333333333333,10.493872763881027,46.25569020343487,24.946404672851436,3.5241127514174972,3.5764741488154836,2.8890026070552004,5.7928295405113195,44.577495108036004,2.8890026070552004,0.08177596164799904,0.37391468313196835,3,camera_only,10.666666666666666,46.2114778027831,24.93299970107875,5.0,2.4620456082012443,2.225134400221399
2.1666666666666665,10.63972984571911,46.35282512858712,25.04567498437883,3.6490649009274736,3.497503059248065,2.9079530623631356,5.831328606204383,46.21492615309968,2.9079530623631356,0.08636026552982665,0.3738598902989484,3,camera_only,10.833333333333332,46.29320391049838,25.007102888506562,5.0,2.4414760432801965,2.221046687538087
2.1666666666666665,10.641453745009688,46.39548255185724,25.07406831507609,3.666886730701045,3.6022683059052114,2.986000631300597,5.944627407470392,45.509311671516244,2.986000631300597,0.08119554502895204,0.3655407613269527,3,camera_only,10.833333333333332,46.29320391049838,25.007102888506562,5.0,2.4414760432801965,2.221046687538087
2.2,10.824092694944941,46.492305239308536,25.141030290010672,3.92657395071422,3.538046272839797,2.8689698881665717,6.013879167258814,47.97951208926579,2.8689698881665717,0.08584552216473954,0.36732298102288125,3,camera_only,11.000000000000002,46.374239897486895,25.081068803679372,5.0,2.420638742998068,2.2168980837378824
2.2,10.823765361458683,46.486964755408515,25.140182274091462,3.92409936733814,3.5231564772931034,2.8693928948368206,6.003715765521879,48.0816960449496,2.8693928948368206,0.08069408562447133,0.35896930638172375,3,camera_only,11.000000000000002,46.374239897486895,25.081068803679372,5.0,2.420638742998068,2.2168980837378824
2.2333333333333334,11.005702323862746,46.58794659456418,25.203621666195158,4.139681857337173,3.48669206906226,2.7534408377879056,6.072513804976188,49.89387621042255,2.7534408377879056,0.08536756655883061,0.36212594002114995,3,camera_only,11.166666666666666,46.454576877239504,25.154895418784243,5.0,2.3995359923996515,2.2126887025568545
2.2333333333333334,11.005706490112107,46.586244549943444,25.195356738356367,4.138612965169975,3.4875197770108732,2.7236272407860045,6.0587999486091775,49.87988432807538,2.7236272407860045,0.08022764076144803,0.35375871226767613,3,camera_only,11.166666666666666,46.454576877239504,25.154895418784243,5.0,2.3995359923996515,2.2126887025568545
2.2666666666666666,11.17990461553691,46.68944520517429,25.265232660225553,4.288957214946509,3.4593314737822967,2.651232419010299,6.114831279500173,51.111496922765184,2.651232419010299,0.08491607993562304,0.3580064024891982,3,camera_only,11.333333333333332,46.53420603990105,25.228580709827227,5.0,2.3781701056393545,2.208418659397314
2.2666666666666666,11.17824554452318,46.66664091638028,25.25750379355831,4.277003645595515,3.3990916410873706,2.6378907527722766,6.066716722619316,51.524546457398614,2.6378907527722766,0.07979401861567334,0.34965443939616053,3,camera_only,11.333333333333332,46.53420603990105,25.228580709827227,5.0,2.3781701056393545,2.208418659397314
2.3,11.376518741787079,46.74154487168452,25.347736357827984,4.505136730942438,3.28283436599302,2.669466626859229,6.180559077538755,53.91966473186108,2.669466626859229,0.08449057207599481,0.35475430415761244,3,camera_only,11.5,46.61311865323652,25.302122656688855,5.0,2.3565434257274336,2.2040880713246516
2.3,11.377100865848023,46.74751713071015,25.343786835616605,4.508319473412185,3.302688986115341,2.650700024302363,6.185378697556977,53.774370449087776,2.650700024302363,0.079385215019467,0.3464297526913588,3,camera_only,11.5,46.61311865323652,25.302122656688855,5.0,2.3565434257274336,2.2040880713246516
2.3333333333333335,11.575363850454407,46.83818169939763,25.412139237856863,4.703711298847836,3.259522354276648,2.5883310580542767,6.280831443927337,55.279271609141375,2.5883310580542767,0.08408056149226185,0.3521923225993456,3,camera_only,11.666666666666666,46.691306063588584,25.375519243179504,5.0,2.3346583242730508,2.1996970570641263
2.3333333333333335,11.57680508719204,46.85494831890209,25.415458245516763,4.713008107148738,3.305138034255783,2.589289542599132,6.311957159150174,54.95879123115169,2.589289542599132,0.07900094397729561,0.3439176483594868,3,camera_only,11.666666666666666,46.691306063588584,25.375519243179504,5.0,2.3346583242730508,2.1996970570641263
2.3666666666666667,11.751722504314595,46.953828085400914,25.50182196003675,4.785098905249546,3.2730581633321685,2.5969611413978746,6.352502533923643,55.62746003844971,2.5969611413978746,0.08369781194902189,0.35020831819890763,3,camera_only,11.833333333333334,46.768759696826606,25.448768457094673,5.0,2.3125172012242037,2.1952457369976126
2.3666666666666667,11.750390068351692,46.939207717935176,25.488626010588728,4.775919013383858,3.2404625086698777,2.558063000484032,6.312977586443808,55.843095808199244,2.558063000484032,0.07865034754537997,0.34199761234999737,3,camera_only,11.833333333333334,46.768759696826606,25.448768457094673,5.0,2.3125172012242037,2.1952457369976126
2.4,11.928381526610286,47.03996808434032,25.570080622263347,4.852193878447381,3.223084125530267,2.5490326918915756,6.358429395583429,56.40578216684376,2.5490326918915756,0.08334945458966832,0.348686468760679,3,camera_only,12.0,46.845471059286886,25.52186829027017,5.0,2.2901224846045416,2.1907342331602986
2.4,11.9219377724855,46.97362628638309,25.53471503751939,4.8115880755086025,3.0587009781721006,2.463326707669951,6.21087835583403,57.55609645393718,2.463326707669951,0.07833082342726451,0.3405364671244526,3,camera_only,12.0,46.845471059286886,25.52186829027017,5.0,2.2901224846045416,2.1907342331602986
2.433333333333333,12.112310489053456,47.063307119465634,25.606647478880586,4.932661289781687,3.032376179248177,2.4347241965745265,6.281268550664586,58.41868755007889,2.4347241965745265,0.08302372513784567,0.34750154688926943,3,camera_only,12.166666666666666,46.921431738704065,25.594816738637135,5.0,2.267476630247108,2.186162669237341
2.433333333333333,12.106868815413414,47.01167138477717,25.574393070408487,4.899439994787988,2.907839190817084,2.3508139125597682,6.163308127431602,59.31068262225709,2.3508139125597682,0.07802668975613802,0.3394018177974866,3,camera_only,12.166666666666666,46.921431738704065,25.594816738637135,5.0,2.267476630247108,2.186162669237341
2.466666666666667,12.28010041963318,47.09898213066218,25.659150588830393,4.939358635059632,2.8769459128199273,2.380923573027078,6.192162673220517,59.781196427803614,2.380923573027078,0.08271161301722622,0.34657653899796487,3,camera_only,12.333333333333334,46.99663340513365,25.66761180227701,5.0,2.244582121525029,2.181531170560474
2.466666666666667,12.285024425077973,47.143747497222606,25.6885101756188,4.968641482903732,2.9838591383350606,2.4586404751245095,6.295691108129268,59.013573823702544,2.4586404751245095,0.07774077842365645,0.33853220779096216,3,camera_only,12.333333333333334,46.99663340513365,25.66761180227701,5.0,2.244582121525029,2.181531170560474
2.5,12.444470787032458,47.241348683944445,25.77906679676046,4.9435342901498,2.97237809697794,2.4911500988145394,6.283262818321766,58.98294606656285,2.4911500988145394,0.08243360562927925,0.3459129117080671,3,camera_only,12.5,47.071067811865476,25.740251485476346,5.0,2.221441469079183,2.176839864104573
2.5,12.446116870914965,47.25662188610421,25.793505543429944,4.953533880683203,3.0058442056438768,2.5337882596673547,6.323976616062664,58.75028694325701,2.5337882596673547,0.07750357832637232,0.3379398909569496,3,camera_only,12.5,47.071067811865476,25.740251485476346,5.0,2.221441469079183,2.176839864104573
2.533333333333333,12.625232081134255,47.33233248891006,25.90423491361184,5.00967531693241,2.92009627401357,2.64646285302068,6.373976361974378,59.76246204583864,2.64646285302068,0.0822019493400594,0.3454547995960504,3,camera_only,12.666666666666664,47.14472679632803,25.812733796781544,5.0,2.198057210542883,2.172088878484175
2.533333333333333,12.618476071871468,47.27716941326492,25.874561874143936,4.972389822468596,2.7840310004844913,2.5746961428569,6.253363046096888,60.75562384940506,2.5746961428569,0.07730347022683796,0.3375342216603679,3,camera_only,12.666666666666664,47.14472679632803,25.812733796781544,5.0,2.198057210542883,2.172088878484175
2.5666666666666664,12.7852544633882,47.37082926383442,25.9565855362548,4.976509255489358,2.789078860260501,2.560303359701204,6.252979973774147,60.73160000637348,2.560303359701204,0.08199085289059918,0.3450964311297382,3,camera_only,12.833333333333332,47.21760228098362,25.88505674905342,5.0,2.174431910263593,2.167278343949951
2.5666666666666664,12.78388764424218,47.36098823423066,25.93512177161935,4.968264386625056,2.7756556032663062,2.488541885302875,6.211340898570716,60.808907064926224,2.488541885302875,0.07711411454508542,0.3372113825371499,3,camera_only,12.833333333333332,47.21760228098362,25.88505674905342,5.0,2.174431910263593,2.167278343949951
2.6,12.967900601272106,47.44238988620393,26.021557801483315,5.042965312619244,2.7432468559323837,2.5092243341978726,6.26523018062342,61.4549163312413,2.5092243341978726,0.08180078784583396,0.3448372880580132,3,camera_only,13.0,47.28968627421412,25.95721835952171,5.0,2.1505681590217223,2.1624083923851343
2.6,12.9614967075123,47.39388583722751,26.006324036545855,5.009901216792574,2.61623302086763,2.485748162448845,6.174360642901878,62.42587388650803,2.485748162448845,0.07694844142511088,0.33698732855124636,3,camera_only,13.0,47.28968627421412,25.95721835952171,5.0,2.1505681590217223,2.1624083923851343
2.6333333333333333,13.13128514401344,47.46590154074954,26.1123907923035,5.021016755314399,2.558035267248583,2.58038838313522,6.1977865317752485,63.002722843969266,2.58038838313522,0.08162540847669979,0.3446333887058825,3,camera_only,13.166666666666666,47.360970871197345,26.0292166498394,5.0,2.1264685737465148,2.1574791573019074
2.6333333333333333,13.127360193862776,47.43774524368374,26.08343755807134,5.000080106676497,2.4977031309778863,2.493548574383277,6.120221114999658,63.45637581061863,2.493548574383277,0.07679196814693517,0.3368077556198121,3,camera_only,13.166666666666666,47.360970871197345,26.0292166498394,5.0,2.1264685737465148,2.1574791573019074
2.6666666666666665,13.301352175594747,47.50887045660598,26.17809545075905,5.029579652096115,2.4562188856681293,2.543775356136967,6.148209150116952,63.97121223286385,2.543775356136967,0.081463768511744,0.3444769778152822,3,camera_only,13.333333333333334,47.43144825477394,26.101049646137003,5.0,2.1021357972290726,2.1524907738377403
2.6666666666666665,13.296751542594647,47.47704637143416,26.157246541279324,5.006212438731566,2.379993499147069,2.488861018064216,6.07626210798486,64.57321111252664,2.488861018064216,0.07664902196922892,0.3366724928886917,3,camera_only,13.333333333333334,47.43144825477394,26.101049646137003,5.0,2.1021357972290726,2.1524907738377403
2.7,13.480002543047172,47.54706695302102,26.237536643116734,5.072584322212984,2.3564472419317783,2.4857749649191003,6.120705227846494,65.08297785128138,2.4857749649191003,0.08131495449120052,0.3443560205150564,3,camera_only,13.5,47.50111069630459,26.17271537907663,5.0,2.077572497832547,2.1474433787516856
2.7,13.48153431050867,47.5578526816422,26.24303140071889,5.080214672180998,2.3833581928720022,2.4986708033275424,6.1426649895932535,64.8666049503301,2.4986708033275424,0.07651630300641575,0.3365663098928813,3,camera_only,13.5,47.50111069630459,26.17271537907663,5.0,2.077572497832547,2.1474433787516856
2.7333333333333334,13.653830577857908,47.63463007766054,26.329832301562693,5.092298667474057,2.37364437410443,2.513269286395345,6.154853031503988,65.00862782544084,2.513269286395345,0.08118053084276541,0.3442780007137612,3,camera_only,13.666666666666666,47.56995055651756,26.24421188390602,5.0,2.0527813691995207,2.142337110420629
2.7333333333333334,13.653985501639914,47.636209454040944,26.321952183779178,5.092710367744514,2.3833587291713356,2.483603148796445,6.1469002206283845,64.92068029623918,2.483603148796445,0.0764028857873609,0.3365073638986865,3,camera_only,13.666666666666666,47.56995055651756,26.24421188390602,5.0,2.0527813691995207,2.142337110420629
2.7666666666666666,13.819010089025571,47.72187264650684,26.39833184569857,5.073493130533168,2.4049671322372608,2.4561281240007364,6.128357431989108,64.63783665357204,2.4561281240007364,0.08106669277415908,0.3442372292585266,3,camera_only,13.833333333333334,47.63796028634642,26.315537200512367,5.0,2.027765129956618,2.1371721088354962
2.7666666666666666,13.815340195037894,47.697375720188035,26.39390925930148,5.0561223510043956,2.338332781066974,2.456078728097957,6.088061772186112,65.18061442171815,2.456078728097957,0.07630663882870845,0.3364788956960092,3,camera_only,13.833333333333334,47.63796028634642,26.315537200512367,5.0,2.027765129956618,2.1371721088354962
2.8,13.974911848964203,47.777295776978356,26.47928167717283,5.019570773296765,2.3411774946325616,2.467279646764748,6.06338780425998,64.99518851497281,2.467279646764748,0.08096882053125751,0.34421427517407,3,camera_only,13.999999999999998,47.70513242775789,26.386689373476088,5.0,2.0025265234163796,2.131948515597415
2.8,13.967048804446247,47.771204081465484,26.451428964722002,4.985614984169607,2.3419498754454096,2.3700055212901234,5.996499992530722,64.8386114944387,2.3700055212901234,0.06607918076004929,0.32133968116313655,3,camera_only,13.999999999999998,47.70513242775789,26.386689373476088,5.0,2.0025265234163796,2.131948515597415
2.8,13.96605911113696,47.76568644491217,26.444683536246092,4.980830322940201,2.3307211416041773,2.3491202309307617,5.979907825812155,64.92330727920236,2.3491202309307617,0.06410311619419722,0.31814409094841106,3,camera_only,13.999999999999998,47.70513242775789,26.386689373476088,5.0,2.0025265234163796,2.131948515597415
2.8333333333333335,14.164738926396144,47.8290574402973,26.51431369707389,5.113824392576325,2.2971041818198277,2.3284218745395067,6.070373626563429,65.81062379434942,2.3284218745395067,0.06771277914362762,0.32756277047469406,3,camera_only,14.166666666666666,47.77145961456971,26.45766645212443,5.0,1.9770683172764252,2.1266664739138323
2.8333333333333335,14.15643943218181,47.801742381313275,26.484124751604153,5.074650092913891,2.234923078447489,2.233862233694119,5.9780511214954535,66.23086120826335,2.233862233694119,0.06004126477805135,0.31504307564589185,3,camera_only,14.166666666666666,47.77145961456971,26.45766645212443,5.0,1.9770683172764252,2.1266664739138323
2.8333333333333335,14.158119983121017,47.80744741942028,26.48228576507542,5.082056689283455,2.2532771015979267,2.2235264605119216,5.98737236275421,66.08850833923525,2.2235264605119216,0.05878481693333378,0.31281345973366664,3,camera_only,14.166666666666666,47.77145961456971,26.45766645212443,5.0,1.9770683172764252,2.1266664739138323
2.8666666666666667,14.345728688688675,47.87802038152259,26.54259197372056,5.155878320258343,2.2510230617263,2.1763030738408364,6.032120783517411,66.41423022729187,2.1763030738408364,0.06210824067917305,0.32290194972085573,3,camera_only,14.333333333333334,47.8369345732584,26.52846649058491,5.0,1.9513933033159465,2.1213261285945895
2.8666666666666667,14.341166163947886,47.87182571984203,26.52799968502661,5.134354619301603,2.239892618229116,2.1241523131086355,5.990888026597205,66.43047830996694,2.1241523131086355,0.056817656686634306,0.3131381625156571,3,camera_only,14.333333333333334,47.8369345732584,26.52846649058491,5.0,1.9513933033159465,2.1213261285945895
2.8666666666666667,14.345343308817661,47.88496764091845,26.53042429682113,5.15389746256404,2.2810519334732855,2.125861202215711,6.023715035500293,66.12640514284186,2.125861202215711,0.0558584362537129,0.31121872843213944,3,camera_only,14.333333333333334,47.8369345732584,26.52846649058491,5.0,1.9513933033159465,2.1213261285945895
2.9,14.491933675043837,47.96364405768673,26.628832028425307,5.052547128000851,2.266155132386725,2.226753490342075,5.968427152228882,65.84293722059527,2.226753490342075,0.059158902462441675,0.3215922558005945,3,camera_only,14.499999999999998,47.901550123756905,26.599087547838728,5.0,1.9255042970895564,2.115927626047951
2.9,14.493648209148432,47.94142979769018,26.633579915193838,5.056460262942764,2.187163915481245,2.258313024137059,5.954112368681795,66.6091803472065,2.258313024137059,0.054944023475142406,0.3127126624795674,3,camera_only,14.499999999999998,47.901550123756905,26.599087547838728,5.0,1.9255042970895564,2.115927626047951
2.9,14.494226592026004,47.94315159265148,26.63466286115355,5.059380138456767,2.1925610350218467,2.2616686072425676,5.959848669781257,66.56975335205063,2.2616686072425676,0.05413102782608265,0.31088503385090505,3,camera_only,14.499999999999998,47.901550123756905,26.599087547838728,5.0,1.9255042970895564,2.115927626047951
2.933333333333333,14.650942236630849,48.022077335274474,26.711799576851263,5.010398612029649,2.208956272610109,2.262459030321868,5.924719649875185,66.20854766018896,2.262459030321868,0.05751288581812827,0.3213609829808619,3,camera_only,14.666666666666666,47.96529918024196,26.66952768777391,5.0,1.8994041376185287,2.1104711142765913
2.933333333333333,14.643130315094403,48.02118757513758,26.68796496245188,4.972306518380322,2.217390857217246,2.165536684111944,5.859198192298383,65.96560685036256,2.165536684111944,0.0538334206779961,0.31264661254429493,3,camera_only,14.666666666666666,47.96529918024196,26.66952768777391,5.0,1.8994041376185287,2.1104711142765913
2.933333333333333,14.644112992590538,48.02302181300373,26.684339712910564,4.976157144250689,2.2266397760186782,2.1503211806228757,5.860370789997937,65.89331203474691,2.1503211806228757,0.05309682289376973,0.31081930425669074,3,camera_only,14.666666666666666,47.96529918024196,26.66952768777391,5.0,1.8994041376185287,2.1104711142765913
2.966666666666667,14.823313230721089,48.088667927098186,26.76008296259765,5.0318074421259,2.1963412506765803,2.1752075214401274,5.905466009163617,66.41913918787414,2.1752075214401274,0.05659241096064037,0.3213258611798042,3,camera_only,14.833333333333334,48.028174751911145,26.73978497923845,5.0,1.8730956870794713,2.1049567428735365
2.966666666666667,14.822715410512997,48.096106790082,26.757740452666837,5.030566545966097,2.2261977334545167,2.1618294169526187,5.910673612189476,66.12897138059179,2.1618294169526187,0.05318845291231031,0.3124810311928356,3,camera_only,14.833333333333334,48.028174751911145,26.73978497923845,5.0,1.8730956870794713,2.1049567428735365
2.966666666666667,14.819920434148862,48.08833276489959,26.74921896230283,5.0147154588865455,2.1999215031601698,2.129971972408961,5.875696244438604,66.3132660345773,2.129971972408961,0.052492235458601155,0.3106165783465347,3,camera_only,14.833333333333334,48.028174751911145,26.73978497923845,5.0,1.8730956870794713,2.1049567428735365
3.0,14.983977389957259,48.16344991992721,26.81944046946833,5.001734101734572,2.206206262003584,2.124889039252819,5.86513797997073,66.1982866012389,2.124889039252819,0.05609532480175963,0.32112545220483607,3,camera_only,15.0,48.09016994374947,26.8098574960932,5.0,1.8465818304904567,2.0993846630180646
3.0,14.981043428259948,48.14900227988462,26.811798614143107,4.983319514257881,2.1512330669891453,2.0988040942774173,5.8194721165967085,66.6507818321588,2.0988040942774173,0.05283151386991855,0.3120551345226663,3,camera_only,15.0,48.09016994374947,26.8098574960932,5.0,1.8465818304904567,2.0993846630180646
3.0,14.98015699389725,48.145870865936146,26.805974989006565,4.977178359367308,2.1414610743678835,2.075796678172503,5.802335030235594,66.71991531486378,2.075796678172503,0.052155406263894394,0.31014260004499383,3,camera_only,15.0,48.09016994374947,26.8098574960932,5.0,1.8465818304904567,2.0993846630180646
3.033333333333333,15.153362737901388,48.217027412362796,26.86643517477567,5.00597952186554,2.148124475103934,2.041927203306687,5.817536973452043,66.77526184235816,2.041927203306687,0.0558469462284619,0.3206560704431263,3,camera_only,15.166666666666668,48.151277957285544,26.879743317264726,5.0,1.8198654753946426,2.0937550274715595
3.033333333333333,15.15293654199091,48.20838517851211,26.86596109297553,5.001599333914229,2.112776068204065,2.043518902309458,5.801360884782392,67.09982704863525,2.043518902309458,0.0526449217584259,0.3113506208139328,3,camera_only,15.166666666666668,48.151277957285544,26.879743317264726,5.0,1.8198654753946426,2.0937550274715595
3.033333333333333,15.156966763568429,48.21769629113212,26.867906993310335,5.022009035973052,2.1516462113680106,2.049073191472026,5.835139854390694,66.80761100246254,2.049073191472026,0.05197813754697388,0.30939453583857013,3,camera_only,15.166666666666668,48.151277957285544,26.879743317264726,5.0,1.8198654753946426,2.0937550274715595
3.0666666666666664,15.340775631546094,48.28652590852388,26.92155577585224,5.087318592009358,2.153779855478295,1.9944670397585558,5.873455277360289,67.05402334507319,1.9944670397585558,0.055733957524878745,0.3199326872981694,3,camera_only,15.333333333333332,48.211492091337036,26.949440526797925,5.0,1.7929495515414322,2.0880679905733235
3.0666666666666664,15.337127452830115,48.274783542511585,26.912398701044758,5.065719454338148,2.108020138849766,1.9595011640124433,5.826225820170575,67.40612513202208,1.9595011640124433,0.052556523906367655,0.3104418861271067,3,camera_only,15.333333333333332,48.211492091337036,26.949440526797925,5.0,1.7929495515414322,2.0880679905733235
3.0666666666666664,15.337513978049207,48.27490406455273,26.907899771742436,5.066129946377885,2.110894093063583,1.9406504494951742,5.821311765645552,67.38007130222151,1.9406504494951742,0.05189339596193606,0.3084531918628071,3,camera_only,15.333333333333332,48.211492091337036,26.949440526797925,5.0,1.7929495515414322,2.0880679905733235
3.1,15.51212800251701,48.351104064722826,26.950260256758263,5.085963671891826,2.1482224487422403,1.8460399174588014,5.821490319319855,67.10165116270827,1.8460399174588014,0.05568498894808004,0.3190208810057956,3,camera_only,15.5,48.27080574274562,27.0189472139086,5.0,1.7658370105651893,2.0823237082363457
3.1,15.514962084046816,48.33267788293433,26.96088462763097,5.0958552326866595,2.067470608074769,1.8994381596016703,5.818078771373248,67.9168124243583,1.8994381596016703,0.05251478305427274,0.30941286876627216,3,camera_only,15.5,48.27080574274562,27.0189472139086,5.0,1.7658370105651893,2.0823237082363457
3.1,15.514338650425257,48.330004964831694,26.952121335373953,5.0898785070706305,2.0602336972713915,1.8633143795218192,5.79856590727784,67.963339962315,1.8633143795218192,0.0518528543725015,0.3074046220687948,3,camera_only,15.5,48.27080574274562,27.0189472139086,5.0,1.7658370105651893,2.0823237082363457
3.1333333333333333,15.677521418560406,48.39439924745389,27.034343111425745,5.066731518429686,2.030447821424277,1.9477818869997874,5.7955449195653586,68.16199225590495,1.9477818869997874,0.05565950218926171,0.3180144494512393,3,camera_only,15.666666666666668,48.329212407101,27.08826147303581,5.0,1.7385308256615641,2.076522337943028
3.1333333333333333,15.681023790153045,48.40085636943142,27.043203955771276,5.086179280603302,2.0546668038969607,1.9838050956604611,5.8332116374294944,68.00274081787157,1.9838050956604611,0.05249162179022616,0.30835594060999716,3,camera_only,15.666666666666668,48.329212407101,27.08826147303581,5.0,1.7385308256615641,2.076522337943028
3.1333333333333333,15.679903480165894,48.39893488146913,27.04557997644924,5.081514763748553,2.0450970776641917,1.9942384814631036,5.829339711512222,68.07727788122043,1.9942384814631036,0.051830555879037433,0.30634079089793614,3,camera_only,15.666666666666668,48.329212407101,27.08826147303581,5.0,1.7385308256615641,2.076522337943028
3.1666666666666665,15.84294054186314,48.47228076119089,27.107776501970413,5.054601168697134,2.0662184042747915,1.9718972705789763,5.805741151177438,67.7662521445837,1.9718972705789763,0.0556410914746013,0.3170110029195276,3,camera_only,15.833333333333332,48.38670567945424,27.157381403894128,5.0,1.7110339912614436,2.070664038740868
3.1666666666666665,15.841288190980283,48.45725031015861,27.10542062564658,5.042471242676522,2.004044243360785,1.9675611432053932,5.771828688970154,68.32549650383896,1.9675611432053932,0.05247965505341372,0.30736166334572906,3,camera_only,15.833333333333332,48.38670567945424,27.157381403894128,5.0,1.7110339912614436,2.070664038740868
3.1666666666666665,15.84452863042219,48.4655327699714,27.113168771885192,5.061005944893218,2.0362293649866157,1.9979793120173643,5.809641342830697,68.08325806667084,1.9979793120173643,0.05181899038019983,0.3053470979253026,3,camera_only,15.833333333333332,48.38670567945424,27.157381403894128,5.0,1.7110339912614436,2.070664038740868
3.2,16.01093753864942,48.532116154093764,27.18620444076269,5.052685267874872,2.0270961201100963,2.0249131779341614,5.808529975349752,68.1397460675109,2.0249131779341614,0.05562073602791585,0.31607217978090024,3,camera_only,16.0,48.44327925502015,27.22630511152573,5.0,1.6833495227025799,2.0647489712380973
3.2,16.007033489567576,48.49859847967823,27.180268919050295,5.0244623081531214,1.8891565848853666,2.0125388721640785,5.732752113970967,69.39415144147554,2.0125388721640785,0.052466444574924935,0.3064616531449247,3,camera_only,16.0,48.44327925502015,27.22630511152573,5.0,1.6833495227025799,2.0647489712380973
3.2,16.00589837452033,48.49599753850623,27.17823799825651,5.018254130189818,1.878864953744199,2.0046807826518354,5.721167107322502,69.47379337846799,2.0046807826518354,0.05180647488757965,0.3044531386482595,3,camera_only,16.0,48.44327925502015,27.22630511152573,5.0,1.6833495227025799,2.0647489712380973
3.2333333333333334,16.1771625318443,48.55313600205639,27.25286598697789,5.035978411723413,1.8539905423389664,2.0411551883923438,5.741487089380902,69.78886509216237,2.0411551883923438,0.055587636054947466,0.3152169621558812,3,camera_only,16.166666666666668,48.49892692986864,27.295030706352357,5.0,1.6554804558989273,2.05877729759928
3.2333333333333334,16.17823898015875,48.55443614168321,27.256256562705733,5.0419505071247634,1.8582074525857635,2.0552304468187748,5.753101080519255,69.76866975851199,2.0552304468187748,0.052439814695190025,0.30565686180459173,3,camera_only,16.166666666666668,48.49892692986864,27.295030706352357,5.0,1.6554804558989273,2.05877729759928
3.2333333333333334,16.17501699633253,48.54803063768814,27.25665351481226,5.026387169016423,1.8303763405570312,2.05857922377567,5.731718236400384,69.99072990400491,2.05857922377567,0.05178132693349763,0.3036587247537412,3,camera_only,16.166666666666668,48.49892692986864,27.295030706352357,5.0,1.6554804558989273,2.05877729759928
3.2666666666666666,16.366387704930787,48.60060454838295,27.31202740255349,5.122091115164073,1.8097758305111267,2.0139798960476623,5.793722548623564,70.54028288548598,2.0139798960476623,0.055542619689053614,0.31447384165222647,3,camera_only,16.333333333333332,48.55364260160506,27.36355630422711,5.0,1.627429847007717,2.0527491815408645
3.2666666666666666,16.36498184581214,48.58187638621708,27.311920743597668,5.11048811295902,1.7320685633220736,2.021149426742088,5.762134610191254,71.27723187789366,2.021149426742088,0.05240627230071628,0.3049754967801953,3,camera_only,16.333333333333332,48.55364260160506,27.36355630422711,5.0,1.627429847007717,2.0527491815408645
3.2666666666666666,16.363447170786362,48.57861555858526,27.31130723651278,5.102771561662087,1.7183679668721006,2.0194919022950413,5.750601153228655,71.3889503608619,2.0194919022950413,0.05174913271840273,0.30298762382634115,3,camera_only,16.333333333333332,48.55364260160506,27.36355630422711,5.0,1.627429847007717,2.0527491815408645
3.3,16.541061045831523,48.63137975777294,27.37931644893452,5.1338454384478265,1.7019954435625275,2.026691516079939,5.775866686232427,71.65837739218377,2.026691516079939,0.055484928841969275,0.31383872974422156,3,camera_only,16.499999999999996,48.607420270039434,27.431880026486112,5.0,1.5992007720943144,2.0466647883266984
3.3,16.540204051773255,48.63498292070735,27.376586975142832,5.130462518240465,1.7177881739455807,2.0133919599785823,5.772883945319184,71.4883562277978,2.0133919599785823,0.05236208051083176,0.3044034871531111,3,camera_only,16.499999999999996,48.607420270039434,27.431880026486112,5.0,1.5992007720943144,2.0466647883266984
3.3,16.540223170708877,48.63480353688139,27.376423583752043,5.130443437536612,1.7171312989504346,2.012790330444093,5.772461751967434,71.49488868527513,2.012790330444093,0.051707055108484945,0.30242717992557877,3,camera_only,16.499999999999996,48.607420270039434,27.431880026486112,5.0,1.5992007720943144,2.0466647883266984
3.3333333333333335,16.69835786621911,48.6931061172896,27.45887953395119,5.080014943998649,1.7101606751885372,2.0728137697059723,5.746978187716881,71.39446078319406,2.0728137697059723,0.05542441233883062,0.3133267001088044,3,camera_only,16.666666666666668,48.66025403784439,27.5,5.0,1.5707963267948961,2.040524284763495
3.3333333333333335,16.68769535612424,48.65839659071946,27.436193101981324,5.017225202350895,1.57452008575101,1.9898662869235222,5.622386510315095,72.57694907902601,1.9898662869235222,0.05232085507312767,0.3039606861644785,3,camera_only,16.666666666666668,48.66025403784439,27.5,5.0,1.5707963267948961,2.040524284763495
3.3333333333333335,16.68843197171088,48.65917879669326,27.431745800890006,5.019328577388132,1.5800279718457642,1.971096789257106,5.619196589568644,72.52658653980471,1.971096789257106,0.05166757488487308,0.30199366085093826,3,camera_only,16.666666666666668,48.66025403784439,27.5,5.0,1.5707963267948961,2.040524284763495
3.3666666666666667,16.862206639185043,48.70700279686915,27.50107263737607,5.046623502100815,1.560590331063484,1.990397916171428,5.644956582478264,72.81658454841909,1.990397916171428,0.05536583656688403,0.31292267632649207,3,camera_only,16.833333333333332,48.712138111201895,27.567914357225288,5.0,1.5422196259769807,2.034327839196261
3.3666666666666667,16.86340769293138,48.719187172288315,27.502573455912607,5.055936447115262,1.610278500218066,1.9915655229817004,5.667611793150835,72.3337061374576,1.9915655229817004,0.05227351569059193,0.30359705844849305,3,camera_only,16.833333333333332,48.712138111201895,27.567914357225288,5.0,1.5422196259769807,2.034327839196261
3.3666666666666667,16.861221417063295,48.714320642569184,27.499791829507725,5.044262275185257,1.5908861881604077,1.9814464320227296,5.648152859786312,72.49549141835519,1.9814464320227296,0.05162247517592048,0.30163918111170135,3,camera_only,16.833333333333332,48.712138111201895,27.567914357225288,5.0,1.5422196259769807,2.034327839196261
3.4,17.022594274261827,48.76554341287702,27.58104159237001,5.019111393616994,1.5741880131516264,2.043833458189924,5.643297111361652,72.58655187647135,2.043833458189924,0.0553080306634001,0.31260982038970314,3,camera_only,17.0,48.76306680043864,27.635621236255567,5.0,1.5134738033978403,2.0280756215036826
3.4,17.02326979442624,48.75028417986833,27.585429953282542,5.018584267364273,1.509790082545673,2.0693299898215582,5.634516904648025,73.25661989872232,2.0693299898215582,0.052233049230216676,0.3033303323616302,3,camera_only,17.0,48.76306680043864,27.635621236255567,5.0,1.5134738033978403,2.0280756215036826
3.4,17.025327405257624,48.75440696979172,27.585638338363133,5.028746509956653,1.5272681270259247,2.0689452302847835,5.648130111740402,73.10606967234392,2.0689452302847835,0.0515837908774669,0.3013789023103602,3,camera_only,17.0,48.76306680043864,27.635621236255567,5.0,1.5134738033978403,2.0280756215036826
3.433333333333333,17.17158767715595,48.82297547943909,27.64146684869122,4.938668328794316,1.5989015932316555,1.999547342107933,5.562833876721978,72.06055868324297,1.999547342107933,0.05525846056999558,0.3123807551364852,3,camera_only,17.166666666666668,48.81303452064992,27.70311878087255,5.0,1.484562011360858,2.021767803093465
3.433333333333333,17.170596765358454,48.816386918799466,27.640352923014742,4.932034928336458,1.5720870828251283,1.997614223916773,5.54859341796739,72.32030901036548,1.997614223916773,0.05219835062123537,0.30313457299871743,3,camera_only,17.166666666666668,48.81303452064992,27.70311878087255,5.0,1.484562011360858,2.021767803093465
3.433333333333333,17.171707045164997,48.8189738465127,27.643632884065116,4.938572130140588,1.5815181642605736,2.010471175226843,5.561716347936622,72.24296262596206,2.010471175226843,0.051550697782115004,0.3011883005887101,3,camera_only,17.166666666666668,48.81303452064992,27.70311878087255,5.0,1.484562011360858,2.021767803093465
3.466666666666667,17.332341122501475,48.86867531533574,27.723874103315048,4.924425879454883,1.5616426629065396,2.065912597797119,5.56387391217591,72.40504518659837,2.065912597797119,0.055220345113654805,0.31222509811607274,3,camera_only,17.333333333333336,48.86203579231215,27.770405140596953,5.0,1.4554874203698365,2.0154045568976375
3.466666666666667,17.33081335586018,48.8704393798427,27.71963736154333,4.91716486685919,1.570374401907151,2.046945113575773,5.552888472500716,72.28829497714484,2.046945113575773,0.0521715722145738,0.3029967887921192,3,camera_only,17.333333333333336,48.86203579231215,27.770405140596953,5.0,1.4554874203698365,2.0154045568976375
3.466666666666667,17.33361159268455,48.87605239640116,27.72160735189733,4.931526162757999,1.5933757513071036,2.0534213677909263,5.574525620402194,72.09435896005536,2.0534213677909263,0.05152528225633754,0.3010539536201272,3,camera_only,17.333333333333336,48.86203579231215,27.770405140596953,5.0,1.4554874203698365,2.0154045568976375
3.5,17.509442388707228,48.9181998492152,27.80020697542647,4.980255893390161,1.5473021526042683,2.1043092926534643,5.623629638787476,72.74064506756238,2.1043092926534643,0.055189945414595924,0.31211788240421423,3,camera_only,17.5,48.91006524188368,27.83747847073923,5.0,1.426253218781319,2.0089860573678076
3.5,17.515086171471477,48.92151079100955,27.81489348757057,5.00991532271246,1.5557938754670169,2.1657683858858356,5.675411775809074,72.7481869526467,2.1657683858858356,0.05215004800089293,0.30289586540556596,3,camera_only,17.5,48.91006524188368,27.83747847073923,5.0,1.426253218781319,2.0089860573678076
3.5,17.515597705238257,48.92450709692309,27.828909750267883,5.017227915932063,1.5616484176339482,2.2230388890907213,5.705543238212845,72.71086924170692,2.2230388890907213,0.05150485468441331,0.3009549781588824,3,camera_only,17.5,48.91006524188368,27.83747847073923,5.0,1.426253218781319,2.0089860573678076
3.533333333333333,17.6746055215425,48.98510702150427,27.894699866912347,4.982079101412007,1.5979936294672885,2.1819225209367996,5.668816604893433,72.21644255638724,2.1819225209367996,0.05516457685343842,0.3120420630463516,3,camera_only,17.666666666666668,48.95711760239413,27.904336932450164,5.0,1.3968626124549495,2.002512480470383
3.533333333333333,17.667061623206788,48.96635911219152,27.87877189788287,4.9389430813919475,1.5260870691339374,2.121937736953659,5.587908397899452,72.82934174402845,2.121937736953659,0.052135499009460434,0.3028292154459151,3,camera_only,17.666666666666668,48.95711760239413,27.904336932450164,5.0,1.3968626124549495,2.002512480470383
3.533333333333333,17.663311515911655,48.95905344579758,27.87763420992512,4.920166109386385,1.4954093688685874,2.119466066773369,5.562051791619536,73.09415146137684,2.119466066773369,0.05149073511878818,0.300888570627331,3,camera_only,17.666666666666668,48.95711760239413,27.904336932450164,5.0,1.3968626124549495,2.002512480470383
3.5666666666666664,17.83911274845054,48.99937111277047,27.95391279329826,4.96951688587019,1.4574145605666915,2.1509282786620565,5.607731068823546,73.6551236359562,2.1509282786620565,0.05514435292988967,0.31198699025185395,3,camera_only,17.833333333333332,49.003187714021934,27.97097869277124,5.0,1.367318824401914,1.9959840036817442
3.5666666666666664,17.84420114936958,49.0062065597683,27.96557444356309,4.997072889600963,1.481639277257124,2.1978859560620343,5.656562126216829,73.48483428278962,2.1978859560620343,0.05211759140968955,0.3027618716974979,3,camera_only,17.833333333333332,49.003187714021934,27.97097869277124,5.0,1.367318824401914,1.9959840036817442
3.5666666666666664,17.841974323324575,49.00300965422983,27.972718191068157,4.988624009938643,1.4643981113595492,2.228490079311795,5.656589022960818,73.64053039629643,2.228490079311795,0.05147339676943239,0.3008215392973786,3,camera_only,17.833333333333332,49.003187714021934,27.97097869277124,5.0,1.367318824401914,1.9959840036817442
3.6,18.003685163564416,49.055686724920754,28.043715834240945,4.969194844119589,1.4803582870208185,2.2116159045239847,5.636985272813773,73.41083365577687,2.2116159045239847,0.05512345853816365,0.31194119432529965,3,camera_only,18.0,49.0482705246602,28.03740192468495,5.0,1.337625094431499,1.9894008059833805
3.6,17.99679111522387,49.064665276618584,28.024689085140103,4.936697612204932,1.5240611261260204,2.1260658764203955,5.5869402843951725,72.84345600123534,2.1260658764203955,0.052104680386668614,0.30271628659821187,3,camera_only,18.0,49.0482705246602,28.03740192468495,5.0,1.337625094431499,1.9894008059833805
3.6,17.99810792168858,49.06836171114409,28.032542446263232,4.945912070950386,1.5359721061757854,2.1574553852600022,5.610336020588267,72.74761652800771,2.1574553852600022,0.05146079828786136,0.30077580596489856,3,camera_only,18.0,49.0482705246602,28.03740192468495,5.0,1.337625094431499,1.9894008059833805
3.6333333333333333,18.16528057041437,49.118716313738815,28.10260051989464,4.955008887646594,1.5341291450227572,2.150815597093271,5.615307030160031,72.79685898124345,2.150815597093271,0.055110869187998214,0.3119202327225221,3,camera_only,18.166666666666668,49.09236109047069,28.103604807164825,5.0,1.3077846787958152,1.982763067856982
3.6333333333333333,18.16613283289906,49.11313582321101,28.106023808526135,4.957913509415289,1.509808780650624,2.1679409406977284,5.617864081955499,73.06319486641588,2.1679409406977284,0.05209850193212452,0.30269067825330104,3,camera_only,18.166666666666668,49.09236109047069,28.103604807164825,5.0,1.3077846787958152,1.982763067856982
3.6333333333333333,18.163247640696834,49.106735784509844,28.09986844890843,4.941582073947834,1.4854406023400542,2.1444357097142897,5.587877207825954,73.26921105294352,2.1444357097142897,0.0514548546886251,0.3007494650516686,3,camera_only,18.166666666666668,49.09236109047069,28.103604807164825,5.0,1.3077846787958152,1.982763067856982
3.6666666666666665,18.31313408157999,49.161100955341965,28.181634966078697,4.882458495371568,1.4956979646522892,2.180469986923135,5.552473568092295,72.96801793679668,2.180469986923135,0.055100970321787894,0.31190470527984304,3,camera_only,18.333333333333332,49.13545457642601,28.169585525225404,5.0,1.2778008498327083,1.9760709712794928
3.6666666666666665,18.3204419178151,49.15723325477069,28.200965746924822,4.918515523962472,1.472967141697037,2.2649419018770005,5.611718896992006,73.32841294622912,2.2649419018770005,0.05209335878052623,0.30266807682286556,3,camera_only,18.333333333333332,49.13545457642601,28.169585525225404,5.0,1.2778008498327083,1.9760709712794928
3.6666666666666665,18.32030076072201,49.156047903511926,28.193106829253413,4.915139915289194,1.471769178560787,2.232750399516382,5.59552314340412,73.33041401930781,2.232750399516382,0.05144997051823349,0.3007262525708461,3,camera_only,18.333333333333332,49.13545457642601,28.169585525225404,5.0,1.2778008498327083,1.9760709712794928
3.6999999999999997,18.518453860912672,49.19461521540897,28.24127566553604,5.051410732943676,1.4522126146390113,2.138896931663982,5.6745530181060815,73.96076880069536,2.138896931663982,0.055095819603694675,0.3119004173802216,3,camera_only,18.5,49.17754625683981,28.235342269971976,5.0,1.2476768956069093,1.9693246997181204
3.6999999999999997,18.523525870235016,49.202801848224645,28.251797723102257,5.07909231567341,1.4826321226192747,2.180353699825674,5.722702073190489,73.72700661965176,2.180353699825674,0.05208738331467537,0.3026381264992904,3,camera_only,18.5,49.17754625683981,28.235342269971976,5.0,1.2476768956069093,1.9693246997181204
3.6999999999999997,18.520206593787233,49.19781125122391,28.259005186230365,5.065386362724489,1.4575381257598985,2.2116651230260866,5.716119226199616,73.94710716248066,2.2116651230260866,0.0514437182795722,0.30069448936161414,3,camera_only,18.5,49.17754625683981,28.235342269971976,5.0,1.2476768956069093,1.9693246997181204
3.7333333333333334,18.690390200759765,49.243406206667395,28.338037399825392,5.07179294995625,1.4431094198251524,2.2355493929692756,5.727419105776991,74.11702095579159,2.2355493929692756,0.05508424350185456,0.31188061648239307,3,camera_only,18.666666666666668,49.21863151588501,28.300873238650162,5.0,1.217416119549467,1.962524438125308
3.7333333333333334,18.683565907772014,49.23064954205582,28.323843475454616,5.033938153455534,1.3949713953354055,2.180472760363198,5.660471710494208,74.5112377042863,2.180472760363198,0.05208125687973982,0.30261167493140595,3,camera_only,18.666666666666668,49.21863151588501,28.300873238650162,5.0,1.217416119549467,1.962524438125308
3.7333333333333334,18.68285059418143,49.2280976136603,28.314187038761457,5.027081014537257,1.388799069879043,2.141317539014251,5.6378672550981435,74.556466334551,2.141317539014251,0.05143743306212777,0.30066666130107284,3,camera_only,18.666666666666668,49.21863151588501,28.300873238650162,5.0,1.217416119549467,1.962524438125308
3.7666666666666666,18.862404395507387,49.271463132270355,28.374047051714513,5.074201422845966,1.3861316131242463,2.098509258362464,5.663269553530665,74.72114748324397,2.098509258362464,0.05507318005032765,0.31186156265878545,3,camera_only,18.833333333333332,49.25870584809995,28.36617663469535,5.0,1.187021840095484,1.9556703729336626
3.7666666666666666,18.861960206953984,49.27313379611493,28.372076788645952,5.0722300740108155,1.3938263957494987,2.0894024681829046,5.660024082920197,74.63463834623505,2.0894024681829046,0.05207083350356204,0.3025742291414631,3,camera_only,18.833333333333332,49.25870584809995,28.36617663469535,5.0,1.187021840095484,1.9556703729336626
3.7666666666666666,18.867106245327353,49.28132483192207,28.364851010199533,5.0948447719639995,1.4328008844768976,2.0570994789124004,5.678205692919934,74.29265660648984,2.0570994789124004,0.051426911573902695,0.3006281864687466,3,camera_only,18.833333333333332,49.25870584809995,28.36617663469535,5.0,1.187021840095484,1.9556703729336626
3.8,19.02320432992072,49.33250704229181,28.446660647535126,5.0408912973952456,1.4361097192565775,2.1062542502071904,5.6488320177196085,74.09817010190312,2.1062542502071904,0.055060193928981455,0.3118421367605097,3,camera_only,19.0,49.297764858882516,28.43125066778196,5.0,1.1564973903202134,1.948762692050843
3.8,19.02279647603699,49.32592523797948,28.44750111647277,5.037240860895426,1.408358440405938,2.112722385364117,5.640998569841671,74.3795786788113,2.112722385364117,0.052064626882925014,0.3025520310809942,3,camera_only,19.0,49.297764858882516,28.43125066778196,5.0,1.1564973903202134,1.948762692050843
3.8,19.017131427592926,49.315901166380456,28.4498319853212,5.01027894502315,1.3639295859581426,2.1253933767951354,5.610748259235916,74.77160234734127,2.1253933767951354,0.05142095691493595,0.30060564541994855,3,camera_only,19.0,49.297764858882516,28.43125066778196,5.0,1.1564973903202134,1.948762692050843
3.8333333333333335,19.16327329781915,49.37262613700143,28.525574240662266,4.925567810018239,1.4012999229675482,2.1339935828525687,5.547863402865347,74.11920688271354,2.1339935828525687,0.055052648409056194,0.31183362441899215,3,camera_only,19.166666666666668,49.33580426497202,28.49609355387249,5.0,1.1258461175735526,1.9418015848544103
3.8333333333333335,19.163346200949274,49.36514499977653,28.52843797837531,4.924310668038455,1.3689943120723154,2.1494318814239497,5.544640510865008,74.46368110733043,2.1494318814239497,0.05206193723062883,0.30253804927340827,3,camera_only,19.166666666666668,49.33580426497202,28.49609355387249,5.0,1.1258461175735526,1.9418015848544103
3.8333333333333335,19.16478460040941,49.367530133290565,28.527387383491526,4.930966834598772,1.3798426090104863,2.1443870825632074,5.551287734338569,74.3666766239562,2.1443870825632074,0.05141831623167841,0.30059085313608014,3,camera_only,19.166666666666668,49.33580426497202,28.49609355387249,5.0,1.1258461175735526,1.9418015848544103
3.8666666666666667,19.34706347338858,49.40440818819539,28.593920518142617,5.003651436596225,1.3503791866454535,2.1336884013237993,5.604701405125915,74.89690024586271,2.1336884013237993,0.055050759407835645,0.3118372614842429,3,camera_only,19.333333333333332,49.37281989491891,28.560703515266475,5.0,1.0950713831129686,1.934787242186635
3.8666666666666667,19.34283136244757,49.38916797674908,28.587215711459272,4.978330120292548,1.2890589786941038,2.1117888573837904,5.559235200576985,75.48300803959832,2.1117888573837904,0.05206053763812517,0.3025213143493561,3,camera_only,19.333333333333332,49.37281989491891,28.560703515266475,5.0,1.0950713831129686,1.934787242186635
3.8666666666666667,19.34680394031143,49.396519454751264,28.588884567167902,4.998384730142173,1.3200265962517554,2.1164539612122866,5.586206001864022,75.20646785320973,2.1164539612122866,0.0514164504252452,0.3005719613881795,3,camera_only,19.333333333333332,49.37281989491891,28.560703515266475,5.0,1.0950713831129686,1.934787242186635
3.9,19.505013680899125,49.44868949296602,28.653111734961517,4.962891855919835,1.354129812319917,2.083795050628616,5.550330164521145,74.73828531279086,2.083795050628616,0.05504328657407723,0.31182439013941193,3,camera_only,19.5,49.40880768954226,28.62507878064918,5.0,1.064176561734893,1.9277198563492643
3.9,19.490951903853155,49.429767881543405,28.624926379273155,4.887301524888266,1.2845230231044449,1.9715996727920446,5.424289894706426,75.27407937583348,1.9715996727920446,0.052056996528934626,0.30249946920782367,3,camera_only,19.5,49.40880768954226,28.62507878064918,5.0,1.064176561734893,1.9277198563492643
3.9,19.490319782340105,49.42849601540582,28.624506932073313,4.884026790109559,1.2792415296418227,1.97026885009493,5.4196066203482545,75.32260064723945,1.97026885009493,0.051412599300226236,0.3005488055688708,3,camera_only,19.5,49.40880768954226,28.62507878064918,5.0,1.064176561734893,1.9277198563492643
3.933333333333333,19.67793284978064,49.45808957274155,28.682839447863024,4.984454339929265,1.2368915934327809,1.9536974631469088,5.494690133051274,76.06357007116827,1.9536974631469088,0.05503557456838151,0.3118095102589141,3,camera_only,19.666666666666664,49.44376370237481,28.689217585140184,5.0,1.033165041404643,1.9205996210982506
3.933333333333333,19.67986748975143,49.45977165279255,28.687489419990477,4.9947974571049425,1.2422837106103366,1.9727598954546188,5.512082370598602,76.03304289864299,1.9727598954546188,0.0520474388454713,0.3024603929867427,3,camera_only,19.666666666666664,49.44376370237481,28.689217585140184,5.0,1.033165041404643,1.9205996210982506
3.933333333333333,19.681650296835024,49.46227666363614,28.683734311229365,5.0021512661882666,1.2550718674350816,1.9565655015646055,5.515874476832175,75.91488785939482,1.9565655015646055,0.051403032464039204,0.3005088976423101,3,camera_only,19.666666666666664,49.44376370237481,28.689217585140184,5.0,1.033165041404643,1.9205996210982506
3.966666666666667,19.84640587669105,49.508399792635,28.740922449337226,4.992521733198604,1.2760712942713655,1.9206624809193573,5.499325010411286,75.66236018056412,1.9206624809193573,0.05502111728434146,0.3117825651179091,3,camera_only,19.833333333333332,49.47768410009586,28.753118170341764,5.0,1.0020402228848915,1.9134267316384408
3.966666666666667,19.84708781391005,49.50860894472699,28.742497961559593,4.9960234924775015,1.2764105049155867,1.9272976541934033,5.504902429862436,75.66834381892711,1.9272976541934033,0.05203827555387249,0.30242707800111174,3,camera_only,19.833333333333332,49.47768410009586,28.753118170341764,5.0,1.0020402228848915,1.9134267316384408
3.966666666666667,19.848424118230984,49.510190567254895,28.736766582135953,5.000532555587645,1.2861780856520773,1.903228100266852,5.502895338742044,75.57571409756238,1.903228100266852,0.051394026642815734,0.3004752797189029,3,camera_only,19.833333333333332,49.47768410009586,28.753118170341764,5.0,1.0020402228848915,1.9134267316384408
4.0,20.03531190617906,49.54356695480772,28.791654641800424,5.081916621403594,1.2575958015595872,1.8786175820391815,5.562070456812387,76.1005462334782,1.8786175820391815,0.05501069358967424,0.31176733239990306,3,camera_only,20.0,49.510565162951536,28.816778784387097,5.0,0.9708055193627333,1.9062013846182224
4.0,20.032944966382402,49.54389378906764,28.786148093823495,5.070091935260554,1.2608111408800522,1.854938113539617,5.544030336318812,76.03516582233132,1.854938113539617,0.0520296357265778,0.3023943391215456,3,camera_only,20.0,49.510565162951536,28.816778784387097,5.0,0.9708055193627333,1.9062013846182224
4.0,20.031674261253812,49.54278843240248,28.794038432187193,5.066697791142802,1.2519947571845567,1.8877256675839493,5.549993295026963,76.1201003391122,1.8877256675839493,0.05138528912681927,0.30044148736477694,3,camera_only,20.0,49.510565162951536,28.816778784387097,5.0,0.9708055193627333,1.9062013846182224
4.033333333333333,20.188425560905824,49.59393196760594,28.853326588283913,5.016285394734212,1.288809964085446,1.864421779613675,5.504563457463955,75.59092662242698,1.864421779613675,0.054997463254941356,0.3117452215465846,3,camera_only,20.166666666666664,49.54240328516277,28.880197681988292,5.0,0.9394643560753935,1.8989237781241337
4.033333333333333,20.185441543881826,49.5802258467671,28.850486001892737,4.997931895242468,1.2321661294997401,1.8582792632722605,5.472728608333875,76.15074928360933,1.8582792632722605,0.052022819403145217,0.30236953564942287,3,camera_only,20.166666666666664,49.54240328516277,28.880197681988292,5.0,0.9394643560753935,1.8989237781241337
4.033333333333333,20.18251824096377,49.575712317454624,28.85399966335442,4.9848973494864754,1.2107163312867897,1.874058257481484,5.461421973460426,76.34851282493946,1.874058257481484,0.05137861729007519,0.3004161957106729,3,camera_only,20.166666666666664,49.54240328516277,28.880197681988292,5.0,0.9394643560753935,1.8989237781241337
4.066666666666666,20.324076183634016,49.62731043897076,28.9291767579621,4.88634379602586,1.2430803866074258,1.9135691281020146,5.392898232727332,75.72679163941628,1.9135691281020146,0.054988604947058164,0.31173262929352896,3,camera_only,20.333333333333332,49.573194975320675,28.943373124484236,5.0,0.9080201699346095,1.8915941116754336
4.066666666666666,20.320956935572546,49.621429777012246,28.92344307046499,4.8691002866680355,1.2203155509622543,1.891697192299491,5.364310385585909,75.93008807850997,1.891697192299491,0.052019046183904794,0.3023524151697008,3,camera_only,20.333333333333332,49.573194975320675,28.943373124484236,5.0,0.9080201699346095,1.8915941116754336
4.066666666666666,20.317289485363766,49.61566141171161,28.92706664685431,4.8524564731143425,1.1933163127653947,1.9082935280962992,5.349011295104498,76.18398024401365,1.9082935280962992,0.05137502069693381,0.30039866624612865,3,camera_only,20.333333333333332,49.573194975320675,28.943373124484236,5.0,0.9080201699346095,1.8915941116754336
4.1,20.495381562685225,49.64845906705947,28.98018379449786,4.9174532568912355,1.1748385015804874,1.8733712006989636,5.391763319556449,76.5632249652493,1.8733712006989636,0.05498526525932436,0.31173088474196065,3,camera_only,20.5,49.60293685676943,29.00630337988826,5.0,0.8764764091497343,1.8842125862186299
4.1,20.50385655286704,49.638623411326016,29.001424226774215,4.957440570592903,1.1264579241133779,1.9685159022446035,5.451621714971444,77.19829586135546,1.9685159022446035,0.05201589926119333,0.3023303662498412,3,camera_only,20.5,49.60293685676943,29.00630337988826,5.0,0.8764764091497343,1.8842125862186299
4.1,20.5045895114367,49.638594340212634,28.992249153816072,4.957718964124253,1.1310205548672723,1.9308366219812496,5.439330370877788,77.14885980378196,1.9308366219812496,0.051371660773418266,0.3003749362140889,3,camera_only,20.5,49.60293685676943,29.00630337988826,5.0,0.8764764091497343,1.8842125862186299
4.133333333333333,20.664471827115875,49.669713199747385,29.08316374909629,4.9406092651227524,1.0888946324722375,2.042006912679467,5.455740432120498,77.57089611296625,2.042006912679467,0.05497649792668079,0.31171425152854565,3,camera_only,20.666666666666664,49.63162566797658,29.06898672293562,5.0,0.8448365328496045,1.8767794041219716
4.133333333333333,20.660312262152196,49.66855176384137,29.074466280684963,4.919495381087138,1.0868516069115115,2.0053300386751154,5.4225482740125575,77.54190515755133,2.0053300386751154,0.05201041863787525,0.3023022030698608,3,camera_only,20.666666666666664,49.63162566797658,29.06898672293562,5.0,0.8448365328496045,1.8767794041219716
4.133333333333333,20.662790633830728,49.6727618286223,29.07499004595236,4.931797826733115,1.1049936558548217,2.006251625876015,5.4377096621260534,77.37116583920134,2.006251625876015,0.05136605593800885,0.3003456911409146,3,camera_only,20.666666666666664,49.63162566797658,29.06898672293562,5.0,0.8448365328496045,1.8767794041219716
4.166666666666667,20.83213499037961,49.70948311253506,29.133758907905634,4.950621454588542,1.1101445866196986,1.9743877554899523,5.444196983840872,77.3608799266933,1.9743877554899523,0.05496948883242213,0.31170100715354676,3,camera_only,20.833333333333336,49.65925826289068,29.13142143513081,5.0,0.8131040107032045,1.8692947691699007
4.166666666666667,20.835938432990737,49.6966331489703,29.146521394750764,4.966745493786523,1.051625073561932,2.0344496252645485,5.469320010123008,78.04514171674303,2.0344496252645485,0.05200703522132347,0.30227786665685075,3,camera_only,20.833333333333336,49.65925826289068,29.13142143513081,5.0,0.8131040107032045,1.8692947691699007
4.166666666666667,20.834646619364896,49.69453081001486,29.14581108679962,4.96022105699086,1.0427563194174403,2.0321207933149474,5.4608285630042905,78.12794244995281,2.0321207933149474,0.05136238638790904,0.3003197736922705,3,camera_only,20.833333333333336,49.65925826289068,29.13142143513081,5.0,0.8131040107032045,1.8692947691699007
4.2,21.02003620258126,49.72537096382714,29.18701295066167,5.037269886872485,1.046133702435686,1.9308036088538063,5.495132956765197,78.2676628233877,1.9308036088538063,0.05496154618650008,0.3116843107014253,3,camera_only,21.000000000000004,49.68583161128631,29.193605804794647,5.0,0.7812823225391823,1.861758886557466
4.2,21.032754196143834,49.72703644189201,29.21538742299057,5.1018471860161725,1.0436498814781376,2.0511010307884354,5.596879954320251,78.43889658600995,2.0511010307884354,0.05199915128399748,0.30223952368902185,3,camera_only,21.000000000000004,49.68583161128631,29.193605804794647,5.0,0.7812823225391823,1.861758886557466
4.2,21.029212891292694,49.721621956519606,29.217666709506997,5.085400386987658,1.0187177341397555,2.0619978929860707,5.58130076492067,78.6723272606748,2.0619978929860707,0.05135425841676341,0.30028006245695993,3,camera_only,21.000000000000004,49.68583161128631,29.193605804794647,5.0,0.7812823225391823,1.861758886557466
4.233333333333333,21.18130632758078,49.76158778490605,29.30202409413089,5.016972969473234,1.0302567929043334,2.118052661303594,5.5423455243972155,78.39539590180642,2.118052661303594,0.05494907375927215,0.31165846290330834,3,camera_only,21.166666666666668,49.71134279909636,29.25553812711123,5.0,0.7493749579642421,1.8541719628846947
4.233333333333333,21.175386983975283,49.74624140175294,29.294318392925575,4.983662314575914,0.9678227446263562,2.0917984069836164,5.490827943598255,79.01000475735962,2.0917984069836164,0.05199385514361351,0.30221268905094606,3,camera_only,21.166666666666668,49.71134279909636,29.25553812711123,5.0,0.7493749579642421,1.8541719628846947
4.233333333333333,21.17640314899382,49.74869287216224,29.29867428768654,4.9902794747806825,0.9762992116254373,2.108903860436098,5.50486374759631,78.93045887975855,2.108903860436098,0.05134869376733871,0.30025199073543035,3,camera_only,21.166666666666668,49.71134279909636,29.25553812711123,5.0,0.7493749579642421,1.8541719628846947
4.266666666666667,21.32829519460547,49.79159404534293,29.367850307896152,4.93086575262391,1.0152129974738422,2.0947160224423964,5.452699305418929,78.36597858464802,2.0947160224423964,0.05494207545369211,0.3116449477754023,3,camera_only,21.333333333333332,49.7357890287316,29.317216704174655,5.0,0.7173854159804736,1.8465342061509333
4.266666666666667,21.3253154630305,49.766039286318204,29.36815519469221,4.90930049560324,0.9071095394750539,2.107367807878808,5.418955448277906,79.5313201954556,2.107367807878808,0.05199134536287683,0.30219205685259337,3,camera_only,21.333333333333332,49.7357890287316,29.317216704174655,5.0,0.7173854159804736,1.8465342061509333
4.266666666666667,21.323698922724336,49.76260882086092,29.36220689172805,4.899232162085453,0.8951000098528907,2.083993155783227,5.398769052200926,79.64613695871535,2.083993155783227,0.05134574030759101,0.3002296572478103,3,camera_only,21.333333333333332,49.7357890287316,29.317216704174655,5.0,0.7173854159804736,1.8465342061509333
4.3,21.476107695377276,49.79843167742119,29.435979924070864,4.8554178018912255,0.9143027770555503,2.0953866594931907,5.366719375170994,79.33575664587619,2.0953866594931907,0.0549351391089535,0.31162943563693946,3,camera_only,21.5,49.75916761938747,29.378639845035575,5.0,0.6853172046016434,1.83884582574914
4.3,21.468705198491595,49.79492124032706,29.421217551835355,4.817421628656329,0.9042576428306062,2.033925240065505,5.306796106412878,79.36895802442237,2.033925240065505,0.051986016281218565,0.30216241649247344,3,camera_only,21.5,49.75916761938747,29.378639845035575,5.0,0.6853172046016434,1.83884582574914
4.3,21.468464215437276,49.794201307475205,29.41944501248122,4.815565006362092,0.902025370789696,2.0268950330248225,5.302039190250118,79.39060995041403,2.0268950330248225,0.05133995491431718,0.30019866839079096,3,camera_only,21.5,49.75916761938747,29.378639845035575,5.0,0.6853172046016434,1.83884582574914
4.333333333333333,21.617425416790066,49.83167254327812,29.488291452225955,4.76840211519109,0.9284291066660266,2.0249218049298667,5.263073973862039,78.9821054035329,2.0249218049298667,0.054927801055676774,0.3116132005097313,3,camera_only,21.666666666666664,49.78147600733806,29.43980586574756,5.0,0.6531738404685056,1.8311070324601473
4.333333333333333,21.623887152390722,49.8209781185547,29.505118475770253,4.79811138404065,0.8775981471923738,2.1014293620838003,5.311125749353324,79.6348924303151,2.1014293620838003,0.05198334459713409,0.3021400294443397,3,camera_only,21.666666666666664,49.78147600733806,29.43980586574756,5.0,0.6531738404685056,1.8311070324601473
4.333333333333333,21.626147054296137,49.82451805895953,29.50516992310782,4.8091500644274205,0.8931955806636234,2.100643599618479,5.323384846140412,79.47843587435487,2.100643599618479,0.05133709209507959,0.3001752318694308,3,camera_only,21.666666666666664,49.78147600733806,29.43980586574756,5.0,0.6531738404685056,1.8311070324601473
4.366666666666666,21.777953730975064,49.864025109426585,29.56561229017271,4.772575078496386,0.9357813028712105,2.053804625892419,5.2793250485289525,78.90648198510706,2.053804625892419,0.0549240222106425,0.31160523187673245,3,camera_only,21.833333333333332,49.80271174621722,29.500713089413253,5.0,0.6209588484631603,1.8233180384468826
4.366666666666666,21.781759917322187,49.88220964885799,29.567972028390045,4.796139896890202,1.012245336264459,2.0558983531621506,5.315478959592066,78.08238465581402,2.0558983531621506,0.05198353713387004,0.3021220878766595,3,camera_only,21.833333333333332,49.80271174621722,29.500713089413253,5.0,0.6209588484631603,1.8233180384468826
4.366666666666666,21.778955026520705,49.87797249818895,29.570107178277443,4.783185405094133,0.9924447657819845,2.0658469576587786,5.303916749450505,78.27823934699629,2.0658469576587786,0.05133709253759705,0.30015650545998407,3,camera_only,21.833333333333332,49.80271174621722,29.500713089413253,5.0,0.6209588484631603,1.8233180384468826
4.4,21.940140264854328,49.91355852534467,29.62888144529397,4.788398599201101,1.0085285285305239,2.023711162494132,5.295403460256297,78.10624780570255,2.023711162494132,0.05492523854053973,0.311606837740636,3,camera_only,22.000000000000004,49.82287250728689,29.561359846230346,5.0,0.5886757613225101,1.8154790572485509
4.4,21.936523972943068,49.896508047222746,29.62708666854666,4.766200975586722,0.9365474666328373,2.0234692127441276,5.261959763421187,78.88314661127528,2.0234692127441276,0.051989808372715086,0.3021158831381563,3,camera_only,22.000000000000004,49.82287250728689,29.561359846230346,5.0,0.5886757613225101,1.8154790572485509
4.4,21.937106267660646,49.896933059583404,29.623846938152827,4.767837431202274,0.940127502222077,2.010127842365339,5.258966384515132,78.84544964283657,2.010127842365339,0.0513426227031784,0.3001479704792822,3,camera_only,22.000000000000004,49.82287250728689,29.561359846230346,5.0,0.5886757613225101,1.8154790572485509
4.433333333333334,22.104214632373754,49.92869412494333,29.67484701254485,4.798375350470485,0.9526503366286517,1.946776342839309,5.265157813106861,78.77074400309633,1.946776342839309,0.05492580389603348,0.3116015431402692,3,camera_only,22.166666666666668,49.84195607969242,29.62174447353737,5.0,0.5563281192508593,1.8075903037747827
4.433333333333334,22.10052488293994,49.9073631249419,29.673509441201904,4.774482041242591,0.8623676593055939,1.9504926014357613,5.229127855600766,79.76161316891964,1.9504926014357613,0.05199057116376572,0.30209102425463336,3,camera_only,22.166666666666668,49.84195607969242,29.62174447353737,5.0,0.5563281192508593,1.8075903037747827
4.433333333333334,22.094742150411204,49.89594333595251,29.65730749529383,4.740172102573422,0.8203256551141108,1.8876363244350876,5.167720642196184,80.18174087809658,1.8876363244350876,0.05134265745955343,0.300121033800599,3,camera_only,22.166666666666668,49.84195607969242,29.62174447353737,5.0,0.5563281192508593,1.8075903037747827
4.466666666666667,22.26182331274411,49.914265182853654,29.728056909670183,4.778982267222351,0.7817037186285387,1.9270909580757707,5.211853007792983,80.71032937288918,1.9270909580757707,0.05491734372813136,0.3115729691972823,3,camera_only,22.333333333333332,49.859960370705046,29.681865315859255,5.0,0.523919469531684,1.7996519942997384
4.466666666666667,22.259054309831537,49.92817911242718,29.718081850514245,4.768601741693643,0.8441751446444196,1.87845273257357,5.194302543579088,79.96106066932938,1.87845273257357,0.051980777105024134,0.302040961630038,3,camera_only,22.333333333333332,49.859960370705046,29.681865315859255,5.0,0.523919469531684,1.7996519942997384
4.466666666666667,22.261779270306576,49.93337372923552,29.724259915130357,4.784253967502114,0.8639343885351947,1.9021587524151662,5.220505394369689,79.76391271987652,1.9021587524151662,0.051332559820211565,0.30007027582137,3,camera_only,22.333333333333332,49.859960370705046,29.681865315859255,5.0,0.523919469531684,1.7996519942997384
4.5,22.42329059063952,49.95932551614804,29.7914831513648,4.793342170181065,0.8507848438662511,1.9198727152403328,5.233151560361398,79.93521758999255,1.9198727152403328,0.05490592876510297,0.31154415653689893,3,camera_only,22.5,49.876883405951375,29.741720724952756,5.0,0.49145336613863877,1.7916643464561826
4.5,22.42678011597302,49.97409928833314,29.79385638899447,4.814474314206246,0.9130358903900372,1.9235071973618396,5.264283179844605,79.26172398276098,1.9235071973618396,0.05197630166924429,0.30201035830534956,3,camera_only,22.5,49.876883405951375,29.741720724952756,5.0,0.49145336613863877,1.7916643464561826
4.5,22.426969957000793,49.97319467407128,29.78416852860419,4.811852765513806,0.9140825278411764,1.884252385707332,5.2478453633592475,79.24398084904307,1.884252385707332,0.051328181521819526,0.3000395143474293,3,camera_only,22.5,49.876883405951375,29.741720724952756,5.0,0.49145336613863877,1.7916643464561826
4.533333333333333,22.60833010288919,49.99586843731409,29.827604405333716,4.894054089497745,0.8982541297564993,1.8153586316177939,5.296617116041468,79.59969284611002,1.8153586316177939,0.05490043760620352,0.3115315629257375,3,camera_only,22.666666666666664,49.89272332962988,29.801309059851583,5.0,0.45893336934582035,1.783627579229516
4.533333333333333,22.618847642812472,50.00499646881435,29.846417816312364,4.949129258816705,0.9311220425497408,1.8914353177467014,5.379442000785691,79.34500469900891,1.8914353177467014,0.05197364271999991,0.30198206959888013,3,camera_only,22.666666666666664,49.89272332962988,29.801309059851583,5.0,0.45893336934582035,1.783627579229516
4.533333333333333,22.61415423424214,49.996790498202195,29.838521783296628,4.923256013268296,0.8987958238833962,1.8615597961573929,5.339633749601393,79.65394606013365,1.8615597961573929,0.0513251643866927,0.3000098348377458,3,camera_only,22.666666666666664,49.89272332962988,29.801309059851583,5.0,0.45893336934582035,1.783627579229516
4.566666666666666,22.800457813438058,50.009914636333484,29.902726404255993,5.014621217686058,0.834629056727779,1.8858101643345413,5.422113203826435,80.55036431438006,1.8858101643345413,0.054892677139967636,0.31151248105449236,3,camera_only,22.833333333333332,49.90747840471444,29.860628686911436,5.0,0.42636304533734415,1.7755419129517718
4.566666666666666,22.79527700400787,49.986986766408606,29.900184321333874,4.983116395176241,0.7373655730082203,1.884976994276766,5.37850306917126,81.5828634371099,1.884976994276766,0.05196780953289334,0.30194484219452156,3,camera_only,22.833333333333332,49.90747840471444,29.860628686911436,5.0,0.42636304533734415,1.7755419129517718
4.566666666666666,22.79544064643363,49.98768369385066,29.90176279452959,4.984588034335236,0.7395794832241723,1.891158460785998,5.382339269113998,81.56041148277018,1.891158460785998,0.05131859888474815,0.29997030801440766,3,camera_only,22.833333333333332,49.90747840471444,29.860628686911436,5.0,0.42636304533734415,1.7755419129517718
4.6,22.968650236232406,50.006140453549605,29.966899103945394,5.013806757617051,0.7149083083323441,1.9050842019240966,5.41097938533033,81.88501468948694,1.9050842019240966,0.05487761524835445,0.311475154536931,3,camera_only,23.0,49.921147013144775,29.919677979854775,5.0,0.39374596581627264,1.7674075692955753
4.6,22.965418569555226,49.983833874366574,29.968195735605267,4.992209206828484,0.6189640912146481,1.9203293397092256,5.384508713327923,82.93219442056666,1.9203293397092256,0.05195447801968789,0.30189203936766773,3,camera_only,23.0,49.921147013144775,29.919677979854775,5.0,0.39374596581627264,1.7674075692955753
4.6,22.96496793412993,49.9833100827452,29.96866263386897,4.990211458611175,0.6163603190879412,1.9223544515986526,5.3830806312168145,82.95883803772786,1.9223544515986526,0.051304930284998364,0.2999163043400634,3,camera_only,23.0,49.921147013144775,29.919677979854775,5.0,0.39374596581627264,1.7674075692955753
4.633333333333333,23.150480536738222,49.998833097686145,30.008567479380876,5.0641102006427525,0.6140670014487111,1.8320480037395042,5.420211277665115,83.08614743274144,1.8320480037395042,0.054857797592164165,0.31143067227219234,3,camera_only,23.166666666666664,49.93372765600397,29.97845531981541,5.0,0.3610857076129349,1.7592247712680666
4.633333333333333,23.151989533462284,50.0216591173247,30.003340442153082,5.077147240831206,0.7136418065145191,1.7998741212207077,5.433806730582645,81.99894542091768,1.7998741212207077,0.05193525459156416,0.3018273995103616,3,camera_only,23.166666666666664,49.93372765600397,29.97845531981541,5.0,0.3610857076129349,1.7592247712680666
4.633333333333333,23.150555208990404,50.02187810055589,30.020654689635958,5.076619184106369,0.7054271886443519,1.8702079961727,5.455947929357812,82.08905945643782,1.8702079961727,0.05128547707668918,0.29985113606011765,3,camera_only,23.166666666666664,49.93372765600397,29.97845531981541,5.0,0.3610857076129349,1.7592247712680666
4.666666666666667,23.317443759734456,50.04918400493011,30.076775088851985,5.065774188005864,0.7237260994864141,1.8421165711062024,5.438680083668129,81.86940913826687,1.8421165711062024,0.05483744382910411,0.3113916781819124,3,camera_only,23.333333333333332,49.94521895368273,30.036959095382873,5.0,0.3283858522926906,1.750993743204788
4.666666666666667,23.306529608615392,50.03165385630095,30.061206847685945,5.006773253555708,0.653428047722296,1.7835079562259688,5.354964729668377,82.56442124484091,1.7835079562259688,0.0519247420225058,0.3017922242069643,3,camera_only,23.333333333333332,49.94521895368273,30.036959095382873,5.0,0.3283858522926906,1.750993743204788
4.666666666666667,23.302940035899088,50.02633368824126,30.061363843199185,4.989253739330975,0.629556469204233,1.7856132791656212,5.336422866122739,82.80828393258406,1.7856132791656212,0.05127464506744916,0.29981480317089937,3,camera_only,23.333333333333332,49.94521895368273,30.036959095382873,5.0,0.3283858522926906,1.750993743204788
4.7,23.480944158676195,50.03803514154983,30.121456243271172,5.037149782504179,0.5942055366866529,1.7963611090801914,5.380787245880178,83.27221647315513,1.7963611090801914,0.054821806893848024,0.3113624682477783,3,camera_only,23.5,49.9556196460308,30.095187702646598,5.0,0.295649985763171,1.742714710763531
4.7,23.475004774482176,50.01062375189237,30.119590541763788,5.000715817095419,0.4769451305508421,1.8003683485420656,5.3362872422065655,84.55187339974022,1.8003683485420656,0.05190959433619427,0.30174285911505627,3,camera_only,23.5,49.9556196460308,30.095187702646598,5.0,0.295649985763171,1.742714710763531
4.7,23.47837174228879,50.01716746794662,30.130915551368595,5.0214883246704645,0.5002009991509041,1.8445578211296711,5.372889314869979,84.31141266696305,1.8445578211296711,0.05125897426023545,0.2997636676255616,3,camera_only,23.5,49.9556196460308,30.095187702646598,5.0,0.295649985763171,1.742714710763531
4.733333333333333,23.657543880264733,50.02604688017837,30.189619315700178,5.0692546025057705,0.4728556583588503,1.8409012393609945,5.413857411471858,84.67091994419513,1.8409012393609945,0.05480030906222467,0.31131962711192224,3,camera_only,23.666666666666668,49.96492859249504,30.15313954523991,5.0,0.26288169788104054,1.7343879009181526
4.733333333333333,23.65666690937916,50.02333259926894,30.188691878437847,5.064134451401918,0.4614987680483519,1.838169277903896,5.407153146436272,84.79297085416705,1.838169277903896,0.05188983296433382,0.30168214143758393,3,camera_only,23.666666666666668,49.96492859249504,30.15313954523991,5.0,0.26288169788104054,1.7343879009181526
4.733333333333333,23.653632612091975,50.018142995993465,30.18305692616204,5.047145082303302,0.44122682817027215,1.816710918584561,5.382266544627827,85.00384337569811,1.816710918584561,0.051239074919660704,0.29970223306773563,3,camera_only,23.666666666666668,49.96492859249504,30.15313954523991,5.0,0.26288169788104054,1.7343879009181526
4.766666666666667,23.81325125826286,50.031634215300095,30.26482393380914,5.016001018546083,0.4222604367322636,1.9011852492217183,5.380806207841248,85.18803303302786,1.9011852492217183,0.05477572448149859,0.3112711489651191,3,camera_only,23.833333333333336,49.97314477224458,30.21081303438377,5.0,0.23008458205832863,1.7260135419523503
4.766666666666667,23.799831862739264,49.99940839507769,30.2506518628625,4.9409248696640935,0.2877543554540998,1.8548909727097445,5.285467023583446,86.66691800023867,1.8548909727097445,0.05187102671056263,0.3016282778730723,3,camera_only,23.833333333333336,49.97314477224458,30.21081303438377,5.0,0.23008458205832863,1.7260135419523503
4.766666666666667,23.80030594611412,50.00081346754353,30.25651943198406,4.9454419539137575,0.2909410134060946,1.8783299247826108,5.298128546868784,86.63316222000496,1.8783299247826108,0.05121973687479734,0.2996467646370046,3,camera_only,23.833333333333336,49.97314477224458,30.21081303438377,5.0,0.23008458205832863,1.7260135419523503
4.8,23.954254869283368,50.01873999314916,30.318797549975553,4.900648955535125,0.3220585006001094,1.8692947116145249,5.254935259550429,86.24006997343358,1.8692947116145249,0.05475174023549793,0.31122418110758787,3,camera_only,24.0,49.98026728428272,30.26820658893033,5.0,0.19726223486837782,1.7175918634534062
4.8,23.945389102167137,49.995497175783825,30.309310293111743,4.850223127177806,0.22485726801298017,1.839207102369354,5.192100532520011,87.34565729042575,1.839207102369354,0.05185008136006894,0.3015702124431282,3,camera_only,24.0,49.98026728428272,30.26820658893033,5.0,0.19726223486837782,1.7175918634534062
4.8,23.946573955857737,49.99652463936419,30.302986880735077,4.853695691383878,0.23283955231136358,1.8132513439812867,5.18656500567851,87.25353523375853,1.8132513439812867,0.05119837654087505,0.29958751835505026,3,camera_only,24.0,49.98026728428272,30.26820658893033,5.0,0.19726223486837782,1.7175918634534062
4.833333333333333,24.11472008488829,49.998613583228284,30.36506483816911,4.879990766443526,0.21023475708302627,1.824853312410696,5.214268706681324,87.5331673600618,1.824853312410696,0.054726900062481244,0.31117674507665755,3,camera_only,24.166666666666664,49.986295347545735,30.32531863540631,5.0,0.16441825565142965,1.70912309630589
4.833333333333333,24.111570933492224,50.000021452604024,30.35858212496389,4.86457124689014,0.21833124566778256,1.7966453130298379,5.190342602346903,87.43018062842644,1.7966453130298379,0.05182633318530606,0.30150420351546103,3,camera_only,24.166666666666664,49.986295347545735,30.32531863540631,5.0,0.16441825565142965,1.70912309630589
4.833333333333333,24.109417260669247,49.997411351818705,30.361180411788506,4.855041492958907,0.20512774533346578,1.807848959234482,5.1847683795579,87.58066575515595,1.807848959234482,0.0511742450347204,0.2995204956446862,3,camera_only,24.166666666666664,49.986295347545735,30.32531863540631,5.0,0.16441825565142965,1.70912309630589
4.866666666666666,24.283724619734194,49.99998109311923,30.40763206176139,4.903553879583883,0.19854939575966937,1.7577326487220843,5.212857812843376,87.68130793951772,1.7577326487220843,0.054700078321437216,0.31112576319861485,3,camera_only,24.333333333333332,49.99122830098858,30.3821476080561,5.0,0.13155624611992395,1.7006074726853313
4.866666666666666,24.29065474040428,50.008158964540165,30.418130138940473,4.940423050061231,0.2306251107526173,1.7987718209251835,5.262750983947509,87.32730180713965,1.7987718209251835,0.05180331165213125,0.3014404810311054,3,camera_only,24.333333333333332,49.99122830098858,30.3821476080561,5.0,0.13155624611992395,1.7006074726853313
4.866666666666666,24.292038678169618,50.00872300528105,30.40868596042063,4.943563739525302,0.23831134369767412,1.7604031820747328,5.253059499638589,87.24011405080427,1.7604031820747328,0.051150981140638783,0.29945594806461373,3,camera_only,24.333333333333332,49.99122830098858,30.3821476080561,5.0,0.13155624611992395,1.7006074726853313
4.9,24.482332130219508,50.00198042308808,30.45331740044023,5.045352826057572,0.19229025428728908,1.7188755404390512,5.333581705085302,87.8173795608724,1.7188755404390512,0.054674557579462935,0.31107914860264657,3,camera_only,24.500000000000004,49.995065603657316,30.438691948884717,5.0,0.09867980996352638,1.6920452260518526
4.9,24.479559292477795,50.002885980399725,30.4483909910285,5.031886621526105,0.1976154339009568,1.6974108320585592,5.314145120750749,87.75099967492596,1.6974108320585592,0.05178051837313629,0.3013745365871036,3,camera_only,24.500000000000004,49.995065603657316,30.438691948884717,5.0,0.09867980996352638,1.6920452260518526
4.9,24.48058101516881,50.00348067810319,30.441998350345784,5.0344629077001795,0.20376668792321184,1.6713740191737414,5.308561833876019,87.68225479381327,1.6713740191737414,0.05112751572121224,0.2993882731842321,3,camera_only,24.500000000000004,49.995065603657316,30.438691948884717,5.0,0.09867980996352638,1.6920452260518526
4.933333333333334,24.645704645910836,50.0122249038287,30.498482055622215,5.023626889671177,0.21070328016534115,1.6726482785681687,5.298959828371678,87.59828162591191,1.6726482785681687,0.05464536424592389,0.31102188686615484,3,camera_only,24.666666666666668,49.99780683474846,30.49495010770048,5.0,0.06579255245394733,1.6834365911437716
4.933333333333334,24.648020512909373,50.01458622288363,30.501789616793005,5.035773573311617,0.2199670413677215,1.685716042016151,5.314982554558605,87.49885963376563,1.685716042016151,0.05175733159338932,0.30131065265302315,3,camera_only,24.666666666666668,49.99780683474846,30.49495010770048,5.0,0.06579255245394733,1.6834365911437716
4.933333333333334,24.647584107461373,50.01333821530469,30.49749277112229,5.031962094291044,0.21665753294033296,1.6686783429427703,5.305852468469881,87.53458003149294,1.6686783429427703,0.05110424718787605,0.2993240536575294,3,camera_only,24.666666666666668,49.99780683474846,30.49495010770048,5.0,0.06579255245394733,1.6834365911437716
4.966666666666667,24.837652436813897,50.00657394827285,30.543775727947743,5.121776714158928,0.16999870805622164,1.6450539569920497,5.382164879661028,88.09897334828179,1.6450539569920497,0.05462078542862978,0.31097620650667973,3,camera_only,24.833333333333336,49.99945169365512,30.55092054215756,5.0,0.032898080049575604,1.6747818039711624
4.966666666666667,24.841169078486057,50.01650811630799,30.54803533024219,5.14235703357604,0.21160235936296834,1.6585879271660366,5.4073584430290795,87.64367076837884,1.6585879271660366,0.051734990882468745,0.30124463587402267,3,camera_only,24.833333333333336,49.99945169365512,30.55092054215756,5.0,0.032898080049575604,1.6747818039711624
4.966666666666667,24.84290043363791,50.0187762578737,30.54602892535023,5.150140565245675,0.22296282132291684,1.649845374109013,5.4125456136600105,87.5210663880612,1.649845374109013,0.051081545830726494,0.29925688630386826,3,camera_only,24.833333333333336,49.99945169365512,30.55092054215756,5.0,0.032898080049575604,1.6747818039711624
5.0,24.98190356865692,50.045602986678375,30.617467912578615,5.019231057147769,0.2852857947715105,1.6962067116883863,5.305769086429587,86.74689138022613,1.6962067116883863,0.0545945598072935,0.31092485215711,3,camera_only,25.0,50.0,30.606601717798213,5.0,1.9236706937217898e-16,1.6660811018093873
5.0,24.985883367513424,50.057477760054034,30.620639502079307,5.042245239038728,0.3359749074656133,1.7044712775072532,5.333135899721894,86.18790237843494,1.7044712775072532,0.05172013450457604,0.30120221217976695,3,camera_only,25.0,50.0,30.606601717798213,5.0,1.9236706937217898e-16,1.6660811018093873
5.0,24.984595509960645,50.05410826096488,30.60960690670267,5.03162494380417,0.3266917683051305,1.660795506260709,5.30869275812854,86.28513185736529,1.660795506260709,0.05106692799299838,0.29921475410790827,3,camera_only,25.0,50.0,30.606601717798213,5.0,1.9236706937217898e-16,1.6660811018093873
5.033333333333333,25.151823175256215,50.06417327544717,30.668446259745586,5.030310954081339,0.32119780316536034,1.675215540403653,5.31164225360847,86.34648259742895,1.675215540403653,0.054583319498857946,0.31090645449275683,3,camera_only,25.166666666666664,49.99945169365512,30.661992108094886,5.0,-0.03289808004957522,1.6573347231925912
5.033333333333333,25.149042479855346,50.04300391789503,30.670723606142037,5.0108680426823655,0.22830624281393225,1.6942413228068771,5.2944665398498465,87.39128158553979,1.6942413228068771,0.05171332373533058,0.30117031782793513,3,camera_only,25.166666666666664,49.99945169365512,30.661992108094886,5.0,-0.03289808004957522,1.6573347231925912
5.033333333333333,25.147169657433917,50.03910032678493,30.66165994571366,4.998114172622323,0.21550138876265706,1.6586798977262978,5.270560229638599,87.53113338722167,1.6586798977262978,0.05105928595424865,0.2991802549228829,3,camera_only,25.166666666666664,49.99945169365512,30.661992108094886,5.0,-0.03289808004957522,1.6573347231925912
5.066666666666666,25.315686526457092,50.049391928100384,30.703065824758667,5.003051679007926,0.2366507065254637,1.6012419626603023,5.258374794811344,87.29185530906105,1.6012419626603023,0.05456989725880736,0.31087332496772657,3,camera_only,25.33333333333333,49.99780683474846,30.717090194492048,5.0,-0.06579255245394623,1.6485429079071623
5.066666666666666,25.30915284773843,50.03432577731369,30.696170037819176,4.96625098392091,0.17309061732680128,1.5786102216967843,5.2139830675931,88.00385661710851,1.5786102216967843,0.05170006557276711,0.3011144722056811,3,camera_only,25.33333333333333,49.99780683474846,30.717090194492048,5.0,-0.06579255245394623,1.6485429079071623
5.066666666666666,25.31463924603147,50.04244859157849,30.699752970582555,4.99469874570657,0.20817272630886544,1.5909185127132095,5.246081695745431,87.6133656936737,1.5909185127132095,0.051045142753884866,0.29912224618375843,3,camera_only,25.33333333333333,49.99780683474846,30.717090194492048,5.0,-0.06579255245394623,1.6485429079071623
5.1,25.47770006352174,50.04789952118652,30.76425174561833,4.982873828533302,0.1946058710947014,1.637178379970964,5.248547997683836,87.76345305748814,1.637178379970964,0.05455177580628176,0.3108269177419148,3,camera_only,25.5,49.995065603657316,30.771894466447833,5.0,-0.0986798099635267,1.639705896985157
5.1,25.477921905378416,50.042940425800005,30.76600935141617,4.982559714865189,0.1725033263183854,1.6469141426126654,5.250522345721993,88.0171303630817,1.6469141426126654,0.051685986810363856,0.3010565008574813,3,camera_only,25.5,49.995065603657316,30.771894466447833,5.0,-0.0986798099635267,1.639705896985157
5.1,25.47739902254462,50.04291383148524,30.770948829094927,4.981907234537704,0.16966090261532504,1.6668467697045446,5.256097665482428,88.04952243481215,1.6668467697045446,0.05103086844937607,0.29906353831738247,3,camera_only,25.5,49.995065603657316,30.771894466447833,5.0,-0.0986798099635267,1.639705896985157
5.133333333333333,25.644526169774426,50.050750629482366,30.8179899952538,4.9845595784683105,0.18381243767178881,1.6314514916617766,5.247976293123709,87.8880968849025,1.6314514916617766,0.05453495595505472,0.31078292521004613,3,camera_only,25.666666666666664,49.99122830098858,30.826403421475433,5.0,-0.13155624611992286,1.630823932697695
5.133333333333333,25.646661501319183,50.03366960320606,30.827843182589238,4.99078605062811,0.1061785858754235,1.6808992314910578,5.26731824761613,88.78122059784268,1.6808992314910578,0.05167325370566154,0.30100040928089455,3,camera_only,25.666666666666664,49.99122830098858,30.826403421475433,5.0,-0.13155624611992286,1.630823932697695
5.133333333333333,25.646791207540204,50.032767650930694,30.821153329806855,4.988757013853222,0.1057840213587682,1.654198939553942,5.2569250455057785,88.7852545649296,1.654198939553942,0.05101754099360436,0.29900574283670833,3,camera_only,25.666666666666664,49.99122830098858,30.826403421475433,5.0,-0.13155624611992286,1.630823932697695
5.166666666666667,25.813652782534454,50.03250555680648,30.885614164072756,4.992970621159883,0.08491788281016915,1.6941970627402505,5.27325993650838,89.02563671527312,1.6941970627402505,0.05451646218723459,0.31073407966733735,3,camera_only,25.833333333333336,49.986295347545735,30.880615565184314,5.0,-0.16441825565142923,1.6218972585483122
5.166666666666667,25.80858271022108,50.01740496281349,30.88235012613057,4.963675578685119,0.019688224046352343,1.6869090406882616,5.242530399354584,89.77273973483408,1.6869090406882616,0.051657020618383134,0.30093473514683494,3,camera_only,25.833333333333336,49.986295347545735,30.880615565184314,5.0,-0.16441825565142923,1.6218972585483122
5.166666666666667,25.808306945378025,50.01840174993999,30.892635260241995,4.966316787592002,0.018583953582712188,1.7281087656494771,5.258422549012534,89.78560023803409,1.7281087656494771,0.05100058551505093,0.2989383121609081,3,camera_only,25.833333333333336,49.986295347545735,30.880615565184314,5.0,-0.16441825565142923,1.6218972585483122
5.2,25.995894136967344,50.002750688088526,30.946572812241033,5.056262878145863,-0.041065917151597686,1.7289236108958619,5.343842957533518,90.46533419209149,1.7289236108958619,0.05449518326888449,0.3106788481098711,3,camera_only,26.0,49.98026728428272,30.934529411321172,5.0,-0.1972622348683774,1.6129261192662916
5.2,26.001407368800947,49.992516500093444,30.9597249481232,5.081147054575813,-0.08977670734204071,1.7894163336792046,5.387775613613058,91.01223035059724,1.7894163336792046,0.05163668222797731,0.3008578613129639,3,camera_only,26.0,49.98026728428272,30.934529411321172,5.0,-0.1972622348683774,1.6129261192662916
5.2,26.0023428333116,49.99399783317422,30.96068207114773,5.086178713923706,-0.08352880396724406,1.7928638836226103,5.393565784920135,90.94086700799784,1.7928638836226103,0.05097960607178194,0.2988596679472559,3,camera_only,26.0,49.98026728428272,30.934529411321172,5.0,-0.1972622348683774,1.6129261192662916
5.233333333333333,26.16695357747224,49.993072691343905,31.026038516409802,5.066986226595073,-0.08031650704918937,1.8129645043215934,5.3821594602667435,90.90811605308019,1.8129645043215934,0.0544677008133848,0.3106115270360922,3,camera_only,26.166666666666664,49.97314477224458,30.98814348181068,5.0,-0.23008458205832824,1.6039107607999477
5.233333333333333,26.155301300333576,49.98068176350057,31.011343157298406,5.005624002910218,-0.13068414579206014,1.7557051025639405,5.306208666424773,91.49550775307577,1.7557051025639405,0.051615088114247774,0.3007834182486206,3,camera_only,26.166666666666664,49.97314477224458,30.98814348181068,5.0,-0.23008458205832824,1.6039107607999477
5.233333333333333,26.151897698406614,49.97612151451722,31.01070207346557,4.988575039942287,-0.15133717336623337,1.7542838419066946,5.290207525906009,91.7376350348326,1.7542838419066946,0.05095719538317232,0.2987836128015298,3,camera_only,26.166666666666664,49.97314477224458,30.98814348181068,5.0,-0.23008458205832824,1.6039107607999477
5.266666666666667,26.335276632736072,49.96273194512264,31.053587560138393,5.055744610193745,-0.17261823675610227,1.701070479829623,5.337039572320189,91.95548958610007,1.701070479829623,0.05444061998913128,0.3105476019809593,3,camera_only,26.333333333333332,49.96492859249504,31.041456306796015,5.0,-0.2628816978810395,1.5948514303098862
5.266666666666667,26.333901686069023,49.965366641756354,31.050965271246895,5.049787749859171,-0.16042603978260525,1.6886184509239663,5.327055951054853,91.81961005956234,1.6886184509239663,0.051589287912855115,0.30069954443794095,3,camera_only,26.333333333333332,49.96492859249504,31.041456306796015,5.0,-0.2628816978810395,1.5948514303098862
5.266666666666667,26.32951052952244,49.95857049357847,31.045841956671143,5.02594293322637,-0.1888293029624017,1.6698254653641873,5.299441098689943,92.15164316326027,1.6698254653641873,0.050930518551360236,0.2986980206779816,3,camera_only,26.333333333333332,49.96492859249504,31.041456306796015,5.0,-0.2628816978810395,1.5948514303098862
5.3,26.49359117422424,49.95416685719562,31.10407095103358,5.012255503060677,-0.1833432389254673,1.678102023024781,5.288888954298586,92.09488768628117,1.678102023024781,0.05440822370948735,0.31047518152403253,3,camera_only,26.5,49.9556196460308,31.094466424679148,5.0,-0.29564998576317125,1.5857483761622289
5.3,26.494971292967513,49.96459013716748,31.103066051664214,5.022115196302263,-0.13722611579090085,1.6691506202706263,5.294009430000573,91.56518141840736,1.6691506202706263,0.05156302104910011,0.3006209450752712,3,camera_only,26.5,49.9556196460308,31.094466424679148,5.0,-0.29564998576317125,1.5857483761622289
5.3,26.49360067866064,49.96348398919032,31.108908912120366,5.017596166689697,-0.1455741295366668,1.6929467669119624,5.297502418571148,91.6618404274127,1.6929467669119624,0.05090381739227566,0.2986187734261895,3,camera_only,26.5,49.9556196460308,31.094466424679148,5.0,-0.29564998576317125,1.5857483761622289
5.333333333333333,26.660087699501364,49.957532442684666,31.170551817257937,5.015543441987693,-0.15334060332944272,1.7143719678235463,5.302665424402559,91.75116288856898,1.7143719678235463,0.054381250595504846,0.3104193623163371,3,camera_only,26.666666666666668,49.94521895368273,31.14717238216091,5.0,-0.32838585229269024,1.5766018479218045
5.333333333333333,26.65557710304237,49.95610748032823,31.164385752232338,4.992850171515235,-0.15808553345953363,1.6885840191318846,5.273031373010831,91.8135150462517,1.6885840191318846,0.05154323043991755,0.30055964816913,3,camera_only,26.666666666666668,49.94521895368273,31.14717238216091,5.0,-0.32838585229269024,1.5766018479218045
5.333333333333333,26.65487203399178,49.95490774085626,31.162602784703513,4.9886384456155035,-0.16263049236890256,1.6817350862647307,5.266991087755423,91.86719122963648,1.6817350862647307,0.05088342975896501,0.29855612170592544,3,camera_only,26.666666666666668,49.94521895368273,31.14717238216091,5.0,-0.32838585229269024,1.5766018479218045
5.366666666666666,26.79619075181428,49.96870381337864,31.22284072633929,4.886700566856473,-0.09142120640818081,1.6802905091871467,5.168324337961087,91.07177393907445,1.6802905091871467,0.05435817723064187,0.31037044517203793,3,camera_only,26.833333333333332,49.93372765600397,31.19957273428087,5.0,-0.3610857076129338,1.5674120963453047
5.366666666666666,26.79768544391955,49.95824672842236,31.2290086933158,4.89132102037474,-0.13936027160176698,1.7111635419316622,5.1838714564403325,91.63199181871153,1.7111635419316622,0.05152805708919661,0.30051047226611827,3,camera_only,26.833333333333332,49.93372765600397,31.19957273428087,5.0,-0.3610857076129338,1.5674120963453047
5.366666666666666,26.79668467820016,49.95544701175464,31.217824117507362,4.881935024363195,-0.14606950296210613,1.6669606701738084,5.160754184971997,91.71380198395434,1.6669606701738084,0.050867756828155995,0.29850578117843996,3,camera_only,26.833333333333332,49.93372765600397,31.19957273428087,5.0,-0.3610857076129338,1.5674120963453047
5.4,26.971016835656762,49.94803444603869,31.253473555129062,4.925699640669951,-0.14209854010445835,1.5915977522190554,5.178406352350562,91.65243310993117,1.5915977522190554,0.054341889282370846,0.3103348204332342,3,camera_only,27.0,49.921147013144775,31.251666044456893,5.0,-0.3937459658162723,1.5581793733744105
5.4,26.96041177133865,49.93538373582179,31.240389431919137,4.86900346622203,-0.19439660150667987,1.5415417951596877,5.11090362841872,92.28633895664198,1.5415417951596877,0.05151201065077495,0.300448851100909,3,camera_only,27.0,49.921147013144775,31.251666044456893,5.0,-0.3937459658162723,1.5581793733744105
5.4,26.959070895340336,49.93548631325323,31.253739865141863,4.867660830397137,-0.20144823558041416,1.5950779977163727,5.126302485242154,92.36983458257768,1.5950779977163727,0.05085030820430474,0.2984412021897441,3,camera_only,27.0,49.921147013144775,31.251666044456893,5.0,-0.3937459658162723,1.5581793733744105
5.433333333333334,27.12985364450825,49.917767220588274,31.318071685821423,4.905081436418166,-0.25167617595465297,1.648834563088748,5.180909207067164,92.9372291994673,1.648834563088748,0.05431882505665418,0.31027753141182624,3,camera_only,27.166666666666668,49.90747840471444,31.303450884524565,5.0,-0.4263630453373438,1.5489039321288869
5.433333333333334,27.124250067952193,49.913363314539104,31.31058965130861,4.875795894315965,-0.26914322101027194,1.6189258178291515,5.144583994851089,93.15951222510931,1.6189258178291515,0.05149150334118639,0.3003754380267054,3,camera_only,27.166666666666668,49.90747840471444,31.303450884524565,5.0,-0.4263630453373438,1.5489039321288869
5.433333333333334,27.127377374156854,49.91831817636263,31.316017397145618,4.893567314729817,-0.24920036194638367,1.6393936856915399,5.166886251977248,92.9152160253291,1.6393936856915399,0.05082928346271687,0.2983666644078364,3,camera_only,27.166666666666668,49.90747840471444,31.303450884524565,5.0,-0.4263630453373438,1.5489039321288869
5.466666666666667,27.284157410853545,49.91591243967562,31.369501499621364,4.8672757876601125,-0.22547311238316442,1.6294733060384203,5.137742205739978,92.65229037506403,1.6294733060384203,0.05429404012230621,0.31021678855112444,3,camera_only,27.333333333333332,49.89272332962988,31.354925834776346,5.0,-0.45893336934582,1.5395860268996406
5.466666666666667,27.290361910020017,49.90306604441205,31.38447463307986,4.89493957896058,-0.28669648612367404,1.6987904940113188,5.189269457194689,93.35198291521556,1.6987904940113188,0.05147294649231802,0.3003088441916277,3,camera_only,27.333333333333332,49.89272332962988,31.354925834776346,5.0,-0.45893336934582,1.5395860268996406
5.466666666666667,27.289105003725417,49.901505166922846,31.385469132099935,4.889052708007886,-0.29451239486049163,1.703190374428668,5.185598459575536,93.44728348148944,1.703190374428668,0.05081023189781216,0.2982988948653847,3,camera_only,27.333333333333332,49.89272332962988,31.354925834776346,5.0,-0.45893336934582,1.5395860268996406
5.5,27.45385707261431,49.893399050163495,31.43293597891448,4.894490472167308,-0.2814590452847515,1.665301853478727,5.177691226744682,93.29118521340584,1.665301853478727,0.05427220319481513,0.31016324532527795,3,camera_only,27.500000000000004,49.876883405951375,31.406089484000468,5.0,-0.49145336613863916,1.5302259131417502
5.5,27.462743099278583,49.9125509291105,31.440271217325847,4.9443986539783,-0.19830474924529873,1.6880591163206282,5.228378946024173,92.29672800726377,1.6880591163206282,0.05145416978236325,0.30023877772967916,3,camera_only,27.500000000000004,49.876883405951375,31.406089484000468,5.0,-0.49145336613863916,1.5302259131417502
5.5,27.466936957580184,49.91563038591285,31.42237323186415,4.958178778549127,-0.17381095664463905,1.6155612450035706,5.21764172639921,92.00770451655305,1.6155612450035706,0.05079076200254387,0.29822753337341923,3,camera_only,27.500000000000004,49.876883405951375,31.406089484000468,5.0,-0.49145336613863916,1.5302259131417502
5.533333333333333,27.63149179338196,49.913450187519295,31.467180189320075,4.953309051670625,-0.1535929125668763,1.5769017776726584,5.200526950279184,91.77606660532938,1.5769017776726584,0.054251969634279924,0.3101135391484909,3,camera_only,27.666666666666668,49.85996037070505,31.456940429519634,5.0,-0.5239194695316837,1.5208238474674636
5.533333333333333,27.648116937296646,49.92391175625701,31.490779358870377,5.0399784002987476,-0.11362271210717344,1.6724924192615456,5.311452088522672,91.29147364756513,1.6724924192615456,0.051441090018894874,0.30018196694959637,3,camera_only,27.666666666666668,49.85996037070505,31.456940429519634,5.0,-0.5239194695316837,1.5208238474674636
5.533333333333333,27.647691271754194,49.92256633226022,31.485190752289473,5.035599377963704,-0.11672570472574274,1.65047120161695,5.30046612788527,91.32788418742847,1.65047120161695,0.05077690801261667,0.29816908174867457,3,camera_only,27.666666666666668,49.85996037070505,31.456940429519634,5.0,-0.5239194695316837,1.5208238474674636
5.566666666666666,27.848331937915454,49.89945313396293,31.51485895367396,5.165622836346177,-0.17391220237477,1.5694098088826134,5.401569391365155,91.92826174868243,1.5694098088826134,0.054237315664773245,0.31007427707649654,3,camera_only,27.833333333333332,49.84195607969242,31.50747727722949,5.0,-0.556328119250859,1.5113800876391594
5.566666666666666,27.837535879582916,49.88606091071015,31.503518562043347,5.107957433270023,-0.23081520034858133,1.526891502354295,5.336281707028987,92.58728597861374,1.526891502354295,0.05142783198502097,0.3001149428517681,3,camera_only,27.833333333333332,49.84195607969242,31.50747727722949,5.0,-0.556328119250859,1.5113800876391594
5.566666666666666,27.837598582631752,49.88607374369349,31.50244112120574,5.107869920673378,-0.23016632010126203,1.5225566747992583,5.334931160699695,92.58006644517813,1.5225566747992583,0.05076189386314802,0.2980983700985007,3,camera_only,27.833333333333332,49.84195607969242,31.50747727722949,5.0,-0.556328119250859,1.5113800876391594
5.6,28.003321658522978,49.888762015302376,31.534242666927167,5.085216007374937,-0.17674818539940917,1.43912932926056,5.287887573411734,91.9906430712934,1.43912932926056,0.05421225186046195,0.31000448096629346,3,camera_only,27.999999999999996,49.82287250728689,31.557698641636836,5.0,-0.5886757613225096,1.5018948925622848
5.6,28.009377972295855,49.873473429002566,31.54971882883839,5.111437543777807,-0.2492505408794003,1.5116321659865548,5.336098893509676,92.79171967357152,1.5116321659865548,0.05140750422737493,0.30003565246631586,3,camera_only,27.999999999999996,49.82287250728689,31.557698641636836,5.0,-0.5886757613225096,1.5018948925622848
5.6,28.00921972481383,49.87407108718138,31.554893917177527,5.1127695463364295,-0.24943350793813265,1.5321462174602238,5.343229504756951,92.79303905029107,1.5321462174602238,0.05074092115600021,0.29801807279164816,3,camera_only,27.999999999999996,49.82287250728689,31.557698641636836,5.0,-0.5886757613225096,1.5018948925622848
5.633333333333333,28.173106583760145,49.87268714024199,31.602712703853566,5.085185004698021,-0.2200857972055802,1.5131509115092459,5.310100749622222,92.47820339024938,1.5131509115092459,0.054187912104820116,0.30994136914379516,3,camera_only,28.16666666666666,49.80271174621722,31.607603145897592,5.0,-0.6209588484631585,1.4923685222782537
5.633333333333333,28.178246263236513,49.88090916260859,31.607277245145728,5.113200190155007,-0.184395996729745,1.5290304032349709,5.34010786803301,92.06534762951205,1.5290304032349709,0.05138848464341626,0.2999620704394701,3,camera_only,28.16666666666666,49.80271174621722,31.607603145897592,5.0,-0.6209588484631585,1.4923685222782537
5.633333333333333,28.175161541613775,49.877408083121715,31.610733187733565,5.09913068893233,-0.20281830606892515,1.543734522642164,5.3315462414280335,92.27774326614238,1.543734522642164,0.05072142863139926,0.29794384837621013,3,camera_only,28.16666666666666,49.80271174621722,31.607603145897592,5.0,-0.6209588484631585,1.4923685222782537
5.666666666666667,28.31773680091323,49.89197269002435,31.66875823300887,4.987311372945725,-0.12424549097841023,1.5495668467145511,5.223970624455991,91.42707554952325,1.5495668467145511,0.05416746157691187,0.3098884008228769,3,camera_only,28.333333333333332,49.78147600733806,31.65718942185456,5.0,-0.6531738404685045,1.482801237957319
5.666666666666667,28.309381599742782,49.863396914743625,31.665992060809266,4.936999408245473,-0.25145214382743764,1.5505100794213702,5.180856381336857,92.91567953679238,1.5505100794213702,0.0513782644093465,0.29991459662165176,3,camera_only,28.333333333333332,49.78147600733806,31.65718942185456,5.0,-0.6531738404685045,1.482801237957319
5.666666666666667,28.306481491175084,49.85910465787629,31.661592424346274,4.920671722596435,-0.2691317592325165,1.5340254005671121,5.1612669021251785,93.13062244353995,1.5340254005671121,0.050710354921290245,0.2978945497537309,3,camera_only,28.333333333333332,49.78147600733806,31.65718942185456,5.0,-0.6531738404685045,1.482801237957319
5.7,28.46204425676564,49.857769777914065,31.711881093217425,4.885552089439791,-0.2387221491614655,1.5236824124931825,5.123203643939095,92.79741190846724,1.5236824124931825,0.05415302267355412,0.30984703387733337,3,camera_only,28.500000000000004,49.759167619387476,31.706456110074946,5.0,-0.6853172046016429,1.4731933018914143
5.7,28.47542835701695,49.86245011788381,31.73118779986175,4.95437479540436,-0.22285213530508857,1.6036257322223133,5.212207610657272,92.57547851512008,1.6036257322223133,0.051364795899905766,0.29985286052452786,3,camera_only,28.500000000000004,49.759167619387476,31.706456110074946,5.0,-0.6853172046016429,1.4731933018914143
5.7,28.475259338155094,49.862140414672595,31.729994967523254,4.9530701487841196,-0.2236478575400582,1.5989248710523634,5.209556891543504,92.58534202448607,1.5989248710523634,0.05069617919089307,0.2978313220341663,3,camera_only,28.500000000000004,49.759167619387476,31.706456110074946,5.0,-0.6853172046016429,1.4731933018914143
5.733333333333333,28.64524851980277,49.84427913161221,31.801058195911708,4.97689226293737,-0.2767445162061772,1.6776212332987264,5.2593209758057915,93.18270510320664,1.6776212332987264,0.054138499877507754,0.3098040712287944,3,camera_only,28.666666666666668,49.7357890287316,31.7554018598876,5.0,-0.7173854159804732,1.46354497748696
5.733333333333333,28.636499619592254,49.82326561940225,31.796759415372772,4.927219788367334,-0.3704084390271513,1.6683476457851296,5.2151779568657055,94.29917812237,1.6683476457851296,0.05135511309016347,0.2997955479100158,3,camera_only,28.666666666666668,49.7357890287316,31.7554018598876,5.0,-0.7173854159804732,1.46354497748696
5.733333333333333,28.635931676207957,49.820513178400496,31.782073414259777,4.918380454000314,-0.37491988801220366,1.6104739681299647,5.188897533652374,94.35913087885689,1.6104739681299647,0.050685151483518015,0.2977709421672542,3,camera_only,28.666666666666668,49.7357890287316,31.7554018598876,5.0,-0.7173854159804732,1.46354497748696
5.766666666666667,28.79431622329416,49.81213978825625,31.838365549564955,4.895987478118046,-0.36053070121029984,1.6168694092949882,5.168649964847477,94.21154485568101,1.6168694092949882,0.05411983818374215,0.3097456862129893,3,camera_only,28.833333333333332,49.71134279909636,31.804025329420057,5.0,-0.7493749579642417,1.453856529257644
5.766666666666667,28.781690096783663,49.793867268076724,31.826459717468147,4.827250473652933,-0.4398473307138541,1.5742282590247956,5.096470094215291,95.20627572108428,1.5742282590247956,0.05133867571290141,0.2997208867149071,3,camera_only,28.833333333333332,49.71134279909636,31.804025329420057,5.0,-0.7493749579642417,1.453856529257644
5.766666666666667,28.784499520409454,49.797365987157434,31.82622898546569,4.841298306642326,-0.4231562776255398,1.5724282836094985,5.1078137433041615,94.99527333804518,1.5724282836094985,0.050667183191153924,0.2976935200616315,3,camera_only,28.833333333333332,49.71134279909636,31.804025329420057,5.0,-0.7493749579642417,1.453856529257644
5.8,28.927695304912973,49.797387441546086,31.884672684035735,4.767432048046373,-0.37192252348877436,1.5828894745389743,5.037089813059141,94.46079092736439,1.5828894745389743,0.0540971328909501,0.30968006625745,3,camera_only,28.999999999999996,49.68583161128631,31.852325185635355,5.0,-0.7812823225391818,1.4441282228171672
5.8,28.940516004179475,49.80608487972386,31.900559493892413,4.834494851930989,-0.336682832320839,1.6466233555975196,5.118306778430349,93.98374808146352,1.6466233555975196,0.05132193250407052,0.2996513020337453,3,camera_only,28.999999999999996,49.68583161128631,31.852325185635355,5.0,-0.7812823225391818,1.4441282228171672
5.8,28.939465015021675,49.804060226875094,31.895351001026288,4.827072107068031,-0.3432580198160855,1.6263858289465778,5.105250440438795,94.06751435684313,1.6263858289465778,0.050649944234155836,0.29762334349068115,3,camera_only,28.999999999999996,49.68583161128631,31.852325185635355,5.0,-0.7812823225391818,1.4441282228171672
5.833333333333333,29.112622944414323,49.78328940194871,31.9452263533095,4.87689188269482,-0.3768118902281699,1.6181599756405138,5.15213580400176,94.41816679455373,1.6181599756405138,0.05408095065281529,0.30963408221210287,3,camera_only,29.166666666666664,49.65925826289069,31.900300104368526,5.0,-0.8131040107032035,1.434360324871966
5.833333333333333,29.10062823883648,49.766246398389285,31.933620153485943,4.811403747084613,-0.45082375102742656,1.5763792080513408,5.083091527754234,95.35292877283487,1.5763792080513408,0.05130979285432281,0.299588012474396,3,camera_only,29.166666666666664,49.65925826289069,31.900300104368526,5.0,-0.8131040107032035,1.434360324871966
5.833333333333333,29.09855004981226,49.76362992909864,31.933046569117867,4.800705194332296,-0.46293406105624046,1.574737667842522,5.073546789997823,95.50802599629073,1.574737667842522,0.05063602995243094,0.297556531130059,3,camera_only,29.166666666666664,49.65925826289069,31.900300104368526,5.0,-0.8131040107032035,1.434360324871966
5.866666666666666,29.277870711923963,49.73597912387352,31.970058562270122,4.877234704841314,-0.5002577389257494,1.525783341902228,5.134753253846768,95.85634535315099,1.525783341902228,0.054059314182831816,0.3095705105384472,3,camera_only,29.333333333333332,49.63162566797658,31.94794877036294,5.0,-0.8448365328496034,1.4245531032138965
5.866666666666666,29.27867660279227,49.72679789304507,31.974397843793913,4.878463004737951,-0.54274653277125,1.5483624585608609,5.146979831951227,96.34825561845415,1.5483624585608609,0.0512881429528449,0.29949943838755866,3,camera_only,29.333333333333332,49.63162566797658,31.94794877036294,5.0,-0.8448365328496034,1.4245531032138965
5.866666666666666,29.276320849027663,49.72642732549494,31.992243133064417,4.873928749616077,-0.5549654284420842,1.6194003045262244,5.165813143097577,96.49595439535625,1.6194003045262244,0.050613000173165425,0.2974655330946757,3,camera_only,29.333333333333332,49.63162566797658,31.94794877036294,5.0,-0.8448365328496034,1.4245531032138965
5.9,29.451497932311234,49.694854602606625,32.05094201035017,4.9274744377555875,-0.6097671400139146,1.6497252525844979,5.231960790066233,97.05439807441866,1.6497252525844979,0.05403038779563685,0.30949275568556106,3,camera_only,29.500000000000004,49.60293685676943,31.99526987730636,5.0,-0.8764764091497338,1.4147068267128942
5.9,29.455414848898354,49.69257688022989,32.05779575846271,4.9466283722382425,-0.621821889141845,1.6798082296529198,5.260945770796157,97.16485304667847,1.6798082296529198,0.05126368401032066,0.2994085452113566,3,camera_only,29.500000000000004,49.60293685676943,31.99526987730636,5.0,-0.8764764091497338,1.4147068267128942
5.9,29.45494818099973,49.69280120799507,32.06422510070789,4.9468767350483915,-0.6244884200732982,1.7053283619226016,5.269698287430344,97.19489896824822,1.7053283619226016,0.05058771142846554,0.2973732790009458,3,camera_only,29.500000000000004,49.60293685676943,31.99526987730636,5.0,-0.8764764091497338,1.4147068267128942
5.933333333333334,29.632156731603303,49.66028684433743,32.122911370457295,4.9982364939167345,-0.6718805137105872,1.7232508114045528,5.329482604609147,97.65600628450848,1.7232508114045528,0.05400090549286555,0.3094175404251943,3,camera_only,29.666666666666668,49.573194975320675,32.04226212786672,5.0,-0.9080201699346092,1.4048217653096036
5.933333333333334,29.629668796509808,49.64947709985067,32.12325784419667,4.982395318843311,-0.7209658427576799,1.7295312509682472,5.3230943263980235,98.23370086363322,1.7295312509682472,0.051239443995780086,0.29932062986360886,3,camera_only,29.666666666666668,49.573194975320675,32.04226212786672,5.0,-0.9080201699346092,1.4048217653096036
5.933333333333334,29.62944560933361,49.64990366195237,32.12799278789053,4.983238904537842,-0.72172643025488,1.7482160978142716,5.330086166703586,98.240891655536,1.7482160978142716,0.05056209327180402,0.29728283890352347,3,camera_only,29.666666666666668,49.573194975320675,32.04226212786672,5.0,-0.9080201699346092,1.4048217653096036
5.966666666666667,29.80152031164796,49.62555369169362,32.17089129993992,5.004750700598299,-0.7121146410176377,1.688836603727635,5.329803552775762,98.0981276302456,1.688836603727635,0.0539698317967525,0.3093402070590516,3,camera_only,29.833333333333336,49.54240328516277,32.08892423372774,5.0,-0.9394643560753931,1.3948981900079767
5.966666666666667,29.789084444127788,49.6084923652423,32.16002942368552,4.93704467160314,-0.7872678157043627,1.6500593947313742,5.2646839135118215,99.06018246193695,1.6500593947313742,0.05121334916250349,0.29923075714951275,3,camera_only,29.833333333333336,49.54240328516277,32.08892423372774,5.0,-0.9394643560753931,1.3948981900079767
5.966666666666667,29.787836222948787,49.60715120795078,32.16114404029283,4.931189816979844,-0.7943563458165979,1.6548058957253977,5.261750428113475,99.151057896883,1.6548058957253977,0.050534288172365605,0.2971900953011877,3,camera_only,29.833333333333336,49.54240328516277,32.08892423372774,5.0,-0.9394643560753931,1.3948981900079767
6.0,29.990692570616304,49.55057920393251,32.20174295016863,5.087663833682878,-0.9030802488616387,1.6260653449202476,5.417007081996419,100.06538681614578,1.6260653449202476,0.05393571461748719,0.3092579060778345,3,camera_only,30.0,49.510565162951536,32.135254915624216,5.0,-0.970805519362733,1.3849363728678425
6.0,29.987397420309748,49.54005098126808,32.200021604525595,5.06746035773896,-0.9503094217302309,1.623646590657466,5.4054112448211304,100.6214094878304,1.623646590657466,0.05117812433391582,0.29911541762544286,3,camera_only,30.0,49.510565162951536,32.135254915624216,5.0,-0.970805519362733,1.3849363728678425
6.0,29.988635878216527,49.540901056536626,32.19549266680715,5.071857694752023,-0.9435433059967162,1.6054867883998116,5.402925344092111,100.5385490618786,1.6054867883998116,0.05049733606994349,0.2970717294424107,3,camera_only,30.0,49.510565162951536,32.135254915624216,5.0,-0.970805519362733,1.3849363728678425
6.033333333333333,30.151976376421196,49.51312833864744,32.25357006954575,5.0490678668163715,-0.9321986416614397,1.6197636601754903,5.383838309798889,100.4606008286271,1.6197636601754903,0.053889150608850876,0.30914905471933024,3,camera_only,30.166666666666664,49.47768410009586,32.18125290337709,5.0,-1.0020402228848904,1.3749365869974508
6.033333333333333,30.151990981321077,49.5188147208321,32.25130140207383,5.050842574749144,-0.9056910796138427,1.6076420148569577,5.377341340711411,100.16594497631094,1.6076420148569577,0.05113932457915637,0.2990027551497017,3,camera_only,30.166666666666664,49.47768410009586,32.18125290337709,5.0,-1.0020402228848904,1.3749365869974508
6.033333333333333,30.156065171351898,49.52336386726097,32.24916281473674,5.070632095277795,-0.8825120234032503,1.598075500570926,5.389246943928029,99.87307803504305,1.598075500570926,0.05045765168751288,0.2969583549398097,3,camera_only,30.166666666666664,49.47768410009586,32.18125290337709,5.0,-1.0020402228848904,1.3749365869974508
6.066666666666666,30.325513148720173,49.48740147076779,32.321461126916674,5.076427644042278,-0.9217986376210311,1.6778549937041372,5.42540576670672,100.29186422712802,1.6778549937041372,0.053849136647763904,0.30906318215645884,3,camera_only,30.333333333333336,49.44376370237481,32.226916935928315,5.0,-1.0331650414046427,1.3648991065459821
6.066666666666666,30.327477747959016,49.49785161049985,32.320574971059926,5.089710968679737,-0.8739206947370788,1.6693935883933688,5.427317023940784,99.74287500377555,1.6693935883933688,0.051107866707334276,0.2989116134159433,3,camera_only,30.333333333333336,49.44376370237481,32.226916935928315,5.0,-1.0331650414046427,1.3648991065459821
6.066666666666666,30.327585673529242,49.498729389505755,32.325449125576036,5.092324508586343,-0.8726130058414682,1.6884572691103985,5.435449411808059,99.72367741400721,1.6884572691103985,0.05042528560389558,0.29686588912667716,3,camera_only,30.333333333333336,49.44376370237481,32.226916935928315,5.0,-1.0331650414046427,1.3648991065459821
6.1,30.484129024111734,49.478314468731035,32.392365732740785,5.039742150647812,-0.8456428064888072,1.721658327031959,5.392422470116838,99.52520410401407,1.721658327031959,0.05381660679503516,0.3089936587117149,3,camera_only,30.5,49.40880768954226,32.27224576137535,5.0,-1.0641765617348926,1.3548242066960334
6.1,30.47473671020027,49.48120213122469,32.378104876285526,4.993094298971444,-0.8292100446015954,1.659790384763172,5.326676646638277,99.42913323653852,1.659790384763172,0.05108549799791604,0.2988427227844509,3,camera_only,30.5,49.40880768954226,32.27224576137535,5.0,-1.0641765617348926,1.3548242066960334
6.1,30.47299197088975,49.47689546828364,32.362147609006875,4.977526911573696,-0.8405103690341021,1.5977016225872747,5.294797664756627,99.58460875391587,1.5977016225872747,0.050401614238630287,0.2967947879734466,3,camera_only,30.5,49.40880768954226,32.27224576137535,5.0,-1.0641765617348926,1.3548242066960334
6.133333333333333,30.64496169768041,49.45012607731098,32.39392000965732,4.998093772542731,-0.8204942037715831,1.5133393395800354,5.286241391979157,99.3226054902658,1.5133393395800354,0.05379120165494892,0.30893614299099187,3,camera_only,30.666666666666664,49.37281989491892,32.31723813700556,5.0,-1.0950713831129677,1.3447121636560742
6.133333333333333,30.62807336978863,49.42821828864988,32.37875507890287,4.905642860640449,-0.9176883342068656,1.45859556252845,5.1995177439758455,100.59573701486887,1.45859556252845,0.051063140365204755,0.29876436822828006,3,camera_only,30.666666666666664,49.37281989491892,32.31723813700556,5.0,-1.0950713831129677,1.3447121636560742
6.133333333333333,30.62725760689635,49.42694233916503,32.375979104276304,4.900350969663074,-0.9222412778907338,1.4479052925917564,5.1923403525615095,100.6583413620639,1.4479052925917564,0.05037699377055724,0.29671228644975356,3,camera_only,30.666666666666664,49.37281989491892,32.31723813700556,5.0,-1.0950713831129677,1.3447121636560742
6.166666666666667,30.78426704657298,49.403409777800086,32.41995619415877,4.873083557714273,-0.8905233102410428,1.4246689306369456,5.154576286026823,100.35614661207931,1.4246689306369456,0.053759451144693056,0.3088574373545983,3,camera_only,30.833333333333336,49.33580426497202,32.36189282933024,5.0,-1.125846117573553,1.334563254652871
6.166666666666667,30.7762058629526,49.410091879670865,32.40650379168976,4.8344081357825415,-0.8569364646817206,1.3645146786485998,5.095855417500493,100.0517146281585,1.3645146786485998,0.051034310643809776,0.2986689517932001,3,camera_only,30.833333333333336,49.33580426497202,32.36189282933024,5.0,-1.125846117573553,1.334563254652871
6.166666666666667,30.7750458934413,49.40843787359052,32.403995145331045,4.827454720781972,-0.8634908979048719,1.3549818651957375,5.087819912985721,100.14129586941651,1.3549818651957375,0.05034703805249649,0.29661557353196316,3,camera_only,30.833333333333336,49.33580426497202,32.36189282933024,5.0,-1.125846117573553,1.334563254652871
6.2,30.948216649617827,49.36815613018003,32.449016699678836,4.878348214612975,-0.9093395071851489,1.3649486805512405,5.146675095912302,100.55893309001978,1.3649486805512405,0.05372775463083093,0.30877938792019416,3,camera_only,31.0,49.297764858882516,32.40620861411843,5.0,-1.1564973903202131,1.324377757923892
6.2,30.9426472390565,49.35884336771,32.444994894359304,4.847141973482005,-0.9513990408289354,1.3519631290103522,5.121303520412035,101.1048669627559,1.3519631290103522,0.05100661106795632,0.2985735792137482,3,camera_only,31.0,49.297764858882516,32.40620861411843,5.0,-1.1564973903202131,1.324377757923892
6.2,30.93795956302484,49.35434254339273,32.45283967232419,4.82640806863789,-0.9779923510617616,1.3840366931184502,5.115294854810082,101.45494822479981,1.3840366931184502,0.050318069138279506,0.29651804503417983,3,camera_only,31.0,49.297764858882516,32.40620861411843,5.0,-1.1564973903202131,1.324377757923892
6.233333333333333,31.105035248178602,49.31627892020548,32.49826251526415,4.852091989816518,-0.9992752613949571,1.386348159706309,5.144250085833566,101.63720401694752,1.386348159706309,0.05369314132994039,0.30869187305044044,3,camera_only,31.166666666666664,49.25870584809995,32.45018427643051,5.0,-1.1870218400954828,1.314155952709675
6.233333333333333,31.109871105309576,49.32950764461948,32.499249524564995,4.880701291527182,-0.9382490308488677,1.3848381810903023,5.159392709303048,100.881594553747,1.3848381810903023,0.050975488421290356,0.298469280006141,3,camera_only,31.166666666666664,49.25870584809995,32.45018427643051,5.0,-1.1870218400954828,1.314155952709675
6.233333333333333,31.10895398439204,49.329222830311046,32.50540660821438,4.8785636529754015,-0.9433218947097637,1.4092207879692287,5.164895230536252,100.94369024000645,1.4092207879692287,0.050286056483794084,0.29641256810964633,3,camera_only,31.166666666666664,49.25870584809995,32.45018427643051,5.0,-1.1870218400954828,1.314155952709675
6.266666666666667,31.269438461530225,49.296886163113435,32.56206746257152,4.87181093450977,-0.9536342471473247,1.4475574749065274,5.171013701596522,101.07534324618952,1.4475574749065274,0.05365974747066868,0.30860854187631404,3,camera_only,31.333333333333336,49.21863151588501,32.493818610651495,5.0,-1.217416119549467,1.3038981192461732
6.266666666666667,31.279497361399528,49.296361528813925,32.575645085541446,4.9226754981021985,-0.9588063889761618,1.505524856096267,5.236281967530103,101.0217024769334,1.505524856096267,0.05095057218895237,0.2983821993353633,3,camera_only,31.333333333333336,49.21863151588501,32.493818610651495,5.0,-1.217416119549467,1.3038981192461732
6.266666666666667,31.280671082132535,49.2967652330759,32.5677663318741,4.925434776915556,-0.9521261847222556,1.474319221498917,5.228773200298912,100.94078888664816,1.474319221498917,0.0502602433126447,0.2963238245920213,3,camera_only,31.333333333333336,49.21863151588501,32.493818610651495,5.0,-1.217416119549467,1.3038981192461732
6.3,31.436504053330403,49.27336074268581,32.61570822240241,4.89043104569937,-0.9178435715740999,1.4620428411828432,5.186166397646159,100.62970250347112,1.4620428411828432,0.053632154731468366,0.30853756704420315,3,camera_only,31.5,49.17754625683981,32.53711042052405,5.0,-1.2476768956069089,1.2936045387570727
6.3,31.4344911666946,49.258308877262124,32.61841869294277,4.875162129284065,-0.9879924199008944,1.4802990930494644,5.189857436719262,101.4563126015844,1.4802990930494644,0.05092951129069746,0.29830101142385756,3,camera_only,31.5,49.17754625683981,32.53711042052405,5.0,-1.2476768956069089,1.2936045387570727
6.3,31.432972893284553,49.256782262120076,32.620713491893476,4.868287953583682,-0.9968273170698546,1.4897308369907034,5.187792427010327,101.57189164391687,1.4897308369907034,0.05023749823297494,0.29623952702217704,3,camera_only,31.5,49.17754625683981,32.53711042052405,5.0,-1.2476768956069089,1.2936045387570727
6.333333333333333,31.615500687002612,49.20852810441081,32.65683982501916,4.949796927190944,-1.0476323489040469,1.4512260790455667,5.263466566000119,101.95038074959487,1.4512260790455667,0.053606044995000615,0.30846568874899,3,camera_only,31.666666666666664,49.135454576426014,32.58005851918136,5.0,-1.2778008498327074,1.2832754934460826
6.333333333333333,31.606576962747088,49.19538476635049,32.6502066938033,4.900144734503834,-1.1073643033530434,1.4287963052691246,5.222942944487994,102.73414575610018,1.4287963052691246,0.05090369008226127,0.29819932601458865,3,camera_only,31.666666666666664,49.135454576426014,32.58005851918136,5.0,-1.2778008498327074,1.2832754934460826
6.333333333333333,31.603607010514605,49.19149105295415,32.646905600003116,4.883451191845342,-1.1244764072460418,1.4167163671559801,5.207650909820694,102.96705628870134,1.4167163671559801,0.05020956360132148,0.2961339926089736,3,camera_only,31.666666666666664,49.135454576426014,32.58005851918136,5.0,-1.2778008498327074,1.2832754934460826
6.366666666666666,31.78311746322638,49.13827019349719,32.69397422778293,4.953259267805287,-1.187553203331092,1.4306237498008967,5.290722474136712,103.4822903532167,1.4306237498008967,0.053569433131006663,0.3083658713254471,3,camera_only,31.83333333333333,49.09236109047069,32.62266172917959,5.0,-1.3077846787958147,1.2729112664891977
6.366666666666666,31.772268098361785,49.13816393885856,32.67928506151616,4.89783118405244,-1.1850244443067572,1.368375855677896,5.2216363070864364,103.6012640211948,1.368375855677896,0.050868988908758406,0.29807710845629154,3,camera_only,31.83333333333333,49.09236109047069,32.62266172917959,5.0,-1.3077846787958147,1.2729112664891977
6.366666666666666,31.77027591312771,49.13492270993338,32.67251975014771,4.884679708654236,-1.1968538270208868,1.3425147098262324,5.205276235272513,103.76748798822209,1.3425147098262324,0.05017302591453866,0.29600903772317316,3,camera_only,31.83333333333333,49.09236109047069,32.62266172917959,5.0,-1.3077846787958147,1.2729112664891977
6.4,31.951325927842316,49.079979245560175,32.70916686372694,4.958958740068596,-1.2517728213416908,1.3249948292727722,5.2833529391431,104.16702107637686,1.3249948292727722,0.05352596745506408,0.3082542605303258,3,camera_only,32.0,49.0482705246602,32.66491888253023,5.0,-1.337625094431499,1.2625121420269347
6.4,31.958277489544855,49.08025171738211,32.71798194069226,4.994410825304759,-1.2521264487439363,1.3623748193959793,5.3261642186558324,104.07428354868874,1.3623748193959793,0.050829420432863995,0.2979480442762,3,camera_only,32.0,49.0482705246602,32.66491888253023,5.0,-1.337625094431499,1.2625121420269347
6.4,31.962830419259983,49.08530452284698,32.71627221161294,5.017239635142385,-1.2261931259743506,1.354439125626736,5.339545718847153,103.73364726463188,1.354439125626736,0.05013194902965601,0.29587780287751425,3,camera_only,32.0,49.0482705246602,32.66491888253023,5.0,-1.337625094431499,1.2625121420269347
6.433333333333334,32.13600739111731,49.04101612694196,32.75440709262581,5.040586414575727,-1.2349480719216495,1.3305506637257154,5.357515582048205,103.76634787141074,1.3305506637257154,0.05348053544959451,0.30814448945338246,3,camera_only,32.166666666666664,49.003187714021934,32.706828820732056,5.0,-1.367318824401913,1.2520784051565454
6.433333333333334,32.131690196769426,49.05060566782585,32.74469627521225,5.021646905708061,-1.188213163828703,1.285174807256912,5.317937800831352,103.31238443521306,1.285174807256912,0.05079171987343142,0.29782849826940994,3,camera_only,32.166666666666664,49.003187714021934,32.706828820732056,5.0,-1.367318824401913,1.2520784051565454
6.433333333333334,32.13306167247916,49.051484712625516,32.73907699704435,5.026393603417788,-1.1804702956760067,1.262850546155369,5.315348932796187,103.21664139141714,1.262850546155369,0.05009270846869657,0.295756337291688,3,camera_only,32.166666666666664,49.003187714021934,32.706828820732056,5.0,-1.367318824401913,1.2520784051565454
6.466666666666667,32.30655832433866,49.00104473395908,32.79891962545786,5.055099876279664,-1.237759419577852,1.3415435827859543,5.374553220913395,103.7583874770517,1.3415435827859543,0.053438281666809896,0.30804447269166657,3,camera_only,32.333333333333336,48.95711760239413,32.74839039480296,5.0,-1.39686261245495,1.2416103419241955
6.466666666666667,32.30048258050477,48.990157287149025,32.79462789124783,5.020143314016273,-1.2876665215954899,1.3282897236013778,5.350166123955884,104.38621665515538,1.3282897236013778,0.05075698795661064,0.29771934124657984,3,camera_only,32.333333333333336,48.95711760239413,32.74839039480296,5.0,-1.39686261245495,1.2416103419241955
6.466666666666667,32.29817801462545,48.98595155684171,32.782627761059445,5.003104768864418,-1.3011895989393962,1.2821048247184583,5.326156633275846,104.57831765107004,1.2821048247184583,0.05005652769943741,0.2956448652747892,3,camera_only,32.333333333333336,48.95711760239413,32.74839039480296,5.0,-1.39686261245495,1.2416103419241955
6.5,32.48019849065461,48.93128202162883,32.81434769058262,5.064569979970157,-1.3390300500692174,1.2500178719827817,5.385667575823786,104.80965379371737,1.2500178719827817,0.053396440974328586,0.30794490802630814,3,camera_only,32.5,48.91006524188368,32.78960246531138,5.0,-1.426253218781319,1.231108239317127
6.5,32.48245175344783,48.92874638928939,32.81798892170254,5.0751376687174705,-1.3514847743709304,1.2666694516651205,5.4025905778221865,104.91154460384472,1.2666694516651205,0.0507171022759247,0.29759311569130686,3,camera_only,32.5,48.91006524188368,32.78960246531138,5.0,-1.426253218781319,1.231108239317127
6.5,32.48405110860531,48.92853938687509,32.80329488298705,5.077163099354134,-1.343490526238297,1.209021587308428,5.38927500969408,104.82158215116866,1.209021587308428,0.050014779589450366,0.29551571689646766,3,camera_only,32.5,48.91006524188368,32.78960246531138,5.0,-1.426253218781319,1.231108239317127
6.533333333333333,32.659297542180596,48.87835812687454,32.84145734515209,5.1017449132220944,-1.3639485574080232,1.2056542309677851,5.41680338866877,104.96793289173958,1.2056542309677851,0.05334900145777622,0.30783222270682176,3,camera_only,32.666666666666664,48.86203579231215,32.8304639024076,5.0,-1.4554874203698356,1.2205723852557877
6.533333333333333,32.66699653681491,48.88999975593714,32.84655781322722,5.145096327002354,-1.3100640081454016,1.2222510443334602,5.4481356017398594,104.28531168425273,1.2222510443334602,0.05067538232388082,0.2974641207306785,3,camera_only,32.666666666666664,48.86203579231215,32.8304639024076,5.0,-1.4554874203698356,1.2205723852557877
6.533333333333333,32.664637978088166,48.88618081394632,32.83744474769264,5.128961004784654,-1.3235188765349923,1.187346955482177,5.4284192909021725,104.46941470395024,1.187346955482177,0.04997157520625866,0.29538481643997133,3,camera_only,32.666666666666664,48.86203579231215,32.8304639024076,5.0,-1.4554874203698356,1.2205723852557877
6.566666666666666,32.852324690408274,48.83041546723372,32.86152544590042,5.1956586868193675,-1.3598011769293923,1.1382932365448426,5.489958098479792,104.66641787518367,1.1382932365448426,0.053303236532775064,0.30772462183505706,3,camera_only,32.83333333333333,48.81303452064992,32.87097358585467,5.0,-1.4845620113608575,1.2100030685859386
6.566666666666666,32.849371859989745,48.84389657821303,32.8537513750214,5.185658924428876,-1.295448687574275,1.0989858692176733,5.456832022647104,104.02619718337131,1.0989858692176733,0.05063536625428418,0.29733743230504156,3,camera_only,32.83333333333333,48.81303452064992,32.87097358585467,5.0,-1.4845620113608575,1.2100030685859386
6.566666666666666,32.85054511437776,48.84438897394626,32.84841318118752,5.189438988914958,-1.2896534960131583,1.0779658749702572,5.454859630370891,103.95613693499503,1.0779658749702572,0.04992961336899355,0.2952553445945823,3,camera_only,32.83333333333333,48.81303452064992,32.87097358585467,5.0,-1.4845620113608575,1.2100030685859386
6.6,33.01678116848048,48.80461550147862,32.89554704430225,5.163560341127821,-1.2845507603264756,1.1181725338298814,5.437162483109634,103.97001987619883,1.1181725338298814,0.05325734671076697,0.30761542297573796,3,camera_only,32.99999999999999,48.76306680043864,32.911130405059154,5.0,-1.5134738033978394,1.1994005790707358
6.6,33.00322891554197,48.79281345727679,32.88349956983976,5.090031282421237,-1.3384108363014235,1.072061775997686,5.371133816459163,104.73228653896255,1.072061775997686,0.050599604043088865,0.2972267031321599,3,camera_only,32.99999999999999,48.76306680043864,32.911130405059154,5.0,-1.5134738033978394,1.1994005790707358
6.6,32.99866714865648,48.78812282001145,32.88617334732917,5.067368900513093,-1.3635779596432447,1.0836084525928298,5.358337401138783,105.06096396484648,1.0836084525928298,0.049892370399958724,0.2951425267153238,3,camera_only,32.99999999999999,48.76306680043864,32.911130405059154,5.0,-1.5134738033978394,1.1994005790707358
6.633333333333333,33.173658548207,48.74109826296049,32.90775527573944,5.0897736474431765,-1.3596179940958397,1.0290629441180723,5.367804710962682,104.95605978326502,1.0290629441180723,0.053216376282312024,0.30751701017463606,3,camera_only,33.166666666666664,48.712138111201895,32.950933259101575,5.0,-1.5422196259769803,1.1887652073827844
6.633333333333333,33.173636232546144,48.75512347278026,32.90316421813292,5.094962032692975,-1.2928889345702164,1.0031199484194282,5.3513035367687785,104.23873186538859,1.0031199484194282,0.050561655502368456,0.2971058433409546,3,camera_only,33.166666666666664,48.712138111201895,32.950933259101575,5.0,-1.5422196259769803,1.1887652073827844
6.633333333333333,33.173253087113956,48.75521890096616,32.90763125924771,5.09483808717392,-1.2951416234686497,1.020627145339619,5.355039376994638,104.26286238142274,1.020627145339619,0.049852852997757845,0.2950194972126686,3,camera_only,33.166666666666664,48.712138111201895,32.950933259101575,5.0,-1.5422196259769803,1.1887652073827844
6.666666666666667,33.32050329383082,48.72442806441504,32.975413770954596,5.007386142105026,-1.2686102075447732,1.139350019785794,5.2897453910767895,104.21663176773522,1.139350019785794,0.0531751593933436,0.3074166271490383,3,camera_only,33.333333333333336,48.66025403784438,32.99038105676658,5.0,-1.5707963267948972,1.1780972450961722
6.666666666666667,33.323715748999035,48.724530307819286,32.98001824269464,5.024182832168963,-1.2691150850681008,1.1586827924368346,5.309954052880117,104.17643330840818,1.1586827924368346,0.050532570707195835,0.2970122961815896,3,camera_only,33.333333333333336,48.66025403784438,32.99038105676658,5.0,-1.5707963267948972,1.1780972450961722
6.666666666666667,33.3246894556578,48.72488032892231,32.9753582190728,5.027230919378979,-1.2644124549312699,1.1403858061042704,5.307755585905348,104.11778775374613,1.1403858061042704,0.04982304934174489,0.29492491545698823,3,camera_only,33.333333333333336,48.66025403784438,32.99038105676658,5.0,-1.5707963267948972,1.1780972450961722
6.7,33.522977601931906,48.661322193856144,32.98161356290325,5.149240997777825,-1.3294118381799669,1.0376134890700803,5.418363262221277,104.47629720640563,1.0376134890700803,0.05314690632158841,0.30734434467334093,3,camera_only,33.5,48.60742027003944,33.02947271657287,5.0,-1.5992007720943142,1.1673969846784744
6.7,33.525226359186036,48.64627142775956,32.98933387429893,5.155043640257581,-1.4017034361248015,1.077322162737698,5.449758755957005,105.21147884273294,1.077322162737698,0.05050405996289903,0.2968992529580998,3,camera_only,33.5,48.60742027003944,33.02947271657287,5.0,-1.5992007720943142,1.1673969846784744
6.7,33.52673719479344,48.648082332903954,32.99027587198455,5.163398773868075,-1.3931583446877644,1.0805908673858722,5.456120755081695,105.09965279735226,1.0805908673858722,0.049791761103870576,0.2948064757201329,3,camera_only,33.5,48.60742027003944,33.02947271657287,5.0,-1.5992007720943142,1.1673969846784744
6.733333333333333,33.68341155046598,48.61018147753704,33.05004062648326,5.103685443254299,-1.3750804720412813,1.1642225861397586,5.412380773592435,105.079073673175,1.1642225861397586,0.053106929748926585,0.30723316336611045,3,camera_only,33.666666666666664,48.55364260160506,33.06820716680284,5.0,-1.6274298470077162,1.1566647194827355
6.733333333333333,33.6835263601344,48.60444638295267,33.05257268044997,5.1022404726230635,-1.4028144201167196,1.1774652756003952,5.420993507928685,105.37310134798595,1.1774652756003952,0.050471691242518754,0.2967811754855867,3,camera_only,33.666666666666664,48.55364260160506,33.06820716680284,5.0,-1.6274298470077162,1.1566647194827355
6.733333333333333,33.681408106603534,48.60227149882599,33.05371702406073,5.091580802175909,-1.4145315028400403,1.1824367078761364,5.4150947365439634,105.52623695281125,1.1824367078761364,0.049758076842238166,0.29468663583170834,3,camera_only,33.666666666666664,48.55364260160506,33.06820716680284,5.0,-1.6274298470077162,1.1566647194827355
6.766666666666667,33.85539964388289,48.55255805485332,33.0878653545013,5.108504870603389,-1.4211848506513538,1.1645806775104257,5.428889071175622,105.54655464533967,1.1645806775104257,0.05307198385133616,0.30713499988657944,3,camera_only,33.83333333333333,48.49892692986864,33.10658334553198,5.0,-1.6554804558989278,1.1459007437394262
6.766666666666667,33.848036048739274,48.52917334016437,33.08791231981368,5.061840839180137,-1.5326616440159186,1.1751192423757666,5.4177661106798665,106.84565127363162,1.1751192423757666,0.050441477239833034,0.2966644097958224,3,camera_only,33.83333333333333,48.49892692986864,33.10658334553198,5.0,-1.6554804558989278,1.1459007437394262
6.766666666666667,33.8444840372918,48.52588193663214,33.09352532346161,5.0454503304139475,-1.5527933299955872,1.1978621139210732,5.413188506446128,107.10632937907391,1.1978621139210732,0.04972544785227407,0.29456563496463983,3,camera_only,33.83333333333333,48.49892692986864,33.10658334553198,5.0,-1.6554804558989278,1.1459007437394262
6.8,34.01568715363758,48.46975641854024,33.13811305211192,5.05918376769307,-1.5740043149116831,1.2197938784276043,5.436977752805238,107.28187042212697,1.2197938784276043,0.05303255383320378,0.30702391469329565,3,camera_only,34.0,48.44327925502015,33.144600200657955,5.0,-1.6833495227025794,1.13510535254838
6.8,34.02063993020205,48.45885662710091,33.14710075294739,5.080262171121235,-1.6268024694148073,1.263167271012337,5.48189215110771,107.75611448325196,1.263167271012337,0.05040510478327709,0.2965319527936946,3,camera_only,34.0,48.44327925502015,33.144600200657955,5.0,-1.6833495227025794,1.13510535254838
6.8,34.02064064483885,48.45868205068951,33.14541953914104,5.079562266806617,-1.6266592427121165,1.2566216707054956,5.479696263257026,107.75694210301687,1.2566216707054956,0.049687114523709046,0.2944300577170005,3,camera_only,34.0,48.44327925502015,33.144600200657955,5.0,-1.6833495227025794,1.13510535254838
6.833333333333333,34.173360291707866,48.414337732309555,33.2115690856272,5.014939542113227,-1.6033237849224362,1.3409265490960476,5.4330792172045,107.72957170286249,1.3409265490960476,0.05298971539635287,0.30690685976110516,3,camera_only,34.166666666666664,48.38670567945424,33.18225668992948,5.0,-1.7110339912614432,1.1242788418706993
6.833333333333333,34.17143059105343,48.41380416550009,33.209590411034206,5.004802457324198,-1.6056715828370178,1.3327144652228569,5.4223940021528225,107.78760019362055,1.3327144652228569,0.05037110586279782,0.2964112970318385,3,camera_only,34.166666666666664,48.38670567945424,33.18225668992948,5.0,-1.7110339912614432,1.1242788418706993
6.833333333333333,34.17231132647798,48.414630244535324,33.20748921974051,5.008634148894239,-1.6002112357670406,1.3242741328966445,5.42224990346293,107.71818927341931,1.3242741328966445,0.04965122910740664,0.2943067322664203,3,camera_only,34.166666666666664,48.38670567945424,33.18225668992948,5.0,-1.7110339912614432,1.1242788418706993
6.866666666666666,34.339151338207685,48.36170730250886,33.250660046369546,5.007954096674516,-1.5977890308316922,1.3201655129545564,5.419905073249874,107.69529627927062,1.3201655129545564,0.05295320525745606,0.3068071307003326,3,camera_only,34.333333333333336,48.329212407101,33.21955178097488,5.0,-1.7385308256615637,1.1134215085206434
6.866666666666666,34.33686298938301,48.363260217739594,33.24726694894596,4.996668176318191,-1.5898757036236615,1.3050827490343127,5.403483931597349,107.65040263679062,1.3050827490343127,0.050341275423939395,0.29629840494069837,3,camera_only,34.333333333333336,48.329212407101,33.21955178097488,5.0,-1.7385308256615637,1.1134215085206434
6.866666666666666,34.33416320036683,48.358658512549646,33.23430914094949,4.976720803173747,-1.605256516052937,1.2555476691867664,5.377824688912152,107.87726495439087,1.2555476691867664,0.0496187708858501,0.29418960270922323,3,camera_only,34.333333333333336,48.329212407101,33.21955178097488,5.0,-1.7385308256615637,1.1134215085206434
6.8999999999999995,34.50614352188542,48.29863795133851,33.27734211154331,5.002675550881982,-1.63292231506303,1.2660467364630799,5.412584622279079,108.07718994752275,1.2660467364630799,0.05291634857309696,0.30670477949320946,3,camera_only,34.5,48.27080574274562,33.2564844513304,5.0,-1.7658370105651886,1.1025336501574905
6.8999999999999995,34.49629178084726,48.28735320084711,33.269614905895715,4.947079616018952,-1.6860579979402264,1.2383326018856848,5.3712061897251155,108.82007793202648,1.2383326018856848,0.05030901998166574,0.29617605702244093,3,camera_only,34.5,48.27080574274562,33.2564844513304,5.0,-1.7658370105651886,1.1025336501574905
6.8999999999999995,34.495864118731234,48.28608480465883,33.264243852380304,4.942415668323857,-1.6891223735784202,1.217709670966794,5.363154284018167,108.86840088039136,1.217709670966794,0.04958359799439923,0.29406261655397437,3,camera_only,34.5,48.27080574274562,33.2564844513304,5.0,-1.7658370105651886,1.1025336501574905
6.933333333333334,34.66240780225659,48.229959205882565,33.29757659678281,4.948412598775954,-1.6832244370732956,1.1896640882078626,5.360534711766799,108.78596386510426,1.1896640882078626,0.052874945253668454,0.3065901866720339,3,camera_only,34.66666666666667,48.21149209133704,33.29305368846822,5.0,-1.7929495515414315,1.0916155652773774
6.933333333333334,34.66483735152407,48.24066982350642,33.29667209565746,4.965331201172988,-1.6316638104278842,1.1809812548596463,5.3583166621553735,108.19110618305514,1.1809812548596463,0.05027210718087291,0.2960432088269989,3,camera_only,34.66666666666667,48.21149209133704,33.29305368846822,5.0,-1.7929495515414315,1.0916155652773774
6.933333333333334,34.66307493410431,48.23618196517638,33.27834265502082,4.947852897555463,-1.6430498871542039,1.1106401373949146,5.3305143037344935,108.36994964334825,1.1106401373949146,0.04954434179007575,0.29392673587025997,3,camera_only,34.66666666666667,48.21149209133704,33.29305368846822,5.0,-1.7929495515414315,1.0916155652773774
6.966666666666667,34.8264115103235,48.182979714712154,33.31622807597716,4.941407919403588,-1.637100975802651,1.1125890896389223,5.323106829033403,108.3301646036405,1.1125890896389223,0.05283183249176471,0.3064744535704385,3,camera_only,34.833333333333336,48.151277957285544,33.32925848982423,5.0,-1.819865475394642,1.0806675532051169
6.966666666666667,34.82351738477316,48.18035942261984,33.31414721223024,4.925434415617322,-1.6496596538463144,1.1048194240386264,5.31054678124663,108.51707503957961,1.1048194240386264,0.050236393072785455,0.2959163238003665,3,camera_only,34.833333333333336,48.151277957285544,33.32925848982423,5.0,-1.819865475394642,1.0806675532051169
6.966666666666667,34.82542731799826,48.18478297962443,33.332504067997945,4.9436309985055775,-1.638478452036974,1.175302485824624,5.339048138044859,108.33685827121471,1.175302485824624,0.049506186773408456,0.29379653184598004,3,camera_only,34.833333333333336,48.151277957285544,33.32925848982423,5.0,-1.819865475394642,1.0806675532051169
7.0,34.98535833288278,48.13110543487508,33.38700472468903,4.926522559790062,-1.645430144490349,1.2333103026087568,5.3384566304353225,108.46902236599108,1.2333103026087568,0.052792287027602344,0.3063679780376649,3,camera_only,35.0,48.09016994374947,33.365097862825515,5.0,-1.8465818304904564,1.0696899140859892
7.0,34.97399237116062,48.12072238128682,33.37839438650013,4.863429584019796,-1.6950585870337653,1.201151190506916,5.288566451757229,109.21505714366863,1.201151190506916,0.05020545630847062,0.29580338548113505,3,camera_only,35.0,48.09016994374947,33.365097862825515,5.0,-1.8465818304904564,1.0696899140859892
7.0,34.9724518878085,48.119061479231846,33.37870129309481,4.855281716746029,-1.7038060439444025,1.2027337781503153,5.284248681265245,109.33689337803824,1.2027337781503153,0.04947340271348538,0.29368099537588876,3,camera_only,35.0,48.09016994374947,33.365097862825515,5.0,-1.8465818304904564,1.0696899140859892
7.033333333333333,35.13493915987297,48.06380867593101,33.41069102507432,4.856236333437327,-1.691645964352486,1.1702492373095892,5.273915118043761,109.20552983666083,1.1702492373095892,0.0527557702966548,0.3062667970782743,3,camera_only,35.16666666666667,48.028174751911145,33.400570824917565,5.0,-1.873095687079472,1.0586829488775171
7.033333333333333,35.14759990867153,48.074418061961744,33.42044222163839,4.926225664801844,-1.6407848565592849,1.2072059469051033,5.330780472342647,108.42144062085048,1.2072059469051033,0.050173055513045656,0.29568292085808967,3,camera_only,35.16666666666667,48.028174751911145,33.400570824917565,5.0,-1.873095687079472,1.0586829488775171
7.033333333333333,35.14941180443504,48.07754109275604,33.42997255708865,4.940092316134562,-1.6306431381754358,1.2435767690635378,5.3488309298915855,108.26720604060036,1.2435767690635378,0.049438733735660684,0.2935571794091434,3,camera_only,35.16666666666667,48.028174751911145,33.400570824917565,5.0,-1.873095687079472,1.0586829488775171
7.066666666666666,35.314913234606145,48.02049933912896,33.47813378754328,4.945078526124419,-1.6465884465613378,1.2717471476516455,5.364922734713542,108.4164785888147,1.2717471476516455,0.052720920973631874,0.30616873426445146,3,camera_only,35.333333333333336,47.96529918024196,33.435676403591195,5.0,-1.8994041376185282,1.047646959341212
7.066666666666666,35.31400897487157,48.03094629354841,33.47354535747054,4.944756224141677,-1.595579512950488,1.247515942017896,5.3434805252685225,107.88391102816745,1.247515942017896,0.05014704184185218,0.2955751588395087,3,camera_only,35.333333333333336,47.96529918024196,33.435676403591195,5.0,-1.8994041376185282,1.047646959341212
7.066666666666666,35.3112920551184,48.02779462911541,33.4706904209073,4.928944527828727,-1.6101814512842403,1.2370889048114497,5.330813017062235,108.09111508355937,1.2370889048114497,0.04941032963547826,0.29344575494610337,3,camera_only,35.333333333333336,47.96529918024196,33.435676403591195,5.0,-1.8994041376185282,1.047646959341212
7.1,35.48543185079753,47.9651320018638,33.50704953572531,4.9695632297111585,-1.6441295638465179,1.2265638352598285,5.376260741331158,108.3062734275635,1.2265638352598285,0.052690174097200525,0.3060752579493184,3,camera_only,35.5,47.901550123756905,33.47041363640923,5.0,-1.9255042970895555,1.0365822480343017
7.1,35.48075211596528,47.9577390273777,33.504928814251855,4.942205362589636,-1.6801442358728933,1.2207081525232484,5.3608214755747445,108.77589675954778,1.2207081525232484,0.05012161134411501,0.29546284199175293,3,camera_only,35.5,47.901550123756905,33.47041363640923,5.0,-1.9255042970895555,1.0365822480343017
7.1,35.48264353380687,47.96084177097055,33.51378240408305,4.956257858179624,-1.66961546454415,1.2544050090543697,5.37825619350296,108.6171365178643,1.2544050090543697,0.04938179697971106,0.293328297070407,3,camera_only,35.5,47.901550123756905,33.47041363640923,5.0,-1.9255042970895555,1.0365822480343017
7.133333333333333,35.65984050085785,47.896152278604646,33.54319873922461,5.0045040777828484,-1.6983189416651678,1.2152007157698947,5.422735570887771,108.74505906753457,1.2152007157698947,0.05265717296564002,0.3059727432318316,3,camera_only,35.666666666666664,47.836934573258404,33.5047815710329,5.0,-1.9513933033159456,1.0254891183014356
7.133333333333333,35.65660574965294,47.87786922204025,33.54530521507873,4.979550056396407,-1.7871589141730697,1.232604203689621,5.432234243073383,109.74304608275526,1.232604203689621,0.05009289645363915,0.2953379885727549,3,camera_only,35.666666666666664,47.836934573258404,33.5047815710329,5.0,-1.9513933033159456,1.0254891183014356
7.133333333333333,35.658191135028645,47.87963331727215,33.54519009912721,4.9881289427185465,-1.7779324786266901,1.2317313094547933,5.4368774371355215,109.61773192248491,1.2317313094547933,0.049350080626059355,0.29319860893076927,3,camera_only,35.666666666666664,47.836934573258404,33.5047815710329,5.0,-1.9513933033159456,1.0254891183014356
7.166666666666667,35.835792189277754,47.808402857594764,33.5862872445203,5.036203375853571,-1.82791571712557,1.2427402899272801,5.499911248382298,109.94862428390486,1.2427402899272801,0.05261859741440283,0.30585541341972994,3,camera_only,35.833333333333336,47.77145961456971,33.53877926524791,5.0,-1.9770683172764245,1.0143678742663684
7.166666666666667,35.834691705195354,47.80457282797652,33.58683933059556,5.02894931787957,-1.846859796550529,1.246669183133668,5.5004914691408455,110.1655402023872,1.246669183133668,0.05005754331019252,0.2951950064346534,3,camera_only,35.833333333333336,47.77145961456971,33.53877926524791,5.0,-1.9770683172764245,1.0143678742663684
7.166666666666667,35.83011437254417,47.800273016437615,33.59070423576752,5.005848756298562,-1.8718489620544125,1.262592654260464,5.491491647837819,110.50239803449956,1.262592654260464,0.04931183478145781,0.2930514496262077,3,camera_only,35.833333333333336,47.77145961456971,33.53877926524791,5.0,-1.9770683172764245,1.0143678742663684
7.2,36.00340024768177,47.735650002023746,33.61626199165585,5.029640503737849,-1.8692625641168332,1.2014305189919845,5.498623593447211,110.38754992463129,1.2014305189919845,0.052574793383481346,0.3057265995069898,3,camera_only,36.0,47.70513242775789,33.572405786990295,5.0,-2.002526523416379,1.0032188208236241
7.2,36.00050689669875,47.71440088786567,33.62012656194015,5.005078589913488,-1.9732304281929105,1.2275362290634768,5.518269222103988,111.51662229037566,1.2275362290634768,0.050020153875112515,0.2950519407187046,3,camera_only,36.0,47.70513242775789,33.572405786990295,5.0,-2.002526523416379,1.0032188208236241
7.2,35.99762501427377,47.711057187251555,33.61733129554238,4.988214205643603,-1.9890049642423304,1.2174350972561145,5.506411710469557,111.7391913104583,1.2174350972561145,0.049271296455614726,0.2929036793714289,3,camera_only,36.0,47.70513242775789,33.572405786990295,5.0,-2.002526523416379,1.0032188208236241
7.233333333333333,36.15922468974403,47.6493938126475,33.65918291696677,4.968627291783286,-1.9704943943231472,1.218092734915204,5.482139658341975,111.63264730403313,1.218092734915204,0.05252693971560176,0.3055929948737739,3,camera_only,36.16666666666667,47.63796028634642,33.60566021437197,5.0,-2.0277651299566184,0.9920422636301345
7.233333333333333,36.14017887982678,47.6388403021757,33.64410632017567,4.864658119171673,-2.0224686395968137,1.1581678666547839,5.394129292288715,112.57496837312719,1.1581678666547839,0.049978037119090275,0.2949029777449287,3,camera_only,36.16666666666667,47.63796028634642,33.60566021437197,5.0,-2.0277651299566184,0.9920422636301345
7.233333333333333,36.14000853213052,47.639295401215165,33.64891925990215,4.865855692882195,-2.023178471978487,1.17668706843544,5.399481013065465,112.57709620603072,1.17668706843544,0.0492261513773185,0.29275078747236294,3,camera_only,36.16666666666667,47.63796028634642,33.60566021437197,5.0,-2.0277651299566184,0.9920422636301345
7.266666666666667,36.31886066722739,47.56156385317225,33.660536280593426,4.93086439923237,-2.0464792603551705,1.0805729077355275,5.446938488326545,112.54014046607614,1.0805729077355275,0.05247734463460156,0.3054599242062749,3,camera_only,36.333333333333336,47.56995055651756,33.63854163570603,5.0,-2.0527813691995207,0.9808385090968613
7.266666666666667,36.33053531161085,47.582251315341146,33.66513975279937,5.001200688012052,-1.9445829402185701,1.091077181602719,5.47575205331427,111.24723700961013,1.091077181602719,0.04993248237593428,0.29474675386521165,3,camera_only,36.333333333333336,47.56995055651756,33.63854163570603,5.0,-2.0527813691995207,0.9808385090968613
7.266666666666667,36.32724531557343,47.578334771813715,33.66175440367313,4.981709171183935,-1.9630472289545213,1.0788661731488964,5.462136295345356,111.50696711812022,1.0788661731488964,0.04917770075783211,0.29259077789024607,3,camera_only,36.333333333333336,47.56995055651756,33.63854163570603,5.0,-2.0527813691995207,0.9808385090968613
7.3,36.49863389737047,47.50928183343516,33.69012063218276,5.002829165761999,-1.9727537719610377,1.053159630533703,5.479890720988083,111.52068779640426,1.053159630533703,0.05242546079901404,0.3053255292810108,3,camera_only,36.5,47.50111069630459,33.671049149531676,5.0,-2.0775724978325467,0.9696078643803943
7.3,36.506118074556674,47.538044057289326,33.68767943331743,5.055042250153811,-1.830683801967611,1.030013708039693,5.4741011657053225,109.90785676385657,1.030013708039693,0.04989077239935368,0.2946044798276373,3,camera_only,36.5,47.50111069630459,33.671049149531676,5.0,-2.0775724978325467,0.9696078643803943
7.3,36.50309132250019,47.5340630866651,33.68198123094741,5.035891462804018,-1.8480240151350613,1.0089063812325694,5.458322789259545,110.15165128300352,1.0089063812325694,0.049133290128935074,0.2924451843729911,3,camera_only,36.5,47.50111069630459,33.671049149531676,5.0,-2.0775724978325467,0.9696078643803943
7.333333333333333,36.685450444760015,47.46208688103353,33.69590640598589,5.093466006452463,-1.87753072391573,0.9430821329537045,5.509802309305737,110.23467037120854,0.9430821329537045,0.05238042161147525,0.3052081489059277,3,camera_only,36.666666666666664,47.43144825477395,33.703181864639014,5.0,-2.1021357972290717,0.9583506373745312
7.333333333333333,36.68174892343367,47.46178634005773,33.692346386404886,5.07389120614044,-1.8790616036584007,0.9280094409534159,5.489667203446056,110.32157419458098,0.9280094409534159,0.049854146929365364,0.2944714839602625,3,camera_only,36.666666666666664,47.43144825477395,33.703181864639014,5.0,-2.1021357972290717,0.9583506373745312
7.333333333333333,36.6812023159228,47.459369727755494,33.6799003091833,5.065241303911101,-1.883692085876268,0.8805744485536185,5.475433928072316,110.39946071439952,0.8805744485536185,0.04909330385053371,0.2923071374939681,3,camera_only,36.666666666666664,47.43144825477395,33.703181864639014,5.0,-2.1021357972290717,0.9583506373745312
7.366666666666666,36.84921424031645,47.395732617603905,33.716147712144334,5.063212014615267,-1.8921871408595115,0.9076669331582456,5.480907529098387,110.49135936876786,0.9076669331582456,0.05233471137141494,0.3050852909466337,3,camera_only,36.83333333333333,47.360970871197345,33.73493890009341,5.0,-2.1264685737465143,0.9470671367018366
7.366666666666666,36.85209492578708,47.384835930787936,33.72339341279049,5.073586447164177,-1.9465401799737354,0.9431825786470583,5.515423055919058,110.98988910881265,0.9431825786470583,0.04981483611381881,0.2943315589365663,3,camera_only,36.83333333333333,47.360970871197345,33.73493890009341,5.0,-2.1264685737465143,0.9470671367018366
7.366666666666666,36.851551014032765,47.385284356744165,33.731446048314716,5.074142700272192,-1.949367506514016,0.9741605435155629,5.52231351724264,111.01561311690209,0.9741605435155629,0.049051420481751554,0.29216364377520787,3,camera_only,36.83333333333333,47.360970871197345,33.73493890009341,5.0,-2.1264685737465143,0.9470671367018366
7.3999999999999995,37.0207739921487,47.31732950001737,33.774496629984625,5.0766824750154775,-1.9696148728305378,1.0171481567299883,5.539555764873547,111.204900139128,1.0171481567299883,0.05229084891607837,0.3049648519862727,3,camera_only,37.0,47.28968627421411,33.76631938525972,5.0,-2.1505681590217223,0.9357576717051819
7.3999999999999995,37.006984306851024,47.308202395590506,33.76504706811374,5.000072503444797,-2.0158425519434555,0.9804924321330233,5.4795722135401,111.95745212554512,0.9804924321330233,0.049777288221522546,0.2941924981234172,3,camera_only,37.0,47.28968627421411,33.76631938525972,5.0,-2.1505681590217223,0.9357576717051819
7.3999999999999995,37.009384462395765,47.31086868315246,33.7667012399657,5.014048788965758,-2.0026626700655368,0.9862960226119458,5.4885446953106936,111.77227596316072,0.9862960226119458,0.049011120833331506,0.29202060358218673,3,camera_only,37.0,47.28968627421411,33.76631938525972,5.0,-2.1505681590217223,0.9357576717051819
7.433333333333334,37.176205515988485,47.241673330872544,33.81064187136963,5.015108965964239,-2.0209004763040745,1.0307025390361815,5.504335055172111,111.94758270704547,1.0307025390361815,0.0522470988000434,0.3048406896954609,3,camera_only,37.16666666666667,47.21760228098362,33.79732245982606,5.0,-2.1744319102635936,0.9244225524392627
7.433333333333334,37.16416402185755,47.228431493656615,33.80354577456781,4.945297297576255,-2.087249600861622,1.0062295201049272,5.461233752994154,112.88303084786526,1.0062295201049272,0.049740043277753845,0.294053684650001,3,camera_only,37.16666666666667,47.21760228098362,33.79732245982606,5.0,-2.1744319102635936,0.9244225524392627
7.433333333333334,37.15995400839326,47.2235991903988,33.80022617318237,4.920460223345213,-2.1109304413943173,0.9945194776594776,5.445734581245372,113.21985359659418,0.9945194776594776,0.04897086883250972,0.29187717558035375,3,camera_only,37.16666666666667,47.21760228098362,33.79732245982606,5.0,-2.1744319102635936,0.9244225524392627
7.466666666666667,37.33004650425106,47.14653527878289,33.833180525370274,4.946347251758497,-2.13923115826397,0.9997742639778894,5.48107741802456,113.38785763112473,0.9997742639778894,0.05220180265816147,0.30471194334427,3,camera_only,37.333333333333336,47.14472679632803,33.827947273827505,5.0,-2.1980572105428826,0.9130620896621002
7.466666666666667,37.32802794239369,47.135793483180265,33.834772661993306,4.930492629805276,-2.1927857557745525,1.0113742196479774,5.490076935295212,113.97661335217086,1.0113742196479774,0.04969821964721706,0.29389999327449823,3,camera_only,37.333333333333336,47.14472679632803,33.827947273827505,5.0,-2.1980572105428826,0.9130620896621002
7.466666666666667,37.33047103774977,47.13909347541611,33.84086244342032,4.946777727110684,-2.179041819939716,1.0340984481777242,5.503470971578583,113.77335775563775,1.0340984481777242,0.04892576359491058,0.291718419696311,3,camera_only,37.333333333333336,47.14472679632803,33.827947273827505,5.0,-2.1980572105428826,0.9130620896621002
7.5,37.48569658401147,47.07549461314632,33.88149481378589,4.906697853408921,-2.145135016832456,1.04943445901451,5.456977253833442,113.61423044593406,1.04943445901451,0.05215285525894325,0.30457426730556153,3,camera_only,37.5,47.071067811865476,33.8581929876693,5.0,-2.221441469079183,0.9016765948265195
7.5,37.492313852418654,47.0819025903688,33.88575428036136,4.944902845484323,-2.1128512844945972,1.0647496334022688,5.481778587602722,113.13598296486126,1.0647496334022688,0.04965822927003348,0.2937551363478657,3,camera_only,37.5,47.071067811865476,33.8581929876693,5.0,-2.221441469079183,0.9016765948265195
7.5,37.49123710866334,47.080221381028956,33.881882863977765,4.93713111657918,-2.1193269879143433,1.0502492097007008,5.474471111118718,113.23205056283805,1.0502492097007008,0.04888308107303761,0.29156987871947426,3,camera_only,37.5,47.071067811865476,33.8581929876693,5.0,-2.221441469079183,0.9016765948265195
7.533333333333333,37.658325693714794,47.0089121700263,33.90861814346938,4.946175759134453,-2.116189360144395,1.0193558000762746,5.475582005174132,113.16334787963912,1.0193558000762746,0.05210967289931322,0.3044519267273849,3,camera_only,37.666666666666664,46.99663340513366,33.88805877214992,5.0,-2.244582121525028,0.890266380071613
7.533333333333333,37.64674448732015,47.018145419795744,33.894993769811634,4.889387671379854,-2.071006624152678,0.95689579284538,5.395445282522173,112.95614466570875,0.95689579284538,0.04962256073813554,0.2936162989011439,3,camera_only,37.666666666666664,46.99663340513366,33.88805877214992,5.0,-2.244582121525028,0.890266380071613
7.533333333333333,37.643827637295026,47.014718578645315,33.891468442782795,4.871523073179526,-2.08721840141799,0.9440858509720051,5.383262561100276,113.19285500497654,0.9440858509720051,0.04884351166464133,0.29142519181927473,3,camera_only,37.666666666666664,46.99663340513366,33.88805877214992,5.0,-2.244582121525028,0.890266380071613
7.566666666666666,37.81276688512002,46.93993748034456,33.91503396744147,4.898002074366595,-2.1036665333853115,0.9187050846835314,5.409238045862672,113.24327251823009,0.9187050846835314,0.05206637215428399,0.30432562892628473,3,camera_only,37.83333333333333,46.92143173870407,33.9175438084838,5.0,-2.2674766302471068,0.8788317582141818
7.566666666666666,37.81084040264066,46.94139690465098,33.91282777341245,4.888514971850627,-2.0965481529766534,0.9085992532213313,5.396169510931983,113.21314761006352,0.9085992532213313,0.04958572358437493,0.29347392718011495,3,camera_only,37.83333333333333,46.92143173870407,33.9175438084838,5.0,-2.2674766302471068,0.8788317582141818
7.566666666666666,37.80963838791807,46.94129438821021,33.92206589456285,4.8858626753566945,-2.103139681875146,0.9441342589857148,5.402429092816681,113.28965977936863,0.9441342589857148,0.04880312682569777,0.29127754894250163,3,camera_only,37.83333333333333,46.92143173870407,33.9175438084838,5.0,-2.2674766302471068,0.8788317582141818
7.6,37.99482891429643,46.85223856258444,33.93020719284165,4.976806705050118,-2.167150245144884,0.8724105866689773,5.497840066443862,113.53071497596042,0.8724105866689773,0.052023108058185746,0.30419913295348583,3,camera_only,38.0,46.845471059286886,33.946647288323774,5.0,-2.2901224846045407,0.86737304274016
7.6,38.00676541675318,46.85097848157717,33.94101381311574,5.0394926648498926,-2.172072056478741,0.9194155304137381,5.564144880857941,113.31652849994497,0.9194155304137381,0.04954622151309543,0.2933163591074742,3,camera_only,38.0,46.845471059286886,33.946647288323774,5.0,-2.2901224846045407,0.86737304274016
7.6,38.00949158586604,46.85332609654225,33.93737295809163,5.05321346209893,-2.156935648067106,0.9049138977042481,5.568321726130668,113.11493924148917,0.9049138977042481,0.04876002510666152,0.2911144494783682,3,camera_only,38.0,46.845471059286886,33.946647288323774,5.0,-2.2901224846045407,0.86737304274016
7.633333333333333,38.16894773140451,46.78486392648311,33.99432454495366,5.020285318253931,-2.1615192861103694,1.0036862922752645,5.5572310078135425,113.2946359633938,1.0036862922752645,0.05197477565117227,0.3040567250099589,3,camera_only,38.166666666666664,46.768759696826606,33.97536841378323,5.0,-2.3125172012242032,0.8558905477960213
7.633333333333333,38.17273112854762,46.77230172795791,34.0023911720679,5.034247947638137,-2.2245631315922965,1.0435538843180736,5.601904875505641,113.8399589235557,1.0435538843180736,0.049508136134135655,0.29316787411964346,3,camera_only,38.166666666666664,46.768759696826606,33.97536841378323,5.0,-2.3125172012242032,0.8558905477960213
7.633333333333333,38.169493558918475,46.768232964491716,33.99676978802524,5.013444221308379,-2.2430028277482013,1.0228956465558277,5.58677009990564,114.10362671175335,1.0228956465558277,0.04871909984992066,0.2909620069841004,3,camera_only,38.166666666666664,46.768759696826606,33.97536841378323,5.0,-2.3125172012242032,0.8558905477960213
7.666666666666667,38.3407630648818,46.69028294846425,34.024959980603576,5.030082417592693,-2.2523602740085287,1.003307433175316,5.601917683898235,114.12178549008017,1.003307433175316,0.05193171355354913,0.3039270761124942,3,camera_only,38.333333333333336,46.691306063588584,34.003706397458025,5.0,-2.334658324273051,0.8443845881801645
7.666666666666667,38.34574917973817,46.69692322411683,34.026627972432514,5.059899937761986,-2.2180038728041316,1.0077693685852207,5.615846121484859,113.67021120846613,1.0077693685852207,0.049469592125184154,0.29301218931788237,3,camera_only,38.333333333333336,46.691306063588584,34.003706397458025,5.0,-2.334658324273051,0.8443845881801645
7.666666666666667,38.34619217002331,46.697154416711996,34.02542365631058,5.061825853086221,-2.215903532147149,1.0031253300861425,5.6159211050917275,113.64224726608442,1.0031253300861425,0.048676497350335905,0.2908002477764157,3,camera_only,38.333333333333336,46.691306063588584,34.003706397458025,5.0,-2.334658324273051,0.8443845881801645
7.7,38.51273334698152,46.62620262223713,34.057336408556246,5.052145950418557,-2.202280347954007,0.9947596390134679,5.600336076944423,113.55286294549549,0.9947596390134679,0.05188660626048525,0.3037904859894584,3,camera_only,38.5,46.61311865323652,34.03166046244801,5.0,-2.356543425727433,0.8328554793342855
7.7,38.50399588890241,46.59331073836691,34.05947221727506,4.987932731867098,-2.3687728282305898,1.0187491570013798,5.6150162505807355,115.40307660420261,1.0187491570013798,0.04943429961131091,0.2928674795673645,3,camera_only,38.5,46.61311865323652,34.03166046244801,5.0,-2.356543425727433,0.8328554793342855
7.7,38.50158550544461,46.58883637985146,34.04330462072769,4.967033164964362,-2.3826317749132877,0.957786048012756,5.591574621736727,115.62652745037076,0.957786048012756,0.04863710635581715,0.2906490490405657,3,camera_only,38.5,46.61311865323652,34.03166046244801,5.0,-2.356543425727433,0.8328554793342855
7.733333333333333,38.647002028624826,46.52943328660581,34.086687070196795,4.882614190455828,-2.304927266422533,0.9834233906069348,5.488144732196074,115.27050964314162,0.9834233906069348,0.05183967871364751,0.3036498549792848,3,camera_only,38.666666666666664,46.53420603990106,34.05922984237837,5.0,-2.378170105639354,0.8213035373347265
7.733333333333333,38.652485847807014,46.53013045204741,34.09062947756113,4.912145133082192,-2.3002928989543134,1.0002620295344302,5.515527296385273,115.09307418507392,1.0002620295344302,0.04939252684080878,0.29270985470705196,3,camera_only,38.666666666666664,46.53420603990106,34.05922984237837,5.0,-2.378170105639354,0.8213035373347265
7.733333333333333,38.64781133163493,46.52476718667754,34.08598927919554,4.883418685220076,-2.3266955756518892,0.9836888991261916,5.498084594400013,115.47537640095747,0.9836888991261916,0.048591840131519536,0.2904868655171121,3,camera_only,38.666666666666664,46.53420603990106,34.05922984237837,5.0,-2.378170105639354,0.8213035373347265
7.766666666666667,38.826469518689066,46.43456134664138,34.09635943599937,4.9472112067361165,-2.364962229088946,0.9098982869926494,5.558404443880001,115.54964048666679,0.9098982869926494,0.05179400791290188,0.3035154709565592,3,camera_only,38.83333333333333,46.45457687723951,34.08641378142064,5.0,-2.39953599239965,0.809729078883813
7.766666666666667,38.83493350868631,46.4475845283478,34.09921214494705,4.999534013949249,-2.2976363694630244,0.9165010779708124,5.5780325804746225,114.68209743224195,0.9165010779708124,0.04935100424658706,0.292543765107743,3,camera_only,38.83333333333333,46.45457687723951,34.08641378142064,5.0,-2.39953599239965,0.809729078883813
7.766666666666667,38.83627589120374,46.447118160726575,34.08491402474175,5.000789756704242,-2.29071097994587,0.8619248719788875,5.567599973897052,114.61108750498607,0.8619248719788875,0.04854581680929091,0.29031407609417326,3,camera_only,38.83333333333333,46.45457687723951,34.08641378142064,5.0,-2.39953599239965,0.809729078883813
7.8,39.00231816615801,46.367715380835484,34.1293269953129,5.001209114682852,-2.3151516161791093,0.9240729270038215,5.588016677597248,114.84028546882652,0.9240729270038215,0.051743454365679016,0.3033658682139584,3,camera_only,39.0,46.3742398974869,34.11321153431338,5.0,-2.420638742998068,0.7981324213011697
7.8,39.00861753272358,46.38664547408837,34.1286715915481,5.0453740421622735,-2.2181646469355805,0.9129292665638704,5.586545754935564,113.73236740350045,0.9129292665638704,0.04931078401396265,0.2923858054407727,3,camera_only,39.0,46.3742398974869,34.11321153431338,5.0,-2.420638742998068,0.7981324213011697
7.8,39.007815947106664,46.386167140026785,34.13148681318061,5.042023872209688,-2.2226678199486667,0.9238010617688447,5.587098116866481,113.78925240634044,0.9238010617688447,0.04850191785016266,0.29015122093629975,3,camera_only,39.0,46.3742398974869,34.11321153431338,5.0,-2.420638742998068,0.7981324213011697
7.833333333333333,39.18801360417108,46.30122236219738,34.148811118587425,5.091543788014936,-2.2599112853069183,0.8823469034759512,5.639995852906688,113.93431958493146,0.8823469034759512,0.051700326640556266,0.30323469000295045,3,camera_only,39.166666666666664,46.29320391049838,34.139622366382675,5.0,-2.4414760432801965,0.7865138825150226
7.833333333333333,39.1859482924677,46.30349885368323,34.14618606413325,5.081603528352244,-2.248607623796417,0.8701581036932812,5.62459827815111,113.86937179624069,0.8701581036932812,0.049276260102384145,0.2922374416903627,3,camera_only,39.166666666666664,46.29320391049838,34.139622366382675,5.0,-2.4414760432801965,0.7865138825150226
7.833333333333333,39.18844131048249,46.305531145153964,34.14190499192632,5.09406606824747,-2.2345110584126897,0.853344713522827,5.627676783357071,113.68464924078235,0.853344713522827,0.048462908547283266,0.2899959994444245,3,camera_only,39.166666666666664,46.29320391049838,34.139622366382675,5.0,-2.4414760432801965,0.7865138825150226
7.866666666666666,39.34748339580156,46.24363530281359,34.169200448227045,5.047249232644787,-2.179301819699054,0.8378239803459472,5.561117716774185,113.35372621655223,0.8378239803459472,0.05165740611304161,0.30310008373907676,3,camera_only,39.33333333333333,46.21147780278311,34.165645553562214,5.0,-2.4620456082012443,0.7748737810534823
7.866666666666666,39.34721112152008,46.24335705134369,34.169658952726444,5.045841274349336,-2.1811162737504044,0.8396564602087135,5.560827756433066,113.37690615377565,0.8396564602087135,0.0492432312385615,0.2920964338319919,3,camera_only,39.33333333333333,46.21147780278311,34.165645553562214,5.0,-2.4620456082012443,0.7748737810534823
7.866666666666666,39.34606829403855,46.241429538235515,34.16307040617858,5.036319703442534,-2.187493054144882,0.8149222693078986,5.551012549276892,113.47740618688982,0.8149222693078986,0.04842597378802071,0.2898495060384031,3,camera_only,39.33333333333333,46.21147780278311,34.165645553562214,5.0,-2.4620456082012443,0.7748737810534823
7.8999999999999995,39.510468229618354,46.16756744051289,34.21201742712597,5.025823363334584,-2.2072004856922516,0.898246490933469,5.5621471773007,113.70973235545436,0.898246490933469,0.05161918317796155,0.30297719895440967,3,camera_only,39.49999999999999,46.12907053652977,34.19128038241318,5.0,-2.4823451820766205,0.7632124360358096
7.8999999999999995,39.4818185607152,46.14970912840568,34.19387176858192,4.860612912685161,-2.303722816316698,0.828299073065455,5.442313483788025,115.35895254957596,0.828299073065455,0.0492119334098851,0.29195522758619036,3,camera_only,39.49999999999999,46.12907053652977,34.19128038241318,5.0,-2.4823451820766205,0.7632124360358096
7.8999999999999995,39.478250917479215,46.144409237008624,34.1806140193762,4.83395163608167,-2.324440766935424,0.7789360578738466,5.420041944600064,115.68091259084154,0.7789360578738466,0.04839040008183071,0.2897018609469404,3,camera_only,39.49999999999999,46.12907053652977,34.19128038241318,5.0,-2.4823451820766205,0.7632124360358096
7.933333333333334,39.6400089038647,46.06341590361999,34.21846730947293,4.839078579439102,-2.3482452071201587,0.8270029364217065,5.441954695474713,115.88576928955743,0.8270029364217065,0.051577498244407105,0.3028408902852577,3,camera_only,39.666666666666664,46.04599114862375,34.216526150143785,5.0,-2.502372538829295,0.7515301671636686
7.933333333333334,39.644900425161666,46.06816839008835,34.22058669371822,4.868189664657867,-2.3227519440782918,0.8341778056441438,5.458049085179652,115.5071387209035,0.8341778056441438,0.04917257322236457,0.29179214484866095,3,camera_only,39.666666666666664,46.04599114862375,34.216526150143785,5.0,-2.502372538829295,0.7515301671636686
7.933333333333334,39.647074874425016,46.070565158746724,34.22292683613732,4.881832998638177,-2.3108367792782016,0.842591854632069,5.466463306430382,115.33073683837421,0.842591854632069,0.04834714850199206,0.2895332281169834,3,camera_only,39.666666666666664,46.04599114862375,34.216526150143785,5.0,-2.502372538829295,0.7515301671636686
7.966666666666667,39.79820567061368,46.003810301135886,34.264733281903005,4.8342567146329465,-2.276155087720149,0.8853869415637912,5.416163771768698,115.21287070416945,0.8853869415637912,0.051533356735774576,0.3027006254329001,3,camera_only,39.83333333333333,45.96224874965616,34.241382164628554,5.0,-2.522125482233911,0.7398272947123623
7.966666666666667,39.80091997701812,46.000649920647035,34.26832016871668,4.847336137183557,-2.2919722459102827,0.9019873912910731,5.4372222372197285,115.30625006702911,0.9019873912910731,0.04913942831493259,0.2916489620223425,3,camera_only,39.83333333333333,45.96224874965616,34.241382164628554,5.0,-2.522125482233911,0.7398272947123623
7.966666666666667,39.801564119386846,46.00183879216,34.27246343606145,4.852974140819723,-2.2880856192475543,0.9174881790133588,5.443204788642591,115.2429919421127,0.9174881790133588,0.0483104611770471,0.28938491330079014,3,camera_only,39.83333333333333,45.96224874965616,34.241382164628554,5.0,-2.522125482233911,0.7398272947123623
8.0,39.975513876217086,45.91479820126252,34.28764498553147,4.902738874994898,-2.3238594170000995,0.8687553597880873,5.494716274888705,115.36058143734478,0.8687553597880873,0.05149675811861437,0.30257827136424,3,camera_only,40.0,45.877852522924734,34.265847744427305,5.0,-2.5416018461576297,0.72810413952205
8.0,39.9707776236267,45.902349594097636,34.2875106008723,4.869578234548015,-2.3885823584936894,0.8737341815099736,5.4937718632675265,116.12846508935965,0.8737341815099736,0.04910721844736271,0.29149540138584423,3,camera_only,40.0,45.877852522924734,34.265847744427305,5.0,-2.5416018461576297,0.72810413952205
8.0,39.97037715363015,45.90300863119835,34.29641095318877,4.871195776346014,-2.3908047319909342,0.9074627037125653,5.501634676769334,116.1420114267981,0.9074627037125653,0.04827324871814009,0.2892232862126226,3,camera_only,40.0,45.877852522924734,34.265847744427305,5.0,-2.5416018461576297,0.72810413952205
8.033333333333333,40.12866041403786,45.8250731757018,34.340029721958615,4.85610650244307,-2.392780141560158,0.9564088577743093,5.497443503315307,116.231143109635,0.9564088577743093,0.05145419348151554,0.3024341698800673,3,camera_only,40.166666666666664,45.79281172342679,34.289922218803795,5.0,-2.560799494797668,0.7163610229889535
8.033333333333333,40.1282265268832,45.82838706145459,34.33884511622559,4.855765088563773,-2.3759844214366455,0.9497885593327752,5.488702476329338,116.07306081871151,0.9497885593327752,0.0490721308302195,0.2913385082781435,3,camera_only,40.166666666666664,45.79281172342679,34.289922218803795,5.0,-2.560799494797668,0.7163610229889535
8.033333333333333,40.12949315260916,45.82873047974808,34.331617934012954,4.8599467028868855,-2.369172384459865,0.9222498121347966,5.4847611122245805,115.988741746009,0.9222498121347966,0.04823421428722207,0.2890607658266206,3,camera_only,40.166666666666664,45.79281172342679,34.289922218803795,5.0,-2.560799494797668,0.7163610229889535
8.066666666666666,40.30287495900876,45.73893122228752,34.35045227154585,4.90703432420115,-2.4078739910138314,0.8867754998909952,5.537437476188425,116.13711389817033,0.8867754998909952,0.051413512514001676,0.3022971101842633,3,camera_only,40.33333333333333,45.70713567684432,34.31360492774415,5.0,-2.5797163229155133,0.7045982670565452
8.066666666666666,40.31520702203834,45.72698610002661,34.3637672712953,4.967354782956478,-2.4662019062691436,0.9491822776608326,5.62651867307588,116.40356806376218,0.9491822776608326,0.049037473505636815,0.2911772077969395,3,camera_only,40.33333333333333,45.70713567684432,34.31360492774415,5.0,-2.5797163229155133,0.7045982670565452
8.066666666666666,40.317796012751224,45.728809808733544,34.35721800426944,4.979722064447366,-2.4514959396051825,0.9238840877333268,5.62681312899331,116.21082661881658,0.9238840877333268,0.04819440663266321,0.28889120203921925,3,camera_only,40.33333333333333,45.70713567684432,34.31360492774415,5.0,-2.5797163229155133,0.7045982670565452
8.1,40.4732033400775,45.65841253130841,34.393571374881475,4.934747992419179,-2.4060333567793792,0.9349491492256425,5.569099045111149,115.99245790628204,0.9349491492256425,0.05136921905262038,0.3021495518341423,3,camera_only,40.5,45.62083377852131,34.336895221974956,5.0,-2.59835025606779,0.69281619420672
8.1,40.462123908659834,45.662806974644646,34.38382298025012,4.876709189891465,-2.386392784230982,0.891084486625359,5.50192644495598,116.07457901294264,0.891084486625359,0.04900223887385216,0.2910176881752868,3,camera_only,40.5,45.62083377852131,34.336895221974956,5.0,-2.59835025606779,0.69281619420672
8.1,40.46386774455286,45.66432949429689,34.38142586544429,4.886015771534933,-2.376178628330502,0.8816197352691986,5.504237308750311,115.93469002042802,0.8816197352691986,0.04815428145565401,0.2887248952248516,3,camera_only,40.5,45.62083377852131,34.336895221974956,5.0,-2.59835025606779,0.69281619420672
8.133333333333333,40.62353670191641,45.58689443015111,34.420238262204734,4.873984908239078,-2.375176571699838,0.9156180161782106,5.4986861143407895,115.98076945963234,0.9156180161782106,0.05132785569979508,0.30201027422881105,3,camera_only,40.666666666666664,45.533915492433444,34.359792462981005,5.0,-2.616699250833743,0.6810151274509572
8.133333333333333,40.62220280631968,45.5941387352917,34.41733927949173,4.871224309105261,-2.33835998707718,0.8998494774120924,5.477817337295981,115.64265309364279,0.8998494774120924,0.04897029301684663,0.2908715526349825,3,camera_only,40.666666666666664,45.533915492433444,34.359792462981005,5.0,-2.616699250833743,0.6810151274509572
8.133333333333333,40.619156293225316,45.5919568494094,34.425064898463056,4.856510948774546,-2.355941923709463,0.9296649802765111,5.4772655512592605,115.87848636380629,0.9296649802765111,0.048117761485085675,0.2885721024289439,3,camera_only,40.666666666666664,45.533915492433444,34.359792462981005,5.0,-2.616699250833743,0.6810151274509572
8.166666666666666,40.78509296320772,45.51010304466031,34.449094943048394,4.872818748190883,-2.3655024842238253,0.9063419402242016,5.4919413933689265,115.89418454132718,0.9063419402242016,0.05129105415650128,0.3018837980467184,3,camera_only,40.833333333333336,45.446390350150274,34.382296023022896,5.0,-2.6347612950393233,0.6691953903214624
8.166666666666666,40.8099517555715,45.4987174148802,34.47006865559161,5.0022636694528675,-2.4165115533437596,1.0020050752825012,5.645014090067786,115.78442646009891,1.0020050752825012,0.04894106808659101,0.2907274745834065,3,camera_only,40.833333333333336,45.446390350150274,34.382296023022896,5.0,-2.6347612950393233,0.6691953903214624
8.166666666666666,40.80890670443717,45.49648375522651,34.45883268643182,4.991121907021618,-2.4218444442758993,0.9598751631259232,5.630096689383511,115.88407472922594,0.9598751631259232,0.048083949262924384,0.2884205691667752,3,camera_only,40.833333333333336,45.446390350150274,34.382296023022896,5.0,-2.6347612950393233,0.6691953903214624
8.2,40.97184613990737,45.42173365360516,34.482227242298876,4.974421488075818,-2.3894409740548244,0.9222954628282778,5.595080538319009,115.65709245525633,0.9222954628282778,0.05125454302901856,0.3017542692389734,3,camera_only,41.0,45.35826794978997,34.40440528515414,5.0,-2.65253440797784,0.6573573068623008
8.2,40.97037612793061,45.42272226879113,34.480228770377494,4.9667089997735,-2.3844079157285227,0.913559583994846,5.584638798573168,115.64463972852748,0.913559583994846,0.048910423984118684,0.29056865639283974,3,camera_only,41.0,45.35826794978997,34.40440528515414,5.0,-2.65253440797784,0.6573573068623008
8.2,40.96999156725614,45.42372122293939,34.491762466508874,4.9695550851949735,-2.3864448265449014,0.9570011783435883,5.595305881744193,115.65092251250508,0.9570011783435883,0.04804752666495434,0.28825310053650877,3,camera_only,41.0,45.35826794978997,34.40440528515414,5.0,-2.65253440797784,0.6573573068623008
8.233333333333333,41.152052657254565,45.332802820521025,34.48405055226077,5.033471846185624,-2.4080544891730846,0.8177935797368289,5.639446035580866,115.56683741455616,0.8177935797368289,0.051216791937345046,0.3016141459482517,3,camera_only,41.166666666666664,45.26955795496678,34.42611964323817,5.0,-2.6700166406271766,0.6455012016205093
8.233333333333333,41.153205212672454,45.3258879529388,34.486467051605736,5.035254362303518,-2.4432535102127577,0.8314310172841325,5.658140307978028,115.88402548861279,0.8314310172841325,0.04887842319346387,0.2904018076774019,3,camera_only,41.166666666666664,45.26955795496678,34.42611964323817,5.0,-2.6700166406271766,0.6455012016205093
8.233333333333333,41.152264588868555,45.32585033986758,34.4952161147542,5.0333900152805136,-2.4492596428086677,0.8645862179169637,5.664044241708284,115.94766542973817,0.8645862179169637,0.04800939819783079,0.2880768001588847,3,camera_only,41.166666666666664,45.26955795496678,34.42611964323817,5.0,-2.6700166406271766,0.6455012016205093
8.266666666666666,41.33321843839672,45.228853242360614,34.520879734633105,5.090421217417439,-2.514614529550654,0.8659809111640487,5.743308919208631,116.28888740686965,0.8659809111640487,0.05117303141766584,0.30145875810213735,3,camera_only,41.33333333333333,45.18027009373131,34.44743850196487,5.0,-2.6872060758635152,0.6336273996372033
8.266666666666666,41.31816586314057,45.218622969007235,34.513177184411745,5.0002879766882415,-2.5727224841161878,0.8372220881045662,5.68530752509485,117.22649364193128,0.8372220881045662,0.04884081166906769,0.2902208898399862,3,camera_only,41.33333333333333,45.18027009373131,34.44743850196487,5.0,-2.6872060758635152,0.6336273996372033
8.266666666666666,41.3176831405073,45.219451369432285,34.52642916743937,5.003079208648609,-2.576683748450245,0.8872124992853218,5.69712618136791,117.24935406201737,0.8872124992853218,0.04796623848237187,0.2878878170875149,3,camera_only,41.33333333333333,45.18027009373131,34.44743850196487,5.0,-2.6872060758635152,0.6336273996372033
8.3,41.49703364729049,45.12621595302056,34.51776533500101,5.050731267795373,-2.5817179331871047,0.7498466694628441,5.721662682623844,117.07417646194989,0.7498466694628441,0.051125141471383174,0.3012934784926039,3,camera_only,41.5,45.09041415750371,34.46836127686697,5.0,-2.704100828671577,0.6217362264386606
8.3,41.489775554042104,45.13004483365846,34.512257176191085,5.013131569051286,-2.564729025635894,0.7240896077044796,5.677466764635746,117.09438411330886,0.7240896077044796,0.04879907363973182,0.2900334303733303,3,camera_only,41.5,45.09041415750371,34.46836127686697,5.0,-2.704100828671577,0.6217362264386606
8.3,41.4886913872043,45.13004822655811,34.52145023509672,5.01064146108859,-2.5709151362569713,0.7588065981401866,5.682597992361969,117.16195199193821,0.7588065981401866,0.04791844431473824,0.2876917256420967,3,camera_only,41.5,45.09041415750371,34.46836127686697,5.0,-2.704100828671577,0.6217362264386606
8.333333333333334,41.66753806048784,45.034076775355636,34.52648881235081,5.05860513944493,-2.601786878593316,0.6915789993275148,5.730363202341529,117.21806887985186,0.6915789993275148,0.05107263793200695,0.30112331948818505,3,camera_only,41.66666666666667,45.0,34.488887394336025,5.0,-2.720699046351327,0.6098280080274033
8.333333333333334,41.6603024165863,45.033580637986915,34.522087817773546,5.018076025334841,-2.6072437440591982,0.6725787955790479,5.694837062922758,117.45505279665915,0.6725787955790479,0.04875513154446546,0.28984647885982623,3,camera_only,41.66666666666667,45.0,34.488887394336025,5.0,-2.720699046351327,0.6098280080274033
8.333333333333334,41.65668359037664,45.0309868635073,34.530855578936006,4.99988683282213,-2.6282185979424653,0.7062682897293491,5.692557969549013,117.7289124549654,0.7062682897293491,0.04786892798722728,0.28749690505449876,3,camera_only,41.66666666666667,45.0,34.488887394336025,5.0,-2.720699046351327,0.6098280080274033
8.366666666666667,41.84117770732255,44.92661822310754,34.52883722996966,5.073242121183441,-2.684113051858947,0.6246984893229182,5.773430236685271,117.88208731568743,0.6246984893229182,0.0510191232918858,0.30095463926376687,3,camera_only,41.833333333333336,44.90903753615141,34.50901629163815,5.0,-2.7369989087211524,0.5979030708732536
8.366666666666667,41.836251366527684,44.92898444969955,34.5252381152039,5.047441138559036,-2.6738624527329002,0.6079169816120057,5.744194070527666,117.91223307745162,0.6079169816120057,0.04870751197103741,0.28964875865364603,3,camera_only,41.833333333333336,44.90903753615141,34.50901629163815,5.0,-2.7369989087211524,0.5979030708732536
8.366666666666667,41.8370054914573,44.92968513854419,34.52524460686392,5.052026407047753,-2.6697443170992785,0.6077965038051065,5.74629638343076,117.8542209269538,0.6077965038051065,0.04781548930981111,0.28729082547557017,3,camera_only,41.833333333333336,44.90903753615141,34.50901629163815,5.0,-2.7369989087211524,0.5979030708732536
8.4,42.01211322758307,44.834802937115214,34.53423090338536,5.079451152184191,-2.6877140878811963,0.5705819256106046,5.774962749616128,117.88487222506556,0.5705819256106046,0.05096113884441663,0.300775673413059,3,camera_only,42.00000000000001,44.81753674101715,34.52874741692946,5.0,-2.7529986283174632,0.5859617419043867
8.4,42.00538657743708,44.847444170785444,34.526782765952525,5.050633628179863,-2.6246191852533975,0.5326001163808165,5.716746347151529,117.4591570516976,0.5326001163808165,0.048658647446648204,0.2894536355073132,3,camera_only,42.00000000000001,44.81753674101715,34.52874741692946,5.0,-2.7529986283174632,0.5859617419043867
8.4,42.00438403655146,44.84704420457052,34.53280241564528,5.0470544792077785,-2.630954720224429,0.5554076412433079,5.718667616142239,117.53236365435383,0.5554076412433079,0.04776114398213287,0.2870882268383026,3,camera_only,42.00000000000001,44.81753674101715,34.52874741692946,5.0,-2.7529986283174632,0.5859617419043867
8.433333333333334,42.171912734708584,44.760787289582915,34.54818640173226,5.043289999689859,-2.622365461032704,0.5424246874764594,5.710148787358604,117.47313189097032,0.5424246874764594,0.050905626075100706,0.3006056832737026,3,camera_only,42.16666666666667,44.72550764869054,34.5480802292712,5.0,-2.7686964505907037,0.5740043484983696
8.433333333333334,42.17240219801559,44.74978240770196,34.5512796285534,5.038252947100882,-2.679621673121751,0.5607253257009182,5.734001914973253,118.00651643781791,0.5607253257009182,0.048614552897193894,0.28927837869103834,3,camera_only,42.16666666666667,44.72550764869054,34.5480802292712,5.0,-2.7686964505907037,0.5740043484983696
8.433333333333334,42.16891374261105,44.74713650744575,34.56091646075272,5.020715683288032,-2.7014492335178133,0.5977250075869618,5.732598810171808,118.28294362719531,0.5977250075869618,0.047712109897793245,0.2869056751833379,3,camera_only,42.16666666666667,44.72550764869054,34.5480802292712,5.0,-2.7686964505907037,0.5740043484983696
8.466666666666667,42.32128008533461,44.672967288128234,34.59518948887015,4.957340887635066,-2.6411001347911744,0.6379709487217826,5.653109368270294,118.04715081504567,0.6379709487217826,0.050855679577365684,0.3004509507814276,3,camera_only,42.333333333333336,44.63296035119862,34.56701419864454,5.0,-2.7840906540977644,0.5620312184731816
8.466666666666667,42.31603777744068,44.658906055160195,34.59545639068188,4.917720313560895,-2.716929137212754,0.6453269963914228,5.655273994362845,118.9196565331701,0.6453269963914228,0.04857381415259635,0.2891116393020775,3,camera_only,42.333333333333336,44.63296035119862,34.56701419864454,5.0,-2.7840906540977644,0.5620312184731816
8.466666666666667,42.31818647297027,44.6629736378626,34.61138545364718,4.938223923534201,-2.703869518252737,0.7042683697152128,5.673884016023162,118.70241813765799,0.7042683697152128,0.047666839752290774,0.2867322056072256,3,camera_only,42.333333333333336,44.63296035119862,34.56701419864454,5.0,-2.7840906540977644,0.5620312184731816
8.5,42.49087881657789,44.565500814634106,34.62048995141502,4.971179784204188,-2.7263393116332955,0.6566736375502091,5.707606744975598,118.74164241649287,0.6566736375502091,0.05081228322310024,0.3003079053120093,3,camera_only,42.5,44.53990499739547,34.585548805965146,5.0,-2.7991795506907526,0.5500426800782316
8.5,42.49026422577624,44.57053898548616,34.61871995718799,4.971316518423589,-2.700132353248511,0.6468266454556408,5.694127445068469,118.50825712302937,0.6468266454556408,0.04853509801027948,0.2889337874340398,3,camera_only,42.5,44.53990499739547,34.585548805965146,5.0,-2.7991795506907526,0.5500426800782316
8.5,42.48938336455447,44.568864818366386,34.613478469627886,4.963331398255191,-2.7063000997712603,0.6275828827122749,5.687932759236981,118.60181504800259,0.6275828827122749,0.047622246461573974,0.2865449979206797,3,camera_only,42.5,44.53990499739547,34.585548805965146,5.0,-2.7991795506907526,0.5500426800782316
8.533333333333333,42.6641463444885,44.4743584258996,34.59641593737593,4.997414115937069,-2.698391526683218,0.48905476470522435,5.70040693637952,118.36716355790271,0.48905476470522435,0.050764816093163335,0.3001448121713905,3,camera_only,42.666666666666664,44.44635179184928,34.603683543097404,5.0,-2.813961485702121,0.5380390619853552
8.533333333333333,42.65959073705968,44.46345814960064,34.59642128027748,4.963593049165693,-2.757747835216659,0.49383119270549325,5.699675282615412,119.05633418327633,0.49383119270549325,0.04849401390947922,0.2887436850149271,3,camera_only,42.666666666666664,44.44635179184928,34.603683543097404,5.0,-2.813961485702121,0.5380390619853552
8.533333333333333,42.66035799919254,44.46336139320529,34.58804200327106,4.964778587209727,-2.7527085880128244,0.46234106485551374,5.695629047856566,119.00606339432082,0.46234106485551374,0.04757396358051613,0.2863435027803625,3,camera_only,42.666666666666664,44.44635179184928,34.603683543097404,5.0,-2.813961485702121,0.5380390619853552
8.566666666666666,42.82342771845155,44.37425863248373,34.606014885035655,4.954596426962863,-2.742627000610399,0.46970344897234473,5.682486247104068,118.9668106903434,0.46970344897234473,0.05071078031620166,0.2999647552062569,3,camera_only,42.833333333333336,44.35231099372328,34.621417912868324,5.0,-2.8284348381261193,0.5260206932798055
8.566666666666666,42.82795525129885,44.362725759927706,34.612556014996215,4.972102325861253,-2.8017200036667926,0.502708702214992,5.729236646976997,119.4007375581382,0.502708702214992,0.04844711433959284,0.28854355369514223,3,camera_only,42.833333333333336,44.35231099372328,34.621417912868324,5.0,-2.8284348381261193,0.5260206932798055
8.566666666666666,42.82603033790407,44.36148066975161,34.62072264484965,4.963359305294381,-2.8144551356609613,0.5337522599640174,5.730705434684056,119.55524933725683,0.5337522599640174,0.047521553324397316,0.28613538480488265,3,camera_only,42.833333333333336,44.35231099372328,34.621417912868324,5.0,-2.8284348381261193,0.5260206932798055
8.6,43.00150894022721,44.258882000511214,34.61756948744716,5.003931884217236,-2.838868401899344,0.4628268054331778,5.771716967854182,119.56743611557066,0.4628268054331778,0.050657606906108814,0.29978883775168585,3,camera_only,43.0,44.257792915650725,34.63875142908121,5.0,-2.8425980207965527,0.5139879034512326
8.6,43.00221756705541,44.25309575725504,34.61953072127953,5.003653166793173,-2.8690842630764783,0.47384182496222754,5.787289140631905,119.82986916392461,0.47384182496222754,0.048399226782492887,0.2883340728150331,3,camera_only,43.0,44.257792915650725,34.63875142908121,5.0,-2.8425980207965527,0.5139879034512326
8.6,43.00219988842352,44.253550178102905,34.624506127023686,5.005661421330487,-2.8696821413813876,0.49242957331441806,5.790872882582922,119.82509977288633,0.49242957331441806,0.047467305111572634,0.28591624561060935,3,camera_only,43.0,44.257792915650725,34.63875142908121,5.0,-2.8425980207965527,0.5139879034512326
8.633333333333333,43.17329151346057,44.15389989405374,34.63305214719074,5.022959736868446,-2.882031805686082,0.46636055218034084,5.809795522375779,119.84598109784217,0.46636055218034084,0.05059998593381973,0.299598870924424,3,camera_only,43.166666666666664,44.16280792260401,34.655683616528954,5.0,-2.8564494805608387,0.5019410223846468
8.633333333333333,43.175044470459724,44.15200220152997,34.634597804243846,5.031568102823048,-2.891209481917549,0.47389803681929854,5.822400638136941,119.8822782460691,0.47389803681929854,0.04835016836766628,0.28812579042014824,3,camera_only,43.166666666666664,44.16280792260401,34.655683616528954,5.0,-2.8564494805608387,0.5019410223846468
8.633333333333333,43.17474162048834,44.15050714287304,34.62379540234567,5.024895119151344,-2.8928229545019843,0.43375163239524595,5.814304436746507,119.92895573600072,0.43375163239524595,0.04741213877876702,0.28569884603489487,3,camera_only,43.166666666666664,44.16280792260401,34.655683616528954,5.0,-2.8564494805608387,0.5019410223846468
8.666666666666666,43.33204135703794,44.067974889112776,34.63433736517681,4.978894447286287,-2.8276738095785507,0.40750324582262903,5.740312533821715,119.59363206349767,0.40750324582262903,0.05054211596067832,0.29941141014260986,3,camera_only,43.33333333333333,44.06736643075801,34.672214011007085,5.0,-2.86998769845032,0.48988038035137915
8.666666666666666,43.32247858372949,44.04723044329476,34.63409683123864,4.907932958341829,-2.942459839750674,0.4153754699951298,5.737456981380968,120.94401001560261,0.4153754699951298,0.04830303510911403,0.28793090298776,3,camera_only,43.33333333333333,44.06736643075801,34.672214011007085,5.0,-2.86998769845032,0.48988038035137915
8.666666666666666,43.325551106456054,44.05084601156082,34.63742316136364,4.929232385505806,-2.9231787455617995,0.42690127541391665,5.746699103639719,120.669178678617,0.42690127541391665,0.04735858838838906,0.2854942557907711,3,camera_only,43.33333333333333,44.06736643075801,34.672214011007085,5.0,-2.86998769845032,0.48988038035137915
8.7,43.49082608400517,43.95245129075917,34.65007021572076,4.933250808534171,-2.926350720216908,0.42178887325777026,5.751382262658354,120.6759570245846,0.42178887325777026,0.050487417183815685,0.2992362797175803,3,camera_only,43.49999999999999,43.97147890634781,34.68834215932649,5.0,-2.883211189846845,0.47780630800002294
8.7,43.49483420783959,43.9457499681298,34.654052209985345,4.951136057417684,-2.959804086014903,0.4420454852810157,5.785291064217025,120.87110968224057,0.4420454852810157,0.04825402875974359,0.2877256628847672,3,camera_only,43.49999999999999,43.97147890634781,34.68834215932649,5.0,-2.883211189846845,0.47780630800002294
8.7,43.49257895186094,43.943479310854336,34.655842535311855,4.937208425446014,-2.974504816032369,0.44937506989977777,5.781491493580379,121.06757345123175,0.44937506989977777,0.04730363073229493,0.28527996986011167,3,camera_only,43.49999999999999,43.97147890634781,34.68834215932649,5.0,-2.883211189846845,0.47780630800002294
8.733333333333333,43.653881707767475,43.8487232252724,34.67000111511589,4.922476818246708,-2.9541506014434007,0.442657593848464,5.757927539278031,120.96944343772722,0.442657593848464,0.05043117678078912,0.2990527571981879,3,camera_only,43.666666666666664,43.875155864521034,34.704067619325826,5.0,-2.8961185046455666,0.4657191363473702
8.733333333333333,43.65982353190025,43.85422136466502,34.67163725978536,4.961126726947921,-2.921511228801684,0.4476366084091486,5.774806039516769,120.49300530112343,0.4476366084091486,0.04820633803781586,0.28752282031974674,3,camera_only,43.666666666666664,43.875155864521034,34.704067619325826,5.0,-2.8961185046455666,0.4657191363473702
8.733333333333333,43.6604145698919,43.85653772377286,34.6872491157254,4.971802297062168,-2.9181405559578577,0.5054813144189209,5.787043610050417,120.41029933415732,0.5054813144189209,0.04724978060014911,0.28506777754937906,3,camera_only,43.666666666666664,43.875155864521034,34.704067619325826,5.0,-2.8961185046455666,0.4657191363473702
8.766666666666666,43.82907213860206,43.75474195923042,34.70842866596252,4.985736535209288,-2.941535620057432,0.5254015844244048,5.812593863973557,120.54018769318468,0.5254015844244048,0.05037923942401379,0.29887766500026236,3,camera_only,43.83333333333333,43.77840786818467,34.71938995988368,5.0,-2.9087082274139644,0.45361919676933865
8.766666666666666,43.83721158848083,43.753479565511064,34.713175816232514,5.03199723629424,-2.9436902580709967,0.5467339647267397,5.855358789153811,120.32739552871912,0.5467339647267397,0.04816485683285228,0.28733277925132933,3,camera_only,43.83333333333333,43.77840786818467,34.71938995988368,5.0,-2.9087082274139644,0.45361919676933865
8.766666666666666,43.837074490967865,43.75277628236542,34.70788807987787,5.028802698958973,-2.9443686973977385,0.527131597673402,5.8511564098508275,120.34901307451649,0.527131597673402,0.04720221810972313,0.28486787317501083,3,camera_only,43.83333333333333,43.77840786818467,34.71938995988368,5.0,-2.9087082274139644,0.45361919676933865
8.8,44.00121762959236,43.65837163634347,34.73074679615834,5.0142778269005985,-2.931123269009895,0.5437811216684353,5.83353783323304,120.30865247921747,0.5437811216684353,0.050331420079320656,0.29870780955400295,3,camera_only,44.00000000000001,43.68124552684678,34.73430876093033,5.0,-2.920978977547065,0.44150682099188254
8.8,44.00587451554632,43.656455857621715,34.734174804287534,5.04002187251458,-2.938929767723569,0.5593418381562247,5.861057237986085,120.24725043350473,0.5593418381562247,0.0481258142150346,0.28714266731213894,3,camera_only,44.00000000000001,43.68124552684678,34.73430876093033,5.0,-2.920978977547065,0.44150682099188254
8.8,44.006812894194354,43.657864134395616,34.73892805157298,5.048197481012361,-2.9335541183464025,0.5767685588211121,5.867086120299519,120.16126624812469,0.5767685588211121,0.04715617423891259,0.2846664225174239,3,camera_only,44.00000000000001,43.68124552684678,34.73430876093033,5.0,-2.920978977547065,0.44150682099188254
8.833333333333334,44.17712768926799,43.55658394355458,34.76286183088061,5.058194228571675,-2.9526473905401587,0.5971875460669537,5.887281922245347,120.27362521223316,0.5971875460669537,0.05028650647231635,0.2985394781243981,3,camera_only,44.16666666666667,43.583679495453005,34.74882361345932,5.0,-2.932929409418835,0.42938234108190443
8.833333333333334,44.16792139268527,43.573596477088905,34.75437266562964,5.0185477123505615,-2.8674560337713606,0.5524104776083435,5.806314027205411,119.74242393792969,0.5524104776083435,0.048089121315527165,0.28695113510551323,3,camera_only,44.16666666666667,43.583679495453005,34.74882361345932,5.0,-2.932929409418835,0.42938234108190443
8.833333333333334,44.16816834138932,43.57322049688795,34.74686932748391,5.017077577714189,-2.8648197507816624,0.5244292882654845,5.80114520622108,119.72695647170052,0.5244292882654845,0.04711222627789776,0.2844634462045839,3,camera_only,44.16666666666667,43.583679495453005,34.74882361345932,5.0,-2.932929409418835,0.42938234108190443
8.866666666666667,44.33432303726909,43.48197167417019,34.74794216756246,5.009310878693995,-2.834123981788466,0.45986099762493954,5.773813848808006,119.49993284348034,0.45986099762493954,0.05024238446361514,0.29836726553434223,3,camera_only,44.333333333333336,43.48572047321815,34.76293411953863,5.0,-2.944558212529752,0.4172460894381445
8.866666666666667,44.33256995522156,43.488631962002486,34.745520747073485,5.004625120169048,-2.7995851086263617,0.446350338860601,5.751797805805634,119.22263017891531,0.446350338860601,0.048055409914839274,0.2867711730805541,3,camera_only,44.333333333333336,43.48572047321815,34.76293411953863,5.0,-2.944558212529752,0.4172460894381445
8.866666666666667,44.33164910417181,43.487553810313244,34.74591736120839,4.998516367605277,-2.806273772044818,0.44816462937027657,5.749886076776052,119.31078401569228,0.44816462937027657,0.047070585851217026,0.28427083667966574,3,camera_only,44.333333333333336,43.48572047321815,34.76293411953863,5.0,-2.944558212529752,0.4172460894381445
8.9,44.49159497904888,43.39963995935736,34.7803109274483,4.972016480035031,-2.7943104169086723,0.5159707360904997,5.726721958004076,119.33631208731028,0.5159707360904997,0.0502004283721311,0.2982039925829316,3,camera_only,44.5,43.38737920245291,34.77663989232161,5.0,-2.95586411165051,0.4050983987820719
8.9,44.48978716655915,43.38796625509894,34.78164338889736,4.951252425227441,-2.8577127953467385,0.5271027064854292,5.741015612432468,119.99223929609879,0.5271027064854292,0.0480229143205543,0.2865945536148365,3,camera_only,44.5,43.38737920245291,34.77663989232161,5.0,-2.95586411165051,0.4050983987820719
8.9,44.49075992984729,43.38968231603366,34.78653138898721,4.960051960785742,-2.8506978843183597,0.5448178358354543,5.746774778568939,119.88733717224116,0.5448178358354543,0.047031724407929965,0.2840841144190219,3,camera_only,44.5,43.38737920245291,34.77663989232161,5.0,-2.95586411165051,0.4050983987820719
8.933333333333334,44.655258805434315,43.29709797608163,34.79663966766195,4.954857251203716,-2.8340404555991365,0.5128882909703576,5.731095016032547,119.76835503258465,0.5128882909703576,0.050163035905131444,0.2980480501572963,3,camera_only,44.666666666666664,43.28866646738584,34.78994055605757,5.0,-2.9668458669618647,0.39293960214876306
8.933333333333334,44.66610838373144,43.304068696032864,34.80037133157131,5.025104096998448,-2.7896830279514626,0.5263773925965672,5.771574806025456,119.0368141501912,0.5263773925965672,0.0479906606424911,0.28640555403368134,3,camera_only,44.666666666666664,43.28866646738584,34.78994055605757,5.0,-2.9668458669618647,0.39293960214876306
8.933333333333334,44.66573645320022,43.30369363319096,34.80207027285264,5.023174339076014,-2.7929762081972225,0.5328589845379159,5.772082400460883,119.07485463546196,0.5328589845379159,0.04699221406811519,0.28388355603007775,3,camera_only,44.666666666666664,43.28866646738584,34.78994055605757,5.0,-2.9668458669618647,0.39293960214876306
8.966666666666667,44.832146946452625,43.211457797528574,34.82255213595462,5.018940862083181,-2.7909937891011545,0.5422505717074819,5.768314258984732,119.07809378048192,0.5422505717074819,0.05012407880406363,0.29788033767347977,3,camera_only,44.833333333333336,43.1895930929807,34.802835746102105,5.0,-2.9775022741905937,0.3807700328777687
8.966666666666667,44.827244389126314,43.20784114637615,34.82073842654111,4.986548388015996,-2.8134805974773176,0.5359614482708925,5.7505297645033435,119.43230132363405,0.5359614482708925,0.04796082936207729,0.2862201893762799,3,camera_only,44.833333333333336,43.1895930929807,34.802835746102105,5.0,-2.9775022741905937,0.3807700328777687
8.966666666666667,44.82820710131284,43.209465229874716,34.82476477854198,4.994987831657043,-2.806405737127449,0.5504532553532069,5.755763666631277,119.32920917902695,0.5504532553532069,0.046954838936213515,0.28368603494394845,3,camera_only,44.833333333333336,43.1895930929807,34.802835746102105,5.0,-2.9775022741905937,0.3807700328777687
9.0,44.993539843286456,43.116711415160744,34.84737636390495,4.990363205687032,-2.8058186286951883,0.5656242345382786,5.752936109197191,119.34675714635648,0.5656242345382786,0.050086647081475685,0.29771344144147804,3,camera_only,45.0,43.09016994374947,34.81532510892707,5.0,-2.9878321647415556,0.3685900246039791
9.0,44.986358951633036,43.12091566713841,34.843019491730004,4.951221848255119,-2.788026135615892,0.544611501592118,5.708264991324644,119.3838009703541,0.544611501592118,0.047931064772814315,0.2860345050952222,3,camera_only,45.0,43.09016994374947,34.81532510892707,5.0,-2.9878321647415556,0.3685900246039791
9.0,44.986636132302706,43.121650212209914,34.847057287425756,4.954862298582108,-2.786249762955592,0.5594245882846577,5.711987745912794,119.35019612988586,0.5594245882846577,0.0469175809697927,0.28348846574947345,3,camera_only,45.0,43.09016994374947,34.81532510892707,5.0,-2.9878321647415556,0.3685900246039791
9.033333333333333,45.16154443597751,43.016082427412165,34.86139631994595,4.998094883338146,-2.8411387581026966,0.5535934349764109,5.775767273435909,119.61582016940197,0.5535934349764109,0.05004968120115595,0.297547410591979,3,camera_only,45.166666666666664,42.99040792256087,34.82740830213025,5.0,-2.997834405825846,0.356399911248473
9.033333333333333,45.16584250251607,43.000881300539845,34.86616530366018,5.0100175141661785,-2.919666172927374,0.5815227263332245,5.827769276046389,120.23216367927306,0.5815227263332245,0.047900625997205785,0.28584198011522804,3,camera_only,45.166666666666664,42.99040792256087,34.82740830213025,5.0,-2.997834405825846,0.356399911248473
9.033333333333333,45.16488682289029,42.999612205663695,34.86730751676002,5.0035744033025145,-2.9279084766119676,0.5862333060753698,5.826840854695826,120.33460756736217,0.5862333060753698,0.046879086076531844,0.28328247301137255,3,camera_only,45.166666666666664,42.99040792256087,34.82740830213025,5.0,-2.997834405825846,0.356399911248473
9.066666666666666,45.327332676061026,42.90860045580835,34.88314350278973,4.983341929613738,-2.8953018513800575,0.5672442069753483,5.791220561194182,120.15641748868548,0.5672442069753483,0.05000867567789171,0.29736906565599686,3,camera_only,45.33333333333333,42.890317969444716,34.839084994444825,5.0,-3.0075079005850145,0.34420002700936525
9.066666666666666,45.31524959030887,42.903270589751955,34.87865712981527,4.905690613979861,-2.9324127345707294,0.5497663885721313,5.741697303756645,120.86918285799331,0.5497663885721313,0.047866431819528994,0.2856387681281582,3,camera_only,45.33333333333333,42.890317969444716,34.839084994444825,5.0,-3.0075079005850145,0.34420002700936525
9.066666666666666,45.316182589769,42.90455758191447,34.88101076850772,4.913194893217444,-2.9261014988533347,0.5581296022727587,5.745699495558644,120.77632887534357,0.5581296022727587,0.0468367230863548,0.2830664706461692,3,camera_only,45.33333333333333,42.890317969444716,34.839084994444825,5.0,-3.0075079005850145,0.34420002700936525
9.1,45.48768517973869,42.80057964595105,34.87214410572715,4.943614274039476,-2.9366369467264755,0.4614312983744955,5.768542059349609,120.71142608962603,0.4614312983744955,0.04996508150101185,0.29718483676158586,3,camera_only,45.49999999999999,42.7899110603923,34.850354865748365,5.0,-3.01685158821135,0.33199070635264627
9.1,45.47955038888296,42.79597779881477,34.869675497044796,4.890220620590608,-2.9673970308547037,0.45234008794852787,5.73797128015993,121.2494717495384,0.45234008794852787,0.047829076909674036,0.28542792430756214,3,camera_only,45.49999999999999,42.7899110603923,34.850354865748365,5.0,-3.01685158821135,0.33199070635264627
9.1,45.477038706718545,42.79315262079899,34.87259107393843,4.873524783230986,-2.9864205051192023,0.4640946930945397,5.73457366595997,121.49932202503332,0.4640946930945397,0.0467904132645666,0.28284140148017983,3,camera_only,45.49999999999999,42.7899110603923,34.850354865748365,5.0,-3.01685158821135,0.33199070635264627
9.133333333333333,45.63249852453898,42.701931336443245,34.89727841122374,4.8433159356863955,-2.954681956333636,0.4916488433617238,5.694696945504323,121.38542606042205,0.4916488433617238,0.04991499148932309,0.29698837557741237,3,camera_only,45.666666666666664,42.68919820615266,34.86121760707165,5.0,-3.025864444064211,0.3197722840030081
9.133333333333333,45.6394494405062,42.70124534980264,34.89900150303143,4.884445671695145,-2.9524438711884384,0.5005944477168228,5.729339327823455,121.15121322742402,0.5005944477168228,0.04778881671721687,0.28522372453553435,3,camera_only,45.666666666666664,42.68919820615266,34.86121760707165,5.0,-3.025864444064211,0.3197722840030081
9.133333333333333,45.638553949922425,42.701450159747125,34.91204534671242,4.883501452718036,-2.959774971939838,0.5489503620767395,5.7367413069829825,121.21906452151374,0.5489503620767395,0.04674320073131332,0.2826266503051997,3,camera_only,45.666666666666664,42.68919820615266,34.86121760707165,5.0,-3.025864444064211,0.3197722840030081
9.166666666666666,45.793076374498796,42.61253076057067,34.942560065076584,4.847949046937232,-2.9235510158026594,0.5864991259599535,5.691550028634744,121.0920375003775,0.5864991259599535,0.04987041941402249,0.2968130649201403,3,camera_only,45.83333333333333,42.58819045102521,34.87167292060715,5.0,-3.034545479782387,0.30754509493467275
9.166666666666666,45.795536351108055,42.63959487959623,34.93911027525266,4.888988063186667,-2.7759970925701722,0.5588852400078609,5.64984219703864,119.5881732811351,0.5588852400078609,0.04775522252610067,0.2850385084849109,3,camera_only,45.83333333333333,42.58819045102521,34.87167292060715,5.0,-3.034545479782387,0.30754509493467275
9.166666666666666,45.796150281612064,42.63900810822297,34.92244809627457,4.8867701457329495,-2.768880748581325,0.4971960313752561,5.63865471107306,119.53621735483479,0.4971960313752561,0.04670284995921934,0.282431057778544,3,camera_only,45.83333333333333,42.58819045102521,34.87167292060715,5.0,-3.034545479782387,0.30754509493467275
9.2,45.95920784130807,42.54546207497347,34.94531304373784,4.888462543063133,-2.77895751270641,0.521428138151934,5.647261123377885,119.61704824650361,0.521428138151934,0.0498333256260034,0.2966546970961963,3,camera_only,46.0,42.48689887164855,34.88172051971716,5.0,-3.042893743392486,0.2953094743622045
9.2,45.96418084552034,42.52401972909834,34.951768552680704,4.898354714233144,-2.8912304950987435,0.5592411567426279,5.715404041153506,120.5510261990771,0.5592411567426279,0.04772911392138276,0.2848706005595427,3,camera_only,46.0,42.48689887164855,34.88172051971716,5.0,-3.042893743392486,0.2953094743622045
9.2,45.96570096884991,42.52589403856164,34.95000447584458,4.908842239264947,-2.878756270529354,0.5520457047148688,5.717405377896334,120.38919383723854,0.5520457047148688,0.046668128919784634,0.28224813296883905,3,camera_only,46.0,42.48689887164855,34.88172051971716,5.0,-3.042893743392486,0.2953094743622045
9.233333333333333,46.12333272779338,42.43721533649131,34.97712773018478,4.882933203280405,-2.851263996704977,0.5786164523369226,5.6839722066103775,120.28169964307902,0.5786164523369226,0.04979950910706236,0.29650118756679916,3,camera_only,46.166666666666664,42.38533457578581,34.891360128941685,5.0,-3.050908319413326,0.2830657577313215
9.233333333333333,46.12795382883589,42.43683114918983,34.97928391115954,4.911089298108126,-2.849841259296929,0.588242013169326,5.708451800903707,120.12603609257454,0.588242013169326,0.04769977892208217,0.28467916327712967,3,camera_only,46.166666666666664,42.38533457578581,34.891360128941685,5.0,-3.050908319413326,0.2830657577313215
9.233333333333333,46.12706722655333,42.43538223742939,34.97847443583761,4.903986649212689,-2.857961305871463,0.5857889166901485,5.706152516050708,120.23291616908247,0.5857889166901485,0.0466308350670336,0.28204365414457944,3,camera_only,46.166666666666664,42.38533457578581,34.891360128941685,5.0,-3.050908319413326,0.2830657577313215
9.266666666666666,46.29529441608857,42.33286387681895,35.001139783770284,4.9262561561907985,-2.8933851490393083,0.6030088854095409,5.744849610996951,120.42740169329363,0.6030088854095409,0.04976417317606331,0.2963319587128697,3,camera_only,46.33333333333333,42.28350870110656,34.90059148400594,5.0,-3.058588328956331,0.2708142807097012
9.266666666666666,46.2908533118441,42.32583657745945,35.00086613117553,4.891876253576722,-2.935099238072075,0.604690304899628,5.736803219780047,120.96352819009309,0.604690304899628,0.04767094710063557,0.28448187537086883,3,camera_only,46.33333333333333,42.28350870110656,34.90059148400594,5.0,-3.058588328956331,0.2708142807097012
9.266666666666666,46.289694796408625,42.32384051335728,34.99803046689677,4.881879336135289,-2.9452586265202942,0.5949299077519453,5.732472051812785,121.10275984564218,0.5949299077519453,0.04659311697934673,0.2818313693743432,3,camera_only,46.33333333333333,42.28350870110656,34.90059148400594,5.0,-3.058588328956331,0.2708142807097012
9.3,46.45328068276055,42.22482729420768,35.01500315618222,4.885340085656607,-2.9471860266288634,0.5850243692047663,5.735390722578818,121.10137990180444,0.5850243692047663,0.04972560852383713,0.2961503226806668,3,camera_only,46.5,42.181432413965425,34.9094143318277,5.0,-3.065932929821908,0.25855537917777327
9.3,46.45596108916057,42.22977068074076,35.01471600436521,4.906834819476253,-2.9179644984657864,0.5819208841937215,5.738482088095426,120.73882648379133,0.5819208841937215,0.04763907167795869,0.2842777317149829,3,camera_only,46.5,42.181432413965425,34.9094143318277,5.0,-3.065932929821908,0.25855537917777327
9.3,46.45739706883802,42.231897808748606,35.01589840957425,4.918210563368042,-2.9058462816724218,0.5855253040877099,5.742436559515607,120.57604011789326,0.5855253040877099,0.04655225632369059,0.281612499478792,3,camera_only,46.5,42.181432413965425,34.9094143318277,5.0,-3.065932929821908,0.25855537917777327
9.333333333333334,46.62730339458245,42.129358671816235,35.013705466599745,4.9421349494076265,-2.917387708641621,0.5097950967943384,5.761574432514527,120.55374425337031,0.5097950967943384,0.04968587721698352,0.2959682864576175,3,camera_only,46.666666666666664,42.079116908177596,34.9178284305241,5.0,-3.0729413165918062,0.24628938921951798
9.333333333333334,46.62740618323011,42.11770110420354,35.01604585325011,4.931018679548286,-2.980665632925193,0.525152204821923,5.785766817940798,121.151811648546,0.525152204821923,0.04760784583416717,0.2840749578704776,3,camera_only,46.666666666666664,42.079116908177596,34.9178284305241,5.0,-3.0729413165918062,0.24628938921951798
9.333333333333334,46.62872226493069,42.12028896437566,35.02463810323407,4.94448760478215,-2.970432304378059,0.555987662995823,5.79487256375329,120.99561017295635,0.555987662995823,0.0465112191526486,0.2813932107843302,3,camera_only,46.666666666666664,42.079116908177596,34.9178284305241,5.0,-3.0729413165918062,0.24628938921951798
9.366666666666667,46.80166010580829,42.01092385615865,35.03159412714009,4.979960735809283,-3.010378043452631,0.5212013836305482,5.842434062700427,121.15289256363974,0.5212013836305482,0.049644256652893626,0.29578247066073277,3,camera_only,46.833333333333336,41.97657340379126,34.9258335494184,5.0,-3.0796127207174386,0.2340166471132445
9.366666666666667,46.788354501528865,42.01772885408962,35.02463645296283,4.903024791635775,-2.9842160597837895,0.4877190278230371,5.760474585393739,121.32669919090013,0.4877190278230371,0.04757198140133742,0.28385425539688225,3,camera_only,46.833333333333336,41.97657340379126,34.9258335494184,5.0,-3.0796127207174386,0.2340166471132445
9.366666666666667,46.78910135377013,42.01708362375809,35.00269785462875,4.900298943303813,-2.9743237630703927,0.40685231627046287,5.746743459435468,121.25640336665492,0.40685231627046287,0.04646590484086225,0.28115719790913185,3,camera_only,46.833333333333336,41.97657340379126,34.9258335494184,5.0,-3.0796127207174386,0.2340166471132445
9.4,46.971203147295974,41.895250370824584,34.97890936439627,4.980906084616539,-3.0540040524158742,0.28647832047474475,5.849652639605592,121.51422174775907,0.28647832047474475,0.04959643814514616,0.2955784820812141,3,camera_only,47.0,41.87381314585725,34.9334294690462,5.0,-3.085946410604164,0.22173748932237822
9.4,46.96473339821664,41.89626639567759,34.97618264615837,4.940978806470431,-3.05394345507801,0.27396904256931226,5.815058144944909,121.7195772671302,0.27396904256931226,0.04752883244902625,0.2836129435876641,3,camera_only,47.0,41.87381314585725,34.9334294690462,5.0,-3.085946410604164,0.22173748932237822
9.4,46.96496370624097,41.89625942971091,34.97139515187308,4.94096641154835,-3.05100194625471,0.2562814021651077,5.812696630067212,121.69495395041824,0.2562814021651077,0.046411195991310786,0.28089691565611785,3,camera_only,47.0,41.87381314585725,34.9334294690462,5.0,-3.085946410604164,0.22173748932237822
9.433333333333334,47.130776926873516,41.79387306131853,34.97300547318885,4.945119552445431,-3.049512862114274,0.23129148466377192,5.814398664957234,121.66093972602421,0.23129148466377192,0.0495383419989051,0.2953535924877126,3,camera_only,47.16666666666667,41.77084740319584,34.94061598116154,5.0,-3.09194169169151,0.2094522524862323
9.433333333333334,47.14030806711418,41.78005233771428,34.97859413518408,4.991149220993403,-3.116233568565935,0.26248897345061734,5.88993910505562,121.97867333595028,0.26248897345061734,0.047480614225814254,0.28337646249726495,3,camera_only,47.16666666666667,41.77084740319584,34.94061598116154,5.0,-3.09194169169151,0.2094522524862323
9.433333333333334,47.13956915861403,41.77905377271025,34.9813102415561,4.986228821816104,-3.1239146724187963,0.27291476619339716,5.890314356099294,122.06749291979015,0.27291476619339716,0.04635427181796433,0.2806465670997933,3,camera_only,47.16666666666667,41.77084740319584,34.94061598116154,5.0,-3.09194169169151,0.2094522524862323
9.466666666666667,47.296892032203324,41.68804763620954,34.993362719499345,4.945794533229001,-3.0650927248708184,0.2739782212454654,5.825009960737468,121.7880340174693,0.2739782212454654,0.04948298209392102,0.2951457912303229,3,camera_only,47.333333333333336,41.667687467161024,34.94739288874257,5.0,-3.0975979065293475,0.1971612734107804
9.466666666666667,47.302077777406346,41.69099207306321,34.99512735283676,4.982278220703531,-3.0446859517862954,0.28026901239701396,5.845661599238495,121.42923381343103,0.28026901239701396,0.04743443343957422,0.28314836398308596,3,camera_only,47.333333333333336,41.667687467161024,34.94739288874257,5.0,-3.0975979065293475,0.1971612734107804
9.466666666666667,47.302490901157675,41.69282593020469,35.01352917584408,4.992355796387562,-3.0449013409412955,0.3474793579244967,5.857967435721558,121.3795466179046,0.3474793579244967,0.046299987456542895,0.2804055503558731,3,camera_only,47.333333333333336,41.667687467161024,34.94739288874257,5.0,-3.0975979065293475,0.1971612734107804
9.5,47.46852014555418,41.59141066880064,35.029119961360735,4.991191552568761,-3.047165635784656,0.3621587316863679,5.859041770910782,121.40442648210336,0.3621587316863679,0.04943465571772527,0.2949532510672492,3,camera_only,47.5,41.56434465040231,34.95376000599692,5.0,-3.102914434849978,0.18486488905942214
9.5,47.45993790633538,41.60615824436079,35.02392984255464,4.9519009375662435,-2.9746960785140453,0.33227628475316473,5.786237740052308,120.99399618626761,0.33227628475316473,0.04739672396044263,0.2829415991095556,3,camera_only,47.5,41.56434465040231,34.95376000599692,5.0,-3.102914434849978,0.18486488905942214
9.5,47.45929624956917,41.6045285583774,35.017248526728466,4.944037847948364,-2.980333219237338,0.3083048826255497,5.781085386005489,121.08214397359863,0.3083048826255497,0.04625391102833753,0.2801845603072419,3,camera_only,47.5,41.56434465040231,34.95376000599692,5.0,-3.102914434849978,0.18486488905942214
9.533333333333333,47.63063145160741,41.49736766839573,35.010742476443795,4.971992048626412,-3.005438695531784,0.25243233603102494,5.815246234552596,121.15186046544278,0.25243233603102494,0.049392050287730464,0.2947707491251977,3,camera_only,47.66666666666667,41.46083028562411,34.95971715836687,5.0,-3.10789069363616,0.17256343654374648
9.533333333333333,47.63086557787455,41.492759862839144,35.01164400795704,4.968487470385701,-3.0303918077425385,0.25843369994155585,5.825455366671199,121.37995059050456,0.25843369994155585,0.04736166167832358,0.2827354008846785,3,camera_only,47.66666666666667,41.46083028562411,34.95971715836687,5.0,-3.10789069363616,0.17256343654374648
9.533333333333333,47.6294655480275,41.48996046354022,35.00942584705362,4.955707975247814,-3.045698385943089,0.25144114965391895,5.822245515761974,121.57421474671034,0.25144114965391895,0.04620827753129814,0.27995957188648646,3,camera_only,47.66666666666667,41.46083028562411,34.95971715836687,5.0,-3.10789069363616,0.17256343654374648
9.566666666666666,47.80617601355139,41.372985347515616,34.9984302997857,5.006438077167818,-3.104686334085577,0.1916384840076756,5.894083878104069,121.80465556101268,0.1916384840076756,0.04934745316679499,0.29458012367943953,3,camera_only,47.833333333333336,41.357155724343045,34.96526418253408,5.0,-3.1125261371850397,0.16025725311428865
9.566666666666666,47.80870814126068,41.38456833953691,34.99782491833035,5.035903701454865,-3.0393572177162542,0.18352705396539126,5.884870480031648,121.11256025727062,0.18352705396539126,0.04731992362934508,0.2824928529702395,3,camera_only,47.833333333333336,41.357155724343045,34.96526418253408,5.0,-3.1125261371850397,0.16025725311428865
9.566666666666666,47.80642412632127,41.379776380771034,34.99239970871203,5.014136719057007,-3.064556211332769,0.1655900499083093,5.8788172173016795,121.43257352953772,0.1655900499083093,0.0461559153661211,0.2796987309689053,3,camera_only,47.833333333333336,41.357155724343045,34.96526418253408,5.0,-3.1125261371850397,0.16025725311428865
9.6,47.97753461468401,41.273080919345546,34.98469582641007,5.03083495136265,-3.0769716316989077,0.12037941607288194,5.898435888771354,121.45089229425275,0.12037941607288194,0.049295606189983916,0.29435933257639973,3,camera_only,48.0,41.253332335643044,34.97040092642408,5.0,-3.116820257167995,0.14794667615128335
9.6,47.97761244734303,41.284187658562416,34.98371446364265,5.04399595626567,-3.0166930682461484,0.11050728623266665,5.878311333634796,120.88263224267051,0.11050728623266665,0.047277001296506395,0.28225562807724,3,camera_only,48.0,41.253332335643044,34.97040092642408,5.0,-3.116820257167995,0.14794667615128335
9.6,47.97793916551392,41.28546131521409,34.99439307621709,5.050620164035882,-3.015525659491132,0.1492899932264985,5.8842541198093095,120.83975580990705,0.1492899932264985,0.04610261394465075,0.2794437848321254,3,camera_only,48.0,41.253332335643044,34.97040092642408,5.0,-3.116820257167995,0.14794667615128335
9.633333333333333,48.14344066295222,41.18881434078765,35.004483836402564,5.037988316815893,-3.000877013531705,0.16523929203700327,5.866335581463891,120.7801364407233,0.16523929203700327,0.04924645947274455,0.29415106146653563,3,camera_only,48.166666666666664,41.14937150492867,34.97512724921042,5.0,-3.1207725826863806,0.13563204315541663
9.633333333333333,48.14802051322933,41.178014773622756,35.00774808100354,5.056090642259384,-3.0555141139314266,0.1845462621149514,5.910522515483521,121.14555264599848,0.1845462621149514,0.04723964800461655,0.2820453274807348,3,camera_only,48.166666666666664,41.14937150492867,34.97512724921042,5.0,-3.1207725826863806,0.13563204315541663
9.633333333333333,48.14818631543528,41.17721293317352,34.98918952096271,5.051031334918009,-3.049150090703529,0.11658864627965412,5.901171640818649,121.11807072781562,0.11658864627965412,0.046056283429260235,0.2792174421206018,3,camera_only,48.166666666666664,41.14937150492867,34.97512724921042,5.0,-3.1207725826863806,0.13563204315541663
9.666666666666666,48.32761594297589,41.06155386898881,34.962313958515004,5.098612213394958,-3.0944312922007673,0.013902075454257215,5.9641885275730075,121.25424974308673,0.013902075454257215,0.04920341893698331,0.29396342976825357,3,camera_only,48.33333333333333,41.045284632676534,34.97944302131861,5.0,-3.1243826803231642,0.12331369173857222
9.666666666666666,48.32943804055227,41.06398642779686,34.96258020502405,5.113554688481719,-3.079409475416889,0.01397116508853591,5.9692042570877595,121.05657164419914,0.01397116508853591,0.04719723269706961,0.28179166715414766,3,camera_only,48.33333333333333,41.045284632676534,34.97944302131861,5.0,-3.1243826803231642,0.12331369173857222
9.666666666666666,48.327514543054086,41.06017828396271,34.96922467404869,5.098225930652394,-3.105839118330758,0.04012353721049374,5.969904033329876,121.34977201947912,0.04012353721049374,0.046001275050294076,0.2789415153061228,3,camera_only,48.33333333333333,41.045284632676534,34.97944302131861,5.0,-3.1243826803231642,0.12331369173857222
9.7,48.50836118574563,40.94302998299612,34.93679229071182,5.144951347768036,-3.1474090513375637,-0.07387898266274551,6.03176310969032,121.45608919957162,-0.07387898266274551,0.04914945077084049,0.2937308993386482,3,camera_only,48.5,40.941083133185145,34.983348124429554,5.0,-3.1276501541904578,0.11099195961457735
9.7,48.51386953721587,40.92542229389003,34.941370297636354,5.161615029788521,-3.23827410895979,-0.04572771309507584,6.09350309298707,122.10317907321831,-0.04572771309507584,0.04714927220767229,0.2815258803247857,3,camera_only,48.5,40.941083133185145,34.983348124429554,5.0,-3.1276501541904578,0.11099195961457735
9.7,48.51313929225993,40.92400952911701,34.94500649587982,5.156076969145335,-3.2487650732187845,-0.031719331643393675,6.0943096679375515,122.2144005880085,-0.031719331643393675,0.04594157287588067,0.27865480077706895,3,camera_only,48.5,40.941083133185145,34.983348124429554,5.0,-3.1276501541904578,0.11099195961457735
9.733333333333333,48.677541599637,40.824557153341026,34.97285005008636,5.124675574457509,-3.2261988846730385,0.06786053111449834,6.056010571208582,122.19214133782786,0.06786053111449834,0.04908984097738496,0.29348739473372426,3,camera_only,48.666666666666664,40.836778433323154,34.98684245148287,5.0,-3.1305746459729304,0.09866718458994296
9.733333333333333,48.66458556492175,40.827333762499634,34.96862851562516,5.040308470334375,-3.2240335556082123,0.047608713844293424,5.983424473781388,122.60501637463469,0.047608713844293424,0.04709915387589965,0.2812677238014476,3,camera_only,48.666666666666664,40.836778433323154,34.98684245148287,5.0,-3.1305746459729304,0.09866718458994296
9.733333333333333,48.663854580999775,40.82531068111678,34.962534127424675,5.031329651134127,-3.2323423660332784,0.026139412424881697,5.980217261815576,122.71843196907021,0.026139412424881697,0.045882538369318555,0.2783813920652864,3,camera_only,48.666666666666664,40.836778433323154,34.98684245148287,5.0,-3.1305746459729304,0.09866718458994296
9.766666666666666,48.82933046435507,40.71925796062076,34.980011234786645,5.0227576848429525,-3.2351960465865384,0.08573390859053082,5.97510991728021,122.78588991418137,0.08573390859053082,0.04903645463883935,0.2932638514720251,3,camera_only,48.83333333333333,40.73238197127632,34.989925906679844,5.0,-3.1331558349671025,0.08633970455460167
9.766666666666666,48.84082706396878,40.721810608541574,34.982866421898464,5.10412509439721,-3.20951667488462,0.09753790180624514,6.030141284240902,122.16202586287876,0.09753790180624514,0.04705554870083389,0.28103505220467095,3,camera_only,48.83333333333333,40.73238197127632,34.989925906679844,5.0,-3.1331558349671025,0.08633970455460167
9.766666666666666,48.8400238666934,40.720285850474085,34.995760733519866,5.100285560678827,-3.2259080847753627,0.14563358089741005,6.036605412959587,122.31317228061798,0.14563358089741005,0.045828935806686386,0.27813049678004786,3,camera_only,48.83333333333333,40.73238197127632,34.989925906679844,5.0,-3.1331558349671025,0.08633970455460167
9.8,49.009370962597174,40.613115592713115,35.00637182746017,5.097740308198751,-3.2279835615533004,0.16643585810632766,6.036102634842803,122.34274808817342,0.16643585810632766,0.048990368257452836,0.29306276825701305,3,camera_only,49.00000000000001,40.62790519529313,34.99259840548598,5.0,-3.1353934381165134,0.07400985747264478
9.8,48.99881196720823,40.62630240416346,35.0022445670987,5.041145710018641,-3.1672304002556086,0.14138044497971095,5.955206705746268,122.14015673595007,0.14138044497971095,0.047018516985794415,0.28080762791165764,3,camera_only,49.00000000000001,40.62790519529313,34.99259840548598,5.0,-3.1353934381165134,0.07400985747264478
9.8,48.997708123901695,40.623433641881874,35.0055756485998,5.030982644188208,-3.1858499818934853,0.15498017919615245,5.956882181913402,122.34387484333644,0.15498017919615245,0.045781308733973326,0.27788337400480845,3,camera_only,49.00000000000001,40.62790519529313,34.99259840548598,5.0,-3.1353934381165134,0.07400985747264478
9.833333333333334,49.17756582324017,40.497575821356484,35.00011363780605,5.087122601881932,-3.2712122863130344,0.12976942131877583,6.049502978874608,122.74255104243754,0.12976942131877583,0.04894842919913121,0.2928602424634178,3,camera_only,49.16666666666667,40.52335956242944,34.99485987463336,5.0,-3.137287210042762,0.06167798137306051
9.833333333333334,49.16708284333411,40.512404128596316,34.99585652238044,5.032599842614755,-3.2015457981833855,0.1034065295655156,5.965538499088622,122.46294440840389,0.1034065295655156,0.046982330141483716,0.2805696082472451,3,camera_only,49.16666666666667,40.52335956242944,34.99485987463336,5.0,-3.137287210042762,0.06167798137306051
9.833333333333334,49.16727698386553,40.511250305771654,34.96407433137268,5.024263466683518,-3.1897485649621493,-0.012635179168356644,5.951292207418604,122.4101935522055,-0.012635179168356644,0.04573273775660204,0.27762221879897264,3,camera_only,49.16666666666667,40.52335956242944,34.99485987463336,5.0,-3.137287210042762,0.06167798137306051
9.866666666666667,49.33161022689469,40.41058401361771,34.96202520634223,5.009215495884296,-3.1621628555599206,-0.02248598881291701,5.92385173928105,122.2629509828946,-0.02248598881291701,0.04890052235816827,0.2926366115269137,3,camera_only,49.333333333333336,40.418756537292,34.99671025212268,5.0,-3.1388369430724166,0.04934441434046049
9.866666666666667,49.34752007866926,40.4128187116124,34.96657928867851,5.123177055154023,-3.1335211242883245,-0.0034646006504569435,6.005489969875521,121.45147006323293,-0.0034646006504569435,0.04694369461336975,0.2803378294614629,3,camera_only,49.333333333333336,40.418756537292,34.99671025212268,5.0,-3.1388369430724166,0.04934441434046049
9.866666666666667,49.34730387954082,40.41215878993761,34.97129824085809,5.122059046162722,-3.1399671953536616,0.014176119502266053,6.007918426763021,121.50947613604649,0.014176119502266053,0.045681712770011505,0.2773677948365801,3,camera_only,49.333333333333336,40.418756537292,34.99671025212268,5.0,-3.1388369430724166,0.04934441434046049
9.9,49.51714795307153,40.31058694920536,34.95824896226446,5.116352174529621,-3.1168665913933338,-0.037342182042860245,5.991102683222647,121.34964922788411,-0.037342182042860245,0.04885686376213317,0.292433701751258,3,camera_only,49.5,40.31410759078128,34.99814948722491,5.0,-3.1400424672597853,0.037009494505814644
9.9,49.500410195850066,40.30911061660994,34.95383218370869,4.996668490315404,-3.142605577662652,-0.05637461919611723,5.903036838488876,122.16743694913467,-0.05637461919611723,0.04690670243013276,0.2800980739772998,3,camera_only,49.5,40.31410759078128,34.99814948722491,5.0,-3.1400424672597853,0.037009494505814644
9.9,49.50000710658334,40.30828432536911,34.96827549310119,4.996442871069913,-3.1555836693649804,-0.003029526303750335,5.909497342097544,122.27511590758769,-0.003029526303750335,0.04563247469284439,0.2771053542230907,3,camera_only,49.5,40.31410759078128,34.99814948722491,5.0,-3.1400424672597853,0.037009494505814644
9.933333333333334,49.66442517104382,40.20590984008807,34.97701057412284,4.98721145090233,-3.1479613306235907,0.027327045317380106,5.8976847459421355,122.26039565284611,0.027327045317380106,0.04881307941968384,0.2922188789387974,3,camera_only,49.66666666666667,40.20942419883357,34.999177540482684,5.0,-3.1409036504055567,0.024673560037181706
9.933333333333334,49.662112738282495,40.20008282891614,34.9767503544901,4.963483706822691,-3.181961077607428,0.02914093176711023,5.895921980590246,122.66288240841668,0.02914093176711023,0.04687007522803696,0.27986622584023496,3,camera_only,49.66666666666667,40.20942419883357,34.999177540482684,5.0,-3.1409036504055567,0.024673560037181706
9.933333333333334,49.66069869269284,40.19491213755585,34.97931814711325,4.947607695287693,-3.2129123406181845,0.041143624043436466,5.899433906127439,122.9991718955065,0.041143624043436466,0.04558550045024779,0.2768540955443781,3,camera_only,49.66666666666667,40.20942419883357,34.999177540482684,5.0,-3.1409036504055567,0.024673560037181706
9.966666666666667,49.83031554393659,40.081164912522375,34.96331929997288,4.968231358363997,-3.2332903937375663,-0.017781919833280257,5.927715057013112,123.05579826500507,-0.017781919833280257,0.04877166826204552,0.29201246062952163,3,camera_only,49.833333333333336,40.104717841162454,34.999794383711404,5.0,-3.1414203980712943,0.012336949130437112
9.966666666666667,49.829912124696875,40.08189945433859,34.963016867909495,4.96623230076359,-3.229666798146999,-0.019383992789399142,5.924068418863608,123.0369704451638,-0.019383992789399142,0.046831253522861244,0.27960935916758206,3,camera_only,49.833333333333336,40.104717841162454,34.999794383711404,5.0,-3.1414203980712943,0.012336949130437112
9.966666666666667,49.8307051242193,40.0845554444774,34.95611151407279,4.973571647630762,-3.210597327852608,-0.04599513197574812,5.920005547961619,122.84351795484112,-0.04599513197574812,0.045533896787849984,0.2765732214437175,3,camera_only,49.833333333333336,40.104717841162454,34.999794383711404,5.0,-3.1414203980712943,0.012336949130437112
10.0,49.99193658282997,39.98404164062085,34.97245746732565,4.9535745397078905,-3.1911275846187945,0.014889053250211226,5.892488240604635,122.78991935899766,0.014889053250211226,0.04872289292353492,0.2917771227132255,3,camera_only,50.0,40.0,35.0,5.0,-3.141592653589793,1.4427530202913423e-16
10.0,50.00571620079708,39.98500521800972,34.976032301323684,5.05434693375524,-3.171084476886248,0.03021951470111979,5.966834412431662,122.10405603684487,0.03021951470111979,0.04679245407731472,0.2793697495537732,3,camera_only,50.0,40.0,35.0,5.0,-3.141592653589793,1.4427530202913423e-16
10.0,50.00548608011737,39.98413539412977,34.98004173893489,5.05253975961081,-3.1782570215218056,0.04533350948539683,5.969215262024229,122.1715951662711,0.04533350948539683,0.045484070609732974,0.2763126701600803,3,camera_only,50.0,40.0,35.0,5.0,-3.141592653589793,1.4427530202913423e-16
10.033333333333333,50.17442522156138,39.876889895257925,34.98439231794615,5.055290517252871,-3.1861817154020042,0.05654886546584342,5.975860934758634,122.22186907406882,0.05654886546584342,0.048681935969446526,0.29157137044987086,3,camera_only,50.16666666666667,39.89528215883754,34.999794383711404,5.0,-3.1414203980712943,-0.012336949130437348
10.033333333333333,50.17708302468637,39.883407863443686,34.985040288853725,5.083059088244722,-3.1483068344159117,0.05580510911873557,5.979334396772015,121.77293388475688,0.05580510911873557,0.046758366400679395,0.2791320979309838,3,camera_only,50.16666666666667,39.89528215883754,34.999794383711404,5.0,-3.1414203980712943,-0.012336949130437348
10.033333333333333,50.1775968370203,39.886186270037165,34.995602974672714,5.092832418386571,-3.13860583895674,0.09299058375756579,5.983012276668846,121.64465751785642,0.09299058375756579,0.045437496337723524,0.2760505118028558,3,camera_only,50.16666666666667,39.89528215883754,34.999794383711404,5.0,-3.1414203980712943,-0.012336949130437348
10.066666666666666,50.352655667590476,39.77370491817879,34.976621199080085,5.116230918567684,-3.1620525035792206,0.017668734141745926,6.014541298525242,121.71786258277385,0.017668734141745926,0.048644144485731226,0.29136407403329545,3,camera_only,50.33333333333333,39.79057580116643,34.999177540482684,5.0,-3.1409036504055567,-0.02467356003718142
10.066666666666666,50.350220087521166,39.77892779269826,34.97606062650754,5.105094752018921,-3.136743496565511,0.012245334791407988,5.9917695331647485,121.56797753845794,0.012245334791407988,0.046727346718808085,0.27889877129533014,3,camera_only,50.33333333333333,39.79057580116643,34.999177540482684,5.0,-3.1409036504055567,-0.02467356003718142
10.066666666666666,50.350268438326516,39.779150842218634,34.978029899253514,5.1061893178164475,-3.136574671173061,0.01932827420415761,5.992632443209821,121.56112359255317,0.01932827420415761,0.04539234352861626,0.27578931266525797,3,camera_only,50.33333333333333,39.79057580116643,34.999177540482684,5.0,-3.1409036504055567,-0.02467356003718142
10.1,50.526878264140905,39.66224635071626,34.976264986114124,5.136791806107763,-3.193482747244523,0.018583439888386514,6.048578962077157,121.86872823029199,0.018583439888386514,0.04860516288672014,0.29115253811857283,3,camera_only,50.5,39.68589240921872,34.99814948722491,5.0,-3.1400424672597853,-0.03700949450581436
10.1,50.51571115780139,39.66131905344214,34.97408689471962,5.052787723632906,-3.210957073338981,0.009092646822552898,5.986734651138907,122.43523533114063,0.009092646822552898,0.04669389628770749,0.27865459636256323,3,camera_only,50.5,39.68589240921872,34.99814948722491,5.0,-3.1400424672597853,-0.03700949450581436
10.1,50.51551567963208,39.660105887572314,34.968157715737874,5.048434658644127,-3.214425824872948,-0.01192500052946945,5.984928411589149,122.48561390638818,-0.01192500052946945,0.04534485360050742,0.27551745218080825,3,camera_only,50.5,39.68589240921872,34.99814948722491,5.0,-3.1400424672597853,-0.03700949450581436
10.133333333333333,50.68372601720819,39.55501017756979,34.94980073198687,5.046621508055362,-3.193690010051615,-0.07863504270899624,5.972790637199023,122.32715202159628,-0.07863504270899624,0.048563539588823416,0.29093059629366425,3,camera_only,50.66666666666666,39.58124346270801,34.99671025212268,5.0,-3.1388369430724166,-0.04934441434045968
10.133333333333333,50.67852048595102,39.551872242588416,34.9487817371317,5.003542815683285,-3.2162701711868054,-0.08152649649221175,5.948653720975201,122.73285161725552,-0.08152649649221175,0.04665785965157726,0.2784071514771904,3,camera_only,50.66666666666666,39.58124346270801,34.99671025212268,5.0,-3.1388369430724166,-0.04934441434045968
10.133333333333333,50.67833242218164,39.55067438114931,34.94979556283988,5.000805412737698,-3.2234555031573944,-0.07719227047862501,5.950183089916141,122.80531284173841,-0.07719227047862501,0.04529415080588226,0.27524174339630275,3,camera_only,50.66666666666666,39.58124346270801,34.99671025212268,5.0,-3.1388369430724166,-0.04934441434045968
10.166666666666666,50.84248199008936,39.4486700367065,34.94513854604793,4.988315099999635,-3.1963988754732013,-0.08825339452007848,5.925203960173442,122.65082503072918,-0.08825339452007848,0.04851883320541075,0.29070605499214225,3,camera_only,50.83333333333333,39.476640437570566,34.99485987463336,5.0,-3.137287210042762,-0.06167798137306023
10.166666666666666,50.83788851298359,39.445571055859844,34.944180598649446,4.949503294110804,-3.218009716860654,-0.09080118254579253,5.904355532229999,123.03064239641398,-0.09080118254579253,0.046619569589404324,0.2781575573345391,3,camera_only,50.83333333333333,39.476640437570566,34.99485987463336,5.0,-3.137287210042762,-0.06167798137306023
10.166666666666666,50.83796676418213,39.44626749893873,34.950500714131984,4.9523619691260325,-3.217665596177547,-0.06812069775133864,5.9062595093284385,123.01272632514966,-0.06812069775133864,0.04524261021093881,0.2749664182902519,3,camera_only,50.83333333333333,39.476640437570566,34.99485987463336,5.0,-3.137287210042762,-0.06167798137306023
10.2,50.99836856612419,39.34696719502277,34.966856701109926,4.931104753614988,-3.1912260477278576,-0.005395924623771559,5.8736485164524135,122.90942959343664,-0.005395924623771559,0.04847540625872205,0.2904856714740329,3,camera_only,51.0,39.37209480470687,34.99259840548598,5.0,-3.1353934381165134,-0.07400985747264502
10.2,51.004431509884604,39.35705271931895,34.9659252503304,4.990156306679686,-3.129664319984999,-0.013414733425448586,5.8903852739829405,122.09460421546568,-0.013414733425448586,0.04658403770300251,0.27792111732570235,3,camera_only,51.0,39.37209480470687,34.99259840548598,5.0,-3.1353934381165134,-0.07400985747264502
10.2,51.004734506554705,39.359357753837756,34.98122839302225,4.998686017747371,-3.1254029275737305,0.04114231074712305,5.895481155380206,122.01547223829401,0.04114231074712305,0.04519530281165727,0.2747064860355587,3,camera_only,51.0,39.37209480470687,34.99259840548598,5.0,-3.1353934381165134,-0.07400985747264502
10.233333333333333,51.16443017326865,39.27002869520582,34.981820083195025,4.964687154314871,-3.0545215479548036,0.02897988202926745,5.829156050467488,121.60188896323453,0.02897988202926745,0.048440386654620186,0.2902863998233916,3,camera_only,51.16666666666666,39.26761802872369,34.989925906679844,5.0,-3.133155834967103,-0.08633970455460034
10.233333333333333,51.166165213554144,39.252371698760236,34.983497778669644,4.955341228242784,-3.147094555825097,0.04516564637218033,5.870404651064429,122.41927882596808,0.04516564637218033,0.04655924141007762,0.2777214134989374,3,camera_only,51.16666666666666,39.26761802872369,34.989925906679844,5.0,-3.133155834967103,-0.08633970455460034
10.233333333333333,51.166040311399414,39.250764505163204,34.98400437695059,4.9523912326776,-3.1560573040137094,0.047884372151386315,5.872748039956813,122.50852587684328,0.047884372151386315,0.04515709574448414,0.27447860070801844,3,camera_only,51.16666666666666,39.26761802872369,34.989925906679844,5.0,-3.133155834967103,-0.08633970455460034
10.266666666666666,51.326522841769844,39.15561127847208,34.985833843045576,4.929834712310078,-3.108495385924308,0.042479795654126185,5.828191691086432,122.23338224428339,0.042479795654126185,0.0484118964692133,0.2901083862357645,3,camera_only,51.33333333333333,39.16322156667685,34.98684245148287,5.0,-3.1305746459729304,-0.09866718458994214
10.266666666666666,51.3238757257357,39.162645700106694,34.9841217345566,4.918098561669402,-3.073490552538092,0.03195199999159812,5.799573998936388,122.00269353952875,0.03195199999159812,0.04653228532118527,0.277489187368545,3,camera_only,51.33333333333333,39.16322156667685,34.98684245148287,5.0,-3.1305746459729304,-0.09866718458994214
10.266666666666666,51.323970514944484,39.163880175846145,34.976623447697925,4.9189380056853755,-3.0627514927218065,0.003978209535262796,5.794515824130329,121.90824550153295,0.003978209535262796,0.04511573139247161,0.2742168855034661,3,camera_only,51.33333333333333,39.16322156667685,34.98684245148287,5.0,-3.1305746459729304,-0.09866718458994214
10.3,51.48980948431107,39.058629036961456,34.96641787682042,4.9275281786339855,-3.0715817379728816,-0.03162894513472454,5.806560833613198,121.93740939831198,-0.03162894513472454,0.04837978184424868,0.2899016148215092,3,camera_only,51.5,39.05891686681486,34.983348124429554,5.0,-3.1276501541904578,-0.11099195961457706
10.3,51.4842279841343,39.05938230952387,34.96495319326904,4.884481431385902,-3.0734708703338653,-0.03816060454269176,5.771121058865734,122.17940657236372,-0.03816060454269176,0.04650535755174271,0.2772608351320722,3,camera_only,51.5,39.05891686681486,34.983348124429554,5.0,-3.1276501541904578,-0.11099195961457706
10.3,51.483832966697605,39.05567015011437,34.949690254573746,4.873616065888286,-3.0852529251482914,-0.09170177392034738,5.768823830310702,122.33594187013445,-0.09170177392034738,0.04507283084706477,0.2739557947646943,3,camera_only,51.5,39.05891686681486,34.983348124429554,5.0,-3.1276501541904578,-0.11099195961457706
10.333333333333334,51.647767104671416,38.950011547081246,34.94019432319275,4.880498499957515,-3.0948469477122913,-0.11336494314026044,5.780155261598501,122.37981262419851,-0.11336494314026044,0.048344055344016416,0.28969207652009515,3,camera_only,51.66666666666667,38.954715367323466,34.97944302131861,5.0,-3.1243826803231642,-0.12331369173857193
10.333333333333334,51.65227569588973,38.9694354809711,34.939571268898476,4.941056795540134,-2.9868728222805228,-0.125783749457214,5.7750561092390145,121.1529957179958,-0.125783749457214,0.046472522645211005,0.2770139156319869,3,camera_only,51.66666666666667,38.954715367323466,34.97944302131861,5.0,-3.1243826803231642,-0.12331369173857193
10.333333333333334,51.65222692288335,38.969063176033345,34.936301806517626,4.9395739557763685,-2.9871171652201314,-0.13747484835108373,5.7741803883552265,121.16268521955725,-0.13747484835108373,0.045024278866434723,0.2736771681156127,3,camera_only,51.66666666666667,38.954715367323466,34.97944302131861,5.0,-3.1243826803231642,-0.12331369173857193
10.366666666666667,51.82526180425395,38.849112793609685,34.93608769276818,4.981441841046227,-3.0867281059709324,-0.10928050980494985,5.861279335242448,121.78423961346506,-0.10928050980494985,0.04830588219808422,0.28947578762672804,3,camera_only,51.83333333333333,38.850628495071334,34.97512724921042,5.0,-3.120772582686381,-0.13563204315541583
10.366666666666667,51.825820543503916,38.85268435229922,34.936509210304855,4.990551461567469,-3.067548207099463,-0.10965357219662461,5.8589657619180375,121.57784436819334,-0.10965357219662461,0.04643993693553995,0.2767728945211774,3,camera_only,51.83333333333333,38.850628495071334,34.97512724921042,5.0,-3.120772582686381,-0.13563204315541583
10.366666666666667,51.826059882268,38.85521400183357,34.948726039811525,4.99793727346411,-3.060601765298347,-0.06661532491663238,5.860980955159552,121.48217698046945,-0.06661532491663238,0.04497579966052394,0.2734024719796907,3,camera_only,51.83333333333333,38.850628495071334,34.97512724921042,5.0,-3.120772582686381,-0.13563204315541583
10.4,51.99640322415469,38.74377763435995,34.94858368617252,5.016704386651,-3.106709727905075,-0.053426495100170376,5.901001832475744,121.76881613691533,-0.053426495100170376,0.04826989129859986,0.28926690006219113,3,camera_only,52.0,38.746667664356956,34.97040092642408,5.0,-3.1168202571679955,-0.14794667615128307
10.4,52.00714335494228,38.745413323691984,34.94976402612196,5.105901238247386,-3.0864530234187746,-0.04879389652083686,5.966473042329511,121.15243360084405,-0.04879389652083686,0.04640948955887832,0.27653929843919905,3,camera_only,52.0,38.746667664356956,34.97040092642408,5.0,-3.1168202571679955,-0.14794667615128307
10.4,52.00738671370462,38.749975805160304,34.959693577915786,5.115406156085519,-3.0676620820918856,-0.01521210617692697,5.964743263527466,120.95072898445143,-0.01521210617692697,0.04492969975799191,0.273134995016521,3,camera_only,52.0,38.746667664356956,34.97040092642408,5.0,-3.1168202571679955,-0.14794667615128307
10.433333333333334,52.17949617040976,38.64323875671416,34.96358429611011,5.123620303800837,-3.091609960216252,0.0034029531249515667,5.984108015712825,121.10692435436971,0.0034029531249515667,0.048237773886129466,0.28906684667756744,3,camera_only,52.16666666666667,38.642844275656955,34.96526418253408,5.0,-3.1125261371850397,-0.16025725311428887
10.433333333333334,52.179540513553775,38.63510547164134,34.9641510279568,5.1139103684774,-3.1342796370630692,0.009957341482620664,5.997990267479455,121.50383893632647,0.009957341482620664,0.0463832449845988,0.2763166849248757,3,camera_only,52.16666666666667,38.642844275656955,34.96526418253408,5.0,-3.1125261371850397,-0.16025725311428887
10.433333333333334,52.17973408858311,38.641561952109726,34.959666665865804,5.122799062270968,-3.097972097176671,-0.009871413258129152,5.986701829228615,121.1631183958227,-0.009871413258129152,0.04488638781002025,0.2728747176954213,3,camera_only,52.16666666666667,38.642844275656955,34.96526418253408,5.0,-3.1125261371850397,-0.16025725311428887
10.466666666666667,52.35621447726366,38.52568882117572,34.934189428230525,5.150497880078886,-3.1436223105657453,-0.0936321544222076,6.034795491524593,121.39793309522614,-0.0936321544222076,0.04820851795199513,0.28887262011133497,3,camera_only,52.33333333333333,38.53916971437589,34.95971715836687,5.0,-3.10789069363616,-0.17256343654374617
10.466666666666667,52.34374791880836,38.52213771753492,34.933771371094885,5.042801395270554,-3.1755154590655077,-0.09439185126196961,5.960088435962283,122.19913712163826,-0.09439185126196961,0.04635506703634259,0.2760714397268471,3,camera_only,52.33333333333333,38.53916971437589,34.95971715836687,5.0,-3.10789069363616,-0.17256343654374617
10.466666666666667,52.343574352665954,38.52101016848172,34.91845768861727,5.037445615408422,-3.173312946794054,-0.14936506000048597,5.955508652301434,122.20866581127558,-0.14936506000048597,0.044837895468841545,0.2725860001086822,3,camera_only,52.33333333333333,38.53916971437589,34.95971715836687,5.0,-3.10789069363616,-0.17256343654374617
10.5,52.5084818026223,38.423070116333754,34.918537604421495,5.0225108318335,-3.1387128227025762,-0.13559462927374286,5.924147123660106,122.00245905052438,-0.13559462927374286,0.048169789636404545,0.2886457635767098,3,camera_only,52.5,38.435655349597695,34.95376000599692,5.0,-3.1029144348499784,-0.18486488905942183
10.5,52.501222167764126,38.40849001147719,34.91821531359819,4.9439622507015315,-3.2216506724677383,-0.12933876020704071,5.90241681912295,123.08960681516817,-0.12933876020704071,0.04632220570531127,0.2758309077978604,3,camera_only,52.5,38.435655349597695,34.95376000599692,5.0,-3.1029144348499784,-0.18486488905942183
10.5,52.50132509842345,38.407585915240226,34.934274873667334,4.946277603359815,-3.2348490374292136,-0.07057485880642442,5.910574526655693,123.1845521120211,-0.07057485880642442,0.044786750786404386,0.27230664087926926,3,camera_only,52.5,38.435655349597695,34.95376000599692,5.0,-3.1029144348499784,-0.18486488905942183
10.533333333333333,52.66430832622692,38.30578677826638,34.92595233307008,4.936454377170259,-3.2025556482090414,-0.09568511848011084,5.885074352942161,122.97374318399868,-0.09568511848011084,0.04813328391662598,0.2884355721703236,3,camera_only,52.666666666666664,38.33231253283898,34.94739288874257,5.0,-3.097597906529348,-0.19716127341077963
10.533333333333333,52.66270308143944,38.29922656015111,34.92554827277293,4.915004857421361,-3.2377666207689737,-0.0936537840029538,5.886355109089103,123.37495244910353,-0.0936537840029538,0.04628908332169908,0.27558133821501835,3,camera_only,52.666666666666664,38.33231253283898,34.94739288874257,5.0,-3.097597906529348,-0.19716127341077963
10.533333333333333,52.662513225339744,38.296544353781044,34.91160450432788,4.908103196893863,-3.244289367790505,-0.14274736225313997,5.885173515092695,123.46497287251202,-0.14274736225313997,0.04473655283735914,0.2720200195864944,3,camera_only,52.666666666666664,38.33231253283898,34.94739288874257,5.0,-3.097597906529348,-0.19716127341077963
10.566666666666666,52.822728672185875,38.197674065554345,34.914865533178386,4.890911232211505,-3.2044129822117386,-0.11900257833741326,5.848370444456365,123.23189847515697,-0.11900257833741326,0.048094366543390374,0.28821214731484207,3,camera_only,52.83333333333333,38.22915259680417,34.94061598116154,5.0,-3.0919416916915106,-0.20945225248623203
10.566666666666666,52.8290242326051,38.207280663729584,34.91579760336356,4.956208778348077,-3.1493823252152353,-0.12050555684767152,5.873426263620225,122.43358388590654,-0.12050555684767152,0.04625459909982854,0.2753328456277329,3,camera_only,52.83333333333333,38.22915259680417,34.94061598116154,5.0,-3.0919416916915106,-0.20945225248623203
10.566666666666666,52.828895716631294,38.20412489753036,34.91019519786215,4.950642693184262,-3.1626917355287145,-0.13908197057999036,5.876293549857833,122.57225823847439,-0.13908197057999036,0.0446841574020523,0.27173254070645514,3,camera_only,52.83333333333333,38.22915259680417,34.94061598116154,5.0,-3.0919416916915106,-0.20945225248623203
10.6,52.99362247704349,38.100612483220694,34.89573042751093,4.948886030536415,-3.1479659027651796,-0.17575282325502659,5.86788303590765,122.46027064193343,-0.17575282325502659,0.04805740740320544,0.28799805441121457,3,camera_only,53.0,38.12618685414275,34.9334294690462,5.0,-3.0859464106041634,-0.22173748932237844
10.6,53.00213953593402,38.08027562516244,34.89720092073166,5.000121407395956,-3.244436212463204,-0.15880219249283198,5.962616754561911,122.9783896072016,-0.15880219249283198,0.0462225116852584,0.27509916341614604,3,camera_only,53.0,38.12618685414275,34.9334294690462,5.0,-3.0859464106041634,-0.22173748932237844
10.6,53.00204419153491,38.07700853051509,34.892646645696466,4.994982399521891,-3.258780341825091,-0.17351330283437066,5.9665404845739225,123.12086238818607,-0.17351330283437066,0.04463156709250522,0.27145273826153604,3,camera_only,53.0,38.12618685414275,34.9334294690462,5.0,-3.0859464106041634,-0.22173748932237844
10.633333333333333,53.171373149405774,37.95833379141035,34.89555528448354,5.009993635216147,-3.3119226617244655,-0.1364105089932752,6.007285224551451,123.46722537250855,-0.1364105089932752,0.04801945136035506,0.2877897177042382,3,camera_only,53.166666666666664,38.02342659620874,34.9258335494184,5.0,-3.079612720717439,-0.2340166471132442
10.633333333333333,53.17411773267844,37.955692131449766,34.89556724259548,5.031219523614797,-3.322846016967103,-0.13479999172126436,6.030973933374684,123.44258555559276,-0.13479999172126436,0.04618264135432279,0.2748140579685895,3,camera_only,53.166666666666664,38.02342659620874,34.9258335494184,5.0,-3.079612720717439,-0.2340166471132442
10.633333333333333,53.174199191116756,37.959720722858776,34.90027155895518,5.0369505269613315,-3.304790432184617,-0.11996545379460943,6.025520900454929,123.26925557967876,-0.11996545379460943,0.04457117475259201,0.27112081356062223,3,camera_only,53.166666666666664,38.02342659620874,34.9258335494184,5.0,-3.079612720717439,-0.2340166471132442
10.666666666666666,53.337301910452005,37.86202645693774,34.9353641197138,5.01223898042542,-3.266613850828521,0.01458489541389979,5.982768453357946,123.09339224209891,0.01458489541389979,0.047976286845801464,0.28754278612139866,3,camera_only,53.333333333333336,37.92088309182241,34.917828430524104,5.0,-3.0729413165918062,-0.24628938921951768
10.666666666666666,53.34199434452559,37.86048842081949,34.93665147737081,5.052516396461444,-3.2710129444766074,0.020239302220047377,6.018958153102545,122.91913022393216,0.020239302220047377,0.046150321406158774,0.2745931254590529,3,camera_only,53.333333333333336,37.92088309182241,34.917828430524104,5.0,-3.0729413165918062,-0.24628938921951768
10.666666666666666,53.34212230937827,37.86230253761005,34.94591580752054,5.056706345703142,-3.266640720418986,0.05279043508643975,6.020299618209256,122.86252737592157,0.05279043508643975,0.04452074168549149,0.27085699254416584,3,camera_only,53.333333333333336,37.92088309182241,34.917828430524104,5.0,-3.0729413165918062,-0.24628938921951768
10.7,53.50782761568509,37.76370072172775,34.94824982610241,5.041470272125219,-3.21740915347994,0.04921590825369193,5.9808499706349485,122.5455572415512,0.04921590825369193,0.047949385445150566,0.28736492137398734,3,camera_only,53.49999999999999,37.81856758603458,34.9094143318277,5.0,-3.0659329298219085,-0.258555379177773
10.7,53.49569867337628,37.78883992800265,34.947335209357824,4.957504877517209,-3.1000433757379215,0.0319835030354117,5.847063065037857,122.01870225250569,0.0319835030354117,0.046128623583826404,0.2743959139954641,3,camera_only,53.49999999999999,37.81856758603458,34.9094143318277,5.0,-3.0659329298219085,-0.258555379177773
10.7,53.49588410345219,37.79191042470431,34.956898080787134,4.963374695129839,-3.0894842873754644,0.06492228348822543,5.846726984312541,121.90046287363208,0.06492228348822543,0.04447776232673547,0.2706101765136637,3,camera_only,53.49999999999999,37.81856758603458,34.9094143318277,5.0,-3.0659329298219085,-0.258555379177773
10.733333333333333,53.66173890049333,37.68895466160785,34.944205766226844,4.965532165925793,-3.081196373761901,0.011172176144188958,5.843834836992484,121.82029856423402,0.011172176144188958,0.047929312247925945,0.2872003827660248,3,camera_only,53.666666666666664,37.716491298893445,34.90059148400594,5.0,-3.058588328956331,-0.2708142807097004
10.733333333333333,53.658314378592365,37.68770425034975,34.94413297802351,4.933127940332745,-3.0899811619027258,0.01156048322264481,5.820985183057731,122.06194305344557,0.01156048322264481,0.04611552315320046,0.27423286341716424,3,camera_only,53.666666666666664,37.716491298893445,34.90059148400594,5.0,-3.058588328956331,-0.2708142807097004
10.733333333333333,53.65802978017914,37.68544254013286,34.92288416404377,4.926091649749256,-3.0903149273558808,-0.06407760911109907,5.815542213066407,122.10153125684145,-0.06407760911109907,0.04444164268738268,0.2703936690239914,3,camera_only,53.666666666666664,37.716491298893445,34.90059148400594,5.0,-3.058588328956331,-0.2708142807097004
10.766666666666666,53.82305449367228,37.57876205009515,34.92342620603287,4.930629499127344,-3.1094970866251193,-0.05241908622415048,5.829479149117478,122.2375439157159,-0.05241908622415048,0.04791114683768986,0.28705064955345977,3,camera_only,53.833333333333336,37.614665424214195,34.891360128941685,5.0,-3.0509083194133266,-0.2830657577313212
10.766666666666666,53.82307170167787,37.60021554770509,34.92379260794537,4.950072818241191,-3.0025565922346957,-0.06267117149293074,5.789861368910193,121.23966679856048,-0.06267117149293074,0.04609463715226897,0.27401265812096837,3,camera_only,53.833333333333336,37.614665424214195,34.891360128941685,5.0,-3.0509083194133266,-0.2830657577313212
10.766666666666666,53.82313472108509,37.602424677764,34.92489380741238,4.952744222491289,-2.9920633400945267,-0.059881943255501856,5.786683351600165,121.13711106094874,-0.059881943255501856,0.04439703722356064,0.2701191585217046,3,camera_only,53.833333333333336,37.614665424214195,34.891360128941685,5.0,-3.0509083194133266,-0.2830657577313212
10.8,53.99031653273357,37.49659971841269,34.894268420399094,4.964523669463294,-3.0060622805268586,-0.16013052050910492,5.805906258515216,121.19527007900317,-0.16013052050910492,0.04788805568146186,0.2868616150243944,3,camera_only,54.0,37.51310112835145,34.88172051971716,5.0,-3.042893743392486,-0.2953094743622042
10.8,53.99267087759555,37.49697596119896,34.89387930053429,4.986708096031028,-3.0025815107744354,-0.16178443433516768,5.823137261567775,121.0528591078585,-0.16178443433516768,0.046074608830511475,0.27381753761906913,3,camera_only,54.0,37.51310112835145,34.88172051971716,5.0,-3.042893743392486,-0.2953094743622042
10.8,53.99274630135277,37.49831878995911,34.89690796969577,4.9888038064688995,-2.997450325377732,-0.15156034973963248,5.822013604600976,120.99894166774055,-0.15156034973963248,0.04435127241110063,0.26986452726736093,3,camera_only,54.0,37.51310112835145,34.88172051971716,5.0,-3.042893743392486,-0.2953094743622042
10.833333333333334,54.1607125306743,37.39182835549875,34.878954754298235,4.998446599935572,-3.0223942815608953,-0.19471446815214996,5.844420358746216,121.15995698385638,-0.19471446815214996,0.047862804812688606,0.28668989513754123,3,camera_only,54.16666666666667,37.41180954897479,34.87167292060715,5.0,-3.034545479782387,-0.307545094934673
10.833333333333334,54.158514348728,37.377520985304216,34.878297831429805,4.966808371579139,-3.0940166452209725,-0.18935996803329305,5.854740096570183,121.92037175281706,-0.18935996803329305,0.046048378252428426,0.27359900388051345,3,camera_only,54.16666666666667,37.41180954897479,34.87167292060715,5.0,-3.034545479782387,-0.307545094934673
10.833333333333334,54.15863724247867,37.38128428854252,34.87643199906518,4.970684499451938,-3.0743449037398975,-0.1981198031053332,5.847952841518623,121.73659544455599,-0.1981198031053332,0.04429898380314575,0.2695846626879532,3,camera_only,54.16666666666667,37.41180954897479,34.87167292060715,5.0,-3.034545479782387,-0.307545094934673
10.866666666666667,54.321774417601134,37.29066803629761,34.883922744359054,4.9556301466848005,-3.0242674741788402,-0.15339939267665964,5.8075808457378235,121.39442271215107,-0.15339939267665964,0.04783185207587687,0.2864992121793763,3,camera_only,54.333333333333336,37.31080179384735,34.86121760707165,5.0,-3.0258644440642115,-0.31977228400300783
10.866666666666667,54.33092064065171,37.31950330043886,34.88487811797975,5.062328935902965,-2.878667911902524,-0.16574089117326118,5.825922523112077,119.62450747902489,-0.16574089117326118,0.04602031348994011,0.27338913006866133,3,camera_only,54.333333333333336,37.31080179384735,34.86121760707165,5.0,-3.0258644440642115,-0.31977228400300783
10.866666666666667,54.33073450109583,37.31819966039922,34.87241731880523,5.058757750611126,-2.8786752986974333,-0.21005317991892672,5.824253067397823,119.64194790028547,-0.21005317991892672,0.04424782577921087,0.2693199654003717,3,camera_only,54.333333333333336,37.31080179384735,34.86121760707165,5.0,-3.0258644440642115,-0.31977228400300783
10.9,54.49858693431221,37.2272555379307,34.86245483036025,5.054187384391414,-2.852744729860725,-0.223354695079797,5.807998788748466,119.44177011438829,-0.223354695079797,0.04780727313850183,0.2863328563530968,3,camera_only,54.50000000000001,37.21008893960771,34.850354865748365,5.0,-3.0168515882113502,-0.331990706352646
10.9,54.496463521624975,37.22255875783358,34.8627083374787,5.031007676874774,-2.876660508505589,-0.21981857476298733,5.799528785322078,119.760323509818,-0.21981857476298733,0.04600057343039527,0.2732403266198242,3,camera_only,54.50000000000001,37.21008893960771,34.850354865748365,5.0,-3.0168515882113502,-0.331990706352646
10.9,54.4963033400302,37.22186895773749,34.85352030783778,5.0284696986218185,-2.8753252642717535,-0.25262900492261686,5.798001750555567,119.76131903413575,-0.25262900492261686,0.04419987146889895,0.26910359479082535,3,camera_only,54.50000000000001,37.21008893960771,34.850354865748365,5.0,-3.0168515882113502,-0.331990706352646
10.933333333333334,54.663857920909265,37.126545067622175,34.845230102543496,5.028152648910004,-2.872854876033897,-0.2524261886643123,5.796493179519495,119.74165811979172,-0.2524261886643123,0.047786624510499,0.2862099799811795,3,camera_only,54.666666666666664,37.109682030555284,34.839084994444825,5.0,-3.007507900585015,-0.34420002700936503
10.933333333333334,54.656786028119356,37.11392204331188,34.845067726348894,4.953296306331812,-2.9362043997771408,-0.24581283403424053,5.763407371075461,120.65852365786994,-0.24581283403424053,0.04597768826868407,0.2730550399375221,3,camera_only,54.666666666666664,37.109682030555284,34.839084994444825,5.0,-3.007507900585015,-0.34420002700936503
10.933333333333334,54.656685894545014,37.11188519402027,34.84893909838013,4.951494819223133,-2.9482218657821004,-0.2307509982657205,5.767370209885078,120.77043873181321,-0.2307509982657205,0.0441481740396713,0.26884904463856985,3,camera_only,54.666666666666664,37.109682030555284,34.839084994444825,5.0,-3.007507900585015,-0.34420002700936503
10.966666666666667,54.82141637197708,37.01357467351288,34.85627591226352,4.949033432084,-2.9561990391262807,-0.17643436949396607,5.767423493862316,120.8510783340674,-0.17643436949396607,0.047761615114193315,0.2860520765411041,3,camera_only,54.833333333333336,37.00959207743913,34.82740830213025,5.0,-2.997834405825846,-0.35639991124847265
10.966666666666667,54.827314617038724,37.02035206043178,34.8568410906748,5.009363761600099,-2.9227206758334066,-0.17849360523090632,5.802403072183516,120.26148736622385,-0.17849360523090632,0.04595235014849664,0.27285313978288733,3,camera_only,54.833333333333336,37.00959207743913,34.82740830213025,5.0,-2.997834405825846,-0.35639991124847265
10.966666666666667,54.827654629982376,37.023948731720736,34.85772057689521,5.0142048329930535,-2.9055356411462903,-0.17723259637413025,5.797913319669395,120.09061475135019,-0.17723259637413025,0.04409616315703987,0.26858193614159537,3,camera_only,54.833333333333336,37.00959207743913,34.82740830213025,5.0,-2.997834405825846,-0.35639991124847265
11.0,54.99611694235223,36.91603108274047,34.84565396136819,5.023554338561051,-2.9565066666985076,-0.19386518420625992,5.832204863716261,120.47803912272121,-0.19386518420625992,0.04773767912041397,0.2858864197148474,3,camera_only,55.00000000000001,36.90983005625052,34.81532510892706,5.0,-2.9878321647415556,-0.3685900246039794
11.0,55.00147851921565,36.9213540825898,34.84511854801847,5.077897704359572,-2.9302921139082128,-0.19914961887780436,5.866116052335825,119.98786755043257,-0.19914961887780436,0.04592852827483703,0.27267458936067646,3,camera_only,55.00000000000001,36.90983005625052,34.81532510892706,5.0,-2.9878321647415556,-0.3685900246039794
11.0,55.00104207610137,36.91915410551761,34.82782422888922,5.072330630827007,-2.9321399763602245,-0.2604031476280885,5.864622124970223,120.03073062995506,-0.2604031476280885,0.04404171305598534,0.2683284395190956,3,camera_only,55.00000000000001,36.90983005625052,34.81532510892706,5.0,-2.9878321647415556,-0.3685900246039794
11.033333333333333,55.16913769314092,36.83028059354101,34.8297593364194,5.064628819616219,-2.8940821615534937,-0.22651890324068452,5.837592607559617,119.74495421599478,-0.22651890324068452,0.047710229957242146,0.2857332110537645,3,camera_only,55.166666666666664,36.810406907019306,34.80283574610211,5.0,-2.9775022741905937,-0.3807700328777685
11.033333333333333,55.17934778071718,36.83386965034351,34.8299987114715,5.1665126412044735,-2.8781237161101068,-0.22878260776644488,5.918512522465209,119.12099069932707,-0.22878260776644488,0.04590324460044499,0.27251464364506495,3,camera_only,55.166666666666664,36.810406907019306,34.80283574610211,5.0,-2.9775022741905937,-0.3807700328777685
11.033333333333333,55.17889108105138,36.82931272505678,34.83790559960938,5.161265250106304,-2.9043993101644974,-0.19783194959400463,5.925650328455018,119.36776751902164,-0.19783194959400463,0.04398504623605448,0.26809149760112133,3,camera_only,55.166666666666664,36.810406907019306,34.80283574610211,5.0,-2.9775022741905937,-0.3807700328777685
11.066666666666666,55.35165380898481,36.72645580237436,34.81402302088805,5.167726295398263,-2.9253843707417304,-0.25726974672527914,5.943858721681626,119.51365045584433,-0.25726974672527914,0.04768692753697547,0.28560839793201676,3,camera_only,55.333333333333336,36.71133353261417,34.78994055605757,5.0,-2.966845866961865,-0.3929396021487628
11.066666666666666,55.340274258434874,36.721443939608804,34.81390820681277,5.053828633527281,-2.9466812282829546,-0.25351341512574255,5.855628332623586,120.24471635179769,-0.25351341512574255,0.04587662479732332,0.2723422296136228,3,camera_only,55.333333333333336,36.71133353261417,34.78994055605757,5.0,-2.966845866961865,-0.3929396021487628
11.066666666666666,55.338699916205364,36.71137109481646,34.79960490059998,5.037113379802648,-2.9882807664827116,-0.29979569796478,5.864487241083874,120.67864859218857,-0.29979569796478,0.043923692560386154,0.2678331220235887,3,camera_only,55.333333333333336,36.71133353261417,34.78994055605757,5.0,-2.966845866961865,-0.3929396021487628
11.1,55.505926226701646,36.615665633949746,34.816878992786606,5.030202425120497,-2.982645761731133,-0.2032111333334034,5.8515303077375815,120.66571374697511,-0.2032111333334034,0.04765502401639395,0.28545814445335,3,camera_only,55.49999999999999,36.61262079754709,34.77663989232161,5.0,-2.9558641116505107,-0.40509839878207154
11.1,55.50309210338373,36.610524179681974,34.81718856988442,5.002012355780462,-3.0068441557849033,-0.19905116773301754,5.839594228363312,121.0112081676179,-0.19905116773301754,0.04584768094247358,0.2721599363759256,3,camera_only,55.49999999999999,36.61262079754709,34.77663989232161,5.0,-2.9558641116505107,-0.40509839878207154
11.1,55.5036616617522,36.61349129863134,34.82511776459843,5.007607291476755,-2.9965351062389507,-0.17200984784039663,5.838230966339694,120.89615810788237,-0.17200984784039663,0.043862487755107586,0.26757072518860525,3,camera_only,55.49999999999999,36.61262079754709,34.77663989232161,5.0,-2.9558641116505107,-0.40509839878207154
11.133333333333333,55.670882171227056,36.50913695166262,34.806761273565414,5.011542465266563,-3.012402123140405,-0.21541626305850026,5.851198902708826,121.00977343583965,-0.21541626305850026,0.04762740524113946,0.2853098266815514,3,camera_only,55.666666666666664,36.51427952678185,34.76293411953863,5.0,-2.9445582125297523,-0.4172460894381443
11.133333333333333,55.66266626969875,36.50088737840273,34.80633317097389,4.930163181246509,-3.048128468610539,-0.2114059137504613,5.800197291061864,121.72689240172028,-0.2114059137504613,0.04581990594778017,0.2719876604532703,3,camera_only,55.666666666666664,36.51427952678185,34.76293411953863,5.0,-2.9445582125297523,-0.4172460894381443
11.133333333333333,55.66182679449684,36.49709925459572,34.792808293534364,4.922491863288754,-3.0595147322898133,-0.25820498880209014,5.801571024945285,121.86251323947772,-0.25820498880209014,0.043800244780324925,0.2673129026301554,3,camera_only,55.666666666666664,36.51427952678185,34.76293411953863,5.0,-2.9445582125297523,-0.4172460894381443
11.166666666666666,55.825861701308824,36.40061233381345,34.787814869536284,4.9202061702636275,-3.033997496949559,-0.24783686269600014,5.785757744661234,121.65965733775703,-0.24783686269600014,0.04759388330248966,0.2851568028859544,3,camera_only,55.833333333333336,36.416320504546995,34.74882361345932,5.0,-2.932929409418835,-0.4293823410819046
11.166666666666666,55.82498851309109,36.40829680116726,34.789202396133845,4.9089220650782845,-2.995899584738137,-0.24641425914305062,5.7561836445648265,121.39558444983422,-0.24641425914305062,0.04578708845165611,0.271805432679694,3,camera_only,55.833333333333336,36.416320504546995,34.74882361345932,5.0,-2.932929409418835,-0.4293823410819046
11.166666666666666,55.82499698003787,36.40907152947017,34.77795846458692,4.908993413114096,-2.986428126848453,-0.287390537321499,5.753221932775676,121.31459791269087,-0.287390537321499,0.0437337161924,0.2670470993172548,3,camera_only,55.833333333333336,36.416320504546995,34.74882361345932,5.0,-2.932929409418835,-0.4293823410819046
11.2,55.98884972284882,36.318421632049926,34.76955626893853,4.907166999768888,-2.942694605989114,-0.28746167065913847,5.7290814027936765,120.94997011938923,-0.28746167065913847,0.047558713213014074,0.28500358804066345,3,camera_only,55.99999999999999,36.31875447315323,34.73430876093033,5.0,-2.920978977547065,-0.44150682099188227
11.2,55.98128243612625,36.30457151739698,34.769061253505015,4.836508628913524,-3.005037440356501,-0.2810032427533515,5.700967335280675,121.85366398953894,-0.2810032427533515,0.04575555700713493,0.2716636105716568,3,camera_only,55.99999999999999,36.31875447315323,34.73430876093033,5.0,-2.920978977547065,-0.44150682099188227
11.2,55.98075185950042,36.30388130626901,34.73841965432214,4.832401495704751,-2.992792114844509,-0.3911996484863248,5.697538593405121,121.7706689053639,-0.3911996484863248,0.043667379019212874,0.26681826208598786,3,camera_only,55.99999999999999,36.31875447315323,34.73430876093033,5.0,-2.920978977547065,-0.44150682099188227
11.233333333333333,56.14159326093399,36.19683729605875,34.7191252402415,4.834551909812484,-3.026240402386992,-0.4102944111163718,5.718335828324903,122.0449560643588,-0.4102944111163718,0.04752286935479653,0.28488066706681936,3,camera_only,56.166666666666664,36.22159213181533,34.71938995988368,5.0,-2.9087082274139653,-0.4536191967693378
11.233333333333333,56.15172550652794,36.20905288615418,34.720099607036445,4.93046408678965,-2.9755531724470803,-0.4148146458702261,5.7736872086744375,121.1111353964962,-0.4148146458702261,0.04571358038653317,0.2714609905936935,3,camera_only,56.166666666666664,36.22159213181533,34.71938995988368,5.0,-2.9087082274139653,-0.4536191967693378
11.233333333333333,56.15365904831743,36.217483566335915,34.711598244440054,4.945534300557907,-2.9308014377926073,-0.4499281078240079,5.766310942706098,120.65164923634046,-0.4499281078240079,0.043589075207250305,0.2665253132884219,3,camera_only,56.166666666666664,36.22159213181533,34.71938995988368,5.0,-2.9087082274139653,-0.4536191967693378
11.266666666666666,56.31858076741526,36.11711676726414,34.6806631825381,4.949090247489262,-2.9367478155782987,-0.5062740340727188,5.777049022439874,120.6845311991361,-0.5062740340727188,0.04747615670803025,0.284708041895274,3,camera_only,56.33333333333332,36.12484413547898,34.704067619325826,5.0,-2.896118504645568,-0.4657191363473689
11.266666666666666,56.327740053502154,36.12741747807333,34.68105487210391,5.034892229496953,-2.8952761249159704,-0.5118088802669464,5.830498429129137,119.90072421434911,-0.5118088802669464,0.04566885514847899,0.2713181264941342,3,camera_only,56.33333333333332,36.12484413547898,34.704067619325826,5.0,-2.896118504645568,-0.4657191363473689
11.266666666666666,56.32774671900064,36.126079247218605,34.709463972610024,5.034387706211749,-2.915994688473196,-0.4085774300109806,5.8322397169504505,120.08008165427297,-0.4085774300109806,0.04350799942602808,0.26629061215070493,3,camera_only,56.33333333333332,36.12484413547898,34.704067619325826,5.0,-2.896118504645568,-0.4657191363473689
11.3,56.49656503663523,36.03991400068122,34.69762969744964,5.034797054952725,-2.8611340619832286,-0.4073781294073487,5.805275742419194,119.60835552255101,-0.4073781294073487,0.047432378223793224,0.28459915822282006,3,camera_only,56.50000000000001,36.028521093652195,34.68834215932649,5.0,-2.883211189846845,-0.4778063080000226
11.3,56.49370154933185,36.04818674279765,34.698601297010185,4.998284323536089,-2.814929257943433,-0.40688837769287,5.7508461167061435,119.38730230150007,-0.40688837769287,0.045629556982961235,0.27122052680058745,3,camera_only,56.50000000000001,36.028521093652195,34.68834215932649,5.0,-2.883211189846845,-0.4778063080000226
11.3,56.4939848639071,36.04856901116376,34.711330679906084,4.999989925117693,-2.8194951001997297,-0.3611410020939133,5.75151064458044,119.41865803026505,-0.3611410020939133,0.043434852708580385,0.266103688277954,3,camera_only,56.50000000000001,36.028521093652195,34.68834215932649,5.0,-2.883211189846845,-0.4778063080000226
11.333333333333334,56.66008755957474,35.94926845786924,34.696195184829,4.999972572063209,-2.845092311636149,-0.36983578383353816,5.76463827920879,119.64081040402452,-0.36983578383353816,0.04739911344388162,0.28453445583953585,3,camera_only,56.666666666666664,35.932633569242,34.672214011007085,5.0,-2.869987698450321,-0.4898803803513784
11.333333333333334,56.67152899646869,35.95716807549509,34.69622938849722,5.107980457292376,-2.8209899214604874,-0.37627466179642427,5.847309732703792,118.91060097605869,-0.37627466179642427,0.04559839704730142,0.27112832854325225,3,camera_only,56.666666666666664,35.932633569242,34.672214011007085,5.0,-2.869987698450321,-0.4898803803513784
11.333333333333334,56.67419450279123,35.96489374164385,34.70923392408606,5.1260847966628145,-2.7906780111078384,-0.3334011735801625,5.8460059396825015,118.56419539096328,-0.3334011735801625,0.04336704192798359,0.26591557634713087,3,camera_only,56.666666666666664,35.932633569242,34.672214011007085,5.0,-2.869987698450321,-0.4898803803513784
11.366666666666667,56.84540444132271,35.87629099608818,34.714954542606556,5.122826479899476,-2.7755983005577853,-0.27453376589885503,5.832895152309625,118.4492749729079,-0.27453376589885503,0.0473693260506598,0.28446257612211334,3,camera_only,56.833333333333336,35.83719207739599,34.655683616528954,5.0,-2.8564494805608387,-0.5019410223846464
11.366666666666667,56.85816612350879,35.872496734645935,34.71437750224058,5.256218209882828,-2.817081667657958,-0.278611394906232,5.970042152408136,118.18918043278275,-0.278611394906232,0.04557039862946143,0.27107622477781207,3,camera_only,56.833333333333336,35.83719207739599,34.655683616528954,5.0,-2.8564494805608387,-0.5019410223846464
11.366666666666667,56.85587068536905,35.86643387804089,34.70151093510729,5.241303683249737,-2.83953081587599,-0.3218723867411598,5.969740479091455,118.44708100927605,-0.3218723867411598,0.04330250174560861,0.2657663381960856,3,camera_only,56.833333333333336,35.83719207739599,34.655683616528954,5.0,-2.8564494805608387,-0.5019410223846464
11.4,57.03059705990542,35.77187663559637,34.69054460889887,5.241367220039235,-2.838939017821979,-0.32277453887623747,5.969563508763485,118.44178853615453,-0.32277453887623747,0.04734335275016353,0.28442647130101684,3,camera_only,57.00000000000001,35.742207084349275,34.63875142908121,5.0,-2.842598020796553,-0.5139879034512322
11.4,57.01297896167047,35.778446836803916,34.691360853604785,5.0559628259592735,-2.7710421230067372,-0.317294339756443,5.7742627445416135,118.72600495026808,-0.317294339756443,0.04553667000402955,0.2709858295326057,3,camera_only,57.00000000000001,35.742207084349275,34.63875142908121,5.0,-2.842598020796553,-0.5139879034512322
11.4,57.01195311740988,35.77630128705291,34.677047167734486,5.049957002116356,-2.7741443918702795,-0.3678633215347218,5.773496882609352,118.7817616807711,-0.3678633215347218,0.04322719099510928,0.2655679889955488,3,camera_only,57.00000000000001,35.742207084349275,34.63875142908121,5.0,-2.842598020796553,-0.5139879034512322
11.433333333333334,57.18014095104096,35.68242001494011,34.65686447888115,5.051486471497263,-2.778048258311391,-0.39590830763033114,5.778564794590222,118.808448577626,-0.39590830763033114,0.04730480859249788,0.28434832538474736,3,camera_only,57.166666666666664,35.64768900627673,34.621417912868324,5.0,-2.8284348381261197,-0.5260206932798053
11.433333333333334,57.175777429684715,35.669874191098216,34.655601932859106,5.026592143538453,-2.838519807963521,-0.3940323246213117,5.786111366931183,119.45344505107755,-0.3940323246213117,0.045507266809440686,0.27090812276059356,3,camera_only,57.166666666666664,35.64768900627673,34.621417912868324,5.0,-2.8284348381261197,-0.5260206932798053
11.433333333333334,57.17295603587439,35.66293077496503,34.66025039827878,5.008165887525045,-2.873636594138861,-0.37351743515100777,5.786106472102402,119.84678222189966,-0.37351743515100777,0.04315732314857406,0.26538713465126657,3,camera_only,57.166666666666664,35.64768900627673,34.621417912868324,5.0,-2.8284348381261197,-0.5260206932798053
11.466666666666667,57.34116350292744,35.573208105866875,34.649965245197414,5.0106849452189755,-2.842857087911137,-0.3684644575944538,5.772743377202996,119.56879844714759,-0.3684644575944538,0.04726831572136395,0.2842715749415131,3,camera_only,57.333333333333336,35.553648208150726,34.603683543097404,5.0,-2.8139614857021216,-0.5380390619853549
11.466666666666667,57.334425471794745,35.56357672332929,34.64919316809736,4.959814083661316,-2.8827436403106863,-0.36528093002175466,5.748338611988198,120.16601509780669,-0.36528093002175466,0.04546712372670793,0.2707955761528957,3,camera_only,57.333333333333336,35.553648208150726,34.603683543097404,5.0,-2.8139614857021216,-0.5380390619853549
11.466666666666667,57.33662026894147,35.56837154237627,34.65218846634882,4.973386753322717,-2.8615686315834044,-0.3570325024946466,5.748967128034877,119.91510036659082,-0.3570325024946466,0.04308001477001029,0.26517773216413787,3,camera_only,57.333333333333336,35.553648208150726,34.603683543097404,5.0,-2.8139614857021216,-0.5380390619853549
11.5,57.50116258839526,35.467426787347264,34.63502043379227,4.971676253683893,-2.888720517150058,-0.37359076665895535,5.762103874331045,120.15810945266031,-0.37359076665895535,0.0472241284917922,0.28417335586822423,3,camera_only,57.49999999999999,35.46009500260454,34.585548805965146,5.0,-2.7991795506907535,-0.5500426800782308
11.5,57.49951583083452,35.463155311761945,34.63375858846741,4.963187419670802,-2.9092277021650648,-0.3759893630931841,5.765258293171464,120.3771757223964,-0.3759893630931841,0.04542294351103578,0.27068881938646966,3,camera_only,57.49999999999999,35.46009500260454,34.585548805965146,5.0,-2.7991795506907535,-0.5500426800782308
11.5,57.50070998725208,35.465769484676265,34.62845043254606,4.97103653659324,-2.894386353869523,-0.39660691888404265,5.765932158959011,120.21010655708592,-0.39660691888404265,0.0429988928003706,0.26497441324547266,3,camera_only,57.49999999999999,35.46009500260454,34.585548805965146,5.0,-2.7991795506907535,-0.5500426800782308
11.533333333333333,57.66705806225435,35.371493238864986,34.61069090191851,4.973858485927246,-2.8808327735925974,-0.4140834992241378,5.76280581416426,120.07919786271431,-0.4140834992241378,0.047173971446857414,0.2840766849625616,3,camera_only,57.666666666666664,35.36703964880139,34.56701419864454,5.0,-2.784090654097765,-0.5620312184731813
11.533333333333333,57.663656295300925,35.365785575701594,34.61033601821453,4.951692415897808,-2.9064199654285376,-0.4121024293226242,5.756419304511712,120.41101076888964,-0.4121024293226242,0.045374839613803064,0.27060142572797946,3,camera_only,57.666666666666664,35.36703964880139,34.56701419864454,5.0,-2.784090654097765,-0.5620312184731813
11.533333333333333,57.66258554567223,35.364123069766514,34.59604991429588,4.946577729816538,-2.9074425315487207,-0.4628910818270897,5.756398306668018,120.44567058849897,-0.4628910818270897,0.04291430600833826,0.2647914342742901,3,camera_only,57.666666666666664,35.36703964880139,34.56701419864454,5.0,-2.784090654097765,-0.5620312184731813
11.566666666666666,57.825672233774085,35.26068311205943,34.577285737417284,4.942857363000938,-2.941260313371404,-0.4720527258167213,5.771107772164476,120.7548728870336,-0.4720527258167213,0.04711993901976315,0.2839967951980395,3,camera_only,57.833333333333336,35.27449235130946,34.5480802292712,5.0,-2.768696450590704,-0.5740043484983692
11.566666666666666,57.840533188789706,35.273322500069526,34.578240661084834,5.05937468085875,-2.902406888136443,-0.4783477544720961,5.852354609883524,119.84156099007524,-0.4783477544720961,0.04531958792390524,0.27049378638471944,3,camera_only,57.833333333333336,35.27449235130946,34.5480802292712,5.0,-2.768696450590704,-0.5740043484983692
11.566666666666666,57.84216544274319,35.276929883895264,34.55533283310804,5.071472534604361,-2.8746498580539375,-0.5632532555921967,5.856679921729641,119.54575496891576,-0.5632532555921967,0.042823276637665546,0.26458937699757396,3,camera_only,57.833333333333336,35.27449235130946,34.5480802292712,5.0,-2.768696450590704,-0.5740043484983692
11.6,58.01039691556103,35.179563696983834,34.55601372766739,5.06367869819314,-2.89038764661981,-0.49184851202956037,5.851247530659856,119.71806461997856,-0.49184851202956037,0.04705851723082602,0.2838996243788669,3,camera_only,57.99999999999999,35.18246325898285,34.52874741692947,5.0,-2.7529986283174637,-0.5859617419043864
11.6,58.00634171348834,35.180471555187836,34.556618047860624,5.02356350632514,-2.874152508688255,-0.488472299258352,5.808231067409721,119.77534986445454,-0.488472299258352,0.04526323753606268,0.27044703269472103,3,camera_only,57.99999999999999,35.18246325898285,34.52874741692947,5.0,-2.7529986283174637,-0.5859617419043864
11.6,58.0063542582777,35.18063780296821,34.551547823910795,5.024201986428319,-2.8709968727980506,-0.5069274637696239,5.8088040161095424,119.74509027788382,-0.5069274637696239,0.04273253958412031,0.26445072928551794,3,camera_only,57.99999999999999,35.18246325898285,34.52874741692947,5.0,-2.7529986283174637,-0.5859617419043864
11.633333333333333,58.17345501264553,35.08359591781912,34.53246696606912,5.024074104857284,-2.8776869462230206,-0.5142836922151519,5.812649179817955,119.80319943334521,-0.5142836922151519,0.04700115758484491,0.28386286703985714,3,camera_only,58.166666666666664,35.09096246384859,34.509016291638154,5.0,-2.736998908721153,-0.5979030708732533
11.633333333333333,58.16101916256662,35.06967163857041,34.53167786005429,4.939555511623302,-2.932508262228142,-0.5080228404487314,5.766879621325736,120.69669664641516,-0.5080228404487314,0.04520986892561881,0.2703956757957216,3,camera_only,58.166666666666664,35.09096246384859,34.509016291638154,5.0,-2.736998908721153,-0.5979030708732533
11.633333333333333,58.16603279215988,35.07767935696064,34.52752085792327,4.969232206959578,-2.8931620229318518,-0.5275623751610005,5.774251230878771,120.2086103076963,-0.5275623751610005,0.04264460276114046,0.2643063895011959,3,camera_only,58.166666666666664,35.09096246384859,34.509016291638154,5.0,-2.736998908721153,-0.5979030708732533
11.666666666666666,58.33196953066962,34.98116213102285,34.49245268550597,4.975447424480944,-2.88742005851887,-0.5911707443865778,5.782884619040029,120.12803998954578,-0.5911707443865778,0.04694296377027479,0.2838105394122147,3,camera_only,58.33333333333333,35.00000000000001,34.488887394336025,5.0,-2.720699046351328,-0.6098280080274026
11.666666666666666,58.33758040796452,34.986695615403626,34.49240778344127,5.013916005634442,-2.86687690924841,-0.5951664968729632,5.806251810190374,119.76023034399726,-0.5951664968729632,0.04515262337804958,0.2703294707935082,3,camera_only,58.33333333333333,35.00000000000001,34.488887394336025,5.0,-2.720699046351328,-0.6098280080274026
11.666666666666666,58.329026042900416,34.974538548020725,34.47319558070336,4.967360614924193,-2.914901115963344,-0.6579868924776112,5.796918728533008,120.40487326027645,-0.6579868924776112,0.042554751143443,0.26415254892530815,3,camera_only,58.33333333333333,35.00000000000001,34.488887394336025,5.0,-2.720699046351328,-0.6098280080274026
11.7,58.492866950467594,34.87209954140028,34.44391928886032,4.965626970543924,-2.9426014470453707,-0.6824774581906715,5.8122396688097036,120.65073359889763,-0.6824774581906715,0.04687892670231058,0.28374160953674155,3,camera_only,58.5,34.90958584249629,34.46836127686697,5.0,-2.7041008286715775,-0.6217362264386603
11.7,58.4894838351931,34.88290409947656,34.445083778599496,4.910102244816446,-2.8601231119310926,-0.6800914943877889,5.722930430355809,120.22070020113048,-0.6800914943877889,0.04508695219451045,0.27025032691641504,3,camera_only,58.5,34.90958584249629,34.46836127686697,5.0,-2.7041008286715775,-0.6217362264386603
11.7,58.49351932327976,34.8889158525267,34.428847697314694,4.935358196651614,-2.824781135037027,-0.7424443766581421,5.734838501871578,119.78491649716034,-0.7424443766581421,0.0424569074311491,0.26398713206409313,3,camera_only,58.5,34.90958584249629,34.46836127686697,5.0,-2.7041008286715775,-0.6217362264386603
11.733333333333333,58.65938167706686,34.7985275290069,34.40693672938677,4.937566417147383,-2.803737191862186,-0.7336936992137244,5.725278229836418,119.58955106504321,-0.7336936992137244,0.046806697017499246,0.2836636509917449,3,camera_only,58.666666666666664,34.8197299062687,34.447438501964875,5.0,-2.6872060758635166,-0.6336273996372025
11.733333333333333,58.66370683931668,34.79785784659284,34.40661151758578,4.9770471131760505,-2.8211217872127956,-0.7363812399139662,5.768187187978387,119.54571010082049,-0.7363812399139662,0.04502642479121469,0.2702343798126845,3,camera_only,58.666666666666664,34.8197299062687,34.447438501964875,5.0,-2.6872060758635166,-0.6336273996372025
11.733333333333333,58.665871033148115,34.80026047377894,34.423697377934644,4.986626542091256,-2.8175147952356165,-0.6757102938366066,5.767271303905977,119.4670649001027,-0.6757102938366066,0.042367914177941265,0.26389365977461177,3,camera_only,58.666666666666664,34.8197299062687,34.447438501964875,5.0,-2.6872060758635166,-0.6336273996372025
11.766666666666666,58.833359614147085,34.7094101518866,34.396978718797484,4.990960323298886,-2.797966994744672,-0.6923039995827108,5.763470228973381,119.27529261635436,-0.6923039995827108,0.046746417122760044,0.28364860071100256,3,camera_only,58.83333333333333,34.73044204503323,34.426119643238174,5.0,-2.670016640627178,-0.6455012016205085
11.766666666666666,58.82431939101972,34.71492629809603,34.39871378776876,4.899734965722996,-2.7322465175486075,-0.68389098121974,5.651573289021273,119.14541392156895,-0.68389098121974,0.044966385121165256,0.2702236563296143,3,camera_only,58.83333333333333,34.73044204503323,34.426119643238174,5.0,-2.670016640627178,-0.6455012016205085
11.766666666666666,58.83413042039353,34.72669281869621,34.41272080791585,4.952114090907743,-2.6835224815474836,-0.6398386461051262,5.66869653195401,118.45301221409562,-0.6398386461051262,0.04228261250678118,0.26381114646017895,3,camera_only,58.83333333333333,34.73044204503323,34.426119643238174,5.0,-2.670016640627178,-0.6455012016205085
11.8,58.999790515523365,34.6390639383607,34.39635207263995,4.951447194983648,-2.673910478474251,-0.6224474145980323,5.6616311567909126,118.37020193835573,-0.6224474145980323,0.04668843021620725,0.28363987480950303,3,camera_only,59.00000000000001,34.64173205021003,34.40440528515415,5.0,-2.65253440797784,-0.6573573068623003
11.8,58.99521588458035,34.64024212506358,34.396873381899816,4.910080055345811,-2.651697092757779,-0.6190399695153647,5.614587616691217,118.3713397778479,-0.6190399695153647,0.044917774788588424,0.2702575188951311,3,camera_only,59.00000000000001,34.64173205021003,34.40440528515415,5.0,-2.65253440797784,-0.6573573068623003
11.8,58.99944837021828,34.64531070255238,34.392147473243746,4.934194660373436,-2.6259739814849627,-0.6392259365583406,5.625888916061408,118.02186808035363,-0.6392259365583406,0.0422102997640939,0.26377635429461904,3,camera_only,59.00000000000001,34.64173205021003,34.40440528515415,5.0,-2.65253440797784,-0.6573573068623003
11.833333333333334,59.1623793129979,34.55454736755607,34.382826817646304,4.926688058636272,-2.649544170588759,-0.5940777496548006,5.625412688118537,118.27110525469463,-0.5940777496548006,0.04664168392716793,0.2836640866728362,3,camera_only,59.166666666666664,34.55360964984973,34.382296023022896,5.0,-2.6347612950393238,-0.6691953903214621
11.833333333333334,59.17880078490941,34.56880258890019,34.382364986000276,5.026268433620719,-2.593509203571201,-0.6056938814498279,5.688280006631737,117.29332616234161,-0.6056938814498279,0.044870544549715154,0.2702812774072083,3,camera_only,59.166666666666664,34.55360964984973,34.382296023022896,5.0,-2.6347612950393238,-0.6691953903214621
11.833333333333334,59.17893435933445,34.56934146597567,34.366796811777164,5.029719799013667,-2.5843264564166466,-0.6627070549385232,5.6935055221357596,117.1946073287122,-0.6627070549385232,0.042139404436041826,0.26373203496488773,3,camera_only,59.166666666666664,34.55360964984973,34.382296023022896,5.0,-2.6347612950393238,-0.6691953903214621
11.866666666666667,59.3462941318552,34.48102264093594,34.32449968283922,5.037649758255712,-2.592765168881543,-0.7359203981981527,5.713311223826626,117.23386274770206,-0.7359203981981527,0.04659411075446299,0.28367627096872483,3,camera_only,59.333333333333336,34.466084507566556,34.359792462981005,5.0,-2.6166992508337437,-0.6810151274509569
11.866666666666667,59.345872360055935,34.48124833124125,34.32439337867655,5.033733019953549,-2.589752593871683,-0.7361956984755802,5.708526142542375,117.22489288337471,-0.7361956984755802,0.04482231993471234,0.2703297134402577,3,camera_only,59.333333333333336,34.466084507566556,34.359792462981005,5.0,-2.6166992508337437,-0.6810151274509569
11.866666666666667,59.352084421361454,34.48736759152154,34.34071188924628,5.064452058216509,-2.5680154518578724,-0.6804344413855135,5.718948245960776,116.88805253826676,-0.6804344413855135,0.04206449784349167,0.26370822816121225,3,camera_only,59.333333333333336,34.466084507566556,34.359792462981005,5.0,-2.6166992508337437,-0.6810151274509569
11.9,59.521005065718846,34.401520761303516,34.309778758693135,5.067962178281598,-2.5674068531144734,-0.710605056563138,5.72545003788567,116.86656854946922,-0.710605056563138,0.0465419096241669,0.283705572697935,3,camera_only,59.5,34.3791662214787,34.336895221974956,5.0,-2.5983502560677914,-0.6928161942067192
11.9,59.52079419558579,34.40130189014377,34.30962281198807,5.066886486924014,-2.568404310928367,-0.7110438292519853,5.72499979937868,116.88044614214732,-0.7110438292519853,0.0447718940340383,0.27037927407332113,3,camera_only,59.5,34.3791662214787,34.336895221974956,5.0,-2.5983502560677914,-0.6928161942067192
11.9,59.51229567809772,34.39321360061499,34.295158743673305,5.02378533973507,-2.6001846887939646,-0.7588094900712207,5.70746628529663,117.36494510940219,-0.7588094900712207,0.04199270182934898,0.26369668685609265,3,camera_only,59.5,34.3791662214787,34.336895221974956,5.0,-2.5983502560677914,-0.6928161942067192
11.933333333333334,59.67958801781272,34.305970281961486,34.271060795811515,5.023588319205321,-2.6045433692596585,-0.7542428234800689,5.708674802437233,117.40505672825506,-0.7542428234800689,0.04649009141211033,0.28373789268231603,3,camera_only,59.66666666666667,34.29286432315568,34.31360492774415,5.0,-2.579716322915514,-0.7045982670565448
11.933333333333334,59.673262267021734,34.30189551651394,34.2713588169443,4.984965587619967,-2.617774672503625,-0.749804000663715,5.680214096772062,117.70548898009523,-0.749804000663715,0.04471717173820366,0.27039905834427663,3,camera_only,59.66666666666667,34.29286432315568,34.31360492774415,5.0,-2.579716322915514,-0.7045982670565448
11.933333333333334,59.6720973910289,34.30132869358815,34.25008782879607,4.982911519908196,-2.6116869355580974,-0.82711554698432,5.686337660802587,117.66032358214869,-0.82711554698432,0.04191567382886041,0.2636543854424558,3,camera_only,59.66666666666667,34.29286432315568,34.31360492774415,5.0,-2.579716322915514,-0.7045982670565448
11.966666666666667,59.83847548427637,34.21686745770123,34.23984952359214,4.9741653806787065,-2.5975259300969187,-0.7642281645162727,5.663347674239001,117.57371530277901,-0.7642281645162727,0.046430767923965034,0.2837395105037836,3,camera_only,59.833333333333336,34.20718827657321,34.289922218803795,5.0,-2.5607994947976676,-0.7163610229889538
11.966666666666667,59.83833067872444,34.22568002841706,34.240540247201544,4.9516134986664415,-2.527397185497575,-0.7634669620721655,5.611514463637467,117.04062606830448,-0.7634669620721655,0.044659778437038035,0.27042614859990666,3,camera_only,59.833333333333336,34.20718827657321,34.289922218803795,5.0,-2.5607994947976676,-0.7163610229889538
11.966666666666667,59.841194017146236,34.227996093301705,34.250763772123946,4.964780009785203,-2.5206713693515437,-0.7275845601585718,5.615354306721215,116.91738727450317,-0.7275845601585718,0.041839773136734044,0.26362878384834426,3,camera_only,59.833333333333336,34.20718827657321,34.289922218803795,5.0,-2.5607994947976676,-0.7163610229889538
12.0,60.006498441465546,34.141474045974576,34.21074088333125,4.973620484214896,-2.535298576525413,-0.7848866356242257,5.637436174708794,117.0101723025541,-0.7848866356242257,0.04637506011160261,0.28375927050645394,3,camera_only,60.0,34.12214747707527,34.265847744427305,5.0,-2.5416018461576297,-0.7281041395220498
12.0,60.011873428560094,34.136047012854156,34.20953558395293,5.026295428740113,-2.5940434458897506,-0.7903125326810284,5.711155840585164,117.29801000954131,-0.7903125326810284,0.04460866007848209,0.27049200194299455,3,camera_only,60.0,34.12214747707527,34.265847744427305,5.0,-2.5416018461576297,-0.7281041395220498
12.0,60.00102427176959,34.12693721026853,34.202538288526085,4.970317470243821,-2.634128532825706,-0.8099707005192772,5.683198168123045,117.92233221856668,-0.8099707005192772,0.04177005112291421,0.2636416798934562,3,camera_only,60.0,34.12214747707527,34.265847744427305,5.0,-2.5416018461576297,-0.7281041395220498
12.033333333333333,60.16581795270088,34.03890189322019,34.19496514043969,4.95915009696245,-2.6394902150073762,-0.7382154456777608,5.666130983621856,118.02398360164734,-0.7382154456777608,0.04632186764124883,0.2838016495336438,3,camera_only,60.16666666666667,34.037751250343845,34.24138216462856,5.0,-2.522125482233911,-0.7398272947123621
12.033333333333333,60.16260618332715,34.03770851842142,34.195247966114216,4.938809116560415,-2.6402987128104565,-0.7357079443764128,5.648387288607907,118.12906246141888,-0.7357079443764128,0.04455023562085727,0.27052174196416684,3,camera_only,60.16666666666667,34.037751250343845,34.24138216462856,5.0,-2.522125482233911,-0.7398272947123621
12.033333333333333,60.1615638179043,34.03708521066169,34.18641540620067,4.935224834147996,-2.639750741435594,-0.7676365608129164,5.649247209141902,118.14141454136652,-0.7676365608129164,0.0416960041318453,0.26362518065025836,3,camera_only,60.16666666666667,34.037751250343845,34.24138216462856,5.0,-2.522125482233911,-0.7398272947123621
12.066666666666666,60.32485292108088,33.94825171625689,34.18433371284971,4.9219771684574845,-2.6503743982275942,-0.6805531698472979,5.6314737249308235,118.30146867891968,-0.6805531698472979,0.04626430505498492,0.2838194538873268,3,camera_only,60.33333333333333,33.95400885137626,34.216526150143785,5.0,-2.502372538829296,-0.7515301671636678
12.066666666666666,60.32281956109611,33.94510450902878,34.18408695585218,4.914972136435574,-2.67073205083895,-0.6800979963005098,5.634917397255124,118.51908264781666,-0.6800979963005098,0.044495362303011106,0.2705729345804214,3,camera_only,60.33333333333333,33.95400885137626,34.216526150143785,5.0,-2.502372538829296,-0.7515301671636678
12.066666666666666,60.3298739908372,33.95051393039479,34.18657360292346,4.95144896657414,-2.6461281931356484,-0.6746611108955227,5.654556472231065,118.12071198767441,-0.6746611108955227,0.04162678606165968,0.2636328046945999,3,camera_only,60.33333333333333,33.95400885137626,34.216526150143785,5.0,-2.502372538829296,-0.7515301671636678
12.1,60.494113531345995,33.862345724034114,34.181076249402196,4.9409377572989115,-2.6485872156821153,-0.6117900349468772,5.639341025992048,118.19351151766661,-0.6117900349468772,0.04621222894111686,0.2838575362099905,3,camera_only,60.5,33.87092946347024,34.19128038241318,5.0,-2.4823451820766214,-0.7632124360358089
12.1,60.4823361076983,33.85838279371276,34.18274095502578,4.868259729979099,-2.6506787191178556,-0.6004539424430487,5.575535436845132,118.56748678960123,-0.6004539424430487,0.04444609601631125,0.27065429332218527,3,camera_only,60.5,33.87092946347024,34.19128038241318,5.0,-2.4823451820766214,-0.7632124360358089
12.1,60.487178193462746,33.86187156100698,34.1854752732289,4.892997776516532,-2.635261784067547,-0.5928563511108123,5.589052743051816,118.3059359416996,-0.5928563511108123,0.04156470817391401,0.2636740904814604,3,camera_only,60.5,33.87092946347024,34.19128038241318,5.0,-2.4823451820766214,-0.7632124360358089
12.133333333333333,60.65007582932778,33.77315880675977,34.16785266456082,4.8929084982638225,-2.642692271496635,-0.5847438594958939,5.591627794786464,118.37377578375967,-0.5847438594958939,0.04616687318351543,0.28392143431926287,3,camera_only,60.66666666666667,33.7885221972169,34.165645553562214,5.0,-2.4620456082012443,-0.7748737810534819
12.133333333333333,60.659189587869285,33.78044149691229,34.16769797219938,4.938558416197576,-2.604844320105648,-0.5900261364835491,5.614508349260537,117.80942093412351,-0.5900261364835491,0.04440069754810165,0.27073037461035604,3,camera_only,60.66666666666667,33.7885221972169,34.165645553562214,5.0,-2.4620456082012443,-0.7748737810534819
12.133333333333333,60.65799938671118,33.77995912997903,34.15517218601249,4.9352218048074965,-2.602294713808628,-0.6356673212260788,5.615373984289776,117.80224775198046,-0.6356673212260788,0.04150618121467219,0.2637097328809504,3,camera_only,60.66666666666667,33.7885221972169,34.165645553562214,5.0,-2.4620456082012443,-0.7748737810534819
12.166666666666666,60.82328925739615,33.69400820731862,34.12003301661686,4.942832379063756,-2.5937004505757297,-0.6875780361954986,5.624201055322993,117.68778060396981,-0.6875780361954986,0.04612249144389945,0.28397508983764674,3,camera_only,60.83333333333333,33.70679608950163,34.139622366382675,5.0,-2.441476043280197,-0.7865138825150224
12.166666666666666,60.800814834569096,33.6920294059899,34.123335001684254,4.79740351477324,-2.5547937922052175,-0.6665740271309324,5.475981440609026,118.03694271891983,-0.6665740271309324,0.04435630587778514,0.27082325934239476,3,camera_only,60.83333333333333,33.70679608950163,34.139622366382675,5.0,-2.441476043280197,-0.7865138825150224
12.166666666666666,60.808451401685126,33.69743527104583,34.11423470051865,4.83916000823031,-2.5254942948671673,-0.7039385149018773,5.503736953327661,117.55946691652919,-0.7039385149018773,0.041447432392332145,0.2637620388121486,3,camera_only,60.83333333333333,33.70679608950163,34.139622366382675,5.0,-2.441476043280197,-0.7865138825150224
12.2,60.96995945818226,33.613147834109625,34.08633376846333,4.842013172476763,-2.5257042209361416,-0.7203885748478596,5.508469213208372,117.5475699235611,-0.7203885748478596,0.046077169180764634,0.2840408522378338,3,camera_only,61.0,33.625760102513105,34.11321153431338,5.0,-2.4206387429980682,-0.7981324213011695
12.2,60.972324736795876,33.616073610758335,34.086073021193556,4.85145428256757,-2.5062835926118106,-0.7227093170781078,5.508209769011152,117.32108429249986,-0.7227093170781078,0.04430950678573577,0.27089056390868926,3,camera_only,61.0,33.625760102513105,34.11321153431338,5.0,-2.4206387429980682,-0.7981324213011695
12.2,60.97455405603254,33.61757830206572,34.084089808095584,4.863434821242771,-2.4982718582570302,-0.731114893465053,5.516238711810988,117.18887025969478,-0.731114893465053,0.041388783269169525,0.2637940467284649,3,camera_only,61.0,33.625760102513105,34.11321153431338,5.0,-2.4206387429980682,-0.7981324213011695
12.233333333333333,61.13701784264192,33.53430001556887,34.054393765537576,4.867275814432559,-2.497738699041137,-0.7509433709997637,5.522045672474679,117.16552259692591,-0.7509433709997637,0.04603173084262435,0.2840890132175781,3,camera_only,61.16666666666666,33.545423122760496,34.08641378142064,5.0,-2.399535992399653,-0.8097290788838118
12.233333333333333,61.126879137160984,33.52870870621736,34.05544823846358,4.813371939716578,-2.5224694090586564,-0.7423878420765687,5.484755332533145,117.65699006595871,-0.7423878420765687,0.04426258593547235,0.27097764683031333,3,camera_only,61.16666666666666,33.545423122760496,34.08641378142064,5.0,-2.399535992399653,-0.8097290788838118
12.233333333333333,61.13545474881598,33.53377706018977,34.063437708983805,4.855611701433049,-2.5009183448564754,-0.7168261310535435,5.5086656519428,117.2510630582015,-0.7168261310535435,0.041331214542515295,0.2638492249421751,3,camera_only,61.16666666666666,33.545423122760496,34.08641378142064,5.0,-2.399535992399653,-0.8097290788838118
12.266666666666666,61.297023056094,33.450859463131856,34.04162462275587,4.852333597324533,-2.496922832403749,-0.709082185423417,5.502959432558853,117.22952856822367,-0.709082185423417,0.04598793956648015,0.2841574115260159,3,camera_only,61.33333333333333,33.46579396009895,34.05922984237837,5.0,-2.3781701056393554,-0.8213035373347258
12.266666666666666,61.300963568277155,33.45152036359784,34.040167087291216,4.87622856021057,-2.499734725176469,-0.716040015466061,5.526209548272211,117.14135171405772,-0.716040015466061,0.04421638902249387,0.2710680807749744,3,camera_only,61.33333333333333,33.46579396009895,34.05922984237837,5.0,-2.3781701056393554,-0.8213035373347258
12.266666666666666,61.29738177722364,33.44915112203419,34.048252098626996,4.855821902868567,-2.514224318922756,-0.6844089337812307,5.5107845055745255,117.37400200325162,-0.6844089337812307,0.04127650901917207,0.26391179691037947,3,camera_only,61.33333333333333,33.46579396009895,34.05922984237837,5.0,-2.3781701056393554,-0.8213035373347258
12.3,61.45835514715185,33.36569229464528,34.03449311846525,4.846908938308198,-2.51147467663633,-0.6505635141336961,5.4975689348619765,117.39138724545859,-0.6505635141336961,0.045946784169739734,0.2842309042589348,3,camera_only,61.5,33.38688134676348,34.03166046244801,5.0,-2.356543425727434,-0.8328554793342853
12.3,61.470473871633395,33.366231526461675,34.03329392887579,4.921091479718782,-2.532821038699342,-0.6595483320584075,5.57380729557094,117.2342842962871,-0.6595483320584075,0.04417294583724562,0.27116950406511275,3,camera_only,61.5,33.38688134676348,34.03166046244801,5.0,-2.356543425727434,-0.8328554793342853
12.3,61.474662129587564,33.368775566386056,34.02810084029896,4.94386706455792,-2.5184890000952196,-0.6807277503040974,5.589990936097772,116.99505823234145,-0.6807277503040974,0.04122507335824155,0.2639861679097101,3,camera_only,61.5,33.38688134676348,34.03166046244801,5.0,-2.356543425727434,-0.8328554793342853
12.333333333333334,61.639266489676466,33.28437948936809,34.01049883522668,4.941907937762948,-2.5232057760374382,-0.6617009528701959,5.5881007153220175,117.04763874878542,-0.6617009528701959,0.04590857906563971,0.284313505197827,3,camera_only,61.66666666666667,33.308693936411416,34.003706397458025,5.0,-2.3346583242730508,-0.8443845881801647
12.333333333333334,61.638614089233265,33.28617653055542,34.010702299152385,4.934703006530956,-2.506187037293419,-0.6609742339324176,5.573971130754606,116.92464331473401,-0.6609742339324176,0.04413302660212618,0.27129922718645455,3,camera_only,61.66666666666667,33.308693936411416,34.003706397458025,5.0,-2.3346583242730508,-0.8443845881801647
12.333333333333334,61.64184653557798,33.28814847322878,34.004211146561424,4.952892844740767,-2.4941418343048936,-0.6865453023731637,5.587775538917497,116.72857949862156,-0.6865453023731637,0.04117633720752722,0.2640880065545641,3,camera_only,61.66666666666667,33.308693936411416,34.003706397458025,5.0,-2.3346583242730508,-0.8443845881801647
12.366666666666667,61.80778596540533,33.20503812466974,33.96989387884819,4.961489953361404,-2.4929241204873103,-0.729345026543273,5.6002676182087034,116.67745743302238,-0.729345026543273,0.045873369466895554,0.28441900802079145,3,camera_only,61.83333333333334,33.231240303173394,33.97536841378323,5.0,-2.312517201224203,-0.8558905477960215
12.366666666666667,61.81498699852165,33.20688049929123,33.96913119075786,5.001750504501774,-2.4909623889206114,-0.7350704610273037,5.635843354368157,116.47413654762163,-0.7350704610273037,0.04409409438010937,0.27142153959349963,3,camera_only,61.83333333333334,33.231240303173394,33.97536841378323,5.0,-2.312517201224203,-0.8558905477960215
12.366666666666667,61.800270934836895,33.20039142401543,33.93316837318922,4.935874422144666,-2.5101195328860295,-0.8624211465859076,5.604223997542967,116.95543355502716,-0.8624211465859076,0.04112741619773087,0.2641802912764765,3,camera_only,61.83333333333334,33.231240303173394,33.97536841378323,5.0,-2.312517201224203,-0.8558905477960215
12.4,61.96440823070547,33.11590746608179,33.91772654785296,4.930651488859776,-2.519521858779627,-0.8126517529813437,5.596402181141659,117.06665415225415,-0.8126517529813437,0.045834952155423596,0.28451002637569955,3,camera_only,62.0,33.154528940713114,33.946647288323774,5.0,-2.2901224846045416,-0.8673730427401598
12.4,61.96358361157658,33.11778843414267,33.91757830149242,4.922794623267932,-2.501418102628203,-0.8131740705766893,5.581420204221324,116.93647564152906,-0.8131740705766893,0.04404822411233967,0.2715110138407818,3,camera_only,62.0,33.154528940713114,33.946647288323774,5.0,-2.2901224846045416,-0.8673730427401598
12.4,61.96274100157227,33.116869258009984,33.93187690235936,4.914765098266275,-2.5111165226482264,-0.7595307340305072,5.571131760907307,117.06399619107961,-0.7595307340305072,0.041072477201057875,0.2642433558935977,3,camera_only,62.0,33.154528940713114,33.946647288323774,5.0,-2.2901224846045416,-0.8673730427401598
12.433333333333334,62.12687957558411,33.031792987048185,33.91855874022075,4.9148604564709935,-2.526386833347612,-0.71474294925539,5.572193573612166,117.20453384705888,-0.71474294925539,0.04579339355283418,0.28458279231770367,3,camera_only,62.16666666666667,33.07856826129593,33.9175438084838,5.0,-2.2674766302471077,-0.8788317582141816
12.433333333333334,62.139850985645246,33.0521272932044,33.91928845132477,4.958995763279033,-2.3714881625361293,-0.7195857426434946,5.543771164675196,115.55803314726634,-0.7195857426434946,0.044005140487195483,0.27162261789579,3,camera_only,62.16666666666667,33.07856826129593,33.9175438084838,5.0,-2.2674766302471077,-0.8788317582141816
12.433333333333334,62.150254801929954,33.057005705019975,33.92302066971684,5.010952452701744,-2.348335546839222,-0.7101335995723478,5.579302290880812,115.10969364767963,-0.7101335995723478,0.041025729279662665,0.26433872844816564,3,camera_only,62.16666666666667,33.07856826129593,33.9175438084838,5.0,-2.2674766302471077,-0.8788317582141816
12.466666666666667,62.31662085427463,32.98024388373134,33.887184446554016,5.0088252110108,-2.3312443594715133,-0.7554854527042681,5.576180460429245,114.9585577006912,-0.7554854527042681,0.04576061735863109,0.2846835888077053,3,camera_only,62.33333333333333,33.00336659486635,33.88805877214992,5.0,-2.24458212152503,-0.8902663800716122
12.466666666666667,62.330503603878135,32.98691563940345,33.88453680012316,5.079862560167537,-2.2960158939603126,-0.7713016485037161,5.627752557504177,114.32220057220523,-0.7713016485037161,0.04397534384975567,0.2717983185561881,3,camera_only,62.33333333333333,33.00336659486635,33.88805877214992,5.0,-2.24458212152503,-0.8902663800716122
12.466666666666667,62.3295712838128,32.986506097471,33.88414026034297,5.075220812231539,-2.2979196081127147,-0.7723874377410316,5.624489592152981,114.35970251767282,-0.7723874377410316,0.04098776627727487,0.2644877423578958,3,camera_only,62.33333333333333,33.00336659486635,33.88805877214992,5.0,-2.24458212152503,-0.8902663800716122
12.5,62.49717950597823,32.91194438939788,33.84807629030511,5.066827492975886,-2.275317309505371,-0.8106428057187886,5.613105331362907,114.1830141638263,-0.8106428057187886,0.04573733620753061,0.2848297734706472,3,camera_only,62.5,32.928932188134524,33.8581929876693,5.0,-2.2214414690791835,-0.9016765948265193
12.5,62.48806522869275,32.91220291882792,33.84974922631872,5.014027849807941,-2.258455368641017,-0.801143571998414,5.5572409479657665,114.24810496834546,-0.801143571998414,0.043944993046317174,0.2719565399208549,3,camera_only,62.5,32.928932188134524,33.8581929876693,5.0,-2.2214414690791835,-0.9016765948265193
12.5,62.50004894309985,32.91708132603216,33.86275402380227,5.071251415890437,-2.2380262655318637,-0.7575566614374513,5.594662150985483,113.81265285871513,-0.7575566614374513,0.040949939295060765,0.26462196088706375,3,camera_only,62.5,32.928932188134524,33.8581929876693,5.0,-2.2214414690791835,-0.9016765948265193
12.533333333333333,62.66882648053225,32.84310990486447,33.83217999714057,5.0706741206706605,-2.2310099281251854,-0.7774540394655257,5.594066152711602,113.74867386802168,-0.7774540394655257,0.04571448210126649,0.2849637985580689,3,camera_only,62.66666666666667,32.85527320367196,33.827947273827505,5.0,-2.198057210542882,-0.9130620896621003
12.533333333333333,62.685409741830156,32.86539257794666,33.831024431521264,5.135057812358173,-2.0614596938452947,-0.7908005983129549,5.589615406439121,111.87290435352159,-0.7908005983129549,0.043915749200167185,0.2721073753325947,3,camera_only,62.66666666666667,32.85527320367196,33.827947273827505,5.0,-2.198057210542882,-0.9130620896621003
12.533333333333333,62.69049473475034,32.86743928081516,33.83504559368816,5.159692336586367,-2.0522725956210666,-0.7778715382493069,5.607078735400784,111.69023691800214,-0.7778715382493069,0.04091545499826348,0.26475287006719245,3,camera_only,62.66666666666667,32.85527320367196,33.827947273827505,5.0,-2.198057210542882,-0.9130620896621003
12.566666666666666,62.86372859323078,32.79776104219095,33.814620700039285,5.166414244889695,-2.0662943021725333,-0.757530657322008,5.615626500202141,111.79881479096039,-0.757530657322008,0.04569465048847903,0.28509513547901993,3,camera_only,62.83333333333333,32.78239771901638,33.79732245982606,5.0,-2.174431910263594,-0.9244225524392625
12.566666666666666,62.855930813620176,32.79433278886319,33.815941883714345,5.126751340118159,-2.0850023477865642,-0.749306825513101,5.585004459482494,112.1311207805209,-0.749306825513101,0.04389494315657064,0.2723027841431863,3,camera_only,62.83333333333333,32.78239771901638,33.79732245982606,5.0,-2.174431910263594,-0.9244225524392625
12.566666666666666,62.847792185729055,32.791214847447755,33.80907692566154,5.087498648434456,-2.098850546301348,-0.7716617756533992,5.557272533314921,112.4186243158886,-0.7716617756533992,0.04088805598040466,0.264924864385364,3,camera_only,62.83333333333333,32.78239771901638,33.79732245982606,5.0,-2.174431910263594,-0.9244225524392625
12.6,63.01793695499343,32.72145750563209,33.77287581277978,5.093849443109523,-2.095786572745038,-0.811190274602892,5.56755360721169,112.36396781573647,-0.811190274602892,0.04568264628059158,0.28526115217220266,3,camera_only,63.0,32.71031372578589,33.76631938525972,5.0,-2.150568159021723,-0.9357576717051816
12.6,63.025533991075676,32.71402684328887,33.76969115810483,5.145825314219758,-2.1703739562467423,-0.8248383754231644,5.64538746411526,112.86873951807148,-0.8248383754231644,0.043869346755062044,0.2724426611343192,3,camera_only,63.0,32.71031372578589,33.76631938525972,5.0,-2.150568159021723,-0.9357576717051816
12.6,63.008769847201755,32.708605615474895,33.73724849218654,5.070302852299052,-2.187726381765619,-0.9397246479086521,5.601535517105307,113.33915648814225,-0.9397246479086521,0.040853427756178486,0.265037354479048,3,camera_only,63.0,32.71031372578589,33.76631938525972,5.0,-2.150568159021723,-0.9357576717051816
12.633333333333333,63.174019211085536,32.63714599650548,33.7225237941582,5.0424223996825255,-2.173288472917565,-0.8762408516331627,5.5603061492517885,113.3160845487918,-0.8762408516331627,0.0456585108971488,0.285368629748635,3,camera_only,63.16666666666666,32.63902912880266,33.73493890009342,5.0,-2.1264685737465157,-0.947067136701836
12.633333333333333,63.169560060379595,32.62746656531083,33.7222856851396,5.0289924495610725,-2.251218604832088,-0.874182477757063,5.578794248661792,114.1155823105464,-0.874182477757063,0.043834208563124845,0.2725562406192009,3,camera_only,63.16666666666666,32.63902912880266,33.73493890009342,5.0,-2.1264685737465157,-0.947067136701836
12.633333333333333,63.167051857682345,32.626839186159515,33.71452168939826,5.0185333080448595,-2.251833566014541,-0.9023475149626194,5.574106386744395,114.16594174351049,-0.9023475149626194,0.04081118389073323,0.26512991443136996,3,camera_only,63.16666666666666,32.63902912880266,33.73493890009342,5.0,-2.1264685737465157,-0.947067136701836
12.666666666666666,63.33612981343803,32.55037359056789,33.689273934642344,5.028189432224454,-2.2671311867511252,-0.8846343477304099,5.5861570612951486,114.26986120738059,-0.8846343477304099,0.045628178701674134,0.2854629868953296,3,camera_only,63.33333333333333,32.56855174522606,33.703181864639014,5.0,-2.1021357972290735,-0.9583506373745305
12.666666666666666,63.33708298044502,32.56051824714295,33.6909826405929,5.021895040932703,-2.181024336100708,-0.8799668820710677,5.545325839871801,113.47545327732728,-0.8799668820710677,0.043796695142969744,0.27267808199190324,3,camera_only,63.33333333333333,32.56855174522606,33.703181864639014,5.0,-2.1021357972290735,-0.9583506373745305
12.666666666666666,63.335662347319136,32.55993983548989,33.6915741778872,5.0145726648541356,-2.1843553191515515,-0.8771496139849739,5.5395612296211665,113.53801303710067,-0.8771496139849739,0.04076923680053115,0.26523629242743674,3,camera_only,63.33333333333333,32.56855174522606,33.703181864639014,5.0,-2.1021357972290735,-0.9583506373745305
12.7,63.502778398634824,32.48662989854653,33.67302936259871,5.011241471876762,-2.1906078429873466,-0.8368011746909709,5.5327696515560305,113.6120026907215,-0.8368011746909709,0.04559856705737738,0.28556970853138436,3,camera_only,63.5,32.49888930369541,33.67104914953168,5.0,-2.0775724978325476,-0.969607864380394
12.7,63.5054613035816,32.497322388162026,33.673818374077214,5.01462979464768,-2.1018389853389325,-0.836282234991966,5.501236867670941,112.74057569146329,-0.836282234991966,0.04376522617384636,0.27282958307144106,3,camera_only,63.5,32.49888930369541,33.67104914953168,5.0,-2.0775724978325476,-0.969607864380394
12.7,63.499555716242526,32.49498499077024,33.676761228204015,4.984033314550846,-2.1155326204070724,-0.8227417686324405,5.4765838226408565,112.99937654056062,-0.8227417686324405,0.04073423690576274,0.2653724848613687,3,camera_only,63.5,32.49888930369541,33.67104914953168,5.0,-2.0775724978325476,-0.969607864380394
12.733333333333333,63.66360857536277,32.42608879092943,33.64270897408927,4.973554792591296,-2.098063788721562,-0.8472001931193927,5.464052260335186,112.87215287180989,-0.8472001931193927,0.045577472668075644,0.28570375571800194,3,camera_only,63.66666666666666,32.43004944348244,33.638541635706034,5.0,-2.052781369199521,-0.9808385090968611
12.733333333333333,63.66716677081512,32.42588164651099,33.64230937192064,4.993028596595628,-2.103746407676373,-0.8499686477151148,5.484389684945045,112.84747983535284,-0.8499686477151148,0.043738645704526305,0.2729839543087125,3,camera_only,63.66666666666666,32.43004944348244,33.638541635706034,5.0,-2.052781369199521,-0.9808385090968611
12.733333333333333,63.666788099893544,32.42605403115836,33.63580049235606,4.9930583722847866,-2.1006433235831223,-0.8743977720191412,5.487067135152402,112.8171109570412,-0.8743977720191412,0.04070205326081613,0.26550628967339585,3,camera_only,63.66666666666666,32.43004944348244,33.638541635706034,5.0,-2.052781369199521,-0.9808385090968611
12.766666666666666,63.832245993764836,32.35705355725835,33.5979780584198,4.989902533012271,-2.0893081541449297,-0.9069402691170955,5.485150545216143,112.71941207080279,-0.9069402691170955,0.045558170752775816,0.28583376367726593,3,camera_only,63.83333333333333,32.36203971365358,33.60566021437197,5.0,-2.027765129956618,-0.9920422636301347
12.766666666666666,63.83673013160692,32.36053446659448,33.5977091895341,5.010821414673881,-2.0642273964334845,-0.9100624297804807,5.49523244458675,112.38940270689562,-0.9100624297804807,0.04371134090687716,0.2731329530272578,3,camera_only,63.83333333333333,32.36203971365358,33.60566021437197,5.0,-2.027765129956618,-0.9920422636301347
12.766666666666666,63.836262646717,32.361163742648095,33.58176319956649,5.013256980205578,-2.055462119450544,-0.9701873006346777,5.50444669993169,112.29389095896768,-0.9701873006346777,0.0406686132391939,0.26563403210414055,3,camera_only,63.83333333333333,32.36203971365358,33.60566021437197,5.0,-2.027765129956618,-0.9920422636301347
12.8,64.00296147782463,32.29246978495878,33.55725192355814,5.008509046294299,-2.057970720879071,-0.9404146748786556,5.4958881098085035,112.33750956956906,-0.9404146748786556,0.04553719183525874,0.28595797803100464,3,camera_only,64.0,32.294867572242104,33.57240578699029,5.0,-2.0025265234163787,-1.0032188208236243
12.8,63.99040304817728,32.292504648463364,33.560970850481525,4.94038621952664,-2.045829036086974,-0.921777515687978,5.426094933874008,112.49459552105635,-0.921777515687978,0.043683136304165794,0.2732806483747102,3,camera_only,64.0,32.294867572242104,33.57240578699029,5.0,-2.0025265234163787,-1.0032188208236243
12.8,64.00428915150644,32.296972575808006,33.56521669796905,5.008953128082551,-2.0223744770096292,-0.9113982996443618,5.4781618107885945,111.98648799149262,-0.9113982996443618,0.04063558947873799,0.265763507371514,3,camera_only,64.0,32.294867572242104,33.57240578699029,5.0,-2.0025265234163787,-1.0032188208236243
12.833333333333334,64.16889082152684,32.22985937405352,33.55811837391815,4.988053248854497,-2.021709762774977,-0.822422301577713,5.444663811516735,112.06322342503029,-0.822422301577713,0.045518739034411226,0.2860877914349155,3,camera_only,64.16666666666667,32.22854038543029,33.53877926524791,5.0,-1.9770683172764238,-1.0143678742663687
12.833333333333334,64.1643805071611,32.22701880981818,33.55929560483867,4.96605664093926,-2.04175561561984,-0.815927291919485,5.431042432225248,112.34963367185003,-0.815927291919485,0.04365906233424395,0.2734380810769334,3,camera_only,64.16666666666667,32.22854038543029,33.53877926524791,5.0,-1.9770683172764238,-1.0143678742663687
12.833333333333334,64.16223350649567,32.226620789833454,33.55377013695775,4.956946382523674,-2.0421426460273553,-0.8360085197012869,5.42591690601241,112.3904825599237,-0.8360085197012869,0.040608849602252944,0.26590522497549807,3,camera_only,64.16666666666667,32.22854038543029,33.53877926524791,5.0,-1.9770683172764238,-1.0143678742663687
12.866666666666667,64.326727897263,32.15861483781446,33.533018100026055,4.9505056092007065,-2.0421708050845186,-0.8087699362102148,5.415909544442622,112.41701035575296,-0.8087699362102148,0.04550637116461582,0.28622661650502734,3,camera_only,64.33333333333333,32.1630654267416,33.5047815710329,5.0,-1.9513933033159474,-1.0254891183014347
12.866666666666667,64.33478475493321,32.17171047262998,33.53242694109789,4.983217060305727,-1.938758149248018,-0.8157539453886761,5.408945362158398,111.25889840914628,-0.8157539453886761,0.04363734010206779,0.27358733407078784,3,camera_only,64.33333333333333,32.1630654267416,33.5047815710329,5.0,-1.9513933033159474,-1.0254891183014347
12.866666666666667,64.33474940597362,32.17146638852906,33.536710862832784,4.9817072689272655,-1.9415270493178176,-0.7994648597101564,5.406114932040095,111.29241751571506,-0.7994648597101564,0.04058262935201573,0.26603564703412924,3,camera_only,64.33333333333333,32.1630654267416,33.5047815710329,5.0,-1.9513933033159474,-1.0254891183014347
12.9,64.5012485920054,32.10595080652908,33.52235965883338,4.980240352079952,-1.9506924750683956,-0.7528280744130357,5.401365124336472,111.38960368580439,-0.7528280744130357,0.04549385783696086,0.28635557269281015,3,camera_only,64.5,32.098449876243095,33.47041363640923,5.0,-1.9255042970895562,-1.0365822480343014
12.9,64.51019449973182,32.101542907313885,33.518590740309726,5.0316810544648956,-1.9944856309598344,-0.7698339931988393,5.467031328157054,111.62265875465418,-0.7698339931988393,0.043620906341155626,0.2737623505964678,3,camera_only,64.5,32.098449876243095,33.47041363640923,5.0,-1.9255042970895562,-1.0365822480343014
12.9,64.51971396407731,32.104153239332966,33.524826582343465,5.077561007574171,-1.9815688689491178,-0.7500213354337355,5.501888127873168,111.31871181635624,-0.7500213354337355,0.04056112535033613,0.2661890162896156,3,camera_only,64.5,32.098449876243095,33.47041363640923,5.0,-1.9255042970895562,-1.0365822480343014
12.933333333333334,64.68931792855948,32.03829031492777,33.49181970228855,5.082128740509786,-1.9789136376510537,-0.7806154460933264,5.509400348048451,111.27527981658116,-0.7806154460933264,0.04548742371661716,0.28650686673792186,3,camera_only,64.66666666666667,32.03470081975804,33.43567640359119,5.0,-1.8994041376185276,-1.0476469593412123
12.933333333333334,64.6739270875303,32.02956125341162,33.49572605558703,5.006152688712116,-2.040390490485471,-0.7588827634610558,5.458998181446975,112.17465740228465,-0.7588827634610558,0.043606782903253566,0.2739476893624546,3,camera_only,64.66666666666667,32.03470081975804,33.43567640359119,5.0,-1.8994041376185276,-1.0476469593412123
12.933333333333334,64.67996384542299,32.032019083170425,33.48570785636294,5.039630628761793,-2.0229108130779814,-0.7995376949607913,5.48901681156881,111.87055630965796,-0.7995376949607913,0.04054112577539789,0.26635180568118605,3,camera_only,64.66666666666667,32.03470081975804,33.43567640359119,5.0,-1.8994041376185276,-1.0476469593412123
12.966666666666667,64.85100731752256,31.963258465852828,33.450143988249756,5.059590429413481,-2.034716300222553,-0.8344198231892282,5.516863436513087,111.90754504004143,-0.8344198231892282,0.045481027936004434,0.2866620380622475,3,camera_only,64.83333333333333,31.971825248088855,33.400570824917565,5.0,-1.8730956870794726,-1.058682948877517
12.966666666666667,64.85047121035274,31.969389217231086,33.45148621709909,5.052435503450747,-1.9836517875588133,-0.8299482150321633,5.490973772515213,111.43561651640427,-0.8299482150321633,0.04358820716091021,0.2740989009171721,3,camera_only,64.83333333333333,31.971825248088855,33.400570824917565,5.0,-1.8730956870794726,-1.058682948877517
12.966666666666667,64.8519328978102,31.968974760133875,33.46513658196738,5.055414273479165,-1.9904412484399918,-0.7784685258925037,5.4886321689282,111.49078285816387,-0.7784685258925037,0.04051599457353592,0.26647997128813605,3,camera_only,64.83333333333333,31.971825248088855,33.400570824917565,5.0,-1.8730956870794726,-1.058682948877517
13.0,65.01994852440922,31.90311543283371,33.43420891094221,5.0543360750164945,-1.9852433798710993,-0.7973286606401694,5.488464031913976,111.44391956062464,-0.7973286606401694,0.04546943984353538,0.28678934542602674,3,camera_only,65.0,31.909830056250527,33.36509786282552,5.0,-1.846581830490457,-1.0696899140859892
13.0,65.01103943318775,31.911133097690847,33.43825257300168,5.001871112341298,-1.9135785885489363,-0.7796869948821593,5.411876703050033,110.93547874012998,-0.7796869948821593,0.04357028014350294,0.2742579863474014,3,camera_only,65.0,31.909830056250527,33.36509786282552,5.0,-1.846581830490457,-1.0696899140859892
13.0,65.00754056054284,31.91002664566455,33.43950021817702,4.983908909446337,-1.9205072618540895,-0.7734755404501861,5.396847280789737,111.07374756791852,-0.7734755404501861,0.04049472246567109,0.2666224988392115,3,camera_only,65.0,31.909830056250527,33.36509786282552,5.0,-1.846581830490457,-1.0696899140859892
13.033333333333333,65.1766896895945,31.84426920068025,33.41466797361495,5.000152409889781,-1.936899931557889,-0.770741318231485,5.417300771290509,111.17478243827782,-0.770741318231485,0.045461476742579505,0.286927927299464,3,camera_only,65.16666666666666,31.848722042714463,33.329258489824234,5.0,-1.8198654753946448,-1.0806675532051158
13.033333333333333,65.1798582264575,31.846330403401907,33.41395118216401,5.015673359765544,-1.9219047727640681,-0.7749449844213859,5.426899385129132,110.96582382415279,-0.7749449844213859,0.043554058830394544,0.2744126606710636,3,camera_only,65.16666666666666,31.848722042714463,33.329258489824234,5.0,-1.8198654753946448,-1.0806675532051158
13.033333333333333,65.16915636133318,31.844631495570134,33.39327947739464,4.968729742935966,-1.9255813406892281,-0.8496139706495544,5.396108102796861,111.18334025577157,-0.8496139706495544,0.04047333930831012,0.2667558508337859,3,camera_only,65.16666666666666,31.848722042714463,33.329258489824234,5.0,-1.8198654753946448,-1.0806675532051158
13.066666666666666,65.33368192506661,31.781365067875708,33.359832840276205,4.964456208968107,-1.9165819223565654,-0.8689199106566039,5.392043539049129,111.10961994303253,-0.8689199106566039,0.04545221917555415,0.28705714050419623,3,camera_only,65.33333333333333,31.788507908662964,33.29305368846822,5.0,-1.7929495515414333,-1.0916155652773767
13.066666666666666,65.33772562067831,31.78190910480697,33.3579405813444,4.985738920706814,-1.9142776090785643,-0.877747842633294,5.41225393208021,111.00432429862006,-0.877747842633294,0.0435345287830551,0.2745536379675638,3,camera_only,65.33333333333333,31.788507908662964,33.29305368846822,5.0,-1.7929495515414333,-1.0916155652773767
13.066666666666666,65.33704029217914,31.78301579962009,33.33928086752516,4.988449449457349,-1.901819370307323,-0.9489644628827022,5.422368336703228,110.86907721341787,-0.9489644628827022,0.04044686525664713,0.2668730142910113,3,camera_only,65.33333333333333,31.788507908662964,33.29305368846822,5.0,-1.7929495515414333,-1.0916155652773767
13.1,65.50141749411048,31.721430245249046,33.29156344158781,4.983683474478694,-1.8834863971979392,-1.0100589096614765,5.422623072204837,110.70311196218864,-1.0100589096614765,0.04543760524322563,0.2871732186004933,3,camera_only,65.5,31.729194257254385,33.2564844513304,5.0,-1.7658370105651904,-1.10253365015749
13.1,65.51221173050183,31.729074641470785,33.2892066256672,5.036429863698431,-1.8271231775596608,-1.0241999877111225,5.4546301884505946,109.93983082058992,-1.0241999877111225,0.04351085938337313,0.27469250706864606,3,camera_only,65.5,31.729194257254385,33.2564844513304,5.0,-1.7658370105651904,-1.10253365015749
13.1,65.50504966328496,31.728158141581385,33.27439985438872,5.005441190305862,-1.8281538760092408,-1.0780429390015578,5.436797281700808,110.06387762023982,-1.0780429390015578,0.04041632700529475,0.2669884130663902,3,camera_only,65.5,31.729194257254385,33.2564844513304,5.0,-1.7658370105651904,-1.10253365015749
13.133333333333333,65.66806682331674,31.67024164888139,33.22126942508847,4.9907564597071525,-1.7989945739327593,-1.1429129161934284,5.426811352087886,109.8224743888264,-1.1429129161934284,0.0454193074165392,0.28728881016446245,3,camera_only,65.66666666666666,31.670787592899003,33.21955178097488,5.0,-1.7385308256615641,-1.1134215085206431
13.133333333333333,65.6573871916774,31.66757911281557,33.22474402147437,4.9358074387130175,-1.8154037074448115,-1.1251750021060323,5.378094874434946,110.19366251588413,-1.1251750021060323,0.04348372415386087,0.2748267786829876,3,camera_only,65.66666666666666,31.670787592899003,33.21955178097488,5.0,-1.7385308256615641,-1.1134215085206431
13.133333333333333,65.65580577199289,31.666779211393518,33.230082514469494,4.926069006847596,-1.8218732193250256,-1.104002189554205,5.366954324573546,110.29657210171067,-1.104002189554205,0.04038357863853513,0.2671020878091147,3,camera_only,65.66666666666666,31.670787592899003,33.21955178097488,5.0,-1.7385308256615641,-1.1134215085206431
13.166666666666666,65.8178780132545,31.60722048716407,33.195007945602825,4.914009282281647,-1.8116873367905342,-1.0967241656237317,5.350934696676874,110.23782317690832,-1.0967241656237317,0.045400018786125526,0.28740478804407643,3,camera_only,65.83333333333333,31.61329432054576,33.18225668992948,5.0,-1.7110339912614427,-1.1242788418706995
13.166666666666666,65.808363802787,31.614940942798643,33.199237891433086,4.860384291512422,-1.7456189094155725,-1.0779057676463555,5.275642300423257,109.75587498442512,-1.0779057676463555,0.04345512033581968,0.2749511002021183,3,camera_only,65.83333333333333,31.61329432054576,33.18225668992948,5.0,-1.7110339912614427,-1.1242788418706995
13.166666666666666,65.80731495441363,31.61523003222525,33.191602938036525,4.857728204885457,-1.7415806838900896,-1.1068553352201098,5.27785518218755,109.72364638762585,-1.1068553352201098,0.04035348119581176,0.2672136591664841,3,camera_only,65.83333333333333,31.61329432054576,33.18225668992948,5.0,-1.7110339912614427,-1.1242788418706995
13.2,65.96993747712821,31.556862862925687,33.15223416537975,4.862353982897429,-1.7440314022526087,-1.116591589860162,5.284970062884759,109.73191868268154,-1.116591589860162,0.04538304895237877,0.2875176160164998,3,camera_only,65.99999999999999,31.556720744979852,33.144600200657955,5.0,-1.6833495227025816,-1.1351053525483796
13.2,65.984031697241,31.571229846741776,33.14923586965071,4.929947338449492,-1.6352842974295423,-1.1355034644202957,5.316756869654221,108.3509002099489,-1.1355034644202957,0.04343008193200575,0.2750825742648439,3,camera_only,65.99999999999999,31.556720744979852,33.144600200657955,5.0,-1.6833495227025816,-1.1351053525483796
13.2,65.99037864160394,31.572482981850516,33.15438735217616,4.960008049732315,-1.6290063075337977,-1.1183061975153696,5.339096379987493,108.18163644953076,-1.1183061975153696,0.0403241820377172,0.2673250583964677,3,camera_only,65.99999999999999,31.556720744979852,33.144600200657955,5.0,-1.6833495227025816,-1.1351053525483796
13.233333333333333,66.15702868579613,31.51630034006416,33.14510797095901,4.956863988813064,-1.6488596370949233,-1.0107353316567345,5.320791728407701,108.39927624296382,-1.0107353316567345,0.045367836455453635,0.287633402169101,3,camera_only,66.16666666666666,31.501073070131362,33.10658334553198,5.0,-1.6554804558989284,-1.145900743739426
13.233333333333333,66.15603685156142,31.506159671096192,33.14443205585378,4.955793028690264,-1.7289203218412215,-1.0115619562266744,5.345307064498326,109.2322731788602,-1.0115619562266744,0.04341272274069753,0.2752585190238934,3,camera_only,66.16666666666666,31.501073070131362,33.10658334553198,5.0,-1.6554804558989284,-1.145900743739426
13.233333333333333,66.15715653737453,31.50683662989632,33.13966477627999,4.963064529161543,-1.7232875224640531,-1.0304468791419585,5.353835090515507,109.14815010527215,-1.0304468791419585,0.04030426420220072,0.26748172091406186,3,camera_only,66.16666666666666,31.501073070131362,33.10658334553198,5.0,-1.6554804558989284,-1.145900743739426
13.266666666666666,66.31534373617383,31.454398494506805,33.09504427131696,4.928249832327207,-1.6792394030858768,-1.0679427335151939,5.314884106429534,108.81590046241327,-1.0679427335151939,0.0453640232080618,0.28778920355095966,3,camera_only,66.33333333333333,31.446357398394934,33.06820716680284,5.0,-1.627429847007717,-1.1566647194827353
13.266666666666666,66.30713287759733,31.448894448982372,33.097676899312766,4.887250665161105,-1.7198217336297152,-1.053838355821151,5.287114632744651,109.38695190553224,-1.053838355821151,0.043396523559440695,0.2754110418541239,3,camera_only,66.33333333333333,31.446357398394934,33.06820716680284,5.0,-1.627429847007717,-1.1566647194827353
13.266666666666666,66.31047440042163,31.450261014806014,33.09160094549504,4.906137729801,-1.7094393940869368,-1.0787607762572267,5.306231739966162,109.20980518749502,-1.0787607762572267,0.04028262727744134,0.2676106647639278,3,camera_only,66.33333333333333,31.446357398394934,33.06820716680284,5.0,-1.627429847007717,-1.1566647194827353
13.299999999999999,66.474795119876,31.39322712923704,33.04389061199099,4.9146329020126,-1.70835358854781,-1.1244560236312375,5.32320297322294,109.16773427260951,-1.1244560236312375,0.04535558790771575,0.287915840386011,3,camera_only,66.49999999999999,31.392579729960566,33.02947271657287,5.0,-1.5992007720943158,-1.1673969846784737
13.299999999999999,66.47859712007833,31.390675393130632,33.04216507896849,4.935487866133857,-1.729567981831115,-1.1322529100847485,5.3509291280043385,109.31224993004567,-1.1322529100847485,0.043377457315960224,0.2755487131371047,3,camera_only,66.49999999999999,31.392579729960566,33.02947271657287,5.0,-1.5992007720943158,-1.1673969846784737
13.299999999999999,66.49326423875502,31.393267682431937,33.05546803965968,5.00431207077043,-1.7167526163038154,-1.0869520434058413,5.401096517551668,108.93477073183348,-1.0869520434058413,0.04025727060486475,0.26772280673538884,3,camera_only,66.49999999999999,31.392579729960566,33.02947271657287,5.0,-1.5992007720943158,-1.1673969846784737
13.333333333333334,66.65751059386047,31.337527825485097,33.023663276615615,4.989118244413006,-1.7049249006135203,-1.0690239220207132,5.379673030893168,108.86677029664693,-1.0690239220207132,0.04534410191935676,0.2880312891496011,3,camera_only,66.66666666666667,31.33974596215561,32.99038105676658,5.0,-1.5707963267948954,-1.1780972450961729
13.333333333333334,66.66365158282646,31.353012989800405,33.02373363328149,5.015715358376439,-1.5861186878723528,-1.073318493530608,5.368909166378773,107.54850679925913,-1.073318493530608,0.04336061005441261,0.2757088472191247,3,camera_only,66.66666666666667,31.33974596215561,32.99038105676658,5.0,-1.5707963267948954,-1.1780972450961729
13.333333333333334,66.66241448626272,31.35259951089164,33.024871666537095,5.009105889063949,-1.5890884184799066,-1.068372090487598,5.3626264771411165,107.60110609678804,-1.068372090487598,0.04023830515070988,0.2678654785077993,3,camera_only,66.66666666666667,31.33974596215561,32.99038105676658,5.0,-1.5707963267948954,-1.1780972450961729
13.366666666666667,66.83174363527507,31.29835553193999,32.98417689593117,5.023411710718544,-1.5989831868396027,-1.088819427191986,5.383023331940019,107.65659635423775,-1.088819427191986,0.04533989233782036,0.2881731117405066,3,camera_only,66.83333333333333,31.287861888798105,32.950933259101575,5.0,-1.542219625976981,-1.1887652073827841
13.366666666666667,66.84178602079032,31.300275404343775,32.98008349697998,5.075505139473133,-1.586713253315351,-1.1089136450290813,5.432135937289903,107.3603790896784,-1.1089136450290813,0.043348519542784666,0.2758740375307924,3,camera_only,66.83333333333333,31.287861888798105,32.950933259101575,5.0,-1.542219625976981,-1.1887652073827841
13.366666666666667,66.83365580784466,31.299158165902313,32.97070059294345,5.038118293439322,-1.5913339917970073,-1.1419059932973945,5.405453645131466,107.52918014768461,-1.1419059932973945,0.04022021743679253,0.26800373391059384,3,camera_only,66.83333333333333,31.287861888798105,32.950933259101575,5.0,-1.542219625976981,-1.1887652073827841
13.4,67.00057804979168,31.246816749579626,32.931780310017864,5.033119435733554,-1.5854723912726338,-1.144926467025075,5.399710230442105,107.48483917663171,-1.144926467025075,0.04533584202152761,0.28831035818183504,3,camera_only,67.0,31.236933199561363,32.911130405059154,5.0,-1.51347380339784,-1.1994005790707356
13.4,66.99212466132934,31.23909068475679,32.93448468440429,4.991123230283516,-1.6429835560084673,-1.129994168995431,5.374717935590077,108.22056912465261,-1.129994168995431,0.04333374799139348,0.2760232487204284,3,camera_only,67.0,31.236933199561363,32.911130405059154,5.0,-1.51347380339784,-1.1994005790707356
13.4,67.01127795450269,31.242340339857428,32.94978920335764,5.081576102526816,-1.625956571391119,-1.0786566065756729,5.4433124595902935,107.74316012388668,-1.0786566065756729,0.040199895073525796,0.26812817885067936,3,camera_only,67.0,31.236933199561363,32.911130405059154,5.0,-1.51347380339784,-1.1994005790707356
13.433333333333334,67.18092597272128,31.187708471244722,32.92109982106884,5.080165762873338,-1.6304442026020396,-1.0504587637037384,5.437820895387327,107.79367512486768,-1.0504587637037384,0.04533059196775145,0.28843879714962706,3,camera_only,67.16666666666666,31.18696547935008,32.87097358585467,5.0,-1.4845620113608595,-1.2100030685859378
13.433333333333334,67.18154753495966,31.199007123226057,32.92266649835423,5.080049678784644,-1.5441451728770994,-1.046205591657977,5.411638863953879,106.90731087416334,-1.046205591657977,0.043321425642840854,0.27618642678492206,3,camera_only,67.16666666666666,31.18696547935008,32.87097358585467,5.0,-1.4845620113608595,-1.2100030685859378
13.433333333333334,67.18032807743285,31.197388293412498,32.93629172770164,5.068917865700406,-1.5582720264789716,-0.9925315170297131,5.3951143500412435,107.08832331473688,-0.9925315170297131,0.04018518966748918,0.2682720448787029,3,camera_only,67.16666666666666,31.18696547935008,32.87097358585467,5.0,-1.4845620113608595,-1.2100030685859378
13.466666666666667,67.35430259040069,31.14245678308847,32.88930911669542,5.100409147922133,-1.5802807114391424,-1.0482236894118047,5.441528600145228,107.21476413580741,-1.0482236894118047,0.045331087301270695,0.2885828333370383,3,camera_only,67.33333333333333,31.137964207687855,32.8304639024076,5.0,-1.4554874203698374,-1.2205723852557873
13.466666666666667,67.35173690721989,31.146307047846072,32.89187108515809,5.0855750500931425,-1.5506354422072475,-1.03776413583408,5.417056236221162,106.95691332168258,-1.03776413583408,0.04331323216380527,0.2763523737918866,3,camera_only,67.33333333333333,31.137964207687855,32.8304639024076,5.0,-1.4554874203698374,-1.2205723852557873
13.466666666666667,67.3466904231555,31.14641938185794,32.878306166245224,5.06532313186542,-1.5464573066187388,-1.0885613732722084,5.406847001237012,106.97757686306583,-1.0885613732722084,0.04017182815453903,0.26841248120817396,3,camera_only,67.33333333333333,31.137964207687855,32.8304639024076,5.0,-1.4554874203698374,-1.2205723852557873
13.5,67.51607716822836,31.09475652188213,32.834007933689975,5.071260211336423,-1.5462574261204305,-1.1200037246107404,5.418763742963744,106.95677584848038,-1.1200037246107404,0.04533093907964219,0.2887203331963024,3,camera_only,67.5,31.08993475811632,32.78960246531138,5.0,-1.4262532187813195,-1.2311082393171269
13.5,67.52352151836828,31.10468071611499,32.83202125860252,5.107757324190759,-1.472465439973616,-1.1321563704835476,5.4349901013679425,106.08122550993316,-1.1321563704835476,0.043301675745829854,0.27649738601971696,3,camera_only,67.5,31.08993475811632,32.78960246531138,5.0,-1.4262532187813195,-1.2311082393171269
13.5,67.50245865082695,31.101802924296155,32.81141622125612,5.009890384210515,-1.486247447900136,-1.203587864065062,5.3625140451768845,106.52365686122799,-1.203587864065062,0.04015385633503307,0.26853050640786547,3,camera_only,67.5,31.08993475811632,32.78960246531138,5.0,-1.4262532187813195,-1.2311082393171269
13.533333333333333,67.66958361697465,31.05246174394102,32.76348035908635,5.013612314935333,-1.4836018965017193,-1.2341880367551878,5.372206543110973,106.48426326714483,-1.2341880367551878,0.045325124401881925,0.28883777087597406,3,camera_only,67.66666666666666,31.042882397605872,32.74839039480296,5.0,-1.3968626124549492,-1.2416103419241957
13.533333333333333,67.6856802556538,31.046859553372915,32.753976452064265,5.099778291235698,-1.5279088871917443,-1.2770256497844592,5.474763802898335,106.67837379682578,-1.2770256497844592,0.04328433805389494,0.2766207570287282,3,camera_only,67.66666666666666,31.042882397605872,32.74839039480296,5.0,-1.3968626124549492,-1.2416103419241957
13.533333333333333,67.68495178093889,31.047069863981427,32.750400967689465,5.097479204602337,-1.5256337425479798,-1.2907211630960642,5.4751998756774425,106.66201065896243,-1.2907211630960642,0.04012854350492696,0.2686239927701654,3,camera_only,67.66666666666666,31.042882397605872,32.74839039480296,5.0,-1.3968626124549492,-1.2416103419241957
13.566666666666666,67.85727844489853,30.99466395181086,32.702131899709265,5.112009755027619,-1.5369654982917242,-1.3119941149869139,5.496929618996131,106.73381407281005,-1.3119941149869139,0.04531247027213244,0.2889375550079372,3,camera_only,67.83333333333333,30.996812285978063,32.706828820732056,5.0,-1.3673188244019125,-1.252078405156546
13.566666666666666,67.86403610350078,30.995996238708962,32.69892039443324,5.14721020183671,-1.5278448213363764,-1.3274977010145341,5.530852810026241,106.53245215853408,-1.3274977010145341,0.04326414787206564,0.27676024522316434,3,camera_only,67.83333333333333,30.996812285978063,32.706828820732056,5.0,-1.3673188244019125,-1.252078405156546
13.566666666666666,67.855723618459,30.99596519828359,32.68123384960056,5.112296751167937,-1.5237967408677795,-1.3932736667404142,5.513505789415097,106.59747709318734,-1.3932736667404142,0.04010332141243901,0.2687392963097143,3,camera_only,67.83333333333333,30.996812285978063,32.706828820732056,5.0,-1.3673188244019125,-1.252078405156546
13.6,68.0266004664923,30.945008690250468,32.631984502338646,5.115807066079948,-1.5246824165372086,-1.4044367806062488,5.519835240237784,106.59582488853559,-1.4044367806062488,0.04530050365778294,0.2890553434866887,3,camera_only,68.0,30.951729475339807,32.66491888253023,5.0,-1.3376250944314998,-1.2625121420269345
13.6,68.02619488637829,30.941086736232283,32.63237492650871,5.114189807095732,-1.5539038797143443,-1.4021787733733913,5.52590806681509,106.90096630156857,-1.4021787733733913,0.0432415335986106,0.2768894977485759,3,camera_only,68.0,30.951729475339807,32.66491888253023,5.0,-1.3376250944314998,-1.2625121420269345
13.6,68.0420365329394,30.94335586497964,32.64519647339593,5.188659354340126,-1.5417697221334372,-1.3587718167688247,5.580815408299576,106.5489069332383,-1.3587718167688247,0.04007531649922849,0.26884363576265713,3,camera_only,68.0,30.951729475339807,32.66491888253023,5.0,-1.3376250944314998,-1.2625121420269345
13.633333333333333,68.21359819957732,30.893065932456597,32.60029782209587,5.181321259646411,-1.5334260970510143,-1.3568110068962904,5.571213664832457,106.48626272291726,-1.3568110068962904,0.04528732772612952,0.2891676057166948,3,camera_only,68.16666666666666,30.907638909529314,32.62266172917959,5.0,-1.3077846787958154,-1.2729112664891973
13.633333333333333,68.20298452203873,30.9124897280542,32.608760470234564,5.121738908671271,-1.3889434390893038,-1.3220252721750057,5.468923490583481,105.17288715160898,-1.3220252721750057,0.04322194931942759,0.27703884575037885,3,camera_only,68.16666666666666,30.907638909529314,32.62266172917959,5.0,-1.3077846787958154,-1.2729112664891973
13.633333333333333,68.19324045569456,30.90956735325568,32.614635688189594,5.070602599079072,-1.4098673632454948,-1.2945336723648115,5.4198297139872,105.53844630322124,-1.2945336723648115,0.04005531743005181,0.2689775458921702,3,camera_only,68.16666666666666,30.907638909529314,32.62266172917959,5.0,-1.3077846787958154,-1.2729112664891973
13.666666666666666,68.35745290569018,30.865945409764404,32.58527174816643,5.040351169358858,-1.3863286664630572,-1.2388334680612225,5.372313788629908,105.37870404473865,-1.2388334680612225,0.04528225831431146,0.2893025531376453,3,camera_only,68.33333333333333,30.86454542357399,32.580058519181364,5.0,-1.2778008498327074,-1.2832754934460824
13.666666666666666,68.34531702220792,30.867914648207588,32.59137217048201,4.9764537626910155,-1.3709083706326708,-1.2101067719026353,5.301777080590706,105.4017617722822,-1.2101067719026353,0.0432075721986325,0.27717664042204704,3,camera_only,68.33333333333333,30.86454542357399,32.580058519181364,5.0,-1.2778008498327074,-1.2832754934460824
13.666666666666666,68.3239267645319,30.864517337742715,32.57805349997529,4.874450833960612,-1.390782212309861,-1.2530996165186754,5.22157109917083,105.92455018792486,-1.2530996165186754,0.04003959962441906,0.26909722936283387,3,camera_only,68.33333333333333,30.86454542357399,32.580058519181364,5.0,-1.2778008498327074,-1.2832754934460824
13.7,68.4855924347028,30.81883125793076,32.53383636748561,4.871268318154328,-1.3853747921321085,-1.2624924749807918,5.219425791359841,105.87560053110016,-1.2624924749807918,0.04527944950838719,0.28942153215772576,3,camera_only,68.5,30.82245374316019,32.53711042052406,5.0,-1.2476768956069109,-1.293604538757072
13.7,68.48538023433704,30.826458095125474,32.53516382412928,4.868835308773367,-1.3296431164082179,-1.2582840597655265,5.201613870331978,105.27460192984493,-1.2582840597655265,0.04319200027820502,0.27728860861119403,3,camera_only,68.5,30.82245374316019,32.53711042052406,5.0,-1.2476768956069109,-1.293604538757072
13.7,68.4783374094499,30.825287170902172,32.53137611229112,4.8350298478217475,-1.336714804740357,-1.270092387456499,5.174693688636477,105.45423980951014,-1.270092387456499,0.0400194854483362,0.26918572847525346,3,camera_only,68.5,30.82245374316019,32.53711042052406,5.0,-1.2476768956069109,-1.293604538757072
13.733333333333333,68.63597276634772,30.78385280797484,32.478005584268026,4.821479759702579,-1.311877478442232,-1.3125833948807424,5.166291199708185,105.2211396208541,-1.3125833948807424,0.04527089508681162,0.2895137536555143,3,camera_only,68.66666666666667,30.781368484114996,32.493818610651495,5.0,-1.2174161195494677,-1.3038981192461727
13.733333333333333,68.64193080755061,30.77107655522153,32.47349570087953,4.85456235239694,-1.4051078595356725,-1.3310026977396774,5.226152687362753,106.14259430748542,-1.3310026977396774,0.04317589338970885,0.27740656806766134,3,camera_only,68.66666666666667,30.781368484114996,32.493818610651495,5.0,-1.2174161195494677,-1.3038981192461727
13.733333333333333,68.63485058023245,30.771205544064944,32.45908003051862,4.8248269902809415,-1.4011708421098643,-1.3849078460217492,5.211545352090387,106.19374709382699,-1.3849078460217492,0.03999706868080458,0.26927530427371643,3,camera_only,68.66666666666667,30.781368484114996,32.493818610651495,5.0,-1.2174161195494677,-1.3038981192461727
13.766666666666666,68.79610448165958,30.724109149587786,32.413008847092165,4.826967984928351,-1.404067019298484,-1.3846649597678524,5.214242147523828,106.21864131860231,-1.3846649597678524,0.04525946517955799,0.2896060790064558,3,camera_only,68.83333333333333,30.741294151900057,32.45018427643052,5.0,-1.1870218400954862,-1.314155952709674
13.766666666666666,68.79657812844859,30.729435142935458,32.41322363905162,4.828803992592324,-1.3654948137796132,-1.3847948472193452,5.205725775933634,105.78990374793352,-1.3847948472193452,0.04315560916139829,0.2775212214732954,3,camera_only,68.83333333333333,30.741294151900057,32.45018427643052,5.0,-1.1870218400954862,-1.314155952709674
13.766666666666666,68.79679465664805,30.727458018406814,32.429582579175396,4.8233081699891835,-1.3822919129639692,-1.319979617453602,5.188196105181738,105.99155384556889,-1.319979617453602,0.03997274380224049,0.2693677789402169,3,camera_only,68.83333333333333,30.741294151900057,32.45018427643052,5.0,-1.1870218400954862,-1.314155952709674
13.799999999999999,68.9591582575484,30.680283691832884,32.37925176462014,4.83399938147129,-1.3894401096614128,-1.3455377900061767,5.206588689606222,106.03627888485774,-1.3455377900061767,0.045248094696957404,0.2897046004778534,3,camera_only,69.0,30.70223514111749,32.40620861411843,5.0,-1.156497390320215,-1.3243777579238913
13.799999999999999,68.96918464645726,30.689401099943197,32.375359190267694,4.8853572218508114,-1.323984460828991,-1.3665105763667733,5.242804706731766,105.16353966791296,-1.3665105763667733,0.043138216075458986,0.2776483830655223,3,camera_only,69.0,30.70223514111749,32.40620861411843,5.0,-1.156497390320215,-1.3243777579238913
13.799999999999999,68.97478298868681,30.691503788070072,32.36854665008448,4.916184634369623,-1.3083342110837521,-1.3961359332184538,5.275396223140769,104.90259712073576,-1.3961359332184538,0.03995262363530473,0.26947368395687005,3,camera_only,69.0,30.70223514111749,32.40620861411843,5.0,-1.156497390320215,-1.3243777579238913
13.833333333333334,69.13856891323874,30.64786739599695,32.32470415144899,4.9146260617557544,-1.3089078314793303,-1.3854147447668057,5.271258203997796,104.91335743886158,-1.3854147447668057,0.04524061124804549,0.289813545181978,3,camera_only,69.16666666666667,30.664195735027985,32.36189282933024,5.0,-1.1258461175735544,-1.3345632546528705
13.833333333333334,69.13944269275108,30.65659387342304,32.32475963479064,4.918424812086202,-1.2462589087249956,-1.3868498731372163,5.259982554186118,104.21867720372992,-1.3868498731372163,0.043124416317258885,0.2777888378508887,3,camera_only,69.16666666666667,30.664195735027985,32.36189282933024,5.0,-1.1258461175735544,-1.3345632546528705
13.833333333333334,69.14877667510946,30.657825226885134,32.33163069891597,4.96241074380481,-1.2392328454351118,-1.363762242842082,5.293492787417045,104.02135674203757,-1.363762242842082,0.039935213932109706,0.26959019052842487,3,camera_only,69.16666666666667,30.664195735027985,32.36189282933024,5.0,-1.1258461175735544,-1.3345632546528705
13.866666666666667,69.31866868073101,30.612675717161174,32.28816540833215,4.984297132982125,-1.2673445316730132,-1.357189674561608,5.318960789905483,104.26613561795666,-1.357189674561608,0.045237457498648395,0.2899344099287202,3,camera_only,69.33333333333334,30.627180105081088,32.31723813700556,5.0,-1.0950713831129693,-1.3447121636560737
13.866666666666667,69.32870292641897,30.625434850575186,32.28463944815823,5.03548919028681,-1.1763245028879115,-1.377342513453189,5.351351522835643,103.14888073375505,-1.377342513453189,0.04311435970596773,0.2779370432700102,3,camera_only,69.33333333333334,30.627180105081088,32.31723813700556,5.0,-1.0950713831129693,-1.3447121636560737
13.866666666666667,69.32434489330926,30.624352146365087,32.28531926324185,5.013363180681207,-1.1838393367422855,-1.372628527904329,5.330984433690011,103.28625843400263,-1.372628527904329,0.03992159585219944,0.2697129686724428,3,camera_only,69.33333333333334,30.627180105081088,32.31723813700556,5.0,-1.0950713831129693,-1.3447121636560737
13.9,69.48867299451702,30.587441736696036,32.233905912191176,5.001637775264636,-1.1646682869715783,-1.3943137710968665,5.321366699063489,103.10815771841047,-1.3943137710968665,0.04523796685551688,0.2900599527323726,3,camera_only,69.5,30.591192310457746,32.27224576137535,5.0,-1.0641765617348926,-1.3548242066960334
13.9,69.48562831343419,30.596607271722405,32.23688957693918,4.9846584891109496,-1.0997064430814225,-1.3825125727456633,5.288432237234441,102.44119984880825,-1.3825125727456633,0.04310544100546721,0.2780764418576728,3,camera_only,69.5,30.591192310457746,32.27224576137535,5.0,-1.0641765617348926,-1.3548242066960334
13.9,69.49300829468564,30.596793123495424,32.24788357773535,5.01709932637203,-1.1005018209600714,-1.341991102492134,5.308797418228272,102.37190254798766,-1.341991102492134,0.03990915464648381,0.2698281935033663,3,camera_only,69.5,30.591192310457746,32.27224576137535,5.0,-1.0641765617348926,-1.3548242066960334
13.933333333333334,69.6614578635023,30.559099668498586,32.20226573099752,5.023602563395009,-1.1075857220319947,-1.3458839107484009,5.317399020932081,102.43345057275336,-1.3458839107484009,0.04523955724303032,0.2901794286832744,3,camera_only,69.66666666666667,30.55623629762519,32.226916935928315,5.0,-1.0331650414046447,-1.3648991065459815
13.933333333333334,69.67173608869015,30.56251851824179,32.19741169123197,5.077124382260327,-1.0832522336364998,-1.370136955766731,5.369162194623897,102.0440038671195,-1.370136955766731,0.04309936259986208,0.278220408420876,3,camera_only,69.66666666666667,30.55623629762519,32.226916935928315,5.0,-1.0331650414046447,-1.3648991065459815
13.933333333333334,69.66921759428313,30.56162162941233,32.199516730766724,5.06362549378456,-1.0897696867544777,-1.3605394677771858,5.355274853343506,102.14567047849162,-1.3605394677771858,0.03989866658337912,0.269944440306423,3,camera_only,69.66666666666667,30.55623629762519,32.226916935928315,5.0,-1.0331650414046447,-1.3648991065459815
13.966666666666667,69.83782267776085,30.525212100928037,32.161683831391954,5.059524506312916,-1.091474309780822,-1.330464036961858,5.34417804274346,102.17366910628924,-1.330464036961858,0.045242557692442904,0.2902989524898284,3,camera_only,69.83333333333334,30.522315899904143,32.18125290337709,5.0,-1.0020402228848924,-1.3749365869974504
13.966666666666667,69.8410476337531,30.523055097112287,32.15863409901146,5.0770721339785485,-1.1063554256437536,-1.3436917385727258,5.367139952505567,102.29326322693815,-1.3436917385727258,0.04309403215441948,0.2783646112915313,3,camera_only,69.83333333333334,30.522315899904143,32.18125290337709,5.0,-1.0020402228848924,-1.3749365869974504
13.966666666666667,69.83959749488864,30.52323276514632,32.15497560059963,5.07134020925083,-1.1044884147879273,-1.3576836312836131,5.364857036214521,102.28659792634313,-1.3576836312836131,0.039889046465361254,0.2700617937612274,3,camera_only,69.83333333333334,30.522315899904143,32.18125290337709,5.0,-1.0020402228848924,-1.3749365869974504
14.0,70.00505825776318,30.4892740957353,32.12324636618476,5.047529206411422,-1.0863668374914337,-1.3025358789980672,5.324879689838516,102.14633570213849,-1.3025358789980672,0.045246173471067755,0.2904188145487947,3,camera_only,70.0,30.489434837048464,32.135254915624216,5.0,-0.9708055193627337,-1.3849363728678423
14.0,70.00476591200832,30.497207159811722,32.12470686793204,5.045234106364872,-1.0310392054699702,-1.297783925348964,5.310524658462445,101.54987865301311,-1.297783925348964,0.04308841271732909,0.27850228884858513,3,camera_only,70.0,30.489434837048464,32.135254915624216,5.0,-0.9708055193627337,-1.3849363728678423
14.0,70.00246039227159,30.49613746993616,32.1286873451446,5.032002576910374,-1.0390306722377523,-1.2807233090087367,5.295364658465153,101.66672910705333,-1.2807233090087367,0.03988083068689263,0.2701774684590811,3,camera_only,70.0,30.489434837048464,32.135254915624216,5.0,-0.9708055193627337,-1.3849363728678423
14.033333333333333,70.17148967747987,30.460333760786146,32.08575852360995,5.038624535009252,-1.0471813621622192,-1.282059136505685,5.303583848639976,101.74069077593443,-1.282059136505685,0.045251138148534084,0.29053738647343424,3,camera_only,70.16666666666667,30.45759671483723,32.08892423372774,5.0,-0.9394643560753931,-1.3948981900079767
14.033333333333333,70.16818963564222,30.450295787529328,32.08554597448631,5.022370247341811,-1.1169426178174453,-1.2799328415476623,5.301885682637207,102.53816035900488,-1.2799328415476623,0.043085033403200676,0.2786420909219862,3,camera_only,70.16666666666667,30.45759671483723,32.08892423372774,5.0,-0.9394643560753931,-1.3948981900079767
14.033333333333333,70.17246315137604,30.452783101020536,32.075226270909816,5.048157344225349,-1.0982095277064892,-1.323456705404911,5.333056758546909,102.27327037806081,-1.323456705404911,0.03987232220880884,0.27028868297769076,3,camera_only,70.16666666666667,30.45759671483723,32.08892423372774,5.0,-0.9394643560753931,-1.3948981900079767
14.066666666666666,70.34204339872932,30.41460938591303,32.044605043462994,5.048946328503152,-1.1111415914269698,-1.269719726391445,5.3234089499015464,102.41146020305032,-1.269719726391445,0.04525463609172963,0.2906503606261848,3,camera_only,70.33333333333334,30.426805024679325,32.04226212786672,5.0,-0.9080201699346078,-1.404821765309604
14.066666666666666,70.34120605532954,30.417704507733603,32.04625327188244,5.0439997176829685,-1.0899241170572045,-1.263230301564653,5.312778795293468,102.19319325075948,-1.263230301564653,0.04307982165291757,0.27877788531202335,3,camera_only,70.33333333333334,30.426805024679325,32.04226212786672,5.0,-0.9080201699346078,-1.404821765309604
14.066666666666666,70.33578851477542,30.41785540168412,32.03757635330744,5.020572098374642,-1.0874217334651899,-1.2956556089438596,5.297863123786616,102.22110155844538,-1.2956556089438596,0.03986346624496763,0.2703999576264049,3,camera_only,70.33333333333334,30.426805024679325,32.04226212786672,5.0,-0.9080201699346078,-1.404821765309604
14.1,70.50529265971576,30.379403750873475,32.004205526691074,5.027140097215791,-1.1041532278391586,-1.2568591313457196,5.29820599671526,102.38765773579091,-1.2568591313457196,0.04525791420762127,0.2907636063043677,3,camera_only,70.5,30.397063143230568,31.99526987730636,5.0,-0.8764764091497347,-1.414706826712894
14.1,70.50485323001988,30.38595126792347,32.00642690123105,5.023930864182354,-1.0593434448202455,-1.2487751562266503,5.284082631164711,101.90693552351046,-1.2487751562266503,0.043074446221724794,0.27890964105581606,3,camera_only,70.5,30.397063143230568,31.99526987730636,5.0,-0.8764764091497347,-1.414706826712894
14.1,70.50355407023191,30.38665743585362,32.0005891157945,5.019931550711589,-1.0535618298146716,-1.2717413179089092,5.284603228507206,101.85295987955348,-1.2717413179089092,0.03985475557902355,0.27050819333525994,3,camera_only,70.5,30.397063143230568,31.99526987730636,5.0,-0.8764764091497347,-1.414706826712894
14.133333333333333,70.6702636309325,30.352375712911993,31.94516335336115,5.022449637941007,-1.0458202385258217,-1.3239782262733197,5.298269404306447,101.76256587971415,-1.3239782262733197,0.04526119051568069,0.2908745791667686,3,camera_only,70.66666666666667,30.36837433202342,31.947948770362945,5.0,-0.844836532849604,-1.4245531032138963
14.133333333333333,70.66615747362601,30.352551373876157,31.94767829479858,5.000805469451682,-1.0449458117738613,-1.3120970572787451,5.2746152258303285,101.80244941582055,-1.3120970572787451,0.043068826326638984,0.2790386415869694,3,camera_only,70.66666666666667,30.36837433202342,31.947948770362945,5.0,-0.844836532849604,-1.4245531032138963
14.133333333333333,70.67053449212446,30.3543755434443,31.942600636852056,5.024909218562738,-1.031712363930132,-1.3347093280658147,5.300527525360941,101.60269847989673,-1.3347093280658147,0.039844108493283105,0.27060988925806145,3,camera_only,70.66666666666667,30.36837433202342,31.947948770362945,5.0,-0.844836532849604,-1.4245531032138963
14.166666666666666,70.83914323363331,30.319000770164145,31.89370300910409,5.03237947132191,-1.0377644635837444,-1.3527803661189082,5.313361736623646,101.65205171118924,-1.3527803661189082,0.04526191033363865,0.2909793181355272,3,camera_only,70.83333333333333,30.34074173710932,31.900300104368533,5.0,-0.8131040107032069,-1.4343603248719652
14.166666666666666,70.83715825842144,30.327099485878456,31.896674415736026,5.021189484309027,-0.9829105339628014,-1.341227238986923,5.289361725360734,101.07574033744217,-1.341227238986923,0.043061460450165435,0.2791657491352333,3,camera_only,70.83333333333333,30.34074173710932,31.900300104368533,5.0,-0.8131040107032069,-1.4343603248719652
14.166666666666666,70.83574429906825,30.326787723731925,31.896429727174485,5.014218455838336,-0.9849920357753064,-1.3415400886813083,5.283211697722288,101.1136596000802,-1.3415400886813083,0.03983324103382351,0.27071295185070215,3,camera_only,70.83333333333333,30.34074173710932,31.900300104368533,5.0,-0.8131040107032069,-1.4343603248719652
14.2,71.00143154189425,30.296055455301374,31.82244828677445,5.019695120373636,-0.9662013059127916,-1.4591777192266768,5.316021414680159,100.89516151473973,-1.4591777192266768,0.04526288325805412,0.29108613027962865,3,camera_only,71.0,30.31416838871369,31.852325185635358,5.0,-0.781282322539184,-1.4441282228171666
14.2,70.99484845151021,30.311350490461777,31.82983843459918,4.983691655911878,-0.8633969750403322,-1.4289140131908191,5.2558949870414615,99.8286204085332,-1.4289140131908191,0.0430528593091999,0.2792856434988495,3,camera_only,71.0,30.31416838871369,31.852325185635358,5.0,-0.781282322539184,-1.4441282228171666
14.2,70.99274972362565,30.311896760546837,31.823641800719514,4.975893445491905,-0.8587271229108555,-1.4530491560786234,5.254358162753359,99.7915142860889,-1.4530491560786234,0.039820982110939575,0.2708093842031645,3,camera_only,71.0,30.31416838871369,31.852325185635358,5.0,-0.781282322539184,-1.4441282228171666
14.233333333333333,71.16244177647226,30.279622870757496,31.768096850756297,4.998091367642632,-0.8822940208220809,-1.4828636833536248,5.287555650949811,100.01106924264077,-1.4828636833536248,0.04526164677306833,0.2911859069929752,3,camera_only,71.16666666666667,30.288657200903643,31.80402532942006,5.0,-0.7493749579642431,-1.4538565292576433
14.233333333333333,71.15805336127156,30.266671797511002,31.76886598988971,4.975632580521791,-0.9700316585474715,-1.475742893995765,5.27974413055342,101.03180509290321,-1.475742893995765,0.04304376351505199,0.2794041033188118,3,camera_only,71.16666666666667,30.288657200903643,31.80402532942006,5.0,-0.7493749579642431,-1.4538565292576433
14.233333333333333,71.17668086311826,30.26867586398945,31.782394162165673,5.062898151252458,-0.9584919295498209,-1.4297103956134243,5.347496263139676,100.72018452512513,-1.4297103956134243,0.03980635875284122,0.27089827182429776,3,camera_only,71.16666666666667,30.288657200903643,31.80402532942006,5.0,-0.7493749579642431,-1.4538565292576433
14.266666666666666,71.34910757595358,30.233020850076425,31.734603511148354,5.081202113869745,-0.9833854024311386,-1.4312831781280704,5.369751698887147,100.95326843966988,-1.4312831781280704,0.045259345756179,0.2912828416960996,3,camera_only,71.33333333333333,30.264210971268398,31.7554018598876,5.0,-0.717385415980476,-1.463544977486959
14.266666666666666,71.34486358770685,30.26728185058929,31.74393215671954,5.056513228489734,-0.7542022463548621,-1.3971977614999407,5.299934777243852,98.48338818782274,-1.3971977614999407,0.04303613026067607,0.27953956048680756,3,camera_only,71.33333333333333,30.264210971268398,31.7554018598876,5.0,-0.717385415980476,-1.463544977486959
14.266666666666666,71.35310842199752,30.2672078575963,31.75502809680287,5.092863632506106,-0.7563557985578081,-1.355990616973873,5.324288180276918,98.44741621097118,-1.355990616973873,0.039799761738468664,0.27101925920335046,3,camera_only,71.33333333333333,30.264210971268398,31.7554018598876,5.0,-0.717385415980476,-1.463544977486959
14.299999999999999,71.5231958701967,30.24179222405077,31.702372620929268,5.097760600644085,-0.7565484754755413,-1.3862947726464117,5.336791351916456,98.44153735836639,-1.3862947726464117,0.04526605633812244,0.2914072080812773,3,camera_only,71.5,30.240832380612527,31.70645611007495,5.0,-0.685317204601645,-1.4731933018914136
14.299999999999999,71.5331996357088,30.242453885534434,31.69449857214337,5.151217403553451,-0.7507449396241292,-1.4227517415036606,5.3965619815763155,98.29197961524474,-1.4227517415036606,0.04303717652093738,0.2796894573852632,3,camera_only,71.5,30.240832380612527,31.70645611007495,5.0,-0.685317204601645,-1.4731933018914136
14.299999999999999,71.53535440416152,30.242351274383473,31.69800282449983,5.1604415254623115,-0.7519526053678757,-1.409506199443066,5.4020641596248895,98.2904937452176,-1.409506199443066,0.03979609552537976,0.2711391618951709,3,camera_only,71.5,30.240832380612527,31.70645611007495,5.0,-0.685317204601645,-1.4731933018914136
14.333333333333334,71.70741566411492,30.217171237129477,31.65282277860013,5.159876310170521,-0.753002929893331,-1.4021937552783592,5.3997670575709575,98.30280930142165,-1.4021937552783592,0.0452749028162547,0.2915294632784035,3,camera_only,71.66666666666667,30.218523992661943,31.657189421854564,5.0,-0.6531738404685066,-1.4828012379573186
14.333333333333334,71.69177265055183,30.213955710993645,31.663282451197805,5.0770618938260474,-0.7763683282982259,-1.3522446935074188,5.311108261563126,98.69414110475749,-1.3522446935074188,0.0430381091101023,0.2798362644073191,3,camera_only,71.66666666666667,30.218523992661943,31.657189421854564,5.0,-0.6531738404685066,-1.4828012379573186
14.333333333333334,71.68057364707667,30.213996170631123,31.64862004373283,5.027593987134153,-0.7739786227452132,-1.4067055718953059,5.277742393669414,98.75175778133045,-1.4067055718953059,0.03979445206853538,0.2712617925126359,3,camera_only,71.66666666666667,30.218523992661943,31.657189421854564,5.0,-0.6531738404685066,-1.4828012379573186
14.366666666666667,71.84522660847475,30.19138047528346,31.598447814493863,5.014486676781552,-0.7523853574002937,-1.4192462168884314,5.26549334647782,98.53313859188718,-1.4192462168884314,0.045285057588197584,0.29165116755852594,3,camera_only,71.83333333333334,30.19728825378278,31.607603145897592,5.0,-0.6209588484631606,-1.4923685222782528
14.366666666666667,71.84410078826495,30.19222870601209,31.599152706339638,5.008577995784529,-0.7468899182137303,-1.4160179131875725,5.258213082431557,98.48156895785596,-1.4160179131875725,0.0430353905058814,0.27994992123378176,3,camera_only,71.83333333333334,30.19728825378278,31.607603145897592,5.0,-0.6209588484631606,-1.4923685222782528
14.366666666666667,71.85204967921923,30.193441819934456,31.602559015405753,5.046786289772619,-0.7392161005255012,-1.4059502146460927,5.290858938204306,98.33300835252906,-1.4059502146460927,0.0397874596420098,0.27134972048216743,3,camera_only,71.83333333333334,30.19728825378278,31.607603145897592,5.0,-0.6209588484631606,-1.4923685222782528
14.4,72.01987334694697,30.169195960072138,31.55884589120071,5.043392382548823,-0.7371217864148029,-1.3930132624138494,5.283903973542642,98.31524357168718,-1.3930132624138494,0.045288958005138574,0.29174428034600175,3,camera_only,72.0,30.17712749271311,31.55769864163684,5.0,-0.5886757613225104,-1.5018948925622844
14.4,72.02708978207353,30.169445521522942,31.566144568648998,5.076173965346739,-0.7364710039047574,-1.3666121202662835,5.308253983497326,98.25509406148151,-1.3666121202662835,0.04199665438911938,0.2824153072762003,3,camera_only,72.0,30.17712749271311,31.55769864163684,5.0,-0.5886757613225104,-1.5018948925622844
14.433333333333334,72.19504444912656,30.147169666222567,31.515388349714716,5.072165712316854,-0.7215025025777407,-1.3875553472467201,5.307799988328654,98.09586375934629,-1.3875553472467201,0.047821424321332205,0.30118270252455437,3,camera_only,72.16666666666667,30.15804392030758,31.50747727722949,5.0,-0.5563281192508585,-1.5113800876391594
14.433333333333334,72.19334019840072,30.147713499765747,31.511674442104965,5.06529306046767,-0.7175606780050069,-1.401989072631493,5.304494365612904,98.06299660371167,-1.401989072631493,0.044463214884122644,0.29107539802954013,3,camera_only,72.16666666666667,30.15804392030758,31.50747727722949,5.0,-0.5563281192508585,-1.5113800876391594
14.466666666666667,72.36137650659768,30.12412301871346,31.468640561017793,5.060280092912562,-0.7163493562555573,-1.3870316463081453,5.295606462606073,98.05743355263101,-1.3870316463081453,0.05043433323819418,0.30829795247159164,3,camera_only,72.33333333333334,30.14003962929495,31.45694042951963,5.0,-0.5239194695316823,-1.5208238474674638
14.466666666666667,72.36218373434203,30.123945456749137,31.470064670229696,5.0636704402093375,-0.7175850345057581,-1.3815548299613698,5.297582501196753,98.06581651553152,-1.3815548299613698,0.04700922558811115,0.29752104860063744,3,camera_only,72.33333333333334,30.14003962929495,31.45694042951963,5.0,-0.5239194695316823,-1.5208238474674638
14.5,72.52506288483133,30.11208290449382,31.426329358812264,5.036345058740372,-0.6542914524564443,-1.3740631577740985,5.261265856902525,97.40206340094599,-1.3740631577740985,0.05294683703928333,0.3133165764590811,3,camera_only,72.5,30.123116594048625,31.406089484000464,5.0,-0.49145336613863916,-1.5302259131417502
14.5,72.52130267208118,30.106343302117487,31.43652848040523,5.016048606516319,-0.6869451586971457,-1.3315384015875802,5.235038852663288,97.79811601999698,-1.3315384015875802,0.04947424993609311,0.30206996883292203,3,camera_only,72.5,30.123116594048625,31.406089484000464,5.0,-0.49145336613863916,-1.5302259131417502
14.533333333333333,72.69389921506531,30.070948132961316,31.388302322946355,5.040303598360407,-0.7473120123321982,-1.3437583209955652,5.269613081874768,98.43364703541403,-1.3437583209955652,0.05522247506735276,0.3166070009018656,3,camera_only,72.66666666666667,30.10727667037012,31.354925834776346,5.0,-0.4589333693458201,-1.5395860268996406
14.533333333333333,72.71251910331671,30.07325953617407,31.39871552432208,5.123185607329167,-0.7367980683545259,-1.306575121669327,5.338261955846763,98.18395680119171,-1.306575121669327,0.05172549616313637,0.3050807260380813,3,camera_only,72.66666666666667,30.10727667037012,31.354925834776346,5.0,-0.4589333693458201,-1.5395860268996406
14.566666666666666,72.88014087839575,30.05369348587721,31.362421144451822,5.108751603374916,-0.715821188465896,-1.2799213013877973,5.3150673990636035,97.97616567183327,-1.2799213013877973,0.057174004984027145,0.3185884302456355,3,camera_only,72.83333333333333,30.092521595285564,31.303450884524572,5.0,-0.426363045337346,-1.5489039321288864
14.566666666666666,72.86398514215686,30.046083031743198,31.36244410602575,5.036135071155551,-0.7522963224004043,-1.2759840660840098,5.249451547401916,98.496003681714,-1.2759840660840098,0.053680579587036786,0.30695284434709647,3,camera_only,72.83333333333333,30.092521595285564,31.303450884524572,5.0,-0.426363045337346,-1.5489039321288864
14.6,73.03749305304584,30.013961719677084,31.30340820818798,5.061265602277862,-0.7778260486661573,-1.3366969883765067,5.292275663409789,98.73698112686404,-1.3366969883765067,0.05877024610079061,0.3196810921340426,3,camera_only,73.0,30.078852986855225,31.251666044456893,5.0,-0.39374596581627297,-1.5581793733744103
14.6,73.04196817113154,30.0179184825491,31.30007767205508,5.081546972447707,-0.7592665163526119,-1.3510323937226247,5.312616474481719,98.49806146814245,-1.3510323937226247,0.05529337331607912,0.3080252451129103,3,camera_only,73.0,30.078852986855225,31.251666044456893,5.0,-0.39374596581627297,-1.5581793733744103
14.633333333333333,73.20554260689248,30.00016705165425,31.271946484507538,5.056693185789664,-0.7338855867789991,-1.290008842976879,5.2699959055631265,98.25776766555643,-1.290008842976879,0.06001763747198703,0.3202342674551258,3,camera_only,73.16666666666667,30.066272343996033,31.19957273428087,5.0,-0.3610857076129346,-1.5674120963453042
14.633333333333333,73.18737394141243,30.010939550103746,31.241505767987853,4.9800617470257595,-0.6822915348135985,-1.4099708837871574,5.220589491216015,97.801218892242,-1.4099708837871574,0.05657119143863207,0.3086226393802415,3,camera_only,73.16666666666667,30.066272343996033,31.19957273428087,5.0,-0.3610857076129346,-1.5674120963453042
14.666666666666666,73.35035922726789,30.00025417811802,31.19414391787625,4.968720108249261,-0.6346841134592465,-1.4167975544881914,5.205604551673304,97.27930994778855,-1.4167975544881914,0.0609586873302132,0.32052690531343936,3,camera_only,73.33333333333333,30.054781046317267,31.147172382160917,5.0,-0.32838585229269307,-1.5766018479218038
14.666666666666666,73.34275016768167,29.997156263093,31.19238198061069,4.935463017473856,-0.6474596905226969,-1.4223143096686115,5.176966026853178,97.47368024186537,-1.4223143096686115,0.057543329161433926,0.30897152573464093,3,camera_only,73.33333333333333,30.054781046317267,31.147172382160917,5.0,-0.32838585229269307,-1.5766018479218038
14.7,73.51319904277764,29.958125653463597,31.137305397897304,4.958154765245028,-0.7108132038067975,-1.4423736223010313,5.212388680167458,98.15847314961117,-1.4423736223010313,0.06164576935053156,0.3207390541500408,3,camera_only,73.5,30.0443803539692,31.094466424679148,5.0,-0.29564998576317275,-1.5857483761622284
14.7,73.51530169894804,29.96164735522529,31.133412981341092,4.967680082668787,-0.6954655039631796,-1.4585416339497481,5.223874172385063,97.9695005818557,-1.4585416339497481,0.05825442586061291,0.3092146611095982,3,camera_only,73.5,30.0443803539692,31.094466424679148,5.0,-0.29564998576317275,-1.5857483761622284
14.733333333333333,73.68341495855745,29.934515676143974,31.07678419706724,4.977614273506665,-0.7065843882369661,-1.4862550309119713,5.242600439708203,98.07929582503921,-1.4862550309119713,0.062128603641411234,0.3209561758495625,3,camera_only,73.66666666666666,30.035071407504958,31.041456306796015,5.0,-0.26288169788104093,-1.5948514303098855
14.733333333333333,73.69142575805199,29.939952552917777,31.074878352384456,5.012874999624469,-0.6840147539735375,-1.4956318393460155,5.275765967551919,97.77011322125166,-1.4956318393460155,0.058759808618911745,0.309458323713618,3,camera_only,73.66666666666666,30.035071407504958,31.041456306796015,5.0,-0.26288169788104093,-1.5948514303098855
14.766666666666666,73.84926592216651,29.952472426800995,31.030036795555244,4.979714076650902,-0.5576093639247602,-1.4966237620541687,5.229566250950159,96.38914748032677,-1.4966237620541687,0.062461896870716974,0.3212375265144045,3,camera_only,73.83333333333333,30.02685522775542,30.98814348181068,5.0,-0.23008458205832902,-1.6039107607999474
14.766666666666666,73.85993168201438,29.954287382820972,31.035804017405454,5.026072809923598,-0.5515260419783317,-1.4754111918227488,5.267108034831771,96.26218290675757,-1.4754111918227488,0.05911580220138185,0.3097683799030806,3,camera_only,73.83333333333333,30.02685522775542,30.98814348181068,5.0,-0.23008458205832902,-1.6039107607999474
14.799999999999999,74.0290817542436,29.943476004081585,30.97039634822626,5.033733119324008,-0.5159822293570062,-1.5396800770036336,5.289170210639241,95.8526559105194,-1.5396800770036336,0.06269629170681461,0.3216124065307516,3,camera_only,74.0,30.019732715717282,30.934529411321172,5.0,-0.1972622348683768,-1.6129261192662918
14.799999999999999,74.0249815970039,29.947253636771904,30.961226542714517,5.016415183628115,-0.49868133605826637,-1.5760799795995157,5.2817736104041755,95.67711574930031,-1.5760799795995157,0.05936192590084926,0.3101379486682708,3,camera_only,74.0,30.019732715717282,30.934529411321172,5.0,-0.1972622348683768,-1.6129261192662918
14.833333333333334,74.18943717018553,29.944570744301128,30.906591222481566,5.007186461961919,-0.4478619075867682,-1.5920834747263974,5.273255763152292,95.11115253242423,-1.5920834747263974,0.06285603703634779,0.3220427111754872,3,camera_only,74.16666666666667,30.01370465245426,30.880615565184314,5.0,-0.16441825565142792,-1.621897258548313
14.833333333333334,74.18608591977028,29.947950297001373,30.899598364179933,4.993084418113513,-0.4328460575218293,-1.6201326453752467,5.267169781251668,94.95453394695498,-1.6201326453752467,0.05953006873225011,0.3105589488304025,3,camera_only,74.16666666666667,30.01370465245426,30.880615565184314,5.0,-0.16441825565142792,-1.621897258548313
14.866666666666667,74.35055294142751,29.951359936010686,30.835254178759016,4.987667460058083,-0.3638546676129729,-1.6689535269682656,5.272060582584936,94.17238571525964,-1.6689535269682656,0.06296796867244593,0.32251556275041643,3,camera_only,74.33333333333334,30.008771699011415,30.82640342147543,5.0,-0.13155624611992156,-1.6308239326976952
14.866666666666667,74.37180075756955,29.96280215541946,30.83488026577192,5.081629093795881,-0.31832411506718306,-1.6755884509597303,5.360212789258993,93.5844465684567,-1.6755884509597303,0.05964697036281844,0.3110172061659949,3,camera_only,74.33333333333334,30.008771699011415,30.82640342147543,5.0,-0.13155624611992156,-1.6308239326976952
14.9,74.55156795397525,29.925385711907396,30.75537269690674,5.119831856446539,-0.3993962425705013,-1.7459967601924078,5.424085202452726,94.46058948755078,-1.7459967601924078,0.06305313865655376,0.3230156841131983,3,camera_only,74.5,30.004934396342684,30.771894466447833,5.0,-0.09867980996352677,-1.639705896985157
14.9,74.53373513620848,29.92228142128792,30.746293047502785,5.041657929639326,-0.4092311164864126,-1.7787993405497105,5.36189443015581,94.64052188598954,-1.7787993405497105,0.059730629827584564,0.31148320838792587,3,camera_only,74.5,30.004934396342684,30.771894466447833,5.0,-0.09867980996352677,-1.639705896985157
14.933333333333334,74.68670815638939,29.94798048231306,30.721718270879823,4.98613668003403,-0.2909782188025277,-1.6757715529846338,5.268248059230962,93.33984760249585,-1.6757715529846338,0.06311259298310533,0.32349375483591536,3,camera_only,74.66666666666667,30.002193165251544,30.717090194492048,5.0,-0.06579255245394632,-1.648542907907162
14.933333333333334,74.67635955958079,29.96400645979295,30.690974562603667,4.943022517191691,-0.21890878300019886,-1.799297929299905,5.264870910014949,92.53576816802187,-1.799297929299905,0.05979637126289089,0.31196334696074673,3,camera_only,74.66666666666667,30.002193165251544,30.717090194492048,5.0,-0.06579255245394632,-1.648542907907162
14.966666666666667,74.84493545987921,29.94145786266004,30.62802874829477,4.956302915845886,-0.27087576377169714,-1.8007099001017777,5.280233746468606,93.12826183686316,-1.8007099001017777,0.06316974179048455,0.323977238122324,3,camera_only,74.83333333333333,30.00054830634488,30.66199210809489,5.0,-0.03289808004957739,-1.6573347231925908
14.966666666666667,74.85201554750256,29.94942093883102,30.62100634015627,4.988264601721439,-0.2371131091548008,-1.830954467427323,5.318966123704143,92.72145989699003,-1.830954467427323,0.05985109523355175,0.3124231025071152,3,camera_only,74.83333333333333,30.00054830634488,30.66199210809489,5.0,-0.03289808004957739,-1.6573347231925908
15.0,75.0081108638516,29.97666036783206,30.574998617101958,4.951829963872076,-0.12237693149116326,-1.7977287764132777,5.269480511208568,91.41568971125916,-1.7977287764132777,0.06322051923407333,0.3244267133360271,3,camera_only,75.0,30.0,30.606601717798213,5.0,-5.771012081165369e-16,-1.666081101809387
15.0,75.00581468134486,29.97203803959232,30.580145551712864,4.941190621918879,-0.1422476121550016,-1.7761190642132934,5.252637249569475,91.64898261545,-1.7761190642132934,0.05990715623566568,0.3128764943321425,3,camera_only,75.0,30.0,30.606601717798213,5.0,-5.771012081165369e-16,-1.666081101809387
15.033333333333333,75.17718971714233,29.948872064550397,30.505647731179394,4.965810775556686,-0.1978386242179745,-1.8207422453629754,5.292779903218795,92.28146563166648,-1.8207422453629754,0.06327797120573528,0.3248593551648393,3,camera_only,75.16666666666667,30.00054830634488,30.550920542157556,5.0,0.032898080049576235,-1.6747818039711624
15.033333333333333,75.18514490789934,29.955537720427717,30.5012766408428,5.001501017254206,-0.17001844765560925,-1.840446101358474,5.332087822808594,91.94693349686744,-1.840446101358474,0.05996033172489182,0.31328219983085825,3,camera_only,75.16666666666667,30.00054830634488,30.550920542157556,5.0,0.032898080049576235,-1.6747818039711624
15.066666666666666,75.34607728580892,29.967624676965492,30.45173037473216,4.980318958462922,-0.11465104827758454,-1.8081694863711535,5.299641372993089,91.31876314966837,-1.8081694863711535,0.06333145670297767,0.32523654345854713,3,camera_only,75.33333333333333,30.002193165251544,30.494950107700483,5.0,0.06579255245394515,-1.6834365911437712
15.066666666666666,75.32633731949724,29.966048643987758,30.43975705748184,4.893499034614677,-0.11701617621148189,-1.8522183577486389,5.233616190747178,91.36982872850238,-1.8522183577486389,0.060018241356190535,0.3136630250287392,3,camera_only,75.33333333333333,30.002193165251544,30.494950107700483,5.0,0.06579255245394515,-1.6834365911437712
15.1,75.47747497844216,30.002751808717427,30.39855665256319,4.849953620059776,0.013595637758599316,-1.8019545666544525,5.173903286531729,89.8393859644969,-1.8019545666544525,0.06338924737885088,0.3255805043091249,3,camera_only,75.5,30.004934396342684,30.438691948884717,5.0,0.09867980996352561,-1.6920452260518524
15.1,75.4816695737204,30.004240013775537,30.399008471327654,4.868536790478581,0.019408047079306927,-1.8009985619799773,5.191013674879779,89.7715959961531,-1.8009985619799773,0.060081425818921674,0.31401774111257136,3,camera_only,75.5,30.004934396342684,30.438691948884717,5.0,0.09867980996352561,-1.6920452260518524
15.133333333333333,75.64254955452714,30.0032700137775,30.348100150944855,4.862529171291562,0.008032750488221871,-1.7665240719969773,5.173476757818343,89.90534919874482,-1.7665240719969773,0.06345634902528595,0.3259031523650886,3,camera_only,75.66666666666666,30.008771699011415,30.38214760805611,5.0,0.1315562461199204,-1.7006074726853302
15.133333333333333,75.64068782485316,29.999047102984285,30.35284831238104,4.8538431302989675,-0.010148573544379109,-1.746584905132188,5.158532248414375,90.11979571017211,-1.746584905132188,0.06014930721167488,0.31433146033994414,3,camera_only,75.66666666666666,30.008771699011415,30.38214760805611,5.0,0.1315562461199204,-1.7006074726853302
15.166666666666666,75.80436223073133,29.991768372888263,30.291923237793505,4.860667151729397,-0.0329749633421045,-1.7522567955826205,5.166969748873518,90.38869093205555,-1.7522567955826205,0.06352400544895871,0.3261800354427593,3,camera_only,75.83333333333333,30.01370465245426,30.325318635406312,5.0,0.1644182556514268,-1.7091230963058894
15.166666666666666,75.8169779637645,30.000923284804013,30.287971180292566,4.917226794914677,0.004192615171118921,-1.7718050733385908,5.226703564251296,89.95114744423347,-1.7718050733385908,0.060217094953743756,0.31459750648286555,3,camera_only,75.83333333333333,30.01370465245426,30.325318635406312,5.0,0.1644182556514268,-1.7091230963058894
15.2,75.97577299380835,30.017894339560296,30.239981450841942,4.898363629343498,0.05677875249363096,-1.741444006021421,5.199020801854698,89.33589307721888,-1.741444006021421,0.0635914338298283,0.3264154679673457,3,camera_only,76.0,30.019732715717282,30.268206588930333,5.0,0.19726223486837563,-1.7175918634534055
15.2,75.97833838872059,30.0065040586722,30.259345950189854,4.908384354662683,0.005186165119702726,-1.6631899549588947,5.182515286584519,89.93946169632007,-1.6631899549588947,0.060290888033882044,0.3148417401605449,3,camera_only,76.0,30.019732715717282,30.268206588930333,5.0,0.19726223486837563,-1.7175918634534055
15.233333333333333,76.14244646667986,29.9958563947788,30.21204465901566,4.909006443981626,-0.038090141399313604,-1.6266708321566261,5.171639307039315,90.4445625753317,-1.6266708321566261,0.06366434515081938,0.3266304265789632,3,camera_only,76.16666666666666,30.02685522775542,30.21081303438377,5.0,0.23008458205832785,-1.7260135419523501
15.233333333333333,76.1648856325957,30.00906921547984,30.20752344098067,5.009230145836892,0.015367300816494747,-1.6504552057930015,5.274146868852316,89.82422873545566,-1.6504552057930015,0.060364788798532534,0.3150451981726553,3,camera_only,76.16666666666666,30.02685522775542,30.21081303438377,5.0,0.23008458205832785,-1.7260135419523501
15.266666666666666,76.32310113845,30.040383394540864,30.169791255338595,4.976857301687033,0.11333795619534633,-1.6057245453437066,5.230707926197881,88.6954288771654,-1.6057245453437066,0.06373691356858512,0.3268116596356041,3,camera_only,76.33333333333333,30.035071407504958,30.15313954523991,5.0,0.2628816978810398,-1.7343879009181524
15.266666666666666,76.32661743856812,30.036741083773943,30.17799253515322,4.991955299712849,0.09607813167451174,-1.5731935214375712,5.234862613059717,88.8973875879523,-1.5731935214375712,0.06044707683875603,0.31524386486788686,3,camera_only,76.33333333333333,30.035071407504958,30.15313954523991,5.0,0.2628816978810398,-1.7343879009181524
15.299999999999999,76.4951579648246,30.02566429474154,30.12810309345829,4.999050869548169,0.04411997776190798,-1.555091965622994,5.23552931328946,89.49433943512295,-1.555091965622994,0.06381786490856772,0.3269887227625335,3,camera_only,76.49999999999999,30.0443803539692,30.095187702646605,5.0,0.2956499857631688,-1.7427147107635306
15.299999999999999,76.50881213496443,30.03504203245344,30.124617035347434,5.060276496695958,0.08169409173258549,-1.5731487884007043,5.2997989827996435,89.07508609850179,-1.5731487884007043,0.06052857706999102,0.3154064495370082,3,camera_only,76.49999999999999,30.0443803539692,30.095187702646605,5.0,0.2956499857631688,-1.7427147107635306
15.333333333333334,76.68430569246121,30.024042569683527,30.046316642808495,5.086943729893121,0.04941106561659036,-1.6599293338730274,5.3511497229993905,89.44348578605266,-1.6599293338730274,0.06389568957563532,0.3271334170452354,3,camera_only,76.66666666666667,30.054781046317267,30.03695909538287,5.0,0.32838585229269196,-1.7509937432047882
15.333333333333334,76.68532533743222,30.022150403624813,30.04929601488518,5.091215273319558,0.04106978429278107,-1.6477724198150112,5.3513842726875085,89.5378167805939,-1.6477724198150112,0.06060827304526261,0.31554070126049993,3,camera_only,76.66666666666667,30.054781046317267,30.03695909538287,5.0,0.32838585229269196,-1.7509937432047882
15.366666666666667,76.86119429304655,30.001348185034498,29.981295275276064,5.114229841202217,-0.028860335948371556,-1.6823322062223538,5.383903921851437,90.32332490797347,-1.6823322062223538,0.06396909305811974,0.32725119858265456,3,camera_only,76.83333333333333,30.066272343996033,29.978455319815417,5.0,0.3610857076129334,-1.7592247712680666
15.366666666666667,76.87765180329906,30.016479183030746,29.970627412586996,5.1884544490390905,0.03367475032904927,-1.7303502455597977,5.469488598660035,89.62813704971188,-1.7303502455597977,0.06068255783902916,0.3156440768925891,3,camera_only,76.83333333333333,30.066272343996033,29.978455319815417,5.0,0.3610857076129334,-1.7592247712680666
15.4,77.04288837133264,30.03997184729952,29.93586600301626,5.1588799560638,0.09807904150599964,-1.6596820957218639,5.420166654109382,88.91084144541553,-1.6596820957218639,0.06403830794949907,0.3273474075620268,3,camera_only,77.0,30.07885298685522,29.919677979854775,5.0,0.39374596581627186,-1.7674075692955749
15.4,77.02877572239439,30.03208931376549,29.937623379493726,5.095748961977312,0.0670294903834913,-1.6487944070749052,5.3562742118823055,89.24637468431712,-1.6487944070749052,0.06076225950393186,0.3157573771641047,3,camera_only,77.0,30.07885298685522,29.919677979854775,5.0,0.39374596581627186,-1.7674075692955749
15.433333333333334,77.19957274402546,30.030371575420638,29.88116213762895,5.099221690273255,0.054078756457320194,-1.6518951124044163,5.360386536513836,89.39238406608182,-1.6518951124044163,0.0641131305395439,0.32745172385645566,3,camera_only,77.16666666666667,30.092521595285564,29.860628686911433,5.0,0.42636304533734476,-1.7755419129517718
15.433333333333334,77.18160764501302,30.031618221641175,29.868400419488705,5.020051612941085,0.06362929101715964,-1.7001741182340937,5.300524400055226,89.27381332021629,-1.7001741182340937,0.060838441279311414,0.31584934156208705,3,camera_only,77.16666666666667,30.092521595285564,29.860628686911433,5.0,0.42636304533734476,-1.7755419129517718
15.466666666666667,77.34085515241641,30.058927430903914,29.83560140675586,4.988977083130181,0.1371132412950418,-1.627736628087795,5.249592261057537,88.42572277824625,-1.627736628087795,0.06418214431963436,0.3275350099188088,3,camera_only,77.33333333333333,30.10727667037012,29.801309059851583,5.0,0.45893336934581896,-1.7836275792295155
15.466666666666667,77.34477908653678,30.068463975230035,29.82440471400828,5.007304681944494,0.17813339899972178,-1.6747822074136616,5.282965751160216,87.96257861068942,-1.6747822074136616,0.06091407785973641,0.31594022855549597,3,camera_only,77.33333333333333,30.10727667037012,29.801309059851583,5.0,0.45893336934581896,-1.7836275792295155
15.5,77.51426897259451,30.066636471875235,29.75988880962257,5.017275195905066,0.1563427106145651,-1.702010925965149,5.300408911273854,88.21519062063157,-1.702010925965149,0.06425580703018721,0.32762739347738823,3,camera_only,77.5,30.12311659404862,29.741720724952756,5.0,0.491453366138638,-1.7916643464561826
15.5,77.4942076470503,30.060131991938263,29.757720071487643,4.92797214001628,0.1320123851034507,-1.7064476610765507,5.216732722939806,88.46550593619945,-1.7064476610765507,0.06098974838705577,0.3160217377496448,3,camera_only,77.5,30.12311659404862,29.741720724952756,5.0,0.491453366138638,-1.7916643464561826
15.533333333333333,77.65485259860151,30.074287570490235,29.714233765341554,4.9137767363613785,0.15776627997259615,-1.663111863930153,5.18999355354589,88.16104021138855,-1.663111863930153,0.06432444405760175,0.3277030791777124,3,camera_only,77.66666666666666,30.140039629294947,29.681865315859262,5.0,0.5239194695316812,-1.7996519942997378
15.533333333333333,77.65329458807636,30.07607707719461,29.710632026646,4.907067342882257,0.1660661196243147,-1.6775357235910011,5.188546421454914,88.0617225835073,-1.6775357235910011,0.061061334849079336,0.3160929253844854,3,camera_only,77.66666666666666,30.140039629294947,29.681865315859262,5.0,0.5239194695316812,-1.7996519942997378
15.566666666666666,77.82335890294881,30.069549355897504,29.62614368130366,4.93328738616933,0.14189649985450153,-1.7753868572998543,5.244945904800299,88.35245162015802,-1.7753868572998543,0.0643927069967759,0.32777730775648306,3,camera_only,77.83333333333333,30.15804392030758,29.621744473537372,5.0,0.5563281192508572,-1.8075903037747822
15.566666666666666,77.81636563928153,30.078404223901572,29.60711134101756,4.903186441513112,0.18382351856037082,-1.8512296440595282,5.244242515488647,87.85295103113968,-1.8512296440595282,0.061129721199221346,0.31615147208040434,3,camera_only,77.83333333333333,30.15804392030758,29.621744473537372,5.0,0.5563281192508572,-1.8075903037747822
15.6,77.97480661209498,30.113037777769577,29.548632199769575,4.885035829090176,0.2814282506981515,-1.8571057324705507,5.233700279282408,86.70281896218434,-1.8571057324705507,0.064455193952335,0.32783701245989094,3,camera_only,78.0,30.17712749271311,29.561359846230346,5.0,0.5886757613225093,-1.8154790572485509
15.6,77.97714869273155,30.124093586014222,29.533734363630874,4.896480030086104,0.3297206546469893,-1.918927781351228,5.269394293955843,86.14761524052093,-1.918927781351228,0.06119911314104718,0.31622129590442855,3,camera_only,78.0,30.17712749271311,29.561359846230346,5.0,0.5886757613225093,-1.8154790572485509
15.633333333333333,78.13976586056094,30.13568676970687,29.473095572667216,4.893991561289707,0.3297156191437038,-1.9070341843423597,5.262760223659492,86.14572099092784,-1.9070341843423597,0.06452362611656064,0.32791473815392663,3,camera_only,78.16666666666666,30.19728825378278,29.500713089413253,5.0,0.6209588484631595,-1.8233180384468823
15.633333333333333,78.1447958994749,30.12464741792592,29.491888934982004,4.915180373907026,0.2799839504364216,-1.8306920345571656,5.252506301370218,86.73977753004485,-1.8306920345571656,0.061270725160951764,0.3162943761107309,3,camera_only,78.16666666666666,30.19728825378278,29.500713089413253,5.0,0.6209588484631595,-1.8233180384468823
15.666666666666666,78.31074630753652,30.133190315093994,29.417318733478815,4.924116173139377,0.2858324058550246,-1.8802030340625493,5.278615699225288,86.6778538728271,-1.8802030340625493,0.06459306493695194,0.3279932022342293,3,camera_only,78.33333333333333,30.218523992661943,29.43980586574756,5.0,0.6531738404685055,-1.8311070324601473
15.666666666666666,78.29796810014842,30.132170522844813,29.409354130743644,4.867404608693058,0.28572449651866483,-1.9091368913970868,5.236226674116639,86.64050065514839,-1.9091368913970868,0.06134124919221931,0.3163599354201492,3,camera_only,78.33333333333333,30.218523992661943,29.43980586574756,5.0,0.6531738404685055,-1.8311070324601473
15.7,78.46759260864029,30.121275883874723,29.31677600931019,4.896942853380652,0.2330355239282652,-2.003148091607164,5.295937796235695,87.27546612972876,-2.003148091607164,0.06465892982828791,0.32806063360062365,3,camera_only,78.49999999999999,30.240832380612524,29.37863984503558,5.0,0.6853172046016412,-1.8388458257491396
15.7,78.46201457567575,30.1292000777382,29.302351046200975,4.872993275463398,0.26910127778146964,-2.061473054531327,5.297938289086976,86.83916598144712,-2.061473054531327,0.0614053790335189,0.3164083881107501,3,camera_only,78.49999999999999,30.240832380612524,29.37863984503558,5.0,0.6853172046016412,-1.8388458257491396
15.733333333333333,78.61720212233821,30.164099116393214,29.257228938392966,4.84444536966265,0.34425051633755144,-1.9906864465981453,5.248808615896955,85.9353444027287,-1.9906864465981453,0.06471777318452325,0.3281132790782492,3,camera_only,78.66666666666666,30.264210971268398,29.31721670417466,5.0,0.7173854159804722,-1.846534206150933
15.733333333333333,78.63988422088137,30.1691127287579,29.26390199601286,4.9453985288081705,0.36001658580276674,-1.9689915287624578,5.3351200727939965,85.83630980538175,-1.9689915287624578,0.06147234083785165,0.31647602973623795,3,camera_only,78.66666666666666,30.264210971268398,29.31721670417466,5.0,0.7173854159804722,-1.846534206150933
15.766666666666666,78.79660978139324,30.20601860141534,29.229625976163046,4.912821246538044,0.4265046632281774,-1.8688712424131528,5.273556536997578,85.0383292628023,-1.8688712424131528,0.0647870736157968,0.32819541019785514,3,camera_only,78.83333333333333,30.28865720090364,29.25553812711123,5.0,0.749374957964242,-1.8541719628846947
15.766666666666666,78.82014324585509,30.214660183439474,29.23092430187822,5.017884157351811,0.4582381608667619,-1.8693803995873362,5.374358260019345,84.78216519171015,-1.8693803995873362,0.06154998459498562,0.3165691563174525,3,camera_only,78.83333333333333,30.28865720090364,29.25553812711123,5.0,0.749374957964242,-1.8541719628846947
15.799999999999999,78.98636907995717,30.232219047149243,29.17350568184878,5.01361555715527,0.4630293439147999,-1.8527351871054543,5.365013029044217,84.72345178744209,-1.8527351871054543,0.06486776918966375,0.3282997893866735,3,camera_only,78.99999999999999,30.31416838871369,29.19360580479465,5.0,0.7812823225391802,-1.8617588865574652
15.799999999999999,78.9792109447857,30.228060139263537,29.175929871300127,4.981528387418485,0.4463251073564871,-1.8411642728945652,5.329607589297392,84.88019674938928,-1.8411642728945652,0.061634140288321496,0.3166684292324755,3,camera_only,78.99999999999999,30.31416838871369,29.19360580479465,5.0,0.7812823225391802,-1.8617588865574652
15.833333333333334,79.1476595101652,30.241129544273758,29.09975374995207,4.991772092407961,0.44955925060931223,-1.8947722209127464,5.358176360618787,84.85382242126295,-1.8947722209127464,0.06494960581535508,0.32839936176271406,3,camera_only,79.16666666666667,30.34074173710932,29.131421435130807,5.0,0.8131040107032057,-1.869294769169901
15.833333333333334,79.15235993637907,30.24569555012393,29.096141251776498,5.0130105413247925,0.46814724548905956,-1.9110304476637074,5.38530165383428,84.66482419923805,-1.9110304476637074,0.06171529425110823,0.31675362576177674,3,camera_only,79.16666666666667,30.34074173710932,29.131421435130807,5.0,0.8131040107032057,-1.869294769169901
15.866666666666667,79.30892133662313,30.315953387241954,29.055554717582716,4.972098381130128,0.6424646208873573,-1.8603950517219727,5.34748472173604,82.63737948740317,-1.8603950517219727,0.06502870120906502,0.3284883899813398,3,camera_only,79.33333333333333,30.368374332023418,29.068986722935627,5.0,0.844836532849603,-1.876779404121971
15.866666666666667,79.32450000309217,30.32533264285431,29.052115960769004,5.0419731420526395,0.6785756585730739,-1.8791027407623098,5.423373968290263,82.33488665825,-1.8791027407623098,0.06180382565846366,0.3168641808883376,3,camera_only,79.33333333333333,30.368374332023418,29.068986722935627,5.0,0.844836532849603,-1.876779404121971
15.9,79.4934563327754,30.353070711041013,28.97823562385997,5.0463219702033,0.7035026252741537,-1.9239966344523962,5.446287214250483,82.06360399699335,-1.9239966344523962,0.06512136256048667,0.3286092195197501,3,camera_only,79.5,30.397063143230568,29.00630337988826,5.0,0.8764764091497335,-1.8842125862186294
15.9,79.49966710830257,30.353664187656978,28.981064130776964,5.073901215651986,0.7042889976827753,-1.9139200878486096,5.468417197061883,82.09748484965631,-1.9139200878486096,0.061897892999526506,0.31697693139142136,3,camera_only,79.5,30.397063143230568,29.00630337988826,5.0,0.8764764091497335,-1.8842125862186294
15.933333333333334,79.67436361056079,30.361799106621717,28.891122773283147,5.097005892983896,0.6681770616563548,-2.00088158771514,5.516290128962919,82.53156526618858,-2.00088158771514,0.0652145672143734,0.3287236554248851,3,camera_only,79.66666666666666,30.426805024679325,28.94337312448424,5.0,0.9080201699346068,-1.8915941116754331
15.933333333333334,79.69577469489309,30.35891519148871,28.90902327681021,5.191663703948849,0.6485229385240486,-1.932856533355485,5.577623902274761,82.87971081718187,-1.932856533355485,0.06198882209133073,0.3170719854336289,3,camera_only,79.66666666666666,30.426805024679325,28.94337312448424,5.0,0.9080201699346068,-1.8915941116754331
15.966666666666667,79.8637576335595,30.402394638087458,28.86226041141976,5.171143305394578,0.7124850740802003,-1.881480662466604,5.548723055708403,82.15512513055094,-1.881480662466604,0.06530399501770777,0.32882355762781973,3,camera_only,79.83333333333333,30.45759671483723,28.880197681988292,5.0,0.9394643560753921,-1.8989237781241335
15.966666666666667,79.87135305474861,30.407479215926593,28.8593652290258,5.205216454696262,0.7324461341461389,-1.8955270302693834,5.587824120545332,81.99027825678816,-1.8955270302693834,0.06208454311342404,0.3171804400278112,3,camera_only,79.83333333333333,30.45759671483723,28.880197681988292,5.0,0.9394643560753921,-1.8989237781241335
16.0,80.03628234017285,30.475198027206034,28.821466853806434,5.170761801801969,0.8651607672001799,-1.8297465880359502,5.552769880024379,80.5013797410855,-1.8297465880359502,0.06540024604717784,0.32893783993197173,3,camera_only,80.0,30.489434837048464,28.816778784387097,5.0,0.9708055193627326,-1.9062013846182222
16.0,80.0100997865537,30.47043929737259,28.81210964210682,5.0543730170526056,0.852943595202851,-1.8610831892754103,5.45324032200219,80.4213770468139,-1.8610831892754103,0.06218835418804308,0.3173114743658135,3,camera_only,80.0,30.489434837048464,28.816778784387097,5.0,0.9708055193627326,-1.9062013846182222
16.03333333333333,80.17680070566846,30.50857832055715,28.755062042924376,5.047226307258952,0.8830806555821253,-1.8488645444374852,5.447258479696757,80.07578062370463,-1.8488645444374852,0.06550296762083661,0.32906707697963516,3,camera_only,80.16666666666666,30.52231589990414,28.753118170341768,5.0,1.0020402228848886,-1.9134267316384401
16.03333333333333,80.18481478459651,30.51138671027996,28.754611806000717,5.082946603910698,0.8935324627625103,-1.85244737677476,5.48327527340525,80.02982774776173,-1.85244737677476,0.06228926221884703,0.31742959418163563,3,camera_only,80.16666666666666,30.52231589990414,28.753118170341768,5.0,1.0020402228848886,-1.9134267316384401
16.066666666666666,80.35649870338783,30.538728310647993,28.67831601651589,5.0928078190307176,0.8945670887909388,-1.9047946831761466,5.510461372969093,80.03745486301762,-1.9047946831761466,0.06560354236719557,0.3291881931411471,3,camera_only,80.33333333333333,30.55623629762519,28.68921758514018,5.0,1.0331650414046436,-1.9205996210982508
16.066666666666666,80.35718180181146,30.53782442469567,28.680440838950368,5.095762308832419,0.890138802678781,-1.8963459428770997,5.509561555261721,80.09142481100102,-1.8963459428770997,0.06238989363618187,0.3175417827762967,3,camera_only,80.33333333333333,30.55623629762519,28.68921758514018,5.0,1.0331650414046436,-1.9205996210982508
16.1,80.52878593356533,30.57663381710869,28.595594968880516,5.104227732647908,0.9354557021929369,-1.982488446478599,5.5550408241450775,79.61461075759411,-1.982488446478599,0.0657016847897131,0.3293011767665767,3,camera_only,80.5,30.591192310457746,28.625078780649176,5.0,1.0641765617348942,-1.9277198563492646
16.1,80.5287315917558,30.577181699769042,28.593199938423506,5.104037707634463,0.9388686874118296,-1.9917189265861925,5.558742629019492,79.57716930993953,-1.9917189265861925,0.06248919485969448,0.31765141938320196,3,camera_only,80.5,30.591192310457746,28.625078780649176,5.0,1.0641765617348942,-1.9277198563492646
16.133333333333333,80.69669501043472,30.615308123623596,28.538666019305843,5.0947265598900096,0.9545500623335733,-1.952182433773319,5.538810413462699,79.38807115274602,-1.952182433773319,0.06579899348210255,0.32941331258625167,3,camera_only,80.66666666666666,30.627180105081084,28.560703515266475,5.0,1.095071383112968,-1.934787242186635
16.133333333333333,80.70531150802707,30.61637213182031,28.541550099697318,5.132939753250196,0.956726370613993,-1.9423603851757565,5.570920904538541,79.44181991562004,-1.9423603851757565,0.06258908467890431,0.31776471864255856,3,camera_only,80.66666666666666,30.627180105081084,28.560703515266475,5.0,1.095071383112968,-1.934787242186635
16.166666666666668,80.87265745540985,30.67108550182755,28.48741214553779,5.117449090180015,1.0277838639056855,-1.9178647957296286,5.560829995260439,78.64384727780919,-1.9178647957296286,0.06589861864292686,0.32953181716601093,3,camera_only,80.83333333333333,30.66419573502798,28.49609355387249,5.0,1.1258461175735532,-1.9418015848544106
16.166666666666668,80.87743833485142,30.676442961915466,28.481657996569073,5.138986372879967,1.0499956149269123,-1.9428072219536108,5.593404297356562,78.4522908646433,-1.9428072219536108,0.06269374003467693,0.3178920958396917,3,camera_only,80.83333333333333,30.66419573502798,28.49609355387249,5.0,1.1258461175735532,-1.9418015848544106
16.2,81.04568167600647,30.721250599747453,28.433416440064274,5.125707197856011,1.0727061337526205,-1.8879005106601427,5.566663369173157,78.179757152601,-1.8879005106601427,0.06600405551021857,0.3296638323554668,3,camera_only,81.0,30.702235141117484,28.43125066778196,5.0,1.1564973903202114,-1.9487626920508425
16.2,81.03774556060031,30.724287021000567,28.424854885679306,5.0908186104880215,1.0883308459884684,-1.9214341093585279,5.549126705331891,77.93278063176362,-1.9214341093585279,0.06280215386535858,0.3180265006318138,3,camera_only,81.0,30.702235141117484,28.43125066778196,5.0,1.1564973903202114,-1.9487626920508425
16.233333333333334,81.21059104026502,30.751698504153026,28.341996910146467,5.104691555549985,1.070377995856141,-1.9854674453585326,5.580830216723572,78.15749980606307,-1.9854674453585326,0.0661114234539055,0.3297983376199777,3,camera_only,81.16666666666667,30.741294151900057,28.36617663469535,5.0,1.187021840095485,-1.9556703729336629
16.233333333333334,81.19774613797004,30.747913993470565,28.339442425229656,5.047675649851108,1.0587803738462547,-1.992095348161255,5.528877754328407,78.15360991376451,-1.992095348161255,0.06290763966809629,0.318148866094173,3,camera_only,81.16666666666667,30.741294151900057,28.36617663469535,5.0,1.187021840095485,-1.9556703729336629
16.266666666666666,81.37407028618202,30.745699896935346,28.236223677748555,5.082654347111701,0.9552662031749382,-2.1042465655538214,5.583346876183387,79.35564271332576,-2.1042465655538214,0.06621291747709282,0.3299180868372213,3,camera_only,81.33333333333333,30.781368484114992,28.30087323865017,5.0,1.2174161195494644,-1.9625244381253075
16.266666666666666,81.36296300025325,30.73284408895867,28.249523256108354,5.032726656874547,0.9026820667478541,-2.0461082186631203,5.5072435354653235,79.83141402366759,-2.0461082186631203,0.06300361134406901,0.31824351472000706,3,camera_only,81.33333333333333,30.781368484114992,28.30087323865017,5.0,1.2174161195494644,-1.9625244381253075
16.3,81.52766553045953,30.77320934230326,28.198953494028643,5.019163709538941,0.9260625527383733,-1.9873441783714352,5.477146435694763,79.54618779850121,-1.9873441783714352,0.06630205665763174,0.33001048821514245,3,camera_only,81.5,30.82245374316019,28.235342269971973,5.0,1.2476768956069098,-1.9693246997181204
16.3,81.52939962100619,30.767642638064505,28.21052867427291,5.026414638991958,0.8996752550603304,-1.9407773819793033,5.462680343388488,79.85211859938144,-1.9407773819793033,0.06309665078320556,0.31834292538949566,3,camera_only,81.5,30.82245374316019,28.235342269971973,5.0,1.2476768956069098,-1.9693246997181204
16.333333333333332,81.69521944223928,30.79538249995302,28.161956449037078,5.01832410121051,0.881540639442637,-1.8793877826479135,5.430726389843761,80.03682531844213,-1.8793877826479135,0.06639447991001345,0.33011725830154753,3,camera_only,81.66666666666667,30.86454542357399,28.169585525225408,5.0,1.2778008498327063,-1.9760709712794924
16.333333333333332,81.68945333455493,30.793798953490885,28.16061958305384,4.992782055645996,0.8769816981929833,-1.8830958745010566,5.407681538950774,80.03762811300473,-1.8830958745010566,0.06319266519600691,0.31845254877409357,3,camera_only,81.66666666666667,30.86454542357399,28.169585525225408,5.0,1.2778008498327063,-1.9760709712794924
16.366666666666667,81.85282680925177,30.837296841002082,28.113838298569192,4.97916406429934,0.9147977054719144,-1.833056926814824,5.384145922808037,79.58942381255066,-1.833056926814824,0.0664884898898537,0.33022983143805046,3,camera_only,81.83333333333334,30.907638909529314,28.103604807164828,5.0,1.3077846787958143,-1.9827630678569819
16.366666666666667,81.86584773754583,30.84622525179719,28.105783979458007,5.0372204733887385,0.950329923579345,-1.8693810600139869,5.456308514803393,79.31606550199736,-1.8693810600139869,0.06329119291323552,0.3185732037549528,3,camera_only,81.83333333333334,30.907638909529314,28.103604807164828,5.0,1.3077846787958143,-1.9827630678569819
16.4,82.02875824664002,30.911419893616237,28.06239274099191,5.015117654082632,1.0511730621581385,-1.8211428336448363,5.438099954159922,78.16212477427796,-1.8211428336448363,0.06658856974543464,0.33035787342691436,3,camera_only,82.0,30.951729475339803,28.037401924684957,5.0,1.3376250944314962,-1.98940080598338
16.4,82.02483526177357,30.91521447233678,28.054007807420508,4.998052920284851,1.0694720665297013,-1.8546438573718242,5.4372794054326725,77.92211494701134,-1.8546438573718242,0.06339933221928319,0.3187198794543775,3,camera_only,82.0,30.951729475339803,28.037401924684957,5.0,1.3376250944314962,-1.98940080598338
16.433333333333334,82.18813167755337,30.97755461882589,28.00229236593073,4.9834091381818535,1.152880234139232,-1.8347033947254305,5.4341177774686065,76.97413751925261,-1.8347033947254305,0.06669870351128279,0.33050761389249,3,camera_only,82.16666666666667,30.99681228597806,27.970978692771247,5.0,1.3673188244019114,-1.9959840036817438
16.433333333333334,82.1753609401739,30.988719182912362,27.977358379030296,4.927780871755387,1.2069325103556074,-1.9342008507840611,5.429626445324334,76.2377995216395,-1.9342008507840611,0.06351271336732557,0.3188747760234236,3,camera_only,82.16666666666667,30.99681228597806,27.970978692771247,5.0,1.3673188244019114,-1.9959840036817438
16.466666666666665,82.34012158005535,31.020397117753795,27.91444376838343,4.929897141771665,1.1771086785248892,-1.9227355881415285,5.420920845337348,76.57095236075581,-1.9227355881415285,0.06681285237947422,0.3306616662544456,3,camera_only,82.33333333333333,31.042882397605872,27.904336932450164,5.0,1.3968626124549481,-2.0025124804703824
16.466666666666665,82.3345129919861,31.01373548513328,27.92226405443762,4.904776755307771,1.149611756782525,-1.8889814752662677,5.380213120745233,76.80878352431165,-1.8889814752662677,0.06362474376289262,0.3190176740256646,3,camera_only,82.33333333333333,31.042882397605872,27.904336932450164,5.0,1.3968626124549481,-2.0025124804703824
16.5,82.49567826265852,31.079882907048226,27.86144954197804,4.894412423532298,1.2417611130363735,-1.8994327964129323,5.3949132135341795,75.76387134547048,-1.8994327964129323,0.06692317047263291,0.33080189769960083,3,camera_only,82.5,31.08993475811632,27.837478470739235,5.0,1.4262532187813186,-2.0089860573678076
16.5,82.5112552311268,31.091370372417824,27.851241216326923,4.9636907185017005,1.2868193054007004,-1.9457942456590516,5.484545990337919,75.4662314493361,-1.9457942456590516,0.06373750096580326,0.31916250530553936,3,camera_only,82.5,31.08993475811632,27.837478470739235,5.0,1.4262532187813186,-2.0089860573678076
16.53333333333333,82.67036330271848,31.171356229812222,27.821093649426707,4.934086892977358,1.3885675566737967,-1.8412108859969971,5.446410823066126,74.28215526283967,-1.8412108859969971,0.06703909303015843,0.3309524875840781,3,camera_only,82.66666666666666,31.13796420768785,27.77040514059696,5.0,1.455487420369834,-2.0154045568976366
16.53333333333333,82.68458547887624,31.1836526708133,27.810303402157928,4.997325169502937,1.436607744929805,-1.8902641385077894,5.5326484775257905,73.96136182330744,-1.8902641385077894,0.06386061634182451,0.3193327452735527,3,camera_only,82.66666666666666,31.13796420768785,27.77040514059696,5.0,1.455487420369834,-2.0154045568976366
16.566666666666666,82.85150120629505,31.216807451663232,27.753853150119465,4.998709085558716,1.3829387567851368,-1.8560484674745714,5.508586755301253,74.53540603980129,-1.8560484674745714,0.06716736004989202,0.33112758066655107,3,camera_only,82.83333333333334,31.18696547935008,27.70311878087255,5.0,1.4845620113608584,-2.021767803093465
16.566666666666666,82.82979021791203,31.215556467173613,27.744530818413576,4.90316136718919,1.3854948089406984,-1.8886968979554264,5.4339454570914345,74.22120783351218,-1.8886968979554264,0.06398768674313224,0.3194980795385115,3,camera_only,82.83333333333334,31.18696547935008,27.70311878087255,5.0,1.4845620113608584,-2.021767803093465
16.6,82.99555513429308,31.260999820270175,27.658940739859723,4.914437230921668,1.3978641793647384,-1.9724931178796619,5.476901191431402,74.1221098775063,-1.9724931178796619,0.06729105971199681,0.3312839852839315,3,camera_only,83.0,31.236933199561367,27.635621236255567,5.0,1.5134738033978414,-2.0280756215036826
16.6,82.96856868034702,31.253850989061696,27.655645178377256,4.795514223568577,1.3770492354844703,-1.978430535056474,5.367253361584558,73.97838969511233,-1.978430535056474,0.06410736787848892,0.3196427588270705,3,camera_only,83.0,31.236933199561367,27.635621236255567,5.0,1.5134738033978414,-2.0280756215036826
16.633333333333333,83.12544663707826,31.31984136847897,27.606663544285418,4.781161776003763,1.4330052573386645,-1.9286157216664273,5.3509410945868785,73.31552511494755,-1.9286157216664273,0.06740647269688134,0.331421812857853,3,camera_only,83.16666666666667,31.287861888798105,27.56791435722529,5.0,1.5422196259769798,-2.034327839196261
16.633333333333333,83.14246281992163,31.325274785121355,27.60619597282823,4.856167157427942,1.4507697704265357,-1.9350071331878276,5.4250663584101,73.36659465573382,-1.9350071331878276,0.06422295712992776,0.31978463482191194,3,camera_only,83.16666666666667,31.287861888798105,27.56791435722529,5.0,1.5422196259769798,-2.034327839196261
16.666666666666668,83.31193847752562,31.326024860340965,27.494674473226286,4.893330127412154,1.3229036706809771,-2.0784638006109466,5.4785733205087945,74.87182427413417,-2.0784638006109466,0.06752475648190266,0.33156992988538014,3,camera_only,83.33333333333334,31.339745962155614,27.5,5.0,1.570796326794897,-2.040524284763495
16.666666666666668,83.31219213380278,31.33770134296335,27.47545084020141,4.8950633027492865,1.3744764876690638,-2.1578209409219813,5.5233161747413355,74.31587962684519,-2.1578209409219813,0.06433675434164193,0.31991127233034716,3,camera_only,83.33333333333334,31.339745962155614,27.5,5.0,1.570796326794897,-2.040524284763495
16.7,83.47332093505212,31.40014825441311,27.413812666997682,4.884983736926576,1.423072113958307,-2.1305693779178907,5.516115138907484,73.75833311658953,-2.1305693779178907,0.06763283800080687,0.33169211498567625,3,camera_only,83.5,31.39257972996056,27.431880026486116,5.0,1.5992007720943124,-2.046664788326698
16.7,83.4697527467234,31.38954476225328,27.42825957802802,4.86886639460612,1.3784539235636726,-2.069461600276466,5.4670528169144035,74.19233423109424,-2.069461600276466,0.06445033757591079,0.3200518412303246,3,camera_only,83.5,31.39257972996056,27.431880026486116,5.0,1.5992007720943124,-2.046664788326698
16.733333333333334,83.63374594998253,31.42248565218602,27.34900440577715,4.877410082859006,1.3419867323532642,-2.0990725215031647,5.4768752913241086,74.61611551653127,-2.0990725215031647,0.06774685125728223,0.3318357712612823,3,camera_only,83.66666666666667,31.44635739839493,27.363556304227114,5.0,1.627429847007716,-2.0527491815408645
16.733333333333334,83.62140690867118,31.42240678244572,27.342788219706026,4.82338670373007,1.3465386652769527,-2.1213269367718066,5.438589306380793,74.40192956998777,-2.1213269367718066,0.06456303748602332,0.3201871878219827,3,camera_only,83.66666666666667,31.44635739839493,27.363556304227114,5.0,1.627429847007716,-2.0527491815408645
16.766666666666666,83.77997838425466,31.47711902791964,27.290211685230208,4.812198042884002,1.3672255298784555,-2.06025731621032,5.410287964839413,74.13926966937858,-2.06025731621032,0.06785640259296409,0.3319689533165017,3,camera_only,83.83333333333333,31.501073070131355,27.295030706352364,5.0,1.655480455898925,-2.058777297599279
16.766666666666666,83.79842150047263,31.488089633257264,27.283107450840202,4.893317165568422,1.4071142734385755,-2.0953855008765507,5.505920800251745,73.95696808862118,-2.0953855008765507,0.06467536167736256,0.3203291529033847,3,camera_only,83.83333333333333,31.501073070131355,27.295030706352364,5.0,1.655480455898925,-2.058777297599279
16.8,83.96155008919926,31.533925729615515,27.212900729268043,4.89347165066727,1.4038213850585815,-2.096010623440784,5.505455458961473,73.99306557100726,-2.096010623440784,0.06797148650018268,0.3321179287173035,3,camera_only,84.00000000000001,31.55672074497985,27.22630511152573,5.0,1.6833495227025805,-2.0647489712380973
16.8,83.9735429560992,31.53735345922492,27.21418677528279,4.946000623769493,1.413484135236957,-2.0943991393010526,5.5540406305319525,74.05095099266357,-2.0943991393010526,0.06479451453781365,0.32048572176149615,3,camera_only,84.00000000000001,31.55672074497985,27.22630511152573,5.0,1.6833495227025805,-2.0647489712380973
16.833333333333332,84.13861532691013,31.584954963917486,27.141470259287125,4.94705679245197,1.4169961189775204,-2.105561272253176,5.560093270814343,74.01658485447925,-2.105561272253176,0.06809178938875596,0.33227652604210706,3,camera_only,84.16666666666666,31.613294320545755,27.157381403894128,5.0,1.7110339912614418,-2.0706640387408677
16.833333333333332,84.15149407911659,31.581309358347763,27.154011213732804,5.0031323764944835,1.3956927481467771,-2.0573346308376594,5.586762712627123,74.41282277970777,-2.0573346308376594,0.06491721816373673,0.32064697117898333,3,camera_only,84.16666666666666,31.613294320545755,27.157381403894128,5.0,1.7110339912614418,-2.0706640387408677
16.866666666666667,84.31787343941498,31.62126836360359,27.093462991531922,5.001302036834609,1.3687680793096957,-2.0229390052645977,5.565862946354687,74.69396035987991,-2.0229390052645977,0.0682157201271233,0.3324393083351975,3,camera_only,84.33333333333334,31.670787592899003,27.08826147303581,5.0,1.7385308256615635,-2.076522337943028
16.866666666666667,84.29807546964658,31.612785835588035,27.097035094078628,4.914577281504516,1.3400317294988917,-2.0023566811031617,5.473407272467725,74.74821841512644,-2.0023566811031617,0.0650426487318236,0.32080842209518445,3,camera_only,84.33333333333334,31.670787592899003,27.08826147303581,5.0,1.7385308256615635,-2.076522337943028
16.9,84.46468615803867,31.6349279508202,27.010259105935646,4.929702973598683,1.2790042605471388,-2.0620689336284332,5.4945383421576866,75.45538320510775,-2.0620689336284332,0.06833874999348795,0.332595408450722,3,camera_only,84.5,31.72919425725438,27.0189472139086,5.0,1.7658370105651893,-2.0823237082363457
16.9,84.4779573453447,31.638992457210765,27.009316009288685,4.9877862910546025,1.2918581817992558,-2.069399862283918,5.552416180108855,75.47923289545776,-2.069399862283918,0.06516089533740088,0.3209474365860464,3,camera_only,84.5,31.72919425725438,27.0189472139086,5.0,1.7658370105651893,-2.0823237082363457
16.933333333333334,84.64319397222417,31.70776122456819,26.94103082440565,4.981354555189327,1.3758957803083482,-2.0840997590917145,5.572293442436599,74.55935959236223,-2.0840997590917145,0.06845529278363119,0.3327349987195067,3,camera_only,84.66666666666667,31.78850790866296,26.949440526797925,5.0,1.7929495515414322,-2.0880679905733235
16.933333333333334,84.64404509317289,31.71152797887599,26.934566245878887,4.985262018187076,1.3924809898673143,-2.1108336428103143,5.589942697804728,74.39391411784625,-2.1108336428103143,0.06528439396330679,0.3211068224951449,3,camera_only,84.66666666666667,31.78850790866296,26.949440526797925,5.0,1.7929495515414322,-2.0880679905733235
16.966666666666665,84.80974671690024,31.7497686188302,26.873544590792402,4.983161288118521,1.3595202723607471,-2.070409346778604,5.56478091730403,74.73978428334983,-2.070409346778604,0.06858087793311679,0.3328974454163149,3,camera_only,84.83333333333333,31.848722042714456,26.879743317264726,5.0,1.8198654753946417,-2.093755027471559
16.966666666666665,84.8136573516255,31.751804419229543,26.873025626869868,5.000193719761823,1.3661549736092606,-2.0740593266980114,5.583013410133089,74.71858604842365,-2.0740593266980114,0.06541060569821416,0.321267739025698,3,camera_only,84.83333333333333,31.848722042714456,26.879743317264726,5.0,1.8198654753946417,-2.093755027471559
17.0,84.97875631230154,31.817910954931943,26.814984962886346,4.990706728410322,1.4262372668557826,-2.0464255096210753,5.579351553433086,74.05119642612284,-2.0464255096210753,0.06870705634816027,0.3330578260389735,3,camera_only,85.0,31.909830056250524,26.8098574960932,5.0,1.846581830490456,-2.0993846630180646
17.0,84.97301254971197,31.823773672509923,26.80266794597835,4.965942285394815,1.4542138855666957,-2.095863864631661,5.582827791175009,73.67799286270004,-2.095863864631661,0.06554101519569851,0.3214398993009637,3,camera_only,85.0,31.909830056250524,26.8098574960932,5.0,1.846581830490456,-2.0993846630180646
17.03333333333333,85.13759941135883,31.888075035088864,26.73870419979516,4.959901788071144,1.5020912490334848,-2.084471137780357,5.585868221858948,73.15122225918425,-2.084471137780357,0.06883910894852355,0.33322996851279074,3,camera_only,85.16666666666666,31.971825248088848,26.739784979238454,5.0,1.8730956870794695,-2.104956742873536
17.03333333333333,85.11553297089827,31.886849963489446,26.72908318037866,4.864081598061614,1.5069258260572485,-2.1175486311856373,5.514900492599673,72.78666047357939,-2.1175486311856373,0.06567469211301442,0.3216174434332796,3,camera_only,85.16666666666666,31.971825248088848,26.739784979238454,5.0,1.8730956870794695,-2.104956742873536
17.066666666666666,85.27854908230579,31.9323270161428,26.648566124979514,4.869190456229569,1.4979363981112703,-2.1515085584340206,5.530083021875758,72.9002384265885,-2.1515085584340206,0.0689723459437584,0.3334026694346489,3,camera_only,85.33333333333333,32.03470081975803,26.669527687773915,5.0,1.8994041376185269,-2.110471114276591
17.066666666666666,85.29366523830501,31.944626009676707,26.63421127107202,4.935311440105081,1.5458403869534791,-2.214881759556209,5.626066363062506,72.60837770245794,-2.214881759556209,0.06580411850074913,0.3217795471568179,3,camera_only,85.33333333333333,32.03470081975803,26.669527687773915,5.0,1.8994041376185269,-2.110471114276591
17.1,85.45706550559474,32.01796271025451,26.568048663541592,4.927571858007035,1.6118556882004,-2.200907507627053,5.63232075014696,71.88658633250799,-2.200907507627053,0.06910250546338123,0.33356549758233767,3,camera_only,85.50000000000001,32.0984498762431,26.599087547838725,5.0,1.9255042970895575,-2.1159276260479514
17.1,85.4652524868139,32.009969819296714,26.585156173424558,4.962793525001973,1.5734442362257741,-2.1323677228751463,5.626014436692583,72.40888089924157,-2.1323677228751463,0.0659398532648498,0.32195943935084587,3,camera_only,85.50000000000001,32.0984498762431,26.599087547838725,5.0,1.9255042970895575,-2.1159276260479514
17.133333333333333,85.6296920475755,32.08890184162477,26.51945444706644,4.955133045648739,1.656036357354047,-2.1301208571208115,5.642093120722106,71.52005076559911,-2.1301208571208115,0.06924117803613317,0.33374683654381343,3,camera_only,85.66666666666667,32.1630654267416,26.528466490584915,5.0,1.9513933033159465,-2.1213261285945895
17.133333333333333,85.6389221731301,32.09862969584869,26.50936581194834,4.995261992043897,1.6931762803147354,-2.175337751265568,5.705399426636135,71.27557910795575,-2.175337751265568,0.06608143895280015,0.3221490672154918,3,camera_only,85.66666666666667,32.1630654267416,26.528466490584915,5.0,1.9513933033159465,-2.1213261285945895
17.166666666666668,85.8059850318589,32.13900832259474,26.43318196557218,4.999850970944529,1.643462248699926,-2.1782407316604724,5.695981967985986,71.80418956403777,-2.1782407316604724,0.06938651940300053,0.33393781161522323,3,camera_only,85.83333333333334,32.22854038543029,26.45766645212443,5.0,1.9770683172764252,-2.1266664739138323
17.166666666666668,85.82540943079428,32.14659181333997,26.431366258468806,5.083928195756091,1.6666537019922667,-2.1921548228498424,5.781833898454031,71.84941077810468,-2.1921548228498424,0.06622541871093499,0.3223339843616556,3,camera_only,85.83333333333334,32.22854038543029,26.45766645212443,5.0,1.9770683172764252,-2.1266664739138323
17.2,85.99362505640767,32.226820428329205,26.370227270966474,5.0744192115021285,1.738754152458945,-2.1641183337890495,5.784151147696349,71.08593171821555,-2.1641183337890495,0.0695312417238854,0.33412089929250127,3,camera_only,86.0,32.294867572242104,26.386689373476095,5.0,2.002526523416378,-2.1319485155974145
17.2,85.99170966866876,32.230936090700844,26.362009850811152,5.066310621872012,1.757814719403674,-2.197434960550899,5.795354718297813,70.86519480261006,-2.197434960550899,0.06637551076665003,0.3225344291296559,3,camera_only,86.0,32.294867572242104,26.386689373476095,5.0,2.002526523416378,-2.1319485155974145
17.233333333333334,86.15872666573291,32.33714898147323,26.306739341321798,5.050484974170318,1.899976791163547,-2.162245098566273,5.813141504174327,69.38385586705034,-2.162245098566273,0.06968409874953449,0.33431995537938936,3,camera_only,86.16666666666667,32.36203971365357,26.315537200512367,5.0,2.027765129956617,-2.137172108835496
17.233333333333334,86.14649721274854,32.33227348058447,26.309344512823255,4.997595516467746,1.8842875564467052,-2.1478797357319586,5.7567254494865745,69.34160925309291,-2.1478797357319586,0.06653240621620542,0.32275205086908704,3,camera_only,86.16666666666667,32.36203971365357,26.315537200512367,5.0,2.027765129956617,-2.137172108835496
17.266666666666666,86.31084682235586,32.45707844545131,26.260529311589863,4.977427439886939,2.069391689334749,-2.1043710119304952,5.7866694427002265,67.42464389462675,-2.1043710119304952,0.06984499490855806,0.33453500167000544,3,camera_only,86.33333333333333,32.43004944348243,26.24421188390602,5.0,2.0527813691995207,-2.142337110420629
17.266666666666666,86.31613410578348,32.45690494117777,26.261136419329635,5.0003935834880195,2.067618952618505,-2.102566752862709,5.805150391958768,67.53533410882761,-2.102566752862709,0.06669600886852611,0.32298414714441026,3,camera_only,86.33333333333333,32.43004944348243,26.24421188390602,5.0,2.0527813691995207,-2.142337110420629
17.3,86.48208388790984,32.52168814521842,26.201467730017214,4.996776722473868,2.0475051838704226,-2.0607046716868704,5.779840727575894,67.71788911116417,-2.0607046716868704,0.07001556575256591,0.3347672614377152,3,camera_only,86.5,32.49888930369541,26.17271537907663,5.0,2.0775724978325476,-2.1474433787516856
17.3,86.490384621057,32.53131832054028,26.18982138226748,5.032637870115206,2.0849037019681873,-2.111741118222546,5.84240686092557,67.49692113782947,-2.111741118222546,0.06686298550441822,0.3232071175628687,3,camera_only,86.5,32.49888930369541,26.17271537907663,5.0,2.0775724978325476,-2.1474433787516856
17.333333333333332,86.65788421349025,32.600811585317835,26.12366070920344,5.031106093650245,2.0821293027019756,-2.0958754985683354,5.83437957834712,67.51772352161429,-2.0958754985683354,0.07018366043468119,0.33498333220985577,3,camera_only,86.66666666666666,32.56855174522605,26.101049646137007,5.0,2.1021357972290713,-2.15249077383774
17.333333333333332,86.65959991457648,32.607066621719476,26.112473163427875,5.038765780044795,2.109350914464128,-2.1421717274682917,5.8674885237608745,67.28461891039743,-2.1421717274682917,0.06703001388904253,0.3234245162695975,3,camera_only,86.66666666666666,32.56855174522605,26.101049646137007,5.0,2.1021357972290713,-2.15249077383774
17.366666666666667,86.82842762134813,32.64196676869662,26.029722304005873,5.049068382573619,2.003226878261466,-2.160834515282501,5.8459571722798245,68.3592089480369,-2.160834515282501,0.07035107835559096,0.33519421353091383,3,camera_only,86.83333333333334,32.63902912880266,26.029216649839398,5.0,2.1264685737465157,-2.157479157301908
17.366666666666667,86.83184257365109,32.64496365924884,26.026905245703272,5.063697516394757,2.0141093035865048,-2.1738077295966454,5.867121003489724,68.30958000179483,-2.1738077295966454,0.06719170525119127,0.3236208527847791,3,camera_only,86.83333333333334,32.63902912880266,26.029216649839398,5.0,2.1264685737465157,-2.157479157301908
17.4,87.00026887985337,32.73237753066127,25.960823021685087,5.058251358781713,2.0748063123045,-2.163562163259121,5.879772893274207,67.69741850912807,-2.163562163259121,0.07050934853700608,0.33538235319484183,3,camera_only,86.99999999999999,32.71031372578588,25.957218359521715,5.0,2.15056815902172,-2.162408392385134
17.4,86.99963751577626,32.719660984179356,25.983940285435217,5.055077732636118,2.0189575458475955,-2.0683673990346554,5.8230699937677075,68.22862828564854,-2.0683673990346554,0.0673528941928516,0.32382582865332865,3,camera_only,86.99999999999999,32.71031372578588,25.957218359521715,5.0,2.15056815902172,-2.162408392385134
17.433333333333334,87.16776110595639,32.80857024296466,25.92334146465038,5.048993806717557,2.082489231097107,-2.0516287378744735,5.834233483156127,67.5859929990774,-2.0516287378744735,0.07067203841122158,0.33558575934318985,3,camera_only,87.16666666666667,32.78239771901638,25.88505674905342,5.0,2.174431910263593,-2.167278343949951
17.433333333333334,87.16871818231333,32.797348204574305,25.94460079852673,5.052660157412069,2.0324498140082707,-1.964585902293603,5.789630789631786,68.08737423497762,-1.964585902293603,0.06751681012263915,0.32403911867807583,3,camera_only,87.16666666666667,32.78239771901638,25.88505674905342,5.0,2.174431910263593,-2.167278343949951
17.466666666666665,87.33761708980201,32.86043914077009,25.871559815787403,5.056348186440245,2.0225083821133394,-1.9898031502290228,5.797974966736025,68.19889228716048,-1.9898031502290228,0.07083785798967679,0.3357969240261309,3,camera_only,87.33333333333333,32.85527320367196,25.812733796781547,5.0,2.1980572105428817,-2.172088878484175
17.466666666666665,87.32048979080193,32.85981894619482,25.864597740930744,4.983352602050022,2.028398402377009,-2.0132824799195683,5.744694037028902,67.85196166215765,-2.0132824799195683,0.06768069201562943,0.3242478282639557,3,camera_only,87.33333333333333,32.85527320367196,25.812733796781547,5.0,2.1980572105428817,-2.172088878484175
17.5,87.48709815338741,32.90110795087817,25.784175318442056,4.991641897034071,1.9533880452029417,-2.0455073784223736,5.7372741017444895,68.62801533498896,-2.0455073784223736,0.0709993237470355,0.33599721475674865,3,camera_only,87.5,32.928932188134524,25.74025148547635,5.0,2.2214414690791826,-2.176839864104573
17.5,87.4841558695821,32.90599933796005,25.77332253648157,4.979340779708427,1.976672355947094,-2.089062409775354,5.750239121564352,68.3481741674987,-2.089062409775354,0.06783681199644057,0.32443772136230103,3,camera_only,87.5,32.928932188134524,25.74025148547635,5.0,2.2214414690791826,-2.176839864104573
17.53333333333333,87.65035330730258,32.95014291563173,25.695516236696363,4.985197053886144,1.9130089650976998,-2.1050895601664394,5.739616278370968,69.00629996010859,-2.1050895601664394,0.07115200877805206,0.33618072646443914,3,camera_only,87.66666666666666,33.00336659486634,25.667611802277012,5.0,2.2445821215250272,-2.1815311705604734
17.53333333333333,87.65352813690282,32.96054991717944,25.678091327068344,4.9989834253614145,1.9568604334785256,-2.1777737915319917,5.793257868439444,68.62205777205631,-2.1777737915319917,0.06798844861078705,0.32462229693168476,3,camera_only,87.66666666666666,33.00336659486634,25.667611802277012,5.0,2.2445821215250272,-2.1815311705604734
17.566666666666666,87.82060283683231,33.02779261985491,25.597860339532946,5.0014103661909255,1.9681730970520366,-2.207804425916261,5.81052591200632,68.51919057852581,-2.207804425916261,0.07130166141404903,0.3363624547512368,3,camera_only,87.83333333333333,33.07856826129593,25.59481673863714,5.0,2.2674766302471068,-2.1861626692373406
17.566666666666666,87.81922286519439,33.030971151059994,25.592950988362688,4.995466550982273,1.9817597646364835,-2.2281457482927127,5.81779092975587,68.36119577651647,-2.2281457482927127,0.06814114851478022,0.3248182821355331,3,camera_only,87.83333333333333,33.07856826129593,25.59481673863714,5.0,2.2674766302471068,-2.1861626692373406
17.6,87.98608071997973,33.11241186300923,25.516784256837433,4.9941772554308415,2.031560162666188,-2.245612821116144,5.840532518149026,67.86420856303278,-2.245612821116144,0.07145472121357545,0.33655729044701765,3,camera_only,88.00000000000001,33.15452894071312,25.521868290270167,5.0,2.2901224846045425,-2.1907342331602986
17.6,87.98244043571582,33.12290597216558,25.494493012099902,4.979223106254126,2.080176489141633,-2.3356904668684186,5.880072016978415,67.32622813486208,-2.3356904668684186,0.06829714567398514,0.32502717478898185,3,camera_only,88.00000000000001,33.15452894071312,25.521868290270167,5.0,2.2901224846045425,-2.1907342331602986
17.633333333333333,88.14958575325711,33.182719775879185,25.390811842396676,4.989345626624156,2.0668215224926403,-2.426279670470914,5.920485962072103,67.49836411778713,-2.426279670470914,0.07161282923999289,0.3367652808504346,3,camera_only,88.16666666666666,33.23124030317339,25.448768457094683,5.0,2.312517201224201,-2.195245736997612
17.633333333333333,88.15663957814358,33.18906898232362,25.382669742155894,5.0193097757809095,2.090642005984363,-2.4620430514332745,5.968744475142741,67.38730447454259,-2.4620430514332745,0.06845381406978708,0.32523438504325075,3,camera_only,88.16666666666666,33.23124030317339,25.448768457094683,5.0,2.312517201224201,-2.195245736997612
17.666666666666668,88.32422060273538,33.23381421776941,25.284157455601218,5.0276847634506145,2.022808553146843,-2.5070491262999446,5.971152639566234,68.08340000815875,-2.5070491262999446,0.07176983281562226,0.33696933588459044,3,camera_only,88.33333333333334,33.308693936411416,25.375519243179504,5.0,2.3346583242730508,-2.1996970570641263
17.666666666666668,88.29797605065009,33.2257509135962,25.28620638522178,4.916774955599992,2.002036720623952,-2.4902336703001087,5.86379490837106,67.84458692409737,-2.4902336703001087,0.06860968718222185,0.3254352698430528,3,camera_only,88.33333333333334,33.308693936411416,25.375519243179504,5.0,2.3346583242730508,-2.1996970570641263
17.7,88.4616802613974,33.3087682234673,25.2149167849584,4.911010776144592,2.0455904559670843,-2.457133456554755,5.860031738845162,67.38673649312841,-2.457133456554755,0.07192176687310917,0.33716041683925174,3,camera_only,88.5,33.386881346763474,25.302122656688862,5.0,2.3565434257274323,-2.204088071324651
17.7,88.45514586409706,33.29953063868465,25.22781332504795,4.883386362567247,2.0096287898788656,-2.401628539070156,5.801197279777169,67.63167708866932,-2.401628539070156,0.06876103391417565,0.3256333493169049,3,camera_only,88.5,33.386881346763474,25.302122656688862,5.0,2.3565434257274323,-2.204088071324651
17.733333333333334,88.61721495826329,33.3989630990101,25.182428013436336,4.868747277893555,2.0889230710313194,-2.293073037996716,5.7729094580003855,66.77837691442319,-2.293073037996716,0.07207520839573278,0.3373582789039773,3,camera_only,88.66666666666667,33.46579396009894,25.22858070982723,5.0,2.3781701056393536,-2.208418659397314
17.733333333333334,88.64385606429296,33.40145189559855,25.190899469709873,4.98079364244065,2.084819566572318,-2.2668556793615164,5.856057769933075,67.28719114940128,-2.2668556793615164,0.06891852712809605,0.3258499891121884,3,camera_only,88.66666666666667,33.46579396009894,25.22858070982723,5.0,2.3781701056393536,-2.208418659397314
17.766666666666666,88.80901618011968,33.48335254654333,25.14056184851863,4.970969442138227,2.107417577380133,-2.1802912097342797,5.822835718047294,67.02572723589505,-2.1802912097342797,0.07224033828010656,0.3375807703395935,3,camera_only,88.83333333333333,33.545423122760496,25.154895418784243,5.0,2.399535992399651,-2.2126887025568545
17.766666666666666,88.8028800299195,33.48925144365467,25.126937647241743,4.945313122894129,2.1362873033530403,-2.2344647397027595,5.8320389229592084,66.63651440310736,-2.2344647397027595,0.06908902477748097,0.32608872812184436,3,camera_only,88.83333333333333,33.545423122760496,25.154895418784243,5.0,2.399535992399651,-2.2126887025568545
17.8,88.96791294799952,33.56343578213237,25.0513923625577,4.945579229790121,2.146230775015228,-2.2404669620074587,5.838214852641245,66.54062480130467,-2.2404669620074587,0.07241400752517864,0.3378141838961179,3,camera_only,89.0,33.625760102513105,25.08106880367937,5.0,2.4206387429980687,-2.2168980837378824
17.8,88.97825887836595,33.565856085127834,25.051959273359984,4.988970730647742,2.1508333730232256,-2.241516390052022,5.877100380003917,66.67827286202501,-2.241516390052022,0.06926073447221062,0.3263221766696658,3,camera_only,89.0,33.625760102513105,25.08106880367937,5.0,2.4206387429980687,-2.2168980837378824
17.833333333333332,89.14567706585942,33.629243194231066,24.946097496966928,4.9999629719371805,2.14488111003198,-2.3531676971431175,5.927692882377826,66.78166457934216,-2.3531676971431175,0.07258832810694801,0.33804287412074385,3,camera_only,89.16666666666666,33.70679608950162,25.007102888506566,5.0,2.441476043280195,-2.2210466875380868
17.833333333333332,89.15053292191753,33.63263364299917,24.94388819137055,5.020099575314289,2.155650239544552,-2.3644670602502296,5.9530607405205895,66.76112673936323,-2.3644670602502296,0.06943350595322167,0.3265487579007207,3,camera_only,89.16666666666666,33.70679608950162,25.007102888506566,5.0,2.441476043280195,-2.2210466875380868
17.866666666666667,89.3170868578961,33.679976852398056,24.86150292511465,5.023184863596166,2.0818445527763734,-2.361499328255774,5.928165145568969,67.4885782916356,-2.361499328255774,0.07276124916504306,0.33826241995611334,3,camera_only,89.33333333333333,33.78852219721689,24.93299970107875,5.0,2.462045608201244,-2.225134400221399
17.866666666666667,89.30766983807926,33.68110237334577,24.854446468571044,4.983955164463209,2.092397286028588,-2.38729199552873,5.909069178464138,67.22603685203497,-2.38729199552873,0.06960401759337603,0.3267643043351714,3,camera_only,89.33333333333333,33.78852219721689,24.93299970107875,5.0,2.462045608201244,-2.225134400221399
17.9,89.47368392184804,33.758318037617265,24.784876375083826,4.980192532291587,2.109163887100256,-2.3546097984215724,5.898735225805921,67.04683166597988,-2.3546097984215724,0.07292960383516628,0.33846901843588134,3,camera_only,89.49999999999999,33.870929463470226,24.85876127297225,5.0,2.482345182076619,-2.2291611097211095
17.9,89.48652171792327,33.75889854220003,24.78955410164158,5.033753849175396,2.104497572827068,-2.339444719277742,5.936378478725867,67.3113085882768,-2.339444719277742,0.06977237048266174,0.3269799324336411,3,camera_only,89.49999999999999,33.870929463470226,24.85876127297225,5.0,2.482345182076619,-2.2291611097211095
17.933333333333334,89.6543818383711,33.85350964531239,24.737290526997555,5.024156163203576,2.163746583278122,-2.2589334658935476,5.918338012671975,66.69997020115268,-2.2589334658935476,0.07310100848198982,0.3386842810985153,3,camera_only,89.66666666666667,33.95400885137625,24.784389639471048,5.0,2.5023725388292957,-2.2331267056429454
17.933333333333334,89.65763241772731,33.86130930522002,24.72407762001963,5.037835806127992,2.1955897929024255,-2.3142811440483886,5.962910477434699,66.45146293979826,-2.3142811440483886,0.06994892173691604,0.3272168772573579,3,camera_only,89.66666666666667,33.95400885137625,24.784389639471048,5.0,2.5023725388292957,-2.2331267056429454
17.966666666666665,89.82639508134743,33.953213633948025,24.6491859068863,5.0361940780950665,2.2518652202071445,-2.3182937615773027,5.984031561346132,65.90884781967313,-2.3182937615773027,0.07328245395845293,0.33892008830334913,3,camera_only,89.83333333333331,34.03775125034383,24.709886839511086,5.0,2.5221254822339088,-2.2370310792680885
17.966666666666665,89.8215763969577,33.95142642387883,24.651177420624023,5.016022634666684,2.2463958057953612,-2.30884262551829,5.961336381818567,65.87506335301069,-2.30884262551829,0.07013180360037831,0.3274647426304702,3,camera_only,89.83333333333331,34.03775125034383,24.709886839511086,5.0,2.5221254822339088,-2.2370310792680885
18.0,89.98942966493064,34.04464753096444,24.580817480326857,5.012946724855285,2.298650822542194,-2.296187889097463,5.973768433095569,65.36651608642502,-2.296187889097463,0.07346830711016304,0.33916204116087556,3,camera_only,90.0,34.122147477075266,24.635254915624213,5.0,2.5416018461576297,-2.240874123556167
18.0,90.00256824146872,34.049041753794675,24.57901442975585,5.067422655803405,2.309637023273646,-2.308027601258718,6.028282256165355,65.49738356919293,-2.308027601258718,0.07031702500451258,0.3277134233747175,3,camera_only,90.0,34.122147477075266,24.635254915624213,5.0,2.5416018461576297,-2.240874123556167
18.03333333333333,90.17159965227187,34.128584268806506,24.503332467965606,5.06703795908198,2.3166800550987,-2.305013159393857,6.0295079253160155,65.42983724818717,-2.305013159393857,0.07365801255744477,0.3394075457602219,3,camera_only,90.16666666666666,34.207188276573206,24.56049591388236,5.0,2.560799494797666,-2.2446557331481776
18.03333333333333,90.17113722691997,34.12991077419862,24.502616798739943,5.064842444590246,2.3213660265027625,-2.3084981931324724,6.030798713704513,65.37662306419617,-2.3084981931324724,0.07050713373564821,0.32796540918019496,3,camera_only,90.16666666666666,34.207188276573206,24.56049591388236,5.0,2.560799494797666,-2.2446557331481776
18.066666666666666,90.33983422005618,34.20779782886886,24.428876310219884,5.063661426805166,2.320916533652661,-2.296735015318918,6.025140025932078,65.37576464488173,-2.296735015318918,0.07384979114956262,0.3396516293362652,3,camera_only,90.33333333333333,34.292864323155676,24.485611883841305,5.0,2.579716322915512,-2.2483758043693847
18.066666666666666,90.32887643864869,34.21057518853837,24.41669795452653,5.0187436458982955,2.340518848583973,-2.3425095490664187,6.012750389903835,64.9977471181032,-2.3425095490664187,0.07069712218553417,0.3282121732912745,3,camera_only,90.33333333333333,34.292864323155676,24.485611883841305,5.0,2.579716322915512,-2.2483758043693847
18.1,90.49739286312789,34.30923774864952,24.338145759192845,5.018140326349527,2.403889464843686,-2.357959947244828,6.04321040564803,64.40371946495702,-2.357959947244828,0.07404008299900183,0.33988919728484934,3,camera_only,90.5,34.37916622147869,24.410604878484563,5.0,2.59835025606779,-2.2520342352321556
18.1,90.48694155156116,34.302164598988135,24.349057298418916,4.974634817900315,2.3783636122776075,-2.3104960259802687,5.9784610837357555,64.44762376779016,-2.3104960259802687,0.07088640353540024,0.3284592447346351,3,camera_only,90.5,34.37916622147869,24.410604878484563,5.0,2.59835025606779,-2.2520342352321556
18.133333333333333,90.6538134283173,34.40650055435388,24.287434485688202,4.969418986303179,2.4450990612420096,-2.2690688917823536,5.985174025571141,63.801468712305336,-2.2690688917823536,0.074231403807505,0.34012975148455865,3,camera_only,90.66666666666666,34.466084507566556,24.335476954167074,5.0,2.616699250833744,-2.2556309254387608
18.133333333333333,90.69011370193098,34.412290352446796,24.293975508891656,5.118593036957691,2.447470611351509,-2.2545346027458963,6.105164481518879,64.44506503776938,-2.2545346027458963,0.07107728036941445,0.32871047791743657,3,camera_only,90.66666666666666,34.466084507566556,24.335476954167074,5.0,2.616699250833744,-2.2556309254387608
18.166666666666668,90.86155414704625,34.506791377990794,24.219173350713458,5.118182036517656,2.4865363368044204,-2.2617522855280705,6.1232486242412385,64.08839994761833,-2.2617522855280705,0.07442920785443624,0.34038260175825663,3,camera_only,90.83333333333334,34.55360964984973,24.260230170558838,5.0,2.6347612950393238,-2.2591657763841213
18.166666666666668,90.87543171326266,34.50302437382848,24.235750839256973,5.174595610124069,2.4601214548568127,-2.199364726983671,6.137250402522455,64.57251347349809,-2.199364726983671,0.07128027856616427,0.32898254397293925,3,camera_only,90.83333333333334,34.55360964984973,24.260230170558838,5.0,2.6347612950393238,-2.2591657763841213
18.2,91.0496593330968,34.61525309987853,24.17560982762451,5.170711093428636,2.5435770764906045,-2.1696711804372426,6.157394788948846,63.80649660741177,-2.1696711804372426,0.0746361028047141,0.3406486619850652,3,camera_only,90.99999999999999,34.64173205021003,24.18486659058844,5.0,2.6525344079778397,-2.2626386911585126
18.2,91.0414857655953,34.61531109862665,24.171868060302643,5.137234217020462,2.5487410273048616,-2.1823357245190116,6.135946987980324,63.61256612251239,-2.1823357245190116,0.07148975642783832,0.3292652501481434,3,camera_only,90.99999999999999,34.64173205021003,24.18486659058844,5.0,2.6525344079778397,-2.2626386911585126
18.233333333333334,91.21181579233168,34.68542235817251,24.093331259763143,5.138903917428077,2.507418087191131,-2.194389598839567,6.124608121996553,63.99092921580033,-2.194389598839567,0.0748498509133084,0.3409238912671378,3,camera_only,91.16666666666667,34.73044204503323,24.109388280386483,5.0,2.670016640627178,-2.2660495745502223
18.233333333333334,91.1723965978096,34.68347802395671,24.077380910726603,4.97815620150929,2.5244109943643327,-2.2460638168855427,6.016601424775899,63.110543901084704,-2.2460638168855427,0.07169704570969895,0.32953104655523147,3,camera_only,91.16666666666667,34.73044204503323,24.109388280386483,5.0,2.670016640627178,-2.2660495745502223
18.266666666666666,91.33989437635853,34.78212497040711,23.987913987180168,4.982544258818229,2.5771879193162603,-2.3106086681373506,6.066840798951595,62.650034819306626,-2.3106086681373506,0.07505308504529204,0.3411716745948164,3,camera_only,91.33333333333333,34.8197299062687,24.033797309228987,5.0,2.687206075863516,-2.269398333048158
18.266666666666666,91.33571132155933,34.77267864298998,24.003523175995202,4.9655340995766375,2.5400271672660666,-2.245031862620099,6.012356856398954,62.90882489272628,-2.245031862620099,0.0718932794883482,0.32977723570704065,3,camera_only,91.33333333333333,34.8197299062687,24.033797309228987,5.0,2.687206075863516,-2.269398333048158
18.3,91.50143662451161,34.86326773929885,23.93354299623658,4.9637159557654815,2.5549036099660536,-2.2305998920182435,6.011787123976546,62.76439877363451,-2.2305998920182435,0.0752500771950024,0.3414110350127998,3,camera_only,91.5,34.909585842496284,23.95809574948059,5.0,2.704100828671577,-2.272684874844416
18.3,91.48407351071539,34.86824875387103,23.916268378701623,4.893110845839171,2.5867149514089722,-2.295604119906749,5.991946784213332,62.137087837245254,-2.295604119906749,0.0720891525173392,0.33002441547001987,3,camera_only,91.5,34.909585842496284,23.95809574948059,5.0,2.704100828671577,-2.272684874844416
18.333333333333332,91.64611315975742,34.93515255419312,23.822967653796038,4.89774374330693,2.5389841475273887,-2.346205393046183,5.994915681046445,62.59783380702576,-2.346205393046183,0.07544582422145778,0.3416496943793928,3,camera_only,91.66666666666666,34.99999999999999,23.882285676537816,5.0,2.7206990463513256,-2.2759091098367903
18.333333333333332,91.66026524348975,34.934706126782984,23.828721081966833,4.9554161110546895,2.529179423995081,-2.326900697670165,6.030535983582087,62.96082951341731,-2.326900697670165,0.07227955127323377,0.3302597214448384,3,camera_only,91.66666666666666,34.99999999999999,23.882285676537816,5.0,2.7206990463513256,-2.2759091098367903
18.366666666666667,91.82746427352548,35.044230506690766,23.752578281567573,4.955272889040128,2.6038909227899016,-2.338003096282582,6.066402213904934,62.27902507479973,-2.338003096282582,0.0756351734138414,0.3418781227027759,3,camera_only,91.83333333333333,35.09096246384859,23.806369168772086,5.0,2.7369989087211524,-2.279070949631252
18.366666666666667,91.83278979518494,35.04637298234174,23.748013070409048,4.9773236238999585,2.611354167753521,-2.357549027140339,6.0951586084241205,62.31623801169041,-2.357549027140339,0.07247433826830829,0.33051416524602034,3,camera_only,91.83333333333333,35.09096246384859,23.806369168772086,5.0,2.7369989087211524,-2.279070949631252
18.4,92.00049739422084,35.15390099881653,23.670430702300894,4.977756112796834,2.67194863066534,-2.367126743114574,6.125410551250328,61.77408710539894,-2.367126743114574,0.07583416499274875,0.34213054993036623,3,camera_only,92.0,35.182463258982835,23.73034830747283,5.0,2.752998628317462,-2.2821703075443645
18.4,92.00189449871542,35.15559384410216,23.666958918968145,4.9835455978965255,2.6787175344525287,-2.3815336222190653,6.138644536822207,61.74141935246217,-2.3815336222190653,0.07267546057702458,0.3307834334056778,3,camera_only,92.0,35.182463258982835,23.73034830747283,5.0,2.752998628317462,-2.2821703075443645
18.433333333333334,92.16829296522897,35.24658100542943,23.578677541285696,4.985674018660522,2.68922468387541,-2.4161496084065512,6.158461963097157,61.65800281697886,-2.4161496084065512,0.07603925141579926,0.3423950038017974,3,camera_only,92.16666666666666,35.274492351309455,23.65422517679034,5.0,2.7686964505907032,-2.285207098605666
18.433333333333334,92.18206465878376,35.23927657487278,23.601123648842076,5.040820065580272,2.6483976741651962,-2.329669986248613,6.152336094436643,62.283001956291045,-2.329669986248613,0.07287910821162699,0.331053119726484,3,camera_only,92.16666666666666,35.274492351309455,23.65422517679034,5.0,2.7686964505907032,-2.285207098605666
18.466666666666665,92.34980833307166,35.3242031494666,23.522571459759803,5.040961990911473,2.638965989174728,-2.3308744300163093,6.148854762826893,62.36774283508103,-2.3308744300163093,0.07624551297387142,0.34265822813831853,3,camera_only,92.33333333333333,35.36703964880138,23.578001863678715,5.0,2.7840906540977635,-2.2881812395599948
18.466666666666665,92.31854779434227,35.31351485739088,23.532717925348415,4.9146427891296405,2.6119727907299373,-2.2799089047866627,6.014490852797353,62.01080873070802,-2.2799089047866627,0.07308549018204552,0.33132301316617657,3,camera_only,92.33333333333333,35.36703964880138,23.578001863678715,5.0,2.7840906540977635,-2.2881812395599948
18.5,92.48206622976436,35.39159462569333,23.430057667015856,4.921253118501404,2.601450326424754,-2.374577729570718,6.051850580689223,62.138378854917285,-2.374577729570718,0.07645063474446982,0.3429147278113432,3,camera_only,92.5,35.46009500260453,23.50168045783858,5.0,2.7991795506907526,-2.2910926488697743
18.5,92.4992844607471,35.39146478015794,23.438826309455543,4.990208103840072,2.5893164319440594,-2.3448332862354673,6.091385691663635,62.57612904766104,-2.3448332862354673,0.07328232892274561,0.3315696009351596,3,camera_only,92.5,35.46009500260453,23.50168045783858,5.0,2.7991795506907526,-2.2910926488697743
18.53333333333333,92.66624016031062,35.48544460397728,23.35951516842506,4.990221616625238,2.612768091318762,-2.354088534423934,6.104965332412094,62.36445438872195,-2.354088534423934,0.0766481167935337,0.34315553918461855,3,camera_only,92.66666666666666,35.55364820815072,23.425263051659844,5.0,2.8139614857021202,-2.293941246717248
18.53333333333333,92.66681367893496,35.48297924287716,23.36374578608497,4.992676959334324,2.6025824134692543,-2.3367283763936832,6.095946025368888,62.467871970648574,-2.3367283763936832,0.07348364042757129,0.3318299083605775,3,camera_only,92.66666666666666,35.55364820815072,23.425263051659844,5.0,2.8139614857021202,-2.293941246717248
18.566666666666666,92.83208399864961,35.557863501097515,23.285229729089647,4.992342655931004,2.5679048777831857,-2.331445238942829,6.078919110973602,62.780127683437115,-2.331445238942829,0.07685179765859311,0.34341026979791334,3,camera_only,92.83333333333333,35.64768900627673,23.348751740164268,5.0,2.8284348381261197,-2.296726955006667
18.566666666666666,92.81419455632918,35.56040163897267,23.27150865573741,4.920993307987912,2.5906465749612915,-2.3811578978704224,6.049589882645862,62.23553245665874,-2.3811578978704224,0.0736854632399582,0.33208805270362235,3,camera_only,92.83333333333333,35.64768900627673,23.348751740164268,5.0,2.8284348381261197,-2.296726955006667
18.6,92.98091760776539,35.67476694360527,23.208285803360223,4.918820669190986,2.663441174979376,-2.3383078574249683,6.062705609241746,61.565357654261206,-2.3383078574249683,0.0770526422336695,0.34365767720462376,3,camera_only,93.0,35.742207084349275,23.272148620948133,5.0,2.8425980207965535,-2.299449697366431
18.6,92.996077057781,35.68610736766191,23.190907580478886,4.9795299789461,2.701982339264823,-2.4138185864305535,6.158161051898492,61.51494784512018,-2.4138185864305535,0.0738864129047366,0.3323526338760814,3,camera_only,93.0,35.742207084349275,23.272148620948133,5.0,2.8425980207965535,-2.299449697366431
18.633333333333333,93.16475980883828,35.80595371236606,23.13440469799326,4.975116005288936,2.775203933376207,-2.3425987326478777,6.15965136676682,60.84648207847725,-2.3425987326478777,0.07726025970432324,0.34392229088082804,3,camera_only,93.16666666666666,35.83719207739598,23.19545579412465,5.0,2.8564494805608382,-2.3021093991511825
18.633333333333333,93.17164493527831,35.80687531717429,23.134487127834692,5.002711927212399,2.7752106549763202,-2.3442409533591153,6.182587359154203,60.98106077251815,-2.3442409533591153,0.0740993756649842,0.3326438892728126,3,camera_only,93.16666666666666,35.83719207739598,23.19545579412465,5.0,2.8564494805608382,-2.3021093991511825
18.666666666666668,93.33816942059761,35.898359051427875,23.06903695485808,4.999804349430118,2.7646291465482435,-2.295771045180727,6.157254464646934,61.05971131553636,-2.295771045180727,0.07748010659831935,0.3442095468472774,3,camera_only,93.33333333333333,35.932633569242,23.11867536226639,5.0,2.8699876984503208,-2.3047059874438545
18.666666666666668,93.34718705952798,35.89356565279777,23.08453192502844,5.0352587604254415,2.737488362029313,-2.2362850384364883,6.15212516857565,61.468671448549685,-2.2362850384364883,0.074317729298356,0.3329354296230947,3,camera_only,93.33333333333333,35.932633569242,23.11867536226639,5.0,2.8699876984503208,-2.3047059874438545
18.7,93.51595088483874,35.99510765678435,23.02378984311552,5.0325170634636045,2.7594121671905416,-2.190832846387552,6.143316047811811,61.26331430109122,-2.190832846387552,0.0777016045603244,0.3444917566665262,3,camera_only,93.5,36.02852109365219,23.04180943034769,5.0,2.883211189846845,-2.3072393910576663
18.7,93.51000139265521,35.99002398763483,23.031745011779694,5.008909373959582,2.7419421358857883,-2.1565410960852556,6.103940472530075,61.30313006004194,-2.1565410960852556,0.074539268630307,0.3332276622699232,3,camera_only,93.5,36.02852109365219,23.04180943034769,5.0,2.883211189846845,-2.3072393910576663
18.733333333333334,93.67561293155254,36.067666650518156,22.95279123378739,5.010058876553405,2.7059443773475276,-2.174459066456396,6.095169985449519,61.62641535404175,-2.174459066456396,0.0779261415423241,0.34477410871735115,3,camera_only,93.66666666666667,36.12484413547897,22.96486010568689,5.0,2.8961185046455675,-2.309709540538079
18.733333333333334,93.66240443804726,36.055297258679005,22.97407355678153,4.957532214398264,2.6619651875846135,-2.084047960113353,6.000536660729736,61.76626130218243,-2.084047960113353,0.0747583438324876,0.3335052492756186,3,camera_only,93.66666666666667,36.12484413547897,22.96486010568689,5.0,2.8961185046455675,-2.309709540538079
18.766666666666666,93.82590427545054,36.12740957264661,22.889093023840005,4.959876387430183,2.6227337778052435,-2.1319531314367817,6.002027191080622,62.13055503423883,-2.1319531314367817,0.07814371455451075,0.3450375118053044,3,camera_only,93.83333333333333,36.22159213181532,22.887829497888617,5.0,2.908708227413964,-2.3121163681646957
18.766666666666666,93.81612919732848,36.13172060788684,22.875949411657484,4.921348976579686,2.6473024059001826,-2.182045993345566,5.999100807174543,61.72320979997247,-2.182045993345566,0.07496979399732247,0.33376323318264484,3,camera_only,93.83333333333333,36.22159213181532,22.887829497888617,5.0,2.908708227413964,-2.3121163681646957
18.8,93.9832187396316,36.24629951939561,22.794909665749017,4.92479592951873,2.7287037537253354,-2.229929888763333,6.055743260063049,61.01028195627462,-2.229929888763333,0.07835318065184438,0.3452839053141895,3,camera_only,94.0,36.31875447315322,22.81071971878587,5.0,2.920978977547065,-2.314459807953123
18.833333333333332,94.15203030653434,36.388154052577214,22.728459042982124,4.922168649175976,2.8714425168893305,-2.2307646674614867,6.119578199543262,59.74202151502889,-2.2307646674614867,0.08229171959993258,0.35576131704867514,3,camera_only,94.16666666666667,36.416320504546995,22.733532882382214,5.0,2.932929409418834,-2.316739795656773
18.866666666666667,94.31548481663579,36.47521342138937,22.650949701129413,4.923506169088942,2.8482238891747884,-2.2374795190438816,6.112250560805215,59.950831561897694,-2.2374795190438816,0.086716920736947,0.3652220122666077,3,camera_only,94.33333333333334,36.51427952678185,22.656271104793753,5.0,2.944558212529752,-2.3189562687686327
18.9,94.48003670619828,36.57456458736331,22.56969127232402,4.924694429834509,2.863619686781361,-2.262657542384256,6.129645347968607,59.82278245968925,-2.262657542384256,0.09154712554213848,0.3737252950574845,3,camera_only,94.5,36.61262079754708,22.57893650419115,5.0,2.9558641116505093,-2.3211091665229717
18.933333333333334,94.64475221662472,36.666308063721026,22.476575530070736,4.930500650659823,2.8597658429680144,-2.320375131857575,6.1540424190369825,59.88561064149472,-2.320375131857575,0.09671846671683003,0.38138681109292444,3,camera_only,94.66666666666667,36.71133353261416,22.50153120074154,5.0,2.9668458669618643,-2.3231984298970105
18.966666666666665,94.80735472879364,36.788095194742155,22.419234688376804,4.914345798518343,2.927546094711574,-2.264404644538581,6.152141835026544,59.21713798426409,-2.264404644538581,0.10218381392048904,0.38834873676178694,3,camera_only,94.83333333333333,36.8104069070193,22.42405731655042,5.0,2.9775022741905928,-2.3252240016125385
19.0,94.96951679053699,36.87170535128335,22.37394262630526,4.908816383035979,2.881077811870598,-2.1659705644295664,6.090034164632481,59.59051590838843,-2.1659705644295664,0.10792101908033112,0.3947700868356969,3,camera_only,95.0,36.90983005625052,22.346516975603464,5.0,2.9878321647415556,-2.3271858261374834
19.03333333333333,95.13347708912558,36.976518751575334,22.289428310906864,4.909236537230268,2.907881824585635,-2.205408078754103,6.117205642944005,59.360522512475335,-2.205408078754103,0.11391835998392459,0.40079168354516115,3,camera_only,95.16666666666666,37.00959207743912,22.268912303708294,5.0,2.9978344058258455,-2.3290838496874353
19.066666666666666,95.29621607476479,37.064759225993534,22.23524378553562,4.906275106551753,2.880757553815501,-2.1465142106118233,6.080939299268904,59.58034339122537,-2.1465142106118233,0.1201788038353095,0.4065394459601858,3,camera_only,95.33333333333334,37.109682030555284,22.191245428436172,5.0,3.007507900585015,-2.33091802022712
19.1,95.46221880120372,37.14623801821797,22.163621233997407,4.916129426573159,2.8407649298661894,-2.1447791986476137,6.069460580358661,59.97870905435013,-2.1447791986476137,0.12670934827969887,0.41210935601437443,3,camera_only,95.5,37.210088939607715,22.113518479063735,5.0,3.0168515882113507,-2.332688287471825
19.133333333333333,95.62888415227448,37.24737913814926,22.059583583368468,4.9259775241416515,2.861720534903541,-2.2381688740505252,6.120792342254875,59.84578111873497,-2.2381688740505252,0.13351739691847486,0.4175700140720948,3,camera_only,95.66666666666667,37.31080179384734,22.035733586514567,5.0,3.025864444064211,-2.3343946028887794
19.166666666666668,95.79116704052059,37.35244315713704,21.98013840698587,4.919855180190319,2.8887435935037153,-2.2523708473738817,6.133758144657647,59.58023605760444,-2.2523708473738817,0.14060943982685725,0.4229671274122922,3,camera_only,95.83333333333334,37.411809548974794,21.957892883300772,5.0,3.0345454797823876,-2.3360369196984854
19.2,95.9527734645451,37.47096326917819,21.884899921046784,4.912030379325514,2.9506680482618792,-2.3093858396283564,6.178005125825511,59.00666439100809,-2.3093858396283564,0.14798868147690675,0.42832611251940045,3,camera_only,96.0,37.513101128351444,21.879998503464567,5.0,3.042893743392486,-2.3376151928759965
19.233333333333334,96.1299384608614,37.51618642663667,21.829038905894233,4.950996988567849,2.803443610140941,-2.2502772931425974,6.118448753734982,60.47980360515887,-2.2502772931425974,0.15565446759070317,0.43365848978180777,3,camera_only,96.16666666666667,37.61466542421419,21.80205258251971,5.0,3.050908319413326,-2.3391293791521575
19.266666666666666,96.27730299082891,37.6495150210371,21.772493301498173,4.9012512419684935,2.9134805031729183,-2.199931442498379,6.1114916944195725,59.2712233487105,-2.199931442498379,0.16360221988643336,0.4389656088901283,3,camera_only,96.33333333333333,37.71649129889343,21.724057257393007,5.0,3.0585883289563305,-2.3405794370147857
19.3,96.44308495041608,37.73883383963612,21.69742603330898,4.9084187385912195,2.8922247597305613,-2.2045422070867424,6.108808796891487,59.49180984610776,-2.2045422070867424,0.17182769490798802,0.4442441208282416,3,camera_only,96.50000000000001,37.818567586034575,21.64601466636568,5.0,3.065932929821908,-2.341965326709813
19.333333333333332,96.59415462755476,37.875396859051634,21.604515124619823,4.876412926480969,3.0037390958326906,-2.2560906443157664,6.1556312901889765,58.368048780974334,-2.2560906443157664,0.18032302087270496,0.4494883607738606,3,camera_only,96.66666666666666,37.920883091822404,21.567926949014804,5.0,3.072941316591806,-2.3432870102423733
19.366666666666667,96.74786628288508,37.99407757427146,21.53009458262195,4.854423906102996,3.055700445911579,-2.253188277679008,6.162758642844825,57.81093255801668,-2.253188277679008,0.18907977008894986,0.4546901982097527,3,camera_only,96.83333333333334,38.023426596208736,21.489796246154587,5.0,3.079612720717438,-2.3445444513778444
19.4,96.92407171155962,38.067390898057084,21.45260083478846,4.889513364310481,2.975566952647233,-2.261048821746541,6.154159682993168,58.676938382884195,-2.261048821746541,0.19808954927300387,0.45984280123691595,3,camera_only,97.0,38.12618685414275,21.411624699777715,5.0,3.085946410604164,-2.345737615642843
19.433333333333334,97.07556968786062,38.18429296521256,21.393389934368134,4.860641241239354,3.02528835159888,-2.2167732220887477,6.1394044014486,58.101651312333345,-2.2167732220887477,0.20734531907585443,0.46494276802113194,3,camera_only,97.16666666666667,38.22915259680417,21.33341445299662,5.0,3.0919416916915106,-2.346866470326168
19.466666666666665,97.24470491942157,38.26434727517861,21.3310507067491,4.877326747138882,2.967412855458991,-2.1866294757626714,6.113526291541876,58.683263621192545,-2.1866294757626714,0.21683754305601136,0.4699823573122001,3,camera_only,97.33333333333333,38.33231253283897,21.255167649984735,5.0,3.0975979065293475,-2.347930984479698
19.5,97.40158334310796,38.37573551019257,21.2584572859865,4.863498948741621,3.002198090115491,-2.185300731223278,6.119015826306462,58.31330606758707,-2.185300731223278,0.22655990798988912,0.47496055838169327,3,camera_only,97.5,38.43565534959769,21.176886435917677,5.0,3.102914434849978,-2.348931128919239
19.53333333333333,97.5803977512784,38.46489138484235,21.1411609451356,4.904039935422559,2.9700561396183476,-2.3059922680139344,6.1796797247789454,58.79945304718146,-2.3059922680139344,0.2365034507060341,0.4798734954146666,3,camera_only,97.66666666666666,38.53916971437587,21.09857295691448,5.0,3.1078906936361594,-2.349866876225327
19.566666666666666,97.72223573352609,38.59594539350073,21.066172817459133,4.857402148115987,3.0624048541068305,-2.2978296567289602,6.184876736873743,57.77014876342809,-2.2978296567289602,0.24666210178900694,0.4847225803178964,3,camera_only,97.83333333333333,38.64284427565695,21.020229359978728,5.0,3.1125261371850392,-2.3507382007439763
19.6,97.871415497114,38.72031383062684,21.00066358445967,4.826527595270071,3.1247216141880214,-2.2670245106966127,6.1805059603706,57.080749001096386,-2.2670245106966127,0.25702644282104875,0.4895030750597051,3,camera_only,98.00000000000001,38.74666766435696,20.941857792939697,5.0,3.1168202571679955,-2.3515450785873853
19.633333333333333,98.0524295008548,38.79322172336735,20.90301349596459,4.874755179347245,3.036933206466893,-2.3280295583194808,6.19725124418264,58.07742630101583,-2.3280295583194808,0.26759126527199417,0.49421830303136055,3,camera_only,98.16666666666667,38.850628495071334,20.86346040439351,5.0,3.120772582686381,-2.35228748763459
19.666666666666668,98.22054970247336,38.89081994965033,20.793284223497302,4.89233495581452,3.0278284867545517,-2.4138852713046144,6.239353233157133,58.24695353906113,-2.4138852713046144,0.27835423060545195,0.4988739961513803,3,camera_only,98.33333333333334,38.954715367323466,20.785039343644158,5.0,3.1243826803231642,-2.3529654075320714
19.7,98.369503191741,39.01432899426569,20.723094915628053,4.859551210863067,3.09145397984814,-2.3849480864919346,6.233803257705616,57.5370972000762,-2.3849480864919346,0.2893070936992159,0.503469116696871,3,camera_only,98.5,39.058916866814855,20.706596760644643,5.0,3.1276501541904578,-2.353578819694314
19.733333333333334,98.52493974778949,39.125097818797606,20.60718607130841,4.855891036194285,3.1178392104427908,-2.4796388890506487,6.2808604599735265,57.2965528969884,-2.4796388890506487,0.3004438738183506,0.5080049170977851,3,camera_only,98.66666666666667,39.16322156667684,20.628134805937997,5.0,3.1305746459729304,-2.3541277073043125
19.766666666666666,98.65880559712694,39.28130165621366,20.509126782744815,4.796710942917457,3.2662883048448847,-2.5172367797987136,6.3256269385604735,55.74735523093326,-2.5172367797987136,0.3117587305443763,0.5124832966873303,3,camera_only,98.83333333333333,39.26761802872368,20.549655630598345,5.0,3.1331558349671025,-2.354612055314036
19.8,98.82319632571895,39.385160416824036,20.41966830206722,4.806712857332033,3.2518222002643102,-2.532630252506834,6.331907462280677,55.920986636982754,-2.532630252506834,0.32324374080347834,0.5169049101085967,3,camera_only,99.0,39.37209480470687,20.471161386171925,5.0,3.1353934381165134,-2.3550318504448393
19.833333333333332,98.97499019082562,39.50767986764853,20.314818833551254,4.793870899465195,3.2939631807576575,-2.585281784915376,6.3651452099965145,55.50627537276712,-2.585281784915376,0.3349012811325749,0.5212787273884488,3,camera_only,99.16666666666666,39.47664043757056,20.392654224618102,5.0,3.137287210042762,-2.355387081187826
19.866666666666667,99.12954035770376,39.620265009248165,20.1903415152199,4.795717404264906,3.3076772766360856,-2.684564625962309,6.41455544982754,55.40539609637932,-2.684564625962309,0.34672383981210053,0.5256038351261076,3,camera_only,99.33333333333334,39.58124346270801,20.31413629825035,5.0,3.1388369430724166,-2.3556777378041676
19.9,99.31121277816554,39.68267429440176,20.156719049051205,4.83339989453101,3.1699620643194484,-2.5393835334985617,6.3133891658823345,56.74132707589456,-2.5393835334985617,0.35870676092866166,0.5298818746083291,3,camera_only,99.49999999999999,39.68589240921871,20.235609759677317,5.0,3.1400424672597853,-2.355903812325365
19.933333333333334,99.4746769566741,39.79062645804944,20.07134319420227,4.835471012707849,3.1745032552968357,-2.5422511166597537,6.318408943142716,56.71496414955836,-2.5422511166597537,0.3708611949743437,0.5341261939547362,3,camera_only,99.66666666666667,39.79057580116643,20.157076761743685,5.0,3.1409036504055567,-2.356065298553471
19.966666666666665,99.6424783666466,39.901584528776944,19.963617428834507,4.847554282986568,3.186183842188019,-2.605002944706619,6.358977146102318,56.68401898712954,-2.605002944706619,0.3831727735846184,0.5383303336049207,3,camera_only,99.83333333333333,39.89528215883754,20.078539457471297,5.0,3.1414203980712943,-2.3561621920612588
20.0,99.79742763492416,40.0185639373489,19.9305798454995,4.818522196402698,3.2109550743735737,-2.4634609177637232,6.292616970722131,56.32140171355563,-2.4634609177637232,0.39563545917773224,0.5424946387241377,3,camera_only,100.0,40.0,20.000000000000004,5.0,3.141592653589793,-2.356194490192345
