timestamp,x,y,z,vx,vy,vz,speed,course_over_ground,vertical_speed,pos_uncertainty,vel_uncertainty,scenario_id,sensor_mode,ground_truth_x,ground_truth_y,ground_truth_z,ground_truth_vx,ground_truth_vy,ground_truth_vz
0.0,-0.7534461970343505,40.21116344288719,19.781346432844384,,,,,,,,,3,baseline_geometric,0.0,40.0,20.0,5.0,3.141592653589793,2.356194490192345
0.03333333333333333,-1.7112821446339581,41.10502372712264,20.37938147619604,,,,,,,,,3,baseline_geometric,0.16666666666666666,40.10471784116246,20.078539457471294,5.0,3.1414203980712943,2.3561621920612588
0.06666666666666667,-0.15487890375033983,40.37189354065559,20.428781662026076,,,,,,,,,3,baseline_geometric,0.3333333333333333,40.20942419883357,20.15707676174369,5.0,3.1409036504055567,2.356065298553471
0.1,1.5405235582121262,39.81892924863872,20.329104282520476,,,,,,,,,3,baseline_geometric,0.5,40.31410759078128,20.23560975967731,5.0,3.1400424672597853,2.355903812325365
0.13333333333333333,9.648193363524411,35.673156783650434,18.471976971926267,,,,,,,,,3,baseline_geometric,0.6666666666666666,40.418756537292,20.314136298250354,5.0,3.1388369430724166,2.3556777378041676
0.16666666666666666,6.640508841637329,37.651321537866664,19.31645847696473,,,,,,,,,3,baseline_geometric,0.8333333333333334,40.52335956242944,20.3926542246181,5.0,3.137287210042762,2.355387081187826
0.2,6.901640300385447,37.34142334133394,19.184215375775693,,,,,,,,,3,baseline_geometric,1.0,40.62790519529313,20.471161386171925,5.0,3.1353934381165134,2.3550318504448393
0.23333333333333334,-7.84637203576667,45.85323581406788,22.595917477174563,,,,,,,,,3,baseline_geometric,1.1666666666666667,40.73238197127632,20.549655630598345,5.0,3.1331558349671025,2.354612055314036
0.26666666666666666,-5.789410918402706,45.034448749006685,22.301902266890544,,,,,,,,,3,baseline_geometric,1.3333333333333333,40.836778433323154,20.628134805937993,5.0,3.1305746459729304,2.3541277073043125
0.3,-5.9045283215278515,45.07269655754814,22.189085733914442,,,,,,,,,3,baseline_geometric,1.5,40.941083133185145,20.70659676064464,5.0,3.1276501541904578,2.353578819694314
0.3333333333333333,2.6535321606139206,40.525010917829945,20.559655900134402,,,,,,,,,3,baseline_geometric,1.6666666666666667,41.045284632676534,20.785039343644158,5.0,3.1243826803231642,2.3529654075320714
0.36666666666666664,3.2532671862374705,39.94818895864604,20.545190713446562,,,,,,,,,3,baseline_geometric,1.8333333333333333,41.149371504928666,20.86346040439351,5.0,3.120772582686381,2.35228748763459
0.4,2.5399495591705787,41.051228272064535,20.83400484812517,,,,,,,,,3,baseline_geometric,2.0,41.253332335643044,20.9418577929397,5.0,3.1168202571679955,2.3515450785873853
0.43333333333333335,5.246970959519533,39.72386804044918,20.334690325003418,,,,,,,,,3,baseline_geometric,2.166666666666667,41.357155724343045,21.02022935997872,5.0,3.1125261371850397,2.3507382007439763
0.4666666666666667,2.050095597783793,41.89957247749356,21.1604101822665,,,,,,,,,3,baseline_geometric,2.3333333333333335,41.46083028562412,21.098572956914474,5.0,3.10789069363616,2.349866876225327
0.5,8.51509370783663,38.030784975266116,19.73210785756275,,,,,,,,,3,baseline_geometric,2.5,41.56434465040231,21.176886435917673,5.0,3.1029144348499784,2.348931128919239
0.5333333333333333,-2.9824702323732217,44.898199732813026,22.619886884171017,,,,,,,,,3,baseline_geometric,2.6666666666666665,41.667687467161024,21.25516764998473,5.0,3.097597906529348,2.347930984479698
0.5666666666666667,7.060290221738591,39.2591910221027,20.294677536944906,,,,,,,,,3,baseline_geometric,2.833333333333333,41.77084740319583,21.33341445299662,5.0,3.09194169169151,2.346866470326168
0.6,-12.209946747117765,50.33020165454162,25.093260494227255,,,,,,,,,3,baseline_geometric,3.0,41.87381314585725,21.411624699777715,5.0,3.085946410604164,2.345737615642843
0.6333333333333333,2.532793216953289,42.91643208540222,21.752988099917296,,,,,,,,,3,baseline_geometric,3.166666666666666,41.976573403791264,21.489796246154583,5.0,3.0796127207174386,2.344544451377845
0.6666666666666666,-6.470990964066869,47.68056885892022,23.768129229084835,,,,,,,,,3,baseline_geometric,3.3333333333333335,42.079116908177596,21.5679269490148,5.0,3.0729413165918062,2.3432870102423733
0.7,5.137002113351458,41.524429445928995,21.3518478608012,,,,,,,,,3,baseline_geometric,3.4999999999999996,42.181432413965425,21.64601466636568,5.0,3.065932929821908,2.341965326709813
0.7333333333333333,3.138876747051149,42.17572292371532,21.844317209834326,,,,,,,,,3,baseline_geometric,3.6666666666666665,42.283508701106555,21.724057257393,5.0,3.058588328956331,2.3405794370147857
0.7666666666666666,2.141312438527558,43.480210923892194,22.118919625472966,,,,,,,,,3,baseline_geometric,3.833333333333333,42.385334575785805,21.802052582519707,5.0,3.0509083194133266,2.3391293791521575
0.8,1.6764016495626677,43.74433667342332,22.383461463542332,,,,,,,,,3,baseline_geometric,4.0,42.48689887164855,21.879998503464563,5.0,3.042893743392486,2.3376151928759965
0.8333333333333334,8.475132607091254,40.18646344331681,20.990578317016777,,,,,,,,,3,baseline_geometric,4.166666666666667,42.588190451025206,21.957892883300772,5.0,3.0345454797823876,2.3360369196984854
0.8666666666666667,2.3626440269227826,43.81558341287474,22.322027434871426,,,,,,,,,3,baseline_geometric,4.333333333333334,42.68919820615265,22.035733586514567,5.0,3.0258644440642115,2.3343946028887794
0.9,10.531444673439243,39.20240470962166,20.69574092466652,,,,,,,,,3,baseline_geometric,4.5,42.78991106039229,22.11351847906374,5.0,3.0168515882113502,2.3326882874718247
0.9333333333333333,-2.929988231176395,47.43282899785986,24.30789545468862,,,,,,,,,3,baseline_geometric,4.666666666666667,42.890317969444716,22.191245428436176,5.0,3.0075079005850145,2.33091802022712
0.9666666666666667,11.632949138209357,38.873211140044866,20.484238397457005,,,,,,,,,3,baseline_geometric,4.833333333333333,42.99040792256087,22.268912303708287,5.0,2.9978344058258464,2.3290838496874358
1.0,1.8434676627136812,45.05574694791132,23.335448412903915,,,,,,,,,3,baseline_geometric,5.0,43.09016994374947,22.346516975603464,5.0,2.9878321647415556,2.327185826137484
1.0333333333333332,5.997446824848307,42.78428564891999,22.25107278868198,,,,,,,,,3,baseline_geometric,5.166666666666666,43.1895930929807,22.424057316550417,5.0,2.977502274190593,2.3252240016125385
1.0666666666666667,10.908617662903898,40.08891036916176,21.065598598195997,,,,,,,,,3,baseline_geometric,5.333333333333333,43.28866646738583,22.501531200741535,5.0,2.966845866961865,2.323198429897011
1.1,8.489280823702751,41.59429033383882,21.888488967711634,,,,,,,,,3,baseline_geometric,5.500000000000001,43.38737920245291,22.578936504191145,5.0,2.95586411165051,2.3211091665229717
1.1333333333333333,4.936042381863513,43.949722670695394,22.812490597445272,,,,,,,,,3,baseline_geometric,5.666666666666666,43.48572047321815,22.65627110479375,5.0,2.9445582125297523,2.3189562687686327
1.1666666666666667,-3.9243878339875313,49.58992226629765,25.270551684640417,,,,,,,,,3,baseline_geometric,5.833333333333333,43.583679495453005,22.733532882382214,5.0,2.932929409418835,2.316739795656773
1.2,2.3121512519665104,45.938196748631725,23.508818434126923,,,,,,,,,3,baseline_geometric,6.0,43.68124552684678,22.81071971878587,5.0,2.920978977547065,2.314459807953123
1.2333333333333334,-1.8216603184220732,48.485772380042214,25.15830807869795,,,,,,,,,3,baseline_geometric,6.166666666666667,43.77840786818467,22.88782949788861,5.0,2.908708227413965,2.312116368164696
1.2666666666666666,5.1576059362688085,44.477128653236015,23.124164655318186,,,,,,,,,3,baseline_geometric,6.333333333333332,43.87515586452103,22.964860105686892,5.0,2.896118504645567,2.309709540538079
1.3,12.430840229076196,40.35108926785473,21.340340191889414,,,,,,,,,3,baseline_geometric,6.5,43.971478906347805,23.041809430347687,5.0,2.8832111898468455,2.3072393910576663
1.3333333333333333,8.731472119884891,42.9191266667763,22.637242712905394,,,,,,,,,3,baseline_geometric,6.666666666666667,44.067366430758,23.11867536226639,5.0,2.8699876984503203,2.3047059874438545
1.3666666666666667,6.6536657074631425,44.28380545228162,23.217866573028502,,,,,,,,,3,baseline_geometric,6.833333333333333,44.16280792260401,23.195455794124648,5.0,2.8564494805608387,2.3021093991511825
1.4,10.479939016779356,42.18950402585858,22.22470505447494,,,,,,,,,3,baseline_geometric,6.999999999999999,44.257792915650725,23.272148620948137,5.0,2.8425980207965535,2.299449697366431
1.4333333333333333,3.4374341411510327,46.437805315284045,24.357046240363466,,,,,,,,,3,baseline_geometric,7.166666666666667,44.35231099372328,23.34875174016427,5.0,2.8284348381261193,2.296726955006667
1.4666666666666666,0.03858587546592993,49.19764719814879,25.3676250690335,,,,,,,,,3,baseline_geometric,7.333333333333333,44.446351791849274,23.425263051659837,5.0,2.8139614857021216,2.293941246717248
1.5,5.75844716757656,45.65724678978102,23.959776432988463,,,,,,,,,3,baseline_geometric,7.5,44.53990499739547,23.50168045783858,5.0,2.799179550690753,2.2910926488697743
1.5333333333333332,-3.6348706612102375,51.86046847664487,26.733855937002293,,,,,,,,,3,baseline_geometric,7.666666666666666,44.63296035119862,23.578001863678715,5.0,2.7840906540977644,2.2881812395599948
1.5666666666666667,3.2624901522657694,47.631411670215,24.908574227743067,,,,,,,,,3,baseline_geometric,7.833333333333334,44.72550764869054,23.654225176790337,5.0,2.7686964505907037,2.285207098605666
1.6,-0.8089520491030655,50.43397517032141,25.929616665152643,,,,,,,,,3,baseline_geometric,8.0,44.81753674101715,23.730348307472823,5.0,2.7529986283174632,2.282170307544365
1.6333333333333333,7.1507391607971345,45.59278804271556,24.14222564251529,,,,,,,,,3,baseline_geometric,8.166666666666666,44.90903753615141,23.806369168772083,5.0,2.736998908721153,2.2790709496312522
1.6666666666666667,6.245551958361422,46.507893632007544,24.423541385574048,,,,,,,,,3,baseline_geometric,8.333333333333334,45.0,23.882285676537812,5.0,2.7206990463513265,2.2759091098367907
1.7,8.944490298033376,44.9166732775031,23.894388402707268,,,,,,,,,3,baseline_geometric,8.5,45.090414157503716,23.95809574948059,5.0,2.7041008286715766,2.272684874844416
1.7333333333333334,8.64705276410686,45.21046207918378,24.046439758091804,,,,,,,,,3,baseline_geometric,8.666666666666668,45.1802700937313,24.033797309228987,5.0,2.6872060758635166,2.2693983330481586
1.7666666666666666,8.812799717961527,45.16549309123273,24.029370158731332,,,,,,,,,3,baseline_geometric,8.833333333333334,45.26955795496678,24.109388280386487,5.0,2.6700166406271775,2.2660495745502223
1.8,9.035292720023985,45.20158257566775,24.1164437211862,,,,,,,,,3,baseline_geometric,9.0,45.35826794978997,24.184866590588438,5.0,2.6525344079778406,2.2626386911585126
1.8333333333333333,9.037921544599051,45.64108027525775,24.26390843000382,,,,,,,,,3,baseline_geometric,9.166666666666666,45.44639035015027,24.260230170558838,5.0,2.6347612950393238,2.2591657763841213
1.8666666666666667,9.267650219360814,45.250763809390236,24.208536395386044,,,,,,,,,3,baseline_geometric,9.333333333333334,45.533915492433444,24.335476954167074,5.0,2.616699250833744,2.2556309254387608
1.9,9.477804037824999,45.46965570242456,24.315347328601252,,,,,,,,,3,baseline_geometric,9.5,45.6208337785213,24.41060487848456,5.0,2.5983502560677905,2.2520342352321556
1.9333333333333333,9.68197377598872,45.606687801865185,24.382658317683255,,,,,,,,,3,baseline_geometric,9.666666666666666,45.70713567684432,24.4856118838413,5.0,2.5797163229155133,2.2483758043693847
1.9666666666666666,9.795708578121973,45.81595480479855,24.615387477322326,,,,,,,,,3,baseline_geometric,9.833333333333332,45.79281172342679,24.560495913882356,5.0,2.5607994947976676,2.244655733148178
2.0,9.940433395541167,45.885580784750495,24.685725909069298,,,,,,,,,3,baseline_geometric,10.0,45.877852522924734,24.63525491562421,5.0,2.5416018461576297,2.240874123556167
2.033333333333333,10.104880683241143,45.944977021465284,24.694525119244556,,,,,,,,,3,baseline_geometric,10.166666666666666,45.962248749656155,24.70988683951107,5.0,2.5221254822339114,2.2370310792680894
2.0666666666666664,10.32218593674411,45.93004211361115,24.775994017305567,,,,,,,,,3,baseline_geometric,10.333333333333332,46.04599114862375,24.784389639471048,5.0,2.5023725388292957,2.233126705642945
2.1,10.534543882974411,45.726874792789204,24.61198475560977,,,,,,,,,3,baseline_geometric,10.500000000000002,46.12907053652977,24.85876127297224,5.0,2.482345182076621,2.22916110972111
2.1333333333333333,10.584136273831987,46.465177647493086,25.0235477111685,,,,,,,,,3,baseline_geometric,10.666666666666666,46.2114778027831,24.93299970107875,5.0,2.4620456082012443,2.225134400221399
2.1666666666666665,10.712878819484986,46.554461987374474,25.224916854768622,,,,,,,,,3,baseline_geometric,10.833333333333332,46.29320391049838,25.007102888506562,5.0,2.4414760432801965,2.221046687538087
2.2,10.981419617234568,46.38243732313248,25.024443785204426,,,,,,,,,3,baseline_geometric,11.000000000000002,46.374239897486895,25.081068803679372,5.0,2.420638742998068,2.2168980837378824
2.2333333333333334,11.145470742162145,46.51028837583856,25.055225564447976,,,,,,,,,3,baseline_geometric,11.166666666666666,46.454576877239504,25.154895418784243,5.0,2.3995359923996515,2.2126887025568545
2.2666666666666666,11.275860197139403,46.49559067581887,25.134117899247897,,,,,,,,,3,baseline_geometric,11.333333333333332,46.53420603990105,25.228580709827227,5.0,2.3781701056393545,2.208418659397314
2.3,11.53975665046407,46.62314703908389,25.326306114028007,,,,,,,,,3,baseline_geometric,11.5,46.61311865323652,25.302122656688855,5.0,2.3565434257274336,2.2040880713246516
2.3333333333333335,11.723429146395512,46.849251835897704,25.363471979261647,,,,,,,,,3,baseline_geometric,11.666666666666666,46.691306063588584,25.375519243179504,5.0,2.3346583242730508,2.1996970570641263
2.3666666666666667,11.801468194047551,46.81571745414413,25.423278498436403,,,,,,,,,3,baseline_geometric,11.833333333333334,46.768759696826606,25.448768457094673,5.0,2.3125172012242037,2.1952457369976126
2.4,11.966084735965914,46.58857562381917,25.3257598528678,,,,,,,,,3,baseline_geometric,12.0,46.845471059286886,25.52186829027017,5.0,2.2901224846045416,2.1907342331602986
2.433333333333333,12.18844836858824,46.672202846533786,25.36321599006225,,,,,,,,,3,baseline_geometric,12.166666666666666,46.921431738704065,25.594816738637135,5.0,2.267476630247108,2.186162669237341
2.466666666666667,12.325460999074105,47.350978464078366,25.856763976236117,,,,,,,,,3,baseline_geometric,12.333333333333334,46.99663340513365,25.66761180227701,5.0,2.244582121525029,2.181531170560474
2.5,12.428923111106396,47.34374576539571,25.892954631860963,,,,,,,,,3,baseline_geometric,12.5,47.071067811865476,25.740251485476346,5.0,2.221441469079183,2.176839864104573
2.533333333333333,12.647551422391457,46.88570877535482,25.78844312257672,,,,,,,,,3,baseline_geometric,12.666666666666664,47.14472679632803,25.812733796781544,5.0,2.198057210542883,2.172088878484175
2.5666666666666664,12.784486077099869,47.2959613166129,25.83244958338671,,,,,,,,,3,baseline_geometric,12.833333333333332,47.21760228098362,25.88505674905342,5.0,2.174431910263593,2.167278343949951
2.6,13.00465262547996,47.0933345972287,25.907544381060735,,,,,,,,,3,baseline_geometric,13.0,47.28968627421412,25.95721835952171,5.0,2.1505681590217223,2.1624083923851343
2.6333333333333333,13.126650062028808,47.22126436066498,26.02208792237197,,,,,,,,,3,baseline_geometric,13.166666666666666,47.360970871197345,26.0292166498394,5.0,2.1264685737465148,2.1574791573019074
2.6666666666666665,13.308437035202093,47.250354526037114,26.079831192427072,,,,,,,,,3,baseline_geometric,13.333333333333334,47.43144825477394,26.101049646137003,5.0,2.1021357972290726,2.1524907738377403
2.7,13.538547810071115,47.57091303280462,26.256733002931988,,,,,,,,,3,baseline_geometric,13.5,47.50111069630459,26.17271537907663,5.0,2.077572497832547,2.1474433787516856
2.7333333333333334,13.66530852074835,47.62834239582872,26.304962660179854,,,,,,,,,3,baseline_geometric,13.666666666666666,47.56995055651756,26.24421188390602,5.0,2.0527813691995207,2.142337110420629
2.7666666666666666,13.789837066403686,47.5920978044257,26.332932081253748,,,,,,,,,3,baseline_geometric,13.833333333333334,47.63796028634642,26.315537200512367,5.0,2.027765129956618,2.1371721088354962
2.8,13.927396614387256,47.77218375892194,26.400488054593694,,,,,,,,,3,baseline_geometric,13.999999999999998,47.70513242775789,26.386689373476088,5.0,2.0025265234163796,2.131948515597415
2.8333333333333335,14.255513308053407,47.71863685488186,26.37050045136675,,,,,,,,,3,baseline_geometric,14.166666666666666,47.77145961456971,26.45766645212443,5.0,1.9770683172764252,2.1266664739138323
2.8666666666666667,14.408035173191234,47.87385068922063,26.450468178100692,,,,,,,,,3,baseline_geometric,14.333333333333334,47.8369345732584,26.52846649058491,5.0,1.9513933033159465,2.1213261285945895
2.9,14.418879007083694,47.9156791503841,26.737731119252782,,,,,,,,,3,baseline_geometric,14.499999999999998,47.901550123756905,26.599087547838728,5.0,1.9255042970895564,2.115927626047951
2.933333333333333,14.592511167837637,48.04280891176977,26.616671433249138,,,,,,,,,3,baseline_geometric,14.666666666666666,47.96529918024196,26.66952768777391,5.0,1.8994041376185287,2.1104711142765913
2.966666666666667,14.853384620583101,48.0565863773388,26.723178238948165,,,,,,,,,3,baseline_geometric,14.833333333333334,48.028174751911145,26.73978497923845,5.0,1.8730956870794713,2.1049567428735365
3.0,14.967000325944232,48.094018903093676,26.758702903547423,,,,,,,,,3,baseline_geometric,15.0,48.09016994374947,26.8098574960932,5.0,1.8465818304904567,2.0993846630180646
3.033333333333333,15.193016091558796,48.21265487153495,26.842001146001362,,,,,,,,,3,baseline_geometric,15.166666666666668,48.151277957285544,26.879743317264726,5.0,1.8198654753946426,2.0937550274715595
3.0666666666666664,15.38972798295563,48.21278043740235,26.809797591532714,,,,,,,,,3,baseline_geometric,15.333333333333332,48.211492091337036,26.949440526797925,5.0,1.7929495515414322,2.0880679905733235
3.1,15.548553786996335,48.27151249939553,26.880114398554984,,,,,,,,,3,baseline_geometric,15.5,48.27080574274562,27.0189472139086,5.0,1.7658370105651893,2.0823237082363457
3.1333333333333333,15.658357768379432,48.41436125274486,27.14560329745093,,,,,,,,,3,baseline_geometric,15.666666666666668,48.329212407101,27.08826147303581,5.0,1.7385308256615641,2.076522337943028
3.1666666666666665,15.831010923282719,48.46148148675901,27.116891241916385,,,,,,,,,3,baseline_geometric,15.833333333333332,48.38670567945424,27.157381403894128,5.0,1.7110339912614436,2.070664038740868
3.2,15.995387601067081,48.37955405151781,27.16092376383903,,,,,,,,,3,baseline_geometric,16.0,48.44327925502015,27.22630511152573,5.0,1.6833495227025799,2.0647489712380973
3.2333333333333334,16.179899264044348,48.51878990741453,27.288630418288644,,,,,,,,,3,baseline_geometric,16.166666666666668,48.49892692986864,27.295030706352357,5.0,1.6554804558989273,2.05877729759928
3.2666666666666666,16.439644550887405,48.47034259925603,27.249303300675464,,,,,,,,,3,baseline_geometric,16.333333333333332,48.55364260160506,27.36355630422711,5.0,1.627429847007717,2.0527491815408645
3.3,16.561687175118973,48.62879158683793,27.36719628049044,,,,,,,,,3,baseline_geometric,16.499999999999996,48.607420270039434,27.431880026486112,5.0,1.5992007720943144,2.0466647883266984
3.3333333333333335,16.63239434324872,48.55721767748492,27.388123711616643,,,,,,,,,3,baseline_geometric,16.666666666666668,48.66025403784439,27.5,5.0,1.5707963267948961,2.040524284763495
3.3666666666666667,16.876918046791715,48.72030990783257,27.50607220644017,,,,,,,,,3,baseline_geometric,16.833333333333332,48.712138111201895,27.567914357225288,5.0,1.5422196259769807,2.034327839196261
3.4,17.011381776444328,48.72237626419532,27.644195374681537,,,,,,,,,3,baseline_geometric,17.0,48.76306680043864,27.635621236255567,5.0,1.5134738033978403,2.0280756215036826
3.433333333333333,17.1063064824974,48.86468081982364,27.620544309186943,,,,,,,,,3,baseline_geometric,17.166666666666668,48.81303452064992,27.70311878087255,5.0,1.484562011360858,2.021767803093465
3.466666666666667,17.32087786417683,48.89498326498494,27.758964394031917,,,,,,,,,3,baseline_geometric,17.333333333333336,48.86203579231215,27.770405140596953,5.0,1.4554874203698365,2.0154045568976375
3.5,17.558878460557665,48.92127673613121,27.94634159273179,,,,,,,,,3,baseline_geometric,17.5,48.91006524188368,27.83747847073923,5.0,1.426253218781319,2.0089860573678076
3.533333333333333,17.615910858308332,48.898490801793486,27.79505781025907,,,,,,,,,3,baseline_geometric,17.666666666666668,48.95711760239413,27.904336932450164,5.0,1.3968626124549495,2.002512480470383
3.5666666666666664,17.881532094670607,48.989605879487364,28.043847022354303,,,,,,,,,3,baseline_geometric,17.833333333333332,49.003187714021934,27.97097869277124,5.0,1.367318824401914,1.9959840036817442
3.6,17.966199031224285,49.118964836923205,27.996628592149897,,,,,,,,,3,baseline_geometric,18.0,49.0482705246602,28.03740192468495,5.0,1.337625094431499,1.9894008059833805
3.6333333333333333,18.169156380611852,49.063301643430144,28.079437351903525,,,,,,,,,3,baseline_geometric,18.166666666666668,49.09236109047069,28.103604807164825,5.0,1.3077846787958152,1.982763067856982
3.6666666666666665,18.290215963175243,49.16804696904756,28.265576096843226,,,,,,,,,3,baseline_geometric,18.333333333333332,49.13545457642601,28.169585525225404,5.0,1.2778008498327083,1.9760709712794928
3.6999999999999997,18.63490595324123,49.157933841842,28.217017286245376,,,,,,,,,3,baseline_geometric,18.5,49.17754625683981,28.235342269971976,5.0,1.2476768956069093,1.9693246997181204
3.7333333333333334,18.675097894389456,49.16343339297774,28.248506091078735,,,,,,,,,3,baseline_geometric,18.666666666666668,49.21863151588501,28.300873238650162,5.0,1.217416119549467,1.962524438125308
3.7666666666666666,18.921269500544202,49.28904883934111,28.296504958861924,,,,,,,,,3,baseline_geometric,18.833333333333332,49.25870584809995,28.36617663469535,5.0,1.187021840095484,1.9556703729336626
3.8,18.957526409957104,49.286346516492266,28.502118764736785,,,,,,,,,3,baseline_geometric,19.0,49.297764858882516,28.43125066778196,5.0,1.1564973903202134,1.948762692050843
3.8333333333333335,19.101933503429557,49.397077731986734,28.55793085177384,,,,,,,,,3,baseline_geometric,19.166666666666668,49.33580426497202,28.49609355387249,5.0,1.1258461175735526,1.9418015848544103
3.8666666666666667,19.40960814247817,49.33195634188671,28.543441060583383,,,,,,,,,3,baseline_geometric,19.333333333333332,49.37281989491891,28.560703515266475,5.0,1.0950713831129686,1.934787242186635
3.9,19.434111553168467,49.38241363434596,28.513855174800273,,,,,,,,,3,baseline_geometric,19.5,49.40880768954226,28.62507878064918,5.0,1.064176561734893,1.9277198563492643
3.933333333333333,19.772663100299642,49.421102224311376,28.64995331656731,,,,,,,,,3,baseline_geometric,19.666666666666664,49.44376370237481,28.689217585140184,5.0,1.033165041404643,1.9205996210982506
3.966666666666667,19.850219377709962,49.52455603092812,28.700370399012627,,,,,,,,,3,baseline_geometric,19.833333333333332,49.47768410009586,28.753118170341764,5.0,1.0020402228848915,1.9134267316384408
4.0,20.08654442623023,49.50275172989786,28.764815890341602,,,,,,,,,3,baseline_geometric,20.0,49.510565162951536,28.816778784387097,5.0,0.9708055193627333,1.9062013846182224
4.033333333333333,20.13156942680072,49.55295651469179,28.846275737944318,,,,,,,,,3,baseline_geometric,20.166666666666664,49.54240328516277,28.880197681988292,5.0,0.9394643560753935,1.8989237781241337
4.066666666666666,20.218722776671008,49.62881361244232,28.970800103184033,,,,,,,,,3,baseline_geometric,20.333333333333332,49.573194975320675,28.943373124484236,5.0,0.9080201699346095,1.8915941116754336
4.1,20.585992264457584,49.57858207319186,28.982405247335635,,,,,,,,,3,baseline_geometric,20.5,49.60293685676943,29.00630337988826,5.0,0.8764764091497343,1.8842125862186299
4.133333333333333,20.636814597146873,49.67238544030706,29.13537839856164,,,,,,,,,3,baseline_geometric,20.666666666666664,49.63162566797658,29.06898672293562,5.0,0.8448365328496045,1.8767794041219716
4.166666666666667,20.860365998121452,49.64620386417046,29.149557732037454,,,,,,,,,3,baseline_geometric,20.833333333333336,49.65925826289068,29.13142143513081,5.0,0.8131040107032045,1.8692947691699007
4.2,21.11841070025658,49.689870709812894,29.218550207458087,,,,,,,,,3,baseline_geometric,21.000000000000004,49.68583161128631,29.193605804794647,5.0,0.7812823225391823,1.861758886557466
4.233333333333333,21.107235168674446,49.7398922732887,29.342586247145118,,,,,,,,,3,baseline_geometric,21.166666666666668,49.71134279909636,29.25553812711123,5.0,0.7493749579642421,1.8541719628846947
4.266666666666667,21.274240675089274,49.70749415906933,29.337903259935036,,,,,,,,,3,baseline_geometric,21.333333333333332,49.7357890287316,29.317216704174655,5.0,0.7173854159804736,1.8465342061509333
4.3,21.416267747365588,49.79989894083958,29.385961680127473,,,,,,,,,3,baseline_geometric,21.5,49.75916761938747,29.378639845035575,5.0,0.6853172046016434,1.83884582574914
4.333333333333333,21.612360928470533,49.83557749528374,29.56572160706594,,,,,,,,,3,baseline_geometric,21.666666666666664,49.78147600733806,29.43980586574756,5.0,0.6531738404685056,1.8311070324601473
4.366666666666666,21.75037511461379,49.95276798392833,29.56670388805004,,,,,,,,,3,baseline_geometric,21.833333333333332,49.80271174621722,29.500713089413253,5.0,0.6209588484631603,1.8233180384468826
4.4,21.943338924422314,49.845361257336315,29.567959323650832,,,,,,,,,3,baseline_geometric,22.000000000000004,49.82287250728689,29.561359846230346,5.0,0.5886757613225101,1.8154790572485509
4.433333333333334,22.11183862655378,49.779143359616285,29.533597391362473,,,,,,,,,3,baseline_geometric,22.166666666666668,49.84195607969242,29.62174447353737,5.0,0.5563281192508593,1.8075903037747827
4.466666666666667,22.283533156150664,49.964650050623575,29.739724679490514,,,,,,,,,3,baseline_geometric,22.333333333333332,49.859960370705046,29.681865315859255,5.0,0.523919469531684,1.7996519942997384
4.5,22.441914379940002,50.00394331774306,29.775785287914193,,,,,,,,,3,baseline_geometric,22.5,49.876883405951375,29.741720724952756,5.0,0.49145336613863877,1.7916643464561826
4.533333333333333,22.699111057498286,49.96208923054552,29.79913086642584,,,,,,,,,3,baseline_geometric,22.666666666666664,49.89272332962988,29.801309059851583,5.0,0.45893336934582035,1.783627579229516
4.566666666666666,22.859787677586514,49.86050540715892,29.88202468037938,,,,,,,,,3,baseline_geometric,22.833333333333332,49.90747840471444,29.860628686911436,5.0,0.42636304533734415,1.7755419129517718
4.6,22.98396252961119,49.89324708233987,29.96658537162118,,,,,,,,,3,baseline_geometric,23.0,49.921147013144775,29.919677979854775,5.0,0.39374596581627264,1.7674075692955753
4.633333333333333,23.207076521509748,50.0640040633109,29.982078647383908,,,,,,,,,3,baseline_geometric,23.166666666666664,49.93372765600397,29.97845531981541,5.0,0.3610857076129349,1.7592247712680666
4.666666666666667,23.26621049132894,49.96306217005125,29.987167508272098,,,,,,,,,3,baseline_geometric,23.333333333333332,49.94521895368273,30.036959095382873,5.0,0.3283858522926906,1.750993743204788
4.7,23.51251121764942,49.92451528172126,30.146627811832676,,,,,,,,,3,baseline_geometric,23.5,49.9556196460308,30.095187702646598,5.0,0.295649985763171,1.742714710763531
4.733333333333333,23.68631425949758,49.962520728661026,30.1423776227749,,,,,,,,,3,baseline_geometric,23.666666666666668,49.96492859249504,30.15313954523991,5.0,0.26288169788104054,1.7343879009181526
4.766666666666667,23.74264825427935,49.915473561046994,30.29135715292951,,,,,,,,,3,baseline_geometric,23.833333333333336,49.97314477224458,30.21081303438377,5.0,0.23008458205832863,1.7260135419523503
4.8,23.902395571188585,49.951636021625134,30.249003537864024,,,,,,,,,3,baseline_geometric,24.0,49.98026728428272,30.26820658893033,5.0,0.19726223486837782,1.7175918634534062
4.833333333333333,24.11575850724266,49.97527707699049,30.350431612912907,,,,,,,,,3,baseline_geometric,24.166666666666664,49.986295347545735,30.32531863540631,5.0,0.16441825565142965,1.70912309630589
4.866666666666666,24.35670084927773,50.00881428982173,30.361715139724158,,,,,,,,,3,baseline_geometric,24.333333333333332,49.99122830098858,30.3821476080561,5.0,0.13155624611992395,1.7006074726853313
4.9,24.564091202027125,49.94118733206105,30.343924752468805,,,,,,,,,3,baseline_geometric,24.500000000000004,49.995065603657316,30.438691948884717,5.0,0.09867980996352638,1.6920452260518526
4.933333333333334,24.645169025410244,50.02174663329102,30.497672071299284,,,,,,,,,3,baseline_geometric,24.666666666666668,49.99780683474846,30.49495010770048,5.0,0.06579255245394733,1.6834365911437716
4.966666666666667,24.927649924221182,49.999498550091914,30.512336059406312,,,,,,,,,3,baseline_geometric,24.833333333333336,49.99945169365512,30.55092054215756,5.0,0.032898080049575604,1.6747818039711624
5.0,24.882832781483184,50.15500345944222,30.661307680833893,,,,,,,,,3,baseline_geometric,25.0,50.0,30.606601717798213,5.0,1.9236706937217898e-16,1.6660811018093873
5.033333333333333,25.141805222098753,49.96007146095763,30.640414570935828,,,,,,,,,3,baseline_geometric,25.166666666666664,49.99945169365512,30.661992108094886,5.0,-0.03289808004957522,1.6573347231925912
5.066666666666666,25.32500531199565,50.02164053213419,30.640374456029665,,,,,,,,,3,baseline_geometric,25.33333333333333,49.99780683474846,30.717090194492048,5.0,-0.06579255245394623,1.6485429079071623
5.1,25.462108495258768,50.033553132423364,30.82965783254873,,,,,,,,,3,baseline_geometric,25.5,49.995065603657316,30.771894466447833,5.0,-0.0986798099635267,1.639705896985157
5.133333333333333,25.663869563507482,49.981061970734686,30.79499574697242,,,,,,,,,3,baseline_geometric,25.666666666666664,49.99122830098858,30.826403421475433,5.0,-0.13155624611992286,1.630823932697695
5.166666666666667,25.795394050368547,49.972757539767045,30.9396469201683,,,,,,,,,3,baseline_geometric,25.833333333333336,49.986295347545735,30.880615565184314,5.0,-0.16441825565142923,1.6218972585483122
5.2,26.091286615481298,49.91274977725122,30.97393309799423,,,,,,,,,3,baseline_geometric,26.0,49.98026728428272,30.934529411321172,5.0,-0.1972622348683774,1.6129261192662916
5.233333333333333,26.10253440653482,49.932959407170166,30.97782318805719,,,,,,,,,3,baseline_geometric,26.166666666666664,49.97314477224458,30.98814348181068,5.0,-0.23008458205832824,1.6039107607999477
5.266666666666667,26.37426739198055,49.90598030698791,30.959207342886735,,,,,,,,,3,baseline_geometric,26.333333333333332,49.96492859249504,31.041456306796015,5.0,-0.2628816978810395,1.5948514303098862
5.3,26.47722985173578,50.002358562636616,31.14002152764782,,,,,,,,,3,baseline_geometric,26.5,49.9556196460308,31.094466424679148,5.0,-0.29564998576317125,1.5857483761622289
5.333333333333333,26.63995323332797,49.944480033048706,31.153646760967277,,,,,,,,,3,baseline_geometric,26.666666666666668,49.94521895368273,31.14717238216091,5.0,-0.32838585229269024,1.5766018479218045
5.366666666666666,26.723333414841672,49.98173217255955,31.22598539759937,,,,,,,,,3,baseline_geometric,26.833333333333332,49.93372765600397,31.19957273428087,5.0,-0.3610857076129338,1.5674120963453047
5.4,26.970572457583003,49.879985904176365,31.18082829452606,,,,,,,,,3,baseline_geometric,27.0,49.921147013144775,31.251666044456893,5.0,-0.3937459658162723,1.5581793733744105
5.433333333333334,27.145337018675324,49.88963201600448,31.339754251174732,,,,,,,,,3,baseline_geometric,27.166666666666668,49.90747840471444,31.303450884524565,5.0,-0.4263630453373438,1.5489039321288869
5.466666666666667,27.282242292573333,49.88477264748314,31.432088508065714,,,,,,,,,3,baseline_geometric,27.333333333333332,49.89272332962988,31.354925834776346,5.0,-0.45893336934582,1.5395860268996406
5.5,27.508581350950685,49.971577582606315,31.361963724674816,,,,,,,,,3,baseline_geometric,27.500000000000004,49.876883405951375,31.406089484000468,5.0,-0.49145336613863916,1.5302259131417502
5.533333333333333,27.685563162661786,49.95946404713882,31.515853462046387,,,,,,,,,3,baseline_geometric,27.666666666666668,49.85996037070505,31.456940429519634,5.0,-0.5239194695316837,1.5208238474674636
5.566666666666666,27.926330795426974,49.76097074670343,31.352812790095037,,,,,,,,,3,baseline_geometric,27.833333333333332,49.84195607969242,31.50747727722949,5.0,-0.556328119250859,1.5113800876391594
5.6,28.0142090127449,49.86165875386715,31.55808342042377,,,,,,,,,3,baseline_geometric,27.999999999999996,49.82287250728689,31.557698641636836,5.0,-0.5886757613225096,1.5018948925622848
5.633333333333333,28.1562035783621,49.91610038084355,31.633802769484696,,,,,,,,,3,baseline_geometric,28.16666666666666,49.80271174621722,31.607603145897592,5.0,-0.6209588484631585,1.4923685222782537
5.666666666666667,28.20029200978716,49.837352499523796,31.666233642635888,,,,,,,,,3,baseline_geometric,28.333333333333332,49.78147600733806,31.65718942185456,5.0,-0.6531738404685045,1.482801237957319
5.7,28.47790247456046,49.90578416295001,31.792917895550616,,,,,,,,,3,baseline_geometric,28.500000000000004,49.759167619387476,31.706456110074946,5.0,-0.6853172046016429,1.4731933018914143
5.733333333333333,28.63562732120567,49.71987568046508,31.76325295262281,,,,,,,,,3,baseline_geometric,28.666666666666668,49.7357890287316,31.7554018598876,5.0,-0.7173854159804732,1.46354497748696
5.766666666666667,28.74873164240042,49.7663872667428,31.793802970299925,,,,,,,,,3,baseline_geometric,28.833333333333332,49.71134279909636,31.804025329420057,5.0,-0.7493749579642417,1.453856529257644
5.8,28.907457909752253,49.87740579822409,31.964336868704184,,,,,,,,,3,baseline_geometric,28.999999999999996,49.68583161128631,31.852325185635355,5.0,-0.7812823225391818,1.4441282228171672
5.833333333333333,29.110747314049604,49.669398968734676,31.86341973403551,,,,,,,,,3,baseline_geometric,29.166666666666664,49.65925826289069,31.900300104368526,5.0,-0.8131040107032035,1.434360324871966
5.866666666666666,29.332445139249643,49.65842842177906,31.998208131199615,,,,,,,,,3,baseline_geometric,29.333333333333332,49.63162566797658,31.94794877036294,5.0,-0.8448365328496034,1.4245531032138965
5.9,29.501771015809954,49.650271061197756,32.11141520911502,,,,,,,,,3,baseline_geometric,29.500000000000004,49.60293685676943,31.99526987730636,5.0,-0.8764764091497338,1.4147068267128942
5.933333333333334,29.662415688404,49.585434107629005,32.137878379844786,,,,,,,,,3,baseline_geometric,29.666666666666668,49.573194975320675,32.04226212786672,5.0,-0.9080201699346092,1.4048217653096036
5.966666666666667,29.781670207899534,49.54157377876254,32.06939465444193,,,,,,,,,3,baseline_geometric,29.833333333333336,49.54240328516277,32.08892423372774,5.0,-0.9394643560753931,1.3948981900079767
6.0,30.113535869983586,49.39965844149044,32.093394132813195,,,,,,,,,3,baseline_geometric,30.0,49.510565162951536,32.135254915624216,5.0,-0.970805519362733,1.3849363728678425
6.033333333333333,30.146097354966347,49.56423967739468,32.25668670980207,,,,,,,,,3,baseline_geometric,30.166666666666664,49.47768410009586,32.18125290337709,5.0,-1.0020402228848904,1.3749365869974508
6.066666666666666,30.324345356194005,49.524921632292425,32.406029051562996,,,,,,,,,3,baseline_geometric,30.333333333333336,49.44376370237481,32.226916935928315,5.0,-1.0331650414046427,1.3648991065459821
6.1,30.40809668941422,49.49723996464792,32.307500553698,,,,,,,,,3,baseline_geometric,30.5,49.40880768954226,32.27224576137535,5.0,-1.0641765617348926,1.3548242066960334
6.133333333333333,30.617496266319232,49.347362421423355,32.23554852199921,,,,,,,,,3,baseline_geometric,30.666666666666664,49.37281989491892,32.31723813700556,5.0,-1.0950713831129677,1.3447121636560742
6.166666666666667,30.73428930345518,49.43904225836193,32.346022006871515,,,,,,,,,3,baseline_geometric,30.833333333333336,49.33580426497202,32.36189282933024,5.0,-1.125846117573553,1.334563254652871
6.2,30.951431717430914,49.28123720090949,32.45216894970819,,,,,,,,,3,baseline_geometric,31.0,49.297764858882516,32.40620861411843,5.0,-1.1564973903202131,1.324377757923892
6.233333333333333,31.132188429612167,49.35064567670722,32.52765427669243,,,,,,,,,3,baseline_geometric,31.166666666666664,49.25870584809995,32.45018427643051,5.0,-1.1870218400954828,1.314155952709675
6.266666666666667,31.300903945534287,49.29795680315325,32.61649461800876,,,,,,,,,3,baseline_geometric,31.333333333333336,49.21863151588501,32.493818610651495,5.0,-1.217416119549467,1.3038981192461732
6.3,31.40120223481322,49.239807572943256,32.634025640915596,,,,,,,,,3,baseline_geometric,31.5,49.17754625683981,32.53711042052405,5.0,-1.2476768956069089,1.2936045387570727
6.333333333333333,31.64769035034146,49.08292021733651,32.548026384391534,,,,,,,,,3,baseline_geometric,31.666666666666664,49.135454576426014,32.58005851918136,5.0,-1.2778008498327074,1.2832754934460826
6.366666666666666,31.796640975215446,49.067201775933256,32.58799679508774,,,,,,,,,3,baseline_geometric,31.83333333333333,49.09236109047069,32.62266172917959,5.0,-1.3077846787958147,1.2729112664891977
6.4,32.0497669450035,49.04540704304606,32.69786432645839,,,,,,,,,3,baseline_geometric,32.0,49.0482705246602,32.66491888253023,5.0,-1.337625094431499,1.2625121420269347
6.433333333333334,32.14685904675832,49.0580668846403,32.664576786750885,,,,,,,,,3,baseline_geometric,32.166666666666664,49.003187714021934,32.706828820732056,5.0,-1.367318824401913,1.2520784051565454
6.466666666666667,32.30149311923386,48.911677677959254,32.77504419100652,,,,,,,,,3,baseline_geometric,32.333333333333336,48.95711760239413,32.74839039480296,5.0,-1.39686261245495,1.2416103419241955
6.5,32.54973599307799,48.8680650140684,32.71383396315262,,,,,,,,,3,baseline_geometric,32.5,48.91006524188368,32.78960246531138,5.0,-1.426253218781319,1.231108239317127
6.533333333333333,32.697607014704836,48.884698032689364,32.81313142983162,,,,,,,,,3,baseline_geometric,32.666666666666664,48.86203579231215,32.8304639024076,5.0,-1.4554874203698356,1.2205723852557877
6.566666666666666,32.901135302928914,48.829853084629065,32.74625068116509,,,,,,,,,3,baseline_geometric,32.83333333333333,48.81303452064992,32.87097358585467,5.0,-1.4845620113608575,1.2100030685859386
6.6,32.93567129503812,48.760206069233035,32.89376434418579,,,,,,,,,3,baseline_geometric,32.99999999999999,48.76306680043864,32.911130405059154,5.0,-1.5134738033978394,1.1994005790707358
6.633333333333333,33.18943571580138,48.780062891474785,32.860940563860254,,,,,,,,,3,baseline_geometric,33.166666666666664,48.712138111201895,32.950933259101575,5.0,-1.5422196259769803,1.1887652073827844
6.666666666666667,33.256436011095666,48.78654049347079,33.10434966416364,,,,,,,,,3,baseline_geometric,33.333333333333336,48.66025403784438,32.99038105676658,5.0,-1.5707963267948972,1.1780972450961722
6.7,33.64329907150994,48.52282022685804,32.88105349983834,,,,,,,,,3,baseline_geometric,33.5,48.60742027003944,33.02947271657287,5.0,-1.5992007720943142,1.1673969846784744
6.733333333333333,33.624395626410276,48.62563271760494,33.15451856769586,,,,,,,,,3,baseline_geometric,33.666666666666664,48.55364260160506,33.06820716680284,5.0,-1.6274298470077162,1.1566647194827355
6.766666666666667,33.83856529583953,48.445634793586954,33.08223901972478,,,,,,,,,3,baseline_geometric,33.83333333333333,48.49892692986864,33.10658334553198,5.0,-1.6554804558989278,1.1459007437394262
6.8,34.04431000817022,48.419445198034914,33.176989997196195,,,,,,,,,3,baseline_geometric,34.0,48.44327925502015,33.144600200657955,5.0,-1.6833495227025794,1.13510535254838
6.833333333333333,34.11394681316368,48.461036575262554,33.28818808316826,,,,,,,,,3,baseline_geometric,34.166666666666664,48.38670567945424,33.18225668992948,5.0,-1.7110339912614432,1.1242788418706993
6.866666666666666,34.32849461553809,48.34390752716492,33.17446062198204,,,,,,,,,3,baseline_geometric,34.333333333333336,48.329212407101,33.21955178097488,5.0,-1.7385308256615637,1.1134215085206434
6.8999999999999995,34.49708980633503,48.22830522340608,33.21505640690571,,,,,,,,,3,baseline_geometric,34.5,48.27080574274562,33.2564844513304,5.0,-1.7658370105651886,1.1025336501574905
6.933333333333334,34.67662419766794,48.23877848893417,33.188965477964906,,,,,,,,,3,baseline_geometric,34.66666666666667,48.21149209133704,33.29305368846822,5.0,-1.7929495515414315,1.0916155652773774
6.966666666666667,34.81079079720681,48.20409610756323,33.39447641224424,,,,,,,,,3,baseline_geometric,34.833333333333336,48.151277957285544,33.32925848982423,5.0,-1.819865475394642,1.0806675532051169
7.0,34.92702661647883,48.09939151220514,33.40383050159968,,,,,,,,,3,baseline_geometric,35.0,48.09016994374947,33.365097862825515,5.0,-1.8465818304904564,1.0696899140859892
7.033333333333333,35.17928227772786,48.118937323721006,33.47087141400851,,,,,,,,,3,baseline_geometric,35.16666666666667,48.028174751911145,33.400570824917565,5.0,-1.873095687079472,1.0586829488775171
7.066666666666666,35.302219213051835,48.04111246011221,33.47120131978989,,,,,,,,,3,baseline_geometric,35.333333333333336,47.96529918024196,33.435676403591195,5.0,-1.8994041376185282,1.047646959341212
7.1,35.506104413037875,47.921223312609435,33.51079367345587,,,,,,,,,3,baseline_geometric,35.5,47.901550123756905,33.47041363640923,5.0,-1.9255042970895555,1.0365822480343017
7.133333333333333,35.70065531628024,47.798236334713266,33.49196635155395,,,,,,,,,3,baseline_geometric,35.666666666666664,47.836934573258404,33.5047815710329,5.0,-1.9513933033159456,1.0254891183014356
7.166666666666667,35.85221935875835,47.74512664355429,33.5944590127271,,,,,,,,,3,baseline_geometric,35.833333333333336,47.77145961456971,33.53877926524791,5.0,-1.9770683172764245,1.0143678742663684
7.2,36.016443351797655,47.62935264801006,33.55019813333539,,,,,,,,,3,baseline_geometric,36.0,47.70513242775789,33.572405786990295,5.0,-2.002526523416379,1.0032188208236241
7.233333333333333,36.0822695264849,47.62987328949261,33.62328089859855,,,,,,,,,3,baseline_geometric,36.16666666666667,47.63796028634642,33.60566021437197,5.0,-2.0277651299566184,0.9920422636301345
7.266666666666667,36.39973535248314,47.57124328213141,33.5641574901793,,,,,,,,,3,baseline_geometric,36.333333333333336,47.56995055651756,33.63854163570603,5.0,-2.0527813691995207,0.9808385090968613
7.3,36.52560399450629,47.58016100436277,33.63448192189861,,,,,,,,,3,baseline_geometric,36.5,47.50111069630459,33.671049149531676,5.0,-2.0775724978325467,0.9696078643803943
7.333333333333333,36.72648466044411,47.39931693371468,33.54470876161064,,,,,,,,,3,baseline_geometric,36.666666666666664,47.43144825477395,33.703181864639014,5.0,-2.1021357972290717,0.9583506373745312
7.366666666666666,36.8521284016079,47.365980207431456,33.80334248936097,,,,,,,,,3,baseline_geometric,36.83333333333333,47.360970871197345,33.73493890009341,5.0,-2.1264685737465143,0.9470671367018366
7.3999999999999995,36.98338872668832,47.290874220706975,33.775138734406916,,,,,,,,,3,baseline_geometric,37.0,47.28968627421411,33.76631938525972,5.0,-2.1505681590217223,0.9357576717051819
7.433333333333334,37.12598836898891,47.17517414040128,33.79781365749827,,,,,,,,,3,baseline_geometric,37.16666666666667,47.21760228098362,33.79732245982606,5.0,-2.1744319102635936,0.9244225524392627
7.466666666666667,37.35037839447159,47.10256786369809,33.85846828865317,,,,,,,,,3,baseline_geometric,37.333333333333336,47.14472679632803,33.827947273827505,5.0,-2.1980572105428826,0.9130620896621002
7.5,37.472420542464505,47.122710128152576,33.91306951786347,,,,,,,,,3,baseline_geometric,37.5,47.071067811865476,33.8581929876693,5.0,-2.221441469079183,0.9016765948265195
7.533333333333333,37.61964520034327,47.0197294122296,33.80833456545271,,,,,,,,,3,baseline_geometric,37.666666666666664,46.99663340513366,33.88805877214992,5.0,-2.244582121525028,0.890266380071613
7.566666666666666,37.82002746249514,46.92880074104504,33.91596054794998,,,,,,,,,3,baseline_geometric,37.83333333333333,46.92143173870407,33.9175438084838,5.0,-2.2674766302471068,0.8788317582141818
7.6,38.11717026634449,46.780126752120914,33.858901864499515,,,,,,,,,3,baseline_geometric,38.0,46.845471059286886,33.946647288323774,5.0,-2.2901224846045407,0.86737304274016
7.633333333333333,38.14352834888876,46.75246151396783,34.096565152463626,,,,,,,,,3,baseline_geometric,38.166666666666664,46.768759696826606,33.97536841378323,5.0,-2.3125172012242032,0.8558905477960213
7.666666666666667,38.37101503725543,46.69997108623997,34.00478265204903,,,,,,,,,3,baseline_geometric,38.333333333333336,46.691306063588584,34.003706397458025,5.0,-2.334658324273051,0.8443845881801645
7.7,38.48899657722079,46.494685962971154,33.97596663225395,,,,,,,,,3,baseline_geometric,38.5,46.61311865323652,34.03166046244801,5.0,-2.356543425727433,0.8328554793342855
7.733333333333333,38.58831918882694,46.58091254167212,34.13867975663595,,,,,,,,,3,baseline_geometric,38.666666666666664,46.53420603990106,34.05922984237837,5.0,-2.378170105639354,0.8213035373347265
7.766666666666667,38.9128536673812,46.41682672635888,33.95620886646178,,,,,,,,,3,baseline_geometric,38.83333333333333,46.45457687723951,34.08641378142064,5.0,-2.39953599239965,0.809729078883813
7.8,39.006958485024604,46.43431191997058,34.20068349753714,,,,,,,,,3,baseline_geometric,39.0,46.3742398974869,34.11321153431338,5.0,-2.420638742998068,0.7981324213011697
7.833333333333333,39.22935879136002,46.27159711727422,34.06239209991623,,,,,,,,,3,baseline_geometric,39.166666666666664,46.29320391049838,34.139622366382675,5.0,-2.4414760432801965,0.7865138825150226
7.866666666666666,39.313976213957744,46.270818527033576,34.1464919517343,,,,,,,,,3,baseline_geometric,39.33333333333333,46.21147780278311,34.165645553562214,5.0,-2.4620456082012443,0.7748737810534823
7.8999999999999995,39.40441152858847,46.09126198632093,34.14600632730298,,,,,,,,,3,baseline_geometric,39.49999999999999,46.12907053652977,34.19128038241318,5.0,-2.4823451820766205,0.7632124360358096
7.933333333333334,39.65874402419256,46.08504457520735,34.28016617216778,,,,,,,,,3,baseline_geometric,39.666666666666664,46.04599114862375,34.216526150143785,5.0,-2.502372538829295,0.7515301671636686
7.966666666666667,39.76990660013119,46.03943025129013,34.35613548744346,,,,,,,,,3,baseline_geometric,39.83333333333333,45.96224874965616,34.241382164628554,5.0,-2.522125482233911,0.7398272947123623
8.0,40.00027131690494,45.83727784107559,34.25955351704314,,,,,,,,,3,baseline_geometric,40.0,45.877852522924734,34.265847744427305,5.0,-2.5416018461576297,0.72810413952205
8.033333333333333,40.117522483361576,45.84712623690633,34.353006928334324,,,,,,,,,3,baseline_geometric,40.166666666666664,45.79281172342679,34.289922218803795,5.0,-2.560799494797668,0.7163610229889535
8.066666666666666,40.39271737148521,45.65880363452535,34.31986185624489,,,,,,,,,3,baseline_geometric,40.33333333333333,45.70713567684432,34.31360492774415,5.0,-2.5797163229155133,0.7045982670565452
8.1,40.40952069392442,45.71584996537194,34.37326907130786,,,,,,,,,3,baseline_geometric,40.5,45.62083377852131,34.336895221974956,5.0,-2.59835025606779,0.69281619420672
8.133333333333333,40.5928975755268,45.620448464449126,34.48158536091133,,,,,,,,,3,baseline_geometric,40.666666666666664,45.533915492433444,34.359792462981005,5.0,-2.616699250833743,0.6810151274509572
8.166666666666666,40.88300274705056,45.4408657021653,34.45133685964214,,,,,,,,,3,baseline_geometric,40.833333333333336,45.446390350150274,34.382296023022896,5.0,-2.6347612950393233,0.6691953903214624
8.2,40.95347796016546,45.44726869341575,34.50051816768724,,,,,,,,,3,baseline_geometric,41.0,45.35826794978997,34.40440528515414,5.0,-2.65253440797784,0.6573573068623008
8.233333333333333,41.210374363045304,45.25561077288196,34.37890188758115,,,,,,,,,3,baseline_geometric,41.166666666666664,45.26955795496678,34.42611964323817,5.0,-2.6700166406271766,0.6455012016205093
8.266666666666666,41.32336347030206,45.158283845222414,34.5239874270535,,,,,,,,,3,baseline_geometric,41.33333333333333,45.18027009373131,34.44743850196487,5.0,-2.6872060758635152,0.6336273996372033
8.3,41.512159693388284,45.1007986891803,34.394287364718004,,,,,,,,,3,baseline_geometric,41.5,45.09041415750371,34.46836127686697,5.0,-2.704100828671577,0.6217362264386606
8.333333333333334,41.67123658403594,44.98788119388776,34.466833542363545,,,,,,,,,3,baseline_geometric,41.66666666666667,45.0,34.488887394336025,5.0,-2.720699046351327,0.6098280080274033
8.366666666666667,41.88564635958811,44.873358018075834,34.40995565627711,,,,,,,,,3,baseline_geometric,41.833333333333336,44.90903753615141,34.50901629163815,5.0,-2.7369989087211524,0.5979030708732536
8.4,42.003333401730124,44.85693630981175,34.49024496635832,,,,,,,,,3,baseline_geometric,42.00000000000001,44.81753674101715,34.52874741692946,5.0,-2.7529986283174632,0.5859617419043867
8.433333333333334,42.16322924379881,44.72216650295141,34.590250731503794,,,,,,,,,3,baseline_geometric,42.16666666666667,44.72550764869054,34.5480802292712,5.0,-2.7686964505907037,0.5740043484983696
8.466666666666667,42.263485795665254,44.70257212659072,34.72994945669503,,,,,,,,,3,baseline_geometric,42.333333333333336,44.63296035119862,34.56701419864454,5.0,-2.7840906540977644,0.5620312184731816
8.5,42.5139255375544,44.54429890016365,34.53219198631132,,,,,,,,,3,baseline_geometric,42.5,44.53990499739547,34.585548805965146,5.0,-2.7991795506907526,0.5500426800782316
8.533333333333333,42.69633214885529,44.39733728722291,34.41161776583771,,,,,,,,,3,baseline_geometric,42.666666666666664,44.44635179184928,34.603683543097404,5.0,-2.813961485702121,0.5380390619853552
8.566666666666666,42.82534656006885,44.34415777490342,34.67796132196838,,,,,,,,,3,baseline_geometric,42.833333333333336,44.35231099372328,34.621417912868324,5.0,-2.8284348381261193,0.5260206932798055
8.6,43.038120176934775,44.20540739261145,34.56392653623628,,,,,,,,,3,baseline_geometric,43.0,44.257792915650725,34.63875142908121,5.0,-2.8425980207965527,0.5139879034512326
8.633333333333333,43.19683870811722,44.11964914040701,34.556235843292704,,,,,,,,,3,baseline_geometric,43.166666666666664,44.16280792260401,34.655683616528954,5.0,-2.8564494805608387,0.5019410223846468
8.666666666666666,43.290714761387086,44.050019416054944,34.63718042271514,,,,,,,,,3,baseline_geometric,43.33333333333333,44.06736643075801,34.672214011007085,5.0,-2.86998769845032,0.48988038035137915
8.7,43.502177114380736,43.91925308982468,34.66548520904986,,,,,,,,,3,baseline_geometric,43.49999999999999,43.97147890634781,34.68834215932649,5.0,-2.883211189846845,0.47780630800002294
8.733333333333333,43.656008158078706,43.89417841190635,34.7520166724864,,,,,,,,,3,baseline_geometric,43.666666666666664,43.875155864521034,34.704067619325826,5.0,-2.8961185046455666,0.4657191363473702
8.766666666666666,43.86307544858538,43.733525875495836,34.715945640311254,,,,,,,,,3,baseline_geometric,43.83333333333333,43.77840786818467,34.71938995988368,5.0,-2.9087082274139644,0.45361919676933865
8.8,44.00500885456236,43.67181163326476,34.78911091061239,,,,,,,,,3,baseline_geometric,44.00000000000001,43.68124552684678,34.73430876093033,5.0,-2.920978977547065,0.44150682099188254
8.833333333333334,44.14979099276846,43.60444741455995,34.71431807683551,,,,,,,,,3,baseline_geometric,44.16666666666667,43.583679495453005,34.74882361345932,5.0,-2.932929409418835,0.42938234108190443
8.866666666666667,44.3237821318056,43.50444671325949,34.684584488643914,,,,,,,,,3,baseline_geometric,44.333333333333336,43.48572047321815,34.76293411953863,5.0,-2.944558212529752,0.4172460894381445
8.9,44.46852694628426,43.39618593116884,34.88069497145086,,,,,,,,,3,baseline_geometric,44.5,43.38737920245291,34.77663989232161,5.0,-2.95586411165051,0.4050983987820719
8.933333333333334,44.68251269159034,43.32032281870259,34.79445078986329,,,,,,,,,3,baseline_geometric,44.666666666666664,43.28866646738584,34.78994055605757,5.0,-2.9668458669618647,0.39293960214876306
8.966666666666667,44.81737556652961,43.211380770955124,34.843153889371365,,,,,,,,,3,baseline_geometric,44.833333333333336,43.1895930929807,34.802835746102105,5.0,-2.9775022741905937,0.3807700328777687
9.0,44.96597685841169,43.14188909210769,34.866019241350905,,,,,,,,,3,baseline_geometric,45.0,43.09016994374947,34.81532510892707,5.0,-2.9878321647415556,0.3685900246039791
9.033333333333333,45.206930568439915,42.92121162361886,34.85594865628052,,,,,,,,,3,baseline_geometric,45.166666666666664,42.99040792256087,34.82740830213025,5.0,-2.997834405825846,0.356399911248473
9.066666666666666,45.28447263475746,42.916310606707825,34.865124729257715,,,,,,,,,3,baseline_geometric,45.33333333333333,42.890317969444716,34.839084994444825,5.0,-3.0075079005850145,0.34420002700936525
9.1,45.4866061653859,42.74688262898063,34.76793676651919,,,,,,,,,3,baseline_geometric,45.49999999999999,42.7899110603923,34.850354865748365,5.0,-3.01685158821135,0.33199070635264627
9.133333333333333,45.625750929726415,42.73363697728298,35.00413275448314,,,,,,,,,3,baseline_geometric,45.666666666666664,42.68919820615266,34.86121760707165,5.0,-3.025864444064211,0.3197722840030081
9.166666666666666,45.768133530136645,42.727691453124706,34.912019226601394,,,,,,,,,3,baseline_geometric,45.83333333333333,42.58819045102521,34.87167292060715,5.0,-3.034545479782387,0.30754509493467275
9.2,45.98743649692429,42.47636800805237,34.978669429827455,,,,,,,,,3,baseline_geometric,46.0,42.48689887164855,34.88172051971716,5.0,-3.042893743392486,0.2953094743622045
9.233333333333333,46.116632840798765,42.455290997705724,35.01886536907876,,,,,,,,,3,baseline_geometric,46.166666666666664,42.38533457578581,34.891360128941685,5.0,-3.050908319413326,0.2830657577313215
9.266666666666666,46.29682533261061,42.28439796397481,34.990986551861106,,,,,,,,,3,baseline_geometric,46.33333333333333,42.28350870110656,34.90059148400594,5.0,-3.058588328956331,0.2708142807097012
9.3,46.46419640365773,42.24409738687206,35.010776467026304,,,,,,,,,3,baseline_geometric,46.5,42.181432413965425,34.9094143318277,5.0,-3.065932929821908,0.25855537917777327
9.333333333333334,46.65487676148425,42.074853393240346,34.97615268190743,,,,,,,,,3,baseline_geometric,46.666666666666664,42.079116908177596,34.9178284305241,5.0,-3.0729413165918062,0.24628938921951798
9.366666666666667,46.794210363411,41.98826545873665,34.851929683359785,,,,,,,,,3,baseline_geometric,46.833333333333336,41.97657340379126,34.9258335494184,5.0,-3.0796127207174386,0.2340166471132445
9.4,47.01306710306288,41.81405779149427,34.79314602455955,,,,,,,,,3,baseline_geometric,47.0,41.87381314585725,34.9334294690462,5.0,-3.085946410604164,0.22173748932237822
9.433333333333334,47.1669376350111,41.736529748185816,34.97683723184959,,,,,,,,,3,baseline_geometric,47.16666666666667,41.77084740319584,34.94061598116154,5.0,-3.09194169169151,0.2094522524862323
9.466666666666667,47.280388158721344,41.75037407800645,35.108361703972285,,,,,,,,,3,baseline_geometric,47.333333333333336,41.667687467161024,34.94739288874257,5.0,-3.0975979065293475,0.1971612734107804
9.5,47.436516246658954,41.63801516456654,34.99594957272414,,,,,,,,,3,baseline_geometric,47.5,41.56434465040231,34.95376000599692,5.0,-3.102914434849978,0.18486488905942214
9.533333333333333,47.65271922322227,41.441170645623636,34.9345147060253,,,,,,,,,3,baseline_geometric,47.66666666666667,41.46083028562411,34.95971715836687,5.0,-3.10789069363616,0.17256343654374648
9.566666666666666,47.83915905356402,41.33989459702113,34.892039274482066,,,,,,,,,3,baseline_geometric,47.833333333333336,41.357155724343045,34.96526418253408,5.0,-3.1125261371850397,0.16025725311428865
9.6,47.98231604759078,41.301478359696475,34.9847389402027,,,,,,,,,3,baseline_geometric,48.0,41.253332335643044,34.97040092642408,5.0,-3.116820257167995,0.14794667615128335
9.633333333333333,48.15834769932436,41.152309123543226,34.94758525289284,,,,,,,,,3,baseline_geometric,48.166666666666664,41.14937150492867,34.97512724921042,5.0,-3.1207725826863806,0.13563204315541663
9.666666666666666,48.36147322569406,41.005570112789336,34.87211937375594,,,,,,,,,3,baseline_geometric,48.33333333333333,41.045284632676534,34.97944302131861,5.0,-3.1243826803231642,0.12331369173857222
9.7,48.5656939383736,40.82372330701697,34.83243577797304,,,,,,,,,3,baseline_geometric,48.5,40.941083133185145,34.983348124429554,5.0,-3.1276501541904578,0.11099195961457735
9.733333333333333,48.617237955919364,40.867650806603784,35.03872186506788,,,,,,,,,3,baseline_geometric,48.666666666666664,40.836778433323154,34.98684245148287,5.0,-3.1305746459729304,0.09866718458994296
9.766666666666666,48.84556962405978,40.73847764139873,35.116163463474095,,,,,,,,,3,baseline_geometric,48.83333333333333,40.73238197127632,34.989925906679844,5.0,-3.1331558349671025,0.08633970455460167
9.8,48.96939002924653,40.65818322896156,35.030709163583346,,,,,,,,,3,baseline_geometric,49.00000000000001,40.62790519529313,34.99259840548598,5.0,-3.1353934381165134,0.07400985747264478
9.833333333333334,49.18424304133889,40.47280568737107,34.78741937119477,,,,,,,,,3,baseline_geometric,49.16666666666667,40.52335956242944,34.99485987463336,5.0,-3.137287210042762,0.06167798137306051
9.866666666666667,49.36270042847921,40.42844479774181,35.001909306198414,,,,,,,,,3,baseline_geometric,49.333333333333336,40.418756537292,34.99671025212268,5.0,-3.1388369430724166,0.04934441434046049
9.9,49.470790782292674,40.3161027307807,34.95712820371077,,,,,,,,,3,baseline_geometric,49.5,40.31410759078128,34.99814948722491,5.0,-3.1400424672597853,0.037009494505814644
9.933333333333334,49.65352908098146,40.182063102535324,35.0172670373605,,,,,,,,,3,baseline_geometric,49.66666666666667,40.20942419883357,34.999177540482684,5.0,-3.1409036504055567,0.024673560037181706
9.966666666666667,49.8455441894267,40.06290699998081,34.86303351767536,,,,,,,,,3,baseline_geometric,49.833333333333336,40.104717841162454,34.999794383711404,5.0,-3.1414203980712943,0.012336949130437112
10.0,50.01109381875855,40.00867288703395,35.07711961757893,,,,,,,,,3,baseline_geometric,50.0,40.0,35.0,5.0,-3.141592653589793,1.4427530202913423e-16
10.033333333333333,50.17629218326409,39.91149314175917,35.05165748263346,,,,,,,,,3,baseline_geometric,50.16666666666667,39.89528215883754,34.999794383711404,5.0,-3.1414203980712943,-0.012336949130437348
10.066666666666666,50.359919739547955,39.76268088364282,34.90006818187637,,,,,,,,,3,baseline_geometric,50.33333333333333,39.79057580116643,34.999177540482684,5.0,-3.1409036504055567,-0.02467356003718142
10.1,50.51816053934991,39.620231799152705,34.92201476002736,,,,,,,,,3,baseline_geometric,50.5,39.68589240921872,34.99814948722491,5.0,-3.1400424672597853,-0.03700949450581436
10.133333333333333,50.67492613693463,39.53876488500773,34.882174829665836,,,,,,,,,3,baseline_geometric,50.66666666666666,39.58124346270801,34.99671025212268,5.0,-3.1388369430724166,-0.04934441434045968
10.166666666666666,50.825539796241664,39.45791265629176,34.96427149704186,,,,,,,,,3,baseline_geometric,50.83333333333333,39.476640437570566,34.99485987463336,5.0,-3.137287210042762,-0.06167798137306023
10.2,50.99136484448244,39.42678489139296,35.11489333251062,,,,,,,,,3,baseline_geometric,51.0,39.37209480470687,34.99259840548598,5.0,-3.1353934381165134,-0.07400985747264502
10.233333333333333,51.16052589784358,39.24174505431275,34.986959946118986,,,,,,,,,3,baseline_geometric,51.16666666666666,39.26761802872369,34.989925906679844,5.0,-3.133155834967103,-0.08633970455460034
10.266666666666666,51.30656873278846,39.209179586316814,34.95212752246782,,,,,,,,,3,baseline_geometric,51.33333333333333,39.16322156667685,34.98684245148287,5.0,-3.1305746459729304,-0.09866718458994214
10.3,51.48566349611335,39.028482731724914,34.84553566235349,,,,,,,,,3,baseline_geometric,51.5,39.05891686681486,34.983348124429554,5.0,-3.1276501541904578,-0.11099195961457706
10.333333333333334,51.6541902395581,39.00491879134286,34.90599258445715,,,,,,,,,3,baseline_geometric,51.66666666666667,38.954715367323466,34.97944302131861,5.0,-3.1243826803231642,-0.12331369173857193
10.366666666666667,51.84205529044027,38.8235968513613,35.00589059864444,,,,,,,,,3,baseline_geometric,51.83333333333333,38.850628495071334,34.97512724921042,5.0,-3.120772582686381,-0.13563204315541583
10.4,52.02548184208956,38.744562193173024,35.00872097109041,,,,,,,,,3,baseline_geometric,52.0,38.746667664356956,34.97040092642408,5.0,-3.1168202571679955,-0.14794667615128307
10.433333333333334,52.18458085055002,38.62575691825746,34.95897169961154,,,,,,,,,3,baseline_geometric,52.16666666666667,38.642844275656955,34.96526418253408,5.0,-3.1125261371850397,-0.16025725311428887
10.466666666666667,52.34761381835274,38.45776697964569,34.75633371132951,,,,,,,,,3,baseline_geometric,52.33333333333333,38.53916971437589,34.95971715836687,5.0,-3.10789069363616,-0.17256343654374617
10.5,52.489721727147156,38.39814406821716,35.0069903856528,,,,,,,,,3,baseline_geometric,52.5,38.435655349597695,34.95376000599692,5.0,-3.1029144348499784,-0.18486488905942183
10.533333333333333,52.66181428704805,38.27897279989618,34.83343340736382,,,,,,,,,3,baseline_geometric,52.666666666666664,38.33231253283898,34.94739288874257,5.0,-3.097597906529348,-0.19716127341077963
10.566666666666666,52.82594439538087,38.247031146952295,34.930723611670956,,,,,,,,,3,baseline_geometric,52.83333333333333,38.22915259680417,34.94061598116154,5.0,-3.0919416916915106,-0.20945225248623203
10.6,53.020140877243534,38.01345134274863,34.83514876067724,,,,,,,,,3,baseline_geometric,53.0,38.12618685414275,34.9334294690462,5.0,-3.0859464106041634,-0.22173748932237844
10.633333333333333,53.18229778003235,37.94257392027825,34.94728000122982,,,,,,,,,3,baseline_geometric,53.166666666666664,38.02342659620874,34.9258335494184,5.0,-3.079612720717439,-0.2340166471132442
10.666666666666666,53.33395814113656,37.918809660028444,35.138471877617015,,,,,,,,,3,baseline_geometric,53.333333333333336,37.92088309182241,34.917828430524104,5.0,-3.0729413165918062,-0.24628938921951768
10.7,53.46856931583941,37.89729388119281,35.00572840788979,,,,,,,,,3,baseline_geometric,53.49999999999999,37.81856758603458,34.9094143318277,5.0,-3.0659329298219085,-0.258555379177773
10.733333333333333,53.657852908014775,37.65980061443003,34.78537628293123,,,,,,,,,3,baseline_geometric,53.666666666666664,37.716491298893445,34.90059148400594,5.0,-3.058588328956331,-0.2708142807097004
10.766666666666666,53.819712517213546,37.65798356211362,34.94986538682346,,,,,,,,,3,baseline_geometric,53.833333333333336,37.614665424214195,34.891360128941685,5.0,-3.0509083194133266,-0.2830657577313212
10.8,53.99945359750554,37.47652831713813,34.79945034940532,,,,,,,,,3,baseline_geometric,54.0,37.51310112835145,34.88172051971716,5.0,-3.042893743392486,-0.2953094743622042
10.833333333333334,54.16176868136627,37.3287131480126,34.81087376914476,,,,,,,,,3,baseline_geometric,54.16666666666667,37.41180954897479,34.87167292060715,5.0,-3.034545479782387,-0.307545094934673
10.866666666666667,54.33272568220296,37.42760889345923,34.90253820937906,,,,,,,,,3,baseline_geometric,54.333333333333336,37.31080179384735,34.86121760707165,5.0,-3.0258644440642115,-0.31977228400300783
10.9,54.493614538462005,37.21420323942692,34.80762011263966,,,,,,,,,3,baseline_geometric,54.50000000000001,37.21008893960771,34.850354865748365,5.0,-3.0168515882113502,-0.331990706352646
10.933333333333334,54.64980879977824,37.072057222465034,34.85368083112534,,,,,,,,,3,baseline_geometric,54.666666666666664,37.109682030555284,34.839084994444825,5.0,-3.007507900585015,-0.34420002700936503
10.966666666666667,54.83361898440049,37.061616981089024,34.92620609046115,,,,,,,,,3,baseline_geometric,54.833333333333336,37.00959207743913,34.82740830213025,5.0,-2.997834405825846,-0.35639991124847265
11.0,55.00696142753374,36.89185226842978,34.738102894407355,,,,,,,,,3,baseline_geometric,55.00000000000001,36.90983005625052,34.81532510892706,5.0,-2.9878321647415556,-0.3685900246039794
11.033333333333333,55.18885620746859,36.86394956058739,34.91552420688138,,,,,,,,,3,baseline_geometric,55.166666666666664,36.810406907019306,34.80283574610211,5.0,-2.9775022741905937,-0.3807700328777685
11.066666666666666,55.323199127523495,36.63382261081937,34.66685975392298,,,,,,,,,3,baseline_geometric,55.333333333333336,36.71133353261417,34.78994055605757,5.0,-2.966845866961865,-0.3929396021487628
11.1,55.50190367854416,36.6305422059799,34.95671192981461,,,,,,,,,3,baseline_geometric,55.49999999999999,36.61262079754709,34.77663989232161,5.0,-2.9558641116505107,-0.40509839878207154
11.133333333333333,55.64871093682491,36.436964636072084,34.6835643855813,,,,,,,,,3,baseline_geometric,55.666666666666664,36.51427952678185,34.76293411953863,5.0,-2.9445582125297523,-0.4172460894381443
11.166666666666666,55.826716819232296,36.44109995860682,34.759221928359274,,,,,,,,,3,baseline_geometric,55.833333333333336,36.416320504546995,34.74882361345932,5.0,-2.932929409418835,-0.4293823410819046
11.2,55.96870745430089,36.27033206034096,34.62095353786953,,,,,,,,,3,baseline_geometric,55.99999999999999,36.31875447315323,34.73430876093033,5.0,-2.920978977547065,-0.44150682099188227
11.233333333333333,56.17054011413403,36.25623737422398,34.6713870989508,,,,,,,,,3,baseline_geometric,56.166666666666664,36.22159213181533,34.71938995988368,5.0,-2.9087082274139653,-0.4536191967693378
11.266666666666666,56.34202796437217,36.15606899739553,34.764571809081,,,,,,,,,3,baseline_geometric,56.33333333333332,36.12484413547898,34.704067619325826,5.0,-2.896118504645568,-0.4657191363473689
11.3,56.50069517417063,36.09855556094812,34.772451770897305,,,,,,,,,3,baseline_geometric,56.50000000000001,36.028521093652195,34.68834215932649,5.0,-2.883211189846845,-0.4778063080000226
11.333333333333334,56.69716332731824,36.00823391815508,34.75734596782884,,,,,,,,,3,baseline_geometric,56.666666666666664,35.932633569242,34.672214011007085,5.0,-2.869987698450321,-0.4898803803513784
11.366666666666667,56.86851126023531,35.8690350606484,34.72039934445754,,,,,,,,,3,baseline_geometric,56.833333333333336,35.83719207739599,34.655683616528954,5.0,-2.8564494805608387,-0.5019410223846464
11.4,56.98567134709804,35.755846920546226,34.61309355121455,,,,,,,,,3,baseline_geometric,57.00000000000001,35.742207084349275,34.63875142908121,5.0,-2.842598020796553,-0.5139879034512322
11.433333333333334,57.151649660252204,35.607713897537494,34.63529140527518,,,,,,,,,3,baseline_geometric,57.166666666666664,35.64768900627673,34.621417912868324,5.0,-2.8284348381261197,-0.5260206932798053
11.466666666666667,57.33296001038572,35.56788907310905,34.6660821530228,,,,,,,,,3,baseline_geometric,57.333333333333336,35.553648208150726,34.603683543097404,5.0,-2.8139614857021216,-0.5380390619853549
11.5,57.492796413299075,35.44513271332724,34.5830990565074,,,,,,,,,3,baseline_geometric,57.49999999999999,35.46009500260454,34.585548805965146,5.0,-2.7991795506907535,-0.5500426800782308
11.533333333333333,57.65076979800975,35.34263241796055,34.52273773029103,,,,,,,,,3,baseline_geometric,57.666666666666664,35.36703964880139,34.56701419864454,5.0,-2.784090654097765,-0.5620312184731813
11.566666666666666,57.868049682564624,35.30669377782593,34.473151826276705,,,,,,,,,3,baseline_geometric,57.833333333333336,35.27449235130946,34.5480802292712,5.0,-2.768696450590704,-0.5740043484983692
11.6,57.99998207643385,35.17744249501111,34.60268955715235,,,,,,,,,3,baseline_geometric,57.99999999999999,35.18246325898285,34.52874741692947,5.0,-2.7529986283174637,-0.5859617419043864
11.633333333333333,58.1465066448701,35.05232868244327,34.49604146373341,,,,,,,,,3,baseline_geometric,58.166666666666664,35.09096246384859,34.509016291638154,5.0,-2.736998908721153,-0.5979030708732533
11.666666666666666,58.31383508523008,34.94902711213974,34.33807592548481,,,,,,,,,3,baseline_geometric,58.33333333333333,35.00000000000001,34.488887394336025,5.0,-2.720699046351328,-0.6098280080274026
11.7,58.49318571582835,34.899639421788606,34.34663024726936,,,,,,,,,3,baseline_geometric,58.5,34.90958584249629,34.46836127686697,5.0,-2.7041008286715775,-0.6217362264386603
11.733333333333333,58.6876864170727,34.82433336776676,34.4992453573182,,,,,,,,,3,baseline_geometric,58.666666666666664,34.8197299062687,34.447438501964875,5.0,-2.6872060758635166,-0.6336273996372025
11.766666666666666,58.850364531053955,34.763587738697204,34.455143733319346,,,,,,,,,3,baseline_geometric,58.83333333333333,34.73044204503323,34.426119643238174,5.0,-2.670016640627178,-0.6455012016205085
11.8,59.004174091805886,34.658155819391204,34.39497935310412,,,,,,,,,3,baseline_geometric,59.00000000000001,34.64173205021003,34.40440528515415,5.0,-2.65253440797784,-0.6573573068623003
11.833333333333334,59.214853577225725,34.60302811638618,34.359688018927564,,,,,,,,,3,baseline_geometric,59.166666666666664,34.55360964984973,34.382296023022896,5.0,-2.6347612950393238,-0.6691953903214621
11.866666666666667,59.36512696154292,34.49858948459032,34.32915158031503,,,,,,,,,3,baseline_geometric,59.333333333333336,34.466084507566556,34.359792462981005,5.0,-2.6166992508337437,-0.6810151274509569
11.9,59.48469598323641,34.36634997175395,34.20891335696727,,,,,,,,,3,baseline_geometric,59.5,34.3791662214787,34.336895221974956,5.0,-2.5983502560677914,-0.6928161942067192
11.933333333333334,59.64831527745796,34.281501595650084,34.175464673752614,,,,,,,,,3,baseline_geometric,59.66666666666667,34.29286432315568,34.31360492774415,5.0,-2.579716322915514,-0.7045982670565448
11.966666666666667,59.85975021855861,34.25576708900041,34.35271050918621,,,,,,,,,3,baseline_geometric,59.833333333333336,34.20718827657321,34.289922218803795,5.0,-2.5607994947976676,-0.7163610229889538
12.0,59.97609782864802,34.094162862789204,34.11555641971428,,,,,,,,,3,baseline_geometric,60.0,34.12214747707527,34.265847744427305,5.0,-2.5416018461576297,-0.7281041395220498
12.033333333333333,60.15127908095012,34.031531547192486,34.22281575140057,,,,,,,,,3,baseline_geometric,60.16666666666667,34.037751250343845,34.24138216462856,5.0,-2.522125482233911,-0.7398272947123621
12.066666666666666,60.34514244724324,33.96125024656594,34.280379190655914,,,,,,,,,3,baseline_geometric,60.33333333333333,33.95400885137626,34.216526150143785,5.0,-2.502372538829296,-0.7515301671636678
12.1,60.47359729561857,33.85851845560785,34.25823879369081,,,,,,,,,3,baseline_geometric,60.5,33.87092946347024,34.19128038241318,5.0,-2.4823451820766214,-0.7632124360358089
12.133333333333333,60.67559641859657,33.79193760774338,34.120498998615304,,,,,,,,,3,baseline_geometric,60.66666666666667,33.7885221972169,34.165645553562214,5.0,-2.4620456082012443,-0.7748737810534819
12.166666666666666,60.7716218662438,33.687964407255166,34.037957127979865,,,,,,,,,3,baseline_geometric,60.83333333333333,33.70679608950163,34.139622366382675,5.0,-2.441476043280197,-0.7865138825150224
12.2,60.9850667739066,33.62529334623536,34.06181479177043,,,,,,,,,3,baseline_geometric,61.0,33.625760102513105,34.11321153431338,5.0,-2.4206387429980682,-0.7981324213011695
12.233333333333333,61.13359023536301,33.53300360358095,34.07631212817834,,,,,,,,,3,baseline_geometric,61.16666666666666,33.545423122760496,34.08641378142064,5.0,-2.399535992399653,-0.8097290788838118
12.266666666666666,61.2991881419459,33.44874080730007,34.07888880816233,,,,,,,,,3,baseline_geometric,61.33333333333333,33.46579396009895,34.05922984237837,5.0,-2.3781701056393554,-0.8213035373347258
12.3,61.51356588684878,33.383343555813596,34.043000960850534,,,,,,,,,3,baseline_geometric,61.5,33.38688134676348,34.03166046244801,5.0,-2.356543425727434,-0.8328554793342853
12.333333333333334,61.64791364419663,33.29347404682149,34.000612557902876,,,,,,,,,3,baseline_geometric,61.66666666666667,33.308693936411416,34.003706397458025,5.0,-2.3346583242730508,-0.8443845881801647
12.366666666666667,61.77074237338518,33.18353150701355,33.761635098085435,,,,,,,,,3,baseline_geometric,61.83333333333334,33.231240303173394,33.97536841378323,5.0,-2.312517201224203,-0.8558905477960215
12.4,61.964874258051395,33.119788269164644,34.027736159307764,,,,,,,,,3,baseline_geometric,62.0,33.154528940713114,33.946647288323774,5.0,-2.2901224846045416,-0.8673730427401598
12.433333333333334,62.21700971298271,33.1011580879698,33.98820048602408,,,,,,,,,3,baseline_geometric,62.16666666666667,33.07856826129593,33.9175438084838,5.0,-2.2674766302471077,-0.8788317582141816
12.466666666666667,62.35703321954447,33.00031276363918,33.83488383907284,,,,,,,,,3,baseline_geometric,62.33333333333333,33.00336659486635,33.88805877214992,5.0,-2.24458212152503,-0.8902663800716122
12.5,62.50554737657027,32.92728868544773,33.8783433511404,,,,,,,,,3,baseline_geometric,62.5,32.928932188134524,33.8581929876693,5.0,-2.2214414690791835,-0.9016765948265193
12.533333333333333,62.74679789444278,32.90860503640184,33.83371354161269,,,,,,,,,3,baseline_geometric,62.66666666666667,32.85527320367196,33.827947273827505,5.0,-2.198057210542882,-0.9130620896621003
12.566666666666666,62.80993700769026,32.774963889677316,33.80379885312888,,,,,,,,,3,baseline_geometric,62.83333333333333,32.78239771901638,33.79732245982606,5.0,-2.174431910263594,-0.9244225524392625
12.6,62.97339110509557,32.68341438235781,33.57425872299138,,,,,,,,,3,baseline_geometric,63.0,32.71031372578589,33.76631938525972,5.0,-2.150568159021723,-0.9357576717051816
12.633333333333333,63.14130898651411,32.612551175911136,33.74082430987114,,,,,,,,,3,baseline_geometric,63.16666666666666,32.63902912880266,33.73493890009342,5.0,-2.1264685737465157,-0.947067136701836
12.666666666666666,63.34184461055823,32.57184576629898,33.71674886744188,,,,,,,,,3,baseline_geometric,63.33333333333333,32.56855174522606,33.703181864639014,5.0,-2.1021357972290735,-0.9583506373745305
12.7,63.49616832370737,32.50573305589441,33.72574176342863,,,,,,,,,3,baseline_geometric,63.5,32.49888930369541,33.67104914953168,5.0,-2.0775724978325476,-0.969607864380394
12.733333333333333,63.665787826372245,32.4266511030249,33.5890704163904,,,,,,,,,3,baseline_geometric,63.66666666666666,32.43004944348244,33.638541635706034,5.0,-2.052781369199521,-0.9808385090968611
12.766666666666666,63.83733242098113,32.366333477208634,33.49700455099096,,,,,,,,,3,baseline_geometric,63.83333333333333,32.36203971365358,33.60566021437197,5.0,-2.027765129956618,-0.9920422636301347
12.8,64.01142818804529,32.30433314175972,33.619870181058914,,,,,,,,,3,baseline_geometric,64.0,32.294867572242104,33.57240578699029,5.0,-2.0025265234163787,-1.0032188208236243
12.833333333333334,64.14450896837143,32.22228656297006,33.61611147711547,,,,,,,,,3,baseline_geometric,64.16666666666667,32.22854038543029,33.53877926524791,5.0,-1.9770683172764238,-1.0143678742663687
12.866666666666667,64.3575333684628,32.19192916742373,33.57677081346314,,,,,,,,,3,baseline_geometric,64.33333333333333,32.1630654267416,33.5047815710329,5.0,-1.9513933033159474,-1.0254891183014347
12.9,64.57114835666087,32.106620433241716,33.58166861282803,,,,,,,,,3,baseline_geometric,64.5,32.098449876243095,33.47041363640923,5.0,-1.9255042970895562,-1.0365822480343014
12.933333333333334,64.6525369794425,32.020152735483336,33.43388578896923,,,,,,,,,3,baseline_geometric,64.66666666666667,32.03470081975804,33.43567640359119,5.0,-1.8994041376185276,-1.0476469593412123
12.966666666666667,64.86374055359107,31.9764688241071,33.48725704026537,,,,,,,,,3,baseline_geometric,64.83333333333333,31.971825248088855,33.400570824917565,5.0,-1.8730956870794726,-1.058682948877517
13.0,64.97515913966008,31.917284992934057,33.43606814063003,,,,,,,,,3,baseline_geometric,65.0,31.909830056250527,33.36509786282552,5.0,-1.846581830490457,-1.0696899140859892
13.033333333333333,65.15157347831294,31.83976195967945,33.32175619160704,,,,,,,,,3,baseline_geometric,65.16666666666666,31.848722042714463,33.329258489824234,5.0,-1.8198654753946448,-1.0806675532051158
13.066666666666666,65.33525798879145,31.78470886841619,33.2526719832543,,,,,,,,,3,baseline_geometric,65.33333333333333,31.788507908662964,33.29305368846822,5.0,-1.7929495515414333,-1.0916155652773767
13.1,65.50014597357361,31.737420025889303,33.162428715752995,,,,,,,,,3,baseline_geometric,65.5,31.729194257254385,33.2564844513304,5.0,-1.7658370105651904,-1.10253365015749
13.133333333333333,65.6127745283507,31.66264662746889,33.19612946436954,,,,,,,,,3,baseline_geometric,65.66666666666666,31.670787592899003,33.21955178097488,5.0,-1.7385308256615641,-1.1134215085206431
13.166666666666666,65.7752673738611,31.626253222662623,33.182018613066106,,,,,,,,,3,baseline_geometric,65.83333333333333,31.61329432054576,33.18225668992948,5.0,-1.7110339912614427,-1.1242788418706995
13.2,66.04406395095802,31.597518667661685,33.16074360191144,,,,,,,,,3,baseline_geometric,65.99999999999999,31.556720744979852,33.144600200657955,5.0,-1.6833495227025816,-1.1351053525483796
13.233333333333333,66.16667823374385,31.492102355379057,33.21561521428138,,,,,,,,,3,baseline_geometric,66.16666666666666,31.501073070131362,33.10658334553198,5.0,-1.6554804558989284,-1.145900743739426
13.266666666666666,66.2757641591232,31.448841669848466,33.04131557393208,,,,,,,,,3,baseline_geometric,66.33333333333333,31.446357398394934,33.06820716680284,5.0,-1.627429847007717,-1.1566647194827353
13.299999999999999,66.54185812392822,31.39551747998357,33.06136980138028,,,,,,,,,3,baseline_geometric,66.49999999999999,31.392579729960566,33.02947271657287,5.0,-1.5992007720943158,-1.1673969846784737
13.333333333333334,66.67016733980692,31.37864809863873,33.04550531160499,,,,,,,,,3,baseline_geometric,66.66666666666667,31.33974596215561,32.99038105676658,5.0,-1.5707963267948954,-1.1780972450961729
13.366666666666667,66.83841257614158,31.296555300490898,32.90927301454903,,,,,,,,,3,baseline_geometric,66.83333333333333,31.287861888798105,32.950933259101575,5.0,-1.542219625976981,-1.1887652073827841
13.4,67.04089795409067,31.238533310108547,33.010090065245194,,,,,,,,,3,baseline_geometric,67.0,31.236933199561363,32.911130405059154,5.0,-1.51347380339784,-1.1994005790707356
13.433333333333334,67.18601799299384,31.213760867458095,33.011917529600524,,,,,,,,,3,baseline_geometric,67.16666666666666,31.18696547935008,32.87097358585467,5.0,-1.4845620113608595,-1.2100030685859378
13.466666666666667,67.33230351343447,31.14570293350519,32.79433120962433,,,,,,,,,3,baseline_geometric,67.33333333333333,31.137964207687855,32.8304639024076,5.0,-1.4554874203698374,-1.2205723852557873
13.5,67.46013394571955,31.109406394609906,32.70571728551557,,,,,,,,,3,baseline_geometric,67.5,31.08993475811632,32.78960246531138,5.0,-1.4262532187813195,-1.2311082393171269
13.533333333333333,67.71717518219711,31.03772988416852,32.685368944307385,,,,,,,,,3,baseline_geometric,67.66666666666666,31.042882397605872,32.74839039480296,5.0,-1.3968626124549492,-1.2416103419241957
13.566666666666666,67.84956785137402,30.993580574889386,32.59490542213938,,,,,,,,,3,baseline_geometric,67.83333333333333,30.996812285978063,32.706828820732056,5.0,-1.3673188244019125,-1.252078405156546
13.6,68.08535847630915,30.942234680005555,32.684768993258984,,,,,,,,,3,baseline_geometric,68.0,30.951729475339807,32.66491888253023,5.0,-1.3376250944314998,-1.2625121420269345
13.633333333333333,68.14216483864692,30.93813609165048,32.65704677030332,,,,,,,,,3,baseline_geometric,68.16666666666666,30.907638909529314,32.62266172917959,5.0,-1.3077846787958154,-1.2729112664891973
13.666666666666666,68.22923478612229,30.866593642824473,32.58761746809755,,,,,,,,,3,baseline_geometric,68.33333333333333,30.86454542357399,32.580058519181364,5.0,-1.2778008498327074,-1.2832754934460824
13.7,68.45595292090644,30.83633462999024,32.512853503869756,,,,,,,,,3,baseline_geometric,68.5,30.82245374316019,32.53711042052406,5.0,-1.2476768956069109,-1.293604538757072
13.733333333333333,68.61344408997307,30.753080099715135,32.3582981359038,,,,,,,,,3,baseline_geometric,68.66666666666667,30.781368484114996,32.493818610651495,5.0,-1.2174161195494677,-1.3038981192461727
13.766666666666666,68.80509739377854,30.733475611277132,32.48500865522288,,,,,,,,,3,baseline_geometric,68.83333333333333,30.741294151900057,32.45018427643052,5.0,-1.1870218400954862,-1.314155952709674
13.799999999999999,69.01314005638086,30.70779615827911,32.31948635526485,,,,,,,,,3,baseline_geometric,69.0,30.70223514111749,32.40620861411843,5.0,-1.156497390320215,-1.3243777579238913
13.833333333333334,69.17777552344849,30.675687925898693,32.36757083675013,,,,,,,,,3,baseline_geometric,69.16666666666667,30.664195735027985,32.36189282933024,5.0,-1.1258461175735544,-1.3345632546528705
13.866666666666667,69.34991005479733,30.637950533156726,32.28668972517359,,,,,,,,,3,baseline_geometric,69.33333333333334,30.627180105081088,32.31723813700556,5.0,-1.0950713831129693,-1.3447121636560737
13.9,69.49942704196387,30.617663116993494,32.27648753507568,,,,,,,,,3,baseline_geometric,69.5,30.591192310457746,32.27224576137535,5.0,-1.0641765617348926,-1.3548242066960334
13.933333333333334,69.69054150789265,30.56391083397558,32.19054708374582,,,,,,,,,3,baseline_geometric,69.66666666666667,30.55623629762519,32.226916935928315,5.0,-1.0331650414046447,-1.3648991065459815
13.966666666666667,69.8442192634347,30.519535703688476,32.158041266017406,,,,,,,,,3,baseline_geometric,69.83333333333334,30.522315899904143,32.18125290337709,5.0,-1.0020402228848924,-1.3749365869974504
14.0,69.99215105448454,30.51470437470589,32.18902995560778,,,,,,,,,3,baseline_geometric,70.0,30.489434837048464,32.135254915624216,5.0,-0.9708055193627337,-1.3849363728678423
14.033333333333333,70.17473434675807,30.43641373182435,32.04014294292457,,,,,,,,,3,baseline_geometric,70.16666666666667,30.45759671483723,32.08892423372774,5.0,-0.9394643560753931,-1.3948981900079767
14.066666666666666,70.3248137939331,30.420955872101327,32.05664732936078,,,,,,,,,3,baseline_geometric,70.33333333333334,30.426805024679325,32.04226212786672,5.0,-0.9080201699346078,-1.404821765309604
14.1,70.506798682121,30.396204109919648,32.02145002451807,,,,,,,,,3,baseline_geometric,70.5,30.397063143230568,31.99526987730636,5.0,-0.8764764091497347,-1.414706826712894
14.133333333333333,70.6648369946174,30.358297470719464,31.89272252418908,,,,,,,,,3,baseline_geometric,70.66666666666667,30.36837433202342,31.947948770362945,5.0,-0.844836532849604,-1.4245531032138963
14.166666666666666,70.8288548474631,30.339454830145794,31.890891676008714,,,,,,,,,3,baseline_geometric,70.83333333333333,30.34074173710932,31.900300104368533,5.0,-0.8131040107032069,-1.4343603248719652
14.2,70.95738743487863,30.34158557256181,31.731750617257525,,,,,,,,,3,baseline_geometric,71.0,30.31416838871369,31.852325185635358,5.0,-0.781282322539184,-1.4441282228171666
14.233333333333333,71.22556992861074,30.2424917392622,31.81015094659432,,,,,,,,,3,baseline_geometric,71.16666666666667,30.288657200903643,31.80402532942006,5.0,-0.7493749579642431,-1.4538565292576433
14.266666666666666,71.37817166570115,30.32534888757527,31.825882069853,,,,,,,,,3,baseline_geometric,71.33333333333333,30.264210971268398,31.7554018598876,5.0,-0.717385415980476,-1.463544977486959
14.299999999999999,71.56288384701999,30.240980904654855,31.663759983624818,,,,,,,,,3,baseline_geometric,71.5,30.240832380612527,31.70645611007495,5.0,-0.685317204601645,-1.4731933018914136
14.333333333333334,71.61059032579426,30.208171737930048,31.63110938861128,,,,,,,,,3,baseline_geometric,71.66666666666667,30.218523992661943,31.657189421854564,5.0,-0.6531738404685066,-1.4828012379573186
14.366666666666667,71.86173672252421,30.20320894903181,31.606826794680014,,,,,,,,,3,baseline_geometric,71.83333333333334,30.19728825378278,31.607603145897592,5.0,-0.6209588484631606,-1.4923685222782528
14.4,72.04484905669305,30.194672516689977,31.613957314751737,,,,,,,,,3,baseline_geometric,72.0,30.17712749271311,31.55769864163684,5.0,-0.5886757613225104,-1.5018948925622844
14.433333333333334,72.18425942674,30.173376428660454,31.489449207475545,,,,,,,,,3,baseline_geometric,72.16666666666667,30.15804392030758,31.50747727722949,5.0,-0.5563281192508585,-1.5113800876391594
14.466666666666667,72.35753807353342,30.138317271788413,31.497578614250212,,,,,,,,,3,baseline_geometric,72.33333333333334,30.14003962929495,31.45694042951963,5.0,-0.5239194695316823,-1.5208238474674638
14.5,72.4732117752985,30.188738373901362,31.525498719596406,,,,,,,,,3,baseline_geometric,72.5,30.123116594048625,31.406089484000464,5.0,-0.49145336613863916,-1.5302259131417502
14.533333333333333,72.79835347122474,29.993737001595992,31.383853709055366,,,,,,,,,3,baseline_geometric,72.66666666666667,30.10727667037012,31.354925834776346,5.0,-0.4589333693458201,-1.5395860268996406
14.566666666666666,72.8026344548414,30.051361859521542,31.39696125488355,,,,,,,,,3,baseline_geometric,72.83333333333333,30.092521595285564,31.303450884524572,5.0,-0.426363045337346,-1.5489039321288864
14.6,73.08027568463899,29.972274151303214,31.2091742338092,,,,,,,,,3,baseline_geometric,73.0,30.078852986855225,31.251666044456893,5.0,-0.39374596581627297,-1.5581793733744103
14.633333333333333,73.10934518106347,30.09614468939955,31.219364880519105,,,,,,,,,3,baseline_geometric,73.16666666666667,30.066272343996033,31.19957273428087,5.0,-0.3610857076129346,-1.5674120963453042
14.666666666666666,73.30789873426346,30.033576050077016,31.19363509943293,,,,,,,,,3,baseline_geometric,73.33333333333333,30.054781046317267,31.147172382160917,5.0,-0.32838585229269307,-1.5766018479218038
14.7,73.54381235851267,29.895119165454005,31.076140740070038,,,,,,,,,3,baseline_geometric,73.5,30.0443803539692,31.094466424679148,5.0,-0.29564998576317275,-1.5857483761622284
14.733333333333333,73.7255764349252,29.93158298513859,31.034850999669626,,,,,,,,,3,baseline_geometric,73.66666666666666,30.035071407504958,31.041456306796015,5.0,-0.26288169788104093,-1.5948514303098855
14.766666666666666,73.85541862700157,30.111529191533222,31.10742982335065,,,,,,,,,3,baseline_geometric,73.83333333333333,30.02685522775542,30.98814348181068,5.0,-0.23008458205832902,-1.6039107607999474
14.799999999999999,74.01781924773924,29.974546723193324,30.87517375146842,,,,,,,,,3,baseline_geometric,74.0,30.019732715717282,30.934529411321172,5.0,-0.1972622348683768,-1.6129261192662918
14.833333333333334,74.16440563138507,30.01353155729725,30.88085920153952,,,,,,,,,3,baseline_geometric,74.16666666666667,30.01370465245426,30.880615565184314,5.0,-0.16441825565142792,-1.621897258548313
14.866666666666667,74.42404611413308,30.06934687440156,30.817069048810275,,,,,,,,,3,baseline_geometric,74.33333333333334,30.008771699011415,30.82640342147543,5.0,-0.13155624611992156,-1.6308239326976952
14.9,74.51888078847466,29.786125631550004,30.60412027301852,,,,,,,,,3,baseline_geometric,74.5,30.004934396342684,30.771894466447833,5.0,-0.09867980996352677,-1.639705896985157
14.933333333333334,74.59120495278498,30.186054801148074,30.747798288276837,,,,,,,,,3,baseline_geometric,74.66666666666667,30.002193165251544,30.717090194492048,5.0,-0.06579255245394632,-1.648542907907162
14.966666666666667,74.8859604297023,29.911118152913385,30.577180349169836,,,,,,,,,3,baseline_geometric,74.83333333333333,30.00054830634488,30.66199210809489,5.0,-0.03289808004957739,-1.6573347231925908
15.0,74.96197866010687,30.102828521775823,30.676034949548193,,,,,,,,,3,baseline_geometric,75.0,30.0,30.606601717798213,5.0,-5.771012081165369e-16,-1.666081101809387
15.033333333333333,75.23105976023128,29.897096934736613,30.42074337894242,,,,,,,,,3,baseline_geometric,75.16666666666667,30.00054830634488,30.550920542157556,5.0,0.032898080049576235,-1.6747818039711624
15.066666666666666,75.24664285682543,30.03881058535444,30.45578650196462,,,,,,,,,3,baseline_geometric,75.33333333333333,30.002193165251544,30.494950107700483,5.0,0.06579255245394515,-1.6834365911437712
15.1,75.44969150526774,30.188123640653444,30.510630180180424,,,,,,,,,3,baseline_geometric,75.5,30.004934396342684,30.438691948884717,5.0,0.09867980996352561,-1.6920452260518524
15.133333333333333,75.63213191112268,29.98846770148637,30.40109590706454,,,,,,,,,3,baseline_geometric,75.66666666666666,30.008771699011415,30.38214760805611,5.0,0.1315562461199204,-1.7006074726853302
15.166666666666666,75.85986156886344,30.000409665678923,30.26305553374592,,,,,,,,,3,baseline_geometric,75.83333333333333,30.01370465245426,30.325318635406312,5.0,0.1644182556514268,-1.7091230963058894
15.2,75.96843221902347,30.05227218672007,30.377784917089,,,,,,,,,3,baseline_geometric,76.0,30.019732715717282,30.268206588930333,5.0,0.19726223486837563,-1.7175918634534055
15.233333333333333,76.23214599256792,30.01620657123909,30.220963706751824,,,,,,,,,3,baseline_geometric,76.16666666666666,30.02685522775542,30.21081303438377,5.0,0.23008458205832785,-1.7260135419523501
15.266666666666666,76.3058874212295,30.161155936232177,30.292794818582504,,,,,,,,,3,baseline_geometric,76.33333333333333,30.035071407504958,30.15313954523991,5.0,0.2628816978810398,-1.7343879009181524
15.299999999999999,76.55525178656924,30.01281271924557,30.116734215999404,,,,,,,,,3,baseline_geometric,76.49999999999999,30.0443803539692,30.095187702646605,5.0,0.2956499857631688,-1.7427147107635306
15.333333333333334,76.71158579789513,29.94688600026778,29.95451624790825,,,,,,,,,3,baseline_geometric,76.66666666666667,30.054781046317267,30.03695909538287,5.0,0.32838585229269196,-1.7509937432047882
15.366666666666667,76.94541253505268,29.96419121888915,29.87424165121043,,,,,,,,,3,baseline_geometric,76.83333333333333,30.066272343996033,29.978455319815417,5.0,0.3610857076129334,-1.7592247712680666
15.4,76.96207756946202,30.11000366469821,30.040891110082658,,,,,,,,,3,baseline_geometric,77.0,30.07885298685522,29.919677979854775,5.0,0.39374596581627186,-1.7674075692955749
15.433333333333334,77.13244292158589,30.015762424248077,29.81580544026546,,,,,,,,,3,baseline_geometric,77.16666666666667,30.092521595285564,29.860628686911433,5.0,0.42636304533734476,-1.7755419129517718
15.466666666666667,77.32824365566938,30.214430022270776,29.89760637674733,,,,,,,,,3,baseline_geometric,77.33333333333333,30.10727667037012,29.801309059851583,5.0,0.45893336934581896,-1.7836275792295155
15.5,77.44517350733128,29.999239173615152,29.707825906067264,,,,,,,,,3,baseline_geometric,77.5,30.12311659404862,29.741720724952756,5.0,0.491453366138638,-1.7916643464561826
15.533333333333333,77.63704980606344,30.13102355471835,29.756716676091532,,,,,,,,,3,baseline_geometric,77.66666666666666,30.140039629294947,29.681865315859262,5.0,0.5239194695316812,-1.7996519942997378
15.566666666666666,77.81629266983892,30.033203190304445,29.430855772401664,,,,,,,,,3,baseline_geometric,77.83333333333333,30.15804392030758,29.621744473537372,5.0,0.5563281192508572,-1.8075903037747822
15.6,77.96569580793543,30.275003085554278,29.52248444131551,,,,,,,,,3,baseline_geometric,78.0,30.17712749271311,29.561359846230346,5.0,0.5886757613225093,-1.8154790572485509
15.633333333333333,78.1578414465133,30.10309135328357,29.567474302779047,,,,,,,,,3,baseline_geometric,78.16666666666666,30.19728825378278,29.500713089413253,5.0,0.6209588484631595,-1.8233180384468823
15.666666666666666,78.26745114482577,30.11058820943685,29.329206496696692,,,,,,,,,3,baseline_geometric,78.33333333333333,30.218523992661943,29.43980586574756,5.0,0.6531738404685055,-1.8311070324601473
15.7,78.47053293691059,30.038201389837422,29.12857428023584,,,,,,,,,3,baseline_geometric,78.49999999999999,30.240832380612524,29.37863984503558,5.0,0.6853172046016412,-1.8388458257491396
15.733333333333333,78.68188792429345,30.321176664453006,29.403838941451365,,,,,,,,,3,baseline_geometric,78.66666666666666,30.264210971268398,29.31721670417466,5.0,0.7173854159804722,-1.846534206150933
15.766666666666666,78.86294981983657,30.371037257393166,29.377536567354937,,,,,,,,,3,baseline_geometric,78.83333333333333,30.28865720090364,29.25553812711123,5.0,0.749374957964242,-1.8541719628846947
15.799999999999999,78.9548744746129,30.228304073733458,29.202316343885094,,,,,,,,,3,baseline_geometric,78.99999999999999,30.31416838871369,29.19360580479465,5.0,0.7812823225391802,-1.8617588865574652
15.833333333333334,79.17268264045981,30.24413270308561,29.031557550096107,,,,,,,,,3,baseline_geometric,79.16666666666667,30.34074173710932,29.131421435130807,5.0,0.8131040107032057,-1.869294769169901
15.866666666666667,79.33574533276848,30.60537456790028,29.179652672610242,,,,,,,,,3,baseline_geometric,79.33333333333333,30.368374332023418,29.068986722935627,5.0,0.844836532849603,-1.876779404121971
15.9,79.51968969398503,30.372657486783456,28.956253900956632,,,,,,,,,3,baseline_geometric,79.5,30.397063143230568,29.00630337988826,5.0,0.8764764091497335,-1.8842125862186294
15.933333333333334,79.77506333854586,30.27771855662392,28.86463011386208,,,,,,,,,3,baseline_geometric,79.66666666666666,30.426805024679325,28.94337312448424,5.0,0.9080201699346068,-1.8915941116754331
15.966666666666667,79.8781888263876,30.528287593225606,28.935917570135683,,,,,,,,,3,baseline_geometric,79.83333333333333,30.45759671483723,28.880197681988292,5.0,0.9394643560753921,-1.8989237781241335
16.0,79.90803184701453,30.64544026461999,28.903725432770802,,,,,,,,,3,baseline_geometric,80.0,30.489434837048464,28.816778784387097,5.0,0.9708055193627326,-1.9062013846182222
16.03333333333333,80.2022313427773,30.567493607780865,28.782708480244327,,,,,,,,,3,baseline_geometric,80.16666666666666,30.52231589990414,28.753118170341768,5.0,1.0020402228848886,-1.9134267316384401
16.066666666666666,80.36511261129608,30.518892229159672,28.634485947855314,,,,,,,,,3,baseline_geometric,80.33333333333333,30.55623629762519,28.68921758514018,5.0,1.0331650414046436,-1.9205996210982508
16.1,80.53239224389428,30.600613044503383,28.514223779361885,,,,,,,,,3,baseline_geometric,80.5,30.591192310457746,28.625078780649176,5.0,1.0641765617348942,-1.9277198563492646
16.133333333333333,80.72343883516477,30.663227458360556,28.60432635677493,,,,,,,,,3,baseline_geometric,80.66666666666666,30.627180105081084,28.560703515266475,5.0,1.095071383112968,-1.934787242186635
16.166666666666668,80.87968562960243,30.807056670426608,28.528764730973492,,,,,,,,,3,baseline_geometric,80.83333333333333,30.66419573502798,28.49609355387249,5.0,1.1258461175735532,-1.9418015848544106
16.2,81.00575655275911,30.786412197579928,28.46594465897033,,,,,,,,,3,baseline_geometric,81.0,30.702235141117484,28.43125066778196,5.0,1.1564973903202114,-1.9487626920508425
16.233333333333334,81.16887133267127,30.67759119706567,28.24927905542941,,,,,,,,,3,baseline_geometric,81.16666666666667,30.741294151900057,28.36617663469535,5.0,1.187021840095485,-1.9556703729336629
16.266666666666666,81.35302132696475,30.497038280103624,28.115932077906265,,,,,,,,,3,baseline_geometric,81.33333333333333,30.781368484114992,28.30087323865017,5.0,1.2174161195494644,-1.9625244381253075
16.3,81.52588231474326,30.807948122254032,28.320721438275097,,,,,,,,,3,baseline_geometric,81.5,30.82245374316019,28.235342269971973,5.0,1.2476768956069098,-1.9693246997181204
16.333333333333332,81.66847493995415,30.793824170600868,28.213842189513358,,,,,,,,,3,baseline_geometric,81.66666666666667,30.86454542357399,28.169585525225408,5.0,1.2778008498327063,-1.9760709712794924
16.366666666666667,81.89554001322907,30.95568721251832,28.158636943635884,,,,,,,,,3,baseline_geometric,81.83333333333334,30.907638909529314,28.103604807164828,5.0,1.3077846787958143,-1.9827630678569819
16.4,82.00123002767737,31.08381421588387,28.126284553686734,,,,,,,,,3,baseline_geometric,82.0,30.951729475339803,28.037401924684957,5.0,1.3376250944314962,-1.98940080598338
16.433333333333334,82.12899855596716,31.142156697460607,27.95752572703929,,,,,,,,,3,baseline_geometric,82.16666666666667,30.99681228597806,27.970978692771247,5.0,1.3673188244019114,-1.9959840036817438
16.466666666666665,82.32048589830987,30.949562461210444,27.939328088241577,,,,,,,,,3,baseline_geometric,82.33333333333333,31.042882397605872,27.904336932450164,5.0,1.3968626124549481,-2.0025124804703824
16.5,82.55205134528353,31.254323422547927,27.857774967760722,,,,,,,,,3,baseline_geometric,82.5,31.08993475811632,27.837478470739235,5.0,1.4262532187813186,-2.0089860573678076
16.53333333333333,82.71200449044925,31.415076298874826,27.94310493998451,,,,,,,,,3,baseline_geometric,82.66666666666666,31.13796420768785,27.77040514059696,5.0,1.455487420369834,-2.0154045568976366
16.566666666666666,82.76555029263916,31.14116749315406,27.717116734820625,,,,,,,,,3,baseline_geometric,82.83333333333334,31.18696547935008,27.70311878087255,5.0,1.4845620113608584,-2.021767803093465
16.6,82.89427802394117,31.187510980454853,27.546289858830182,,,,,,,,,3,baseline_geometric,83.0,31.236933199561367,27.635621236255567,5.0,1.5134738033978414,-2.0280756215036826
16.633333333333333,83.18740437841312,31.454666851083896,27.69372997066328,,,,,,,,,3,baseline_geometric,83.16666666666667,31.287861888798105,27.56791435722529,5.0,1.5422196259769798,-2.034327839196261
16.666666666666668,83.326288172896,31.123934037886322,27.198840616858703,,,,,,,,,3,baseline_geometric,83.33333333333334,31.339745962155614,27.5,5.0,1.570796326794897,-2.040524284763495
16.7,83.45519517036014,31.42909549765656,27.52064194137517,,,,,,,,,3,baseline_geometric,83.5,31.39257972996056,27.431880026486116,5.0,1.5992007720943124,-2.046664788326698
16.733333333333334,83.58669498615009,31.347717591092323,27.26761436045806,,,,,,,,,3,baseline_geometric,83.66666666666667,31.44635739839493,27.363556304227114,5.0,1.627429847007716,-2.0527491815408645
16.766666666666666,83.84988353955747,31.589086436271764,27.34411410097697,,,,,,,,,3,baseline_geometric,83.83333333333333,31.501073070131355,27.295030706352364,5.0,1.655480455898925,-2.058777297599279
16.8,84.00954910579908,31.54636489809191,27.219272455285036,,,,,,,,,3,baseline_geometric,84.00000000000001,31.55672074497985,27.22630511152573,5.0,1.6833495227025805,-2.0647489712380973
16.833333333333332,84.19069726512524,31.580037766099316,27.189605445568397,,,,,,,,,3,baseline_geometric,84.16666666666666,31.613294320545755,27.157381403894128,5.0,1.7110339912614418,-2.0706640387408677
16.866666666666667,84.2371546217241,31.54915676011061,27.120978826662668,,,,,,,,,3,baseline_geometric,84.33333333333334,31.670787592899003,27.08826147303581,5.0,1.7385308256615635,-2.076522337943028
16.9,84.52035356661825,31.543256771322262,26.917683179317343,,,,,,,,,3,baseline_geometric,84.5,31.72919425725438,27.0189472139086,5.0,1.7658370105651893,-2.0823237082363457
16.933333333333334,84.64711912666166,31.83524558067452,26.93969280302968,,,,,,,,,3,baseline_geometric,84.66666666666667,31.78850790866296,26.949440526797925,5.0,1.7929495515414322,-2.0880679905733235
16.966666666666665,84.8239464272621,31.733599703540605,26.900710692939263,,,,,,,,,3,baseline_geometric,84.83333333333333,31.848722042714456,26.879743317264726,5.0,1.8198654753946417,-2.093755027471559
17.0,84.95557710506765,31.935318744665626,26.819880155547658,,,,,,,,,3,baseline_geometric,85.0,31.909830056250524,26.8098574960932,5.0,1.846581830490456,-2.0993846630180646
17.03333333333333,85.04839969490405,31.941645362826904,26.724187739817342,,,,,,,,,3,baseline_geometric,85.16666666666666,31.971825248088848,26.739784979238454,5.0,1.8730956870794695,-2.104956742873536
17.066666666666666,85.33894084705747,31.95893533336075,26.55357754125524,,,,,,,,,3,baseline_geometric,85.33333333333333,32.03470081975803,26.669527687773915,5.0,1.8994041376185269,-2.110471114276591
17.1,85.49356770950313,32.100012418172774,26.693276664644447,,,,,,,,,3,baseline_geometric,85.50000000000001,32.0984498762431,26.599087547838725,5.0,1.9255042970895575,-2.1159276260479514
17.133333333333333,85.67119313751887,32.263214750637985,26.52941773297036,,,,,,,,,3,baseline_geometric,85.66666666666667,32.1630654267416,26.528466490584915,5.0,1.9513933033159465,-2.1213261285945895
17.166666666666668,85.88232747181213,32.110732329275926,26.40778958293244,,,,,,,,,3,baseline_geometric,85.83333333333334,32.22854038543029,26.45766645212443,5.0,1.9770683172764252,-2.1266664739138323
17.2,85.98927685305648,32.36835994640512,26.404729569608612,,,,,,,,,3,baseline_geometric,86.0,32.294867572242104,26.386689373476095,5.0,2.002526523416378,-2.1319485155974145
17.233333333333334,86.11663183661743,32.5373930955601,26.421364612130454,,,,,,,,,3,baseline_geometric,86.16666666666667,32.36203971365357,26.315537200512367,5.0,2.027765129956617,-2.137172108835496
17.266666666666666,86.34506890716791,32.76315317991284,26.408159222436257,,,,,,,,,3,baseline_geometric,86.33333333333333,32.43004944348243,26.24421188390602,5.0,2.0527813691995207,-2.142337110420629
17.3,86.51480925680633,32.56086898661959,26.193713636157927,,,,,,,,,3,baseline_geometric,86.5,32.49888930369541,26.17271537907663,5.0,2.0775724978325476,-2.1474433787516856
17.333333333333332,86.66460836295364,32.63112820417595,26.09364591976231,,,,,,,,,3,baseline_geometric,86.66666666666666,32.56855174522605,26.101049646137007,5.0,2.1021357972290713,-2.15249077383774
17.366666666666667,86.83401205579695,32.48783846177713,25.945901933800652,,,,,,,,,3,baseline_geometric,86.83333333333334,32.63902912880266,26.029216649839398,5.0,2.1264685737465157,-2.157479157301908
17.4,87.00364319915084,32.78142783964915,26.100304417320636,,,,,,,,,3,baseline_geometric,86.99999999999999,32.71031372578588,25.957218359521715,5.0,2.15056815902172,-2.162408392385134
17.433333333333334,87.17852127017535,32.867858608276045,26.062120948154746,,,,,,,,,3,baseline_geometric,87.16666666666667,32.78239771901638,25.88505674905342,5.0,2.174431910263593,-2.167278343949951
17.466666666666665,87.2673877169737,32.82258718796417,25.805354898526545,,,,,,,,,3,baseline_geometric,87.33333333333333,32.85527320367196,25.812733796781547,5.0,2.1980572105428817,-2.172088878484175
17.5,87.4664674271912,32.78176057611833,25.661994236535634,,,,,,,,,3,baseline_geometric,87.5,32.928932188134524,25.74025148547635,5.0,2.2214414690791826,-2.176839864104573
17.53333333333333,87.65528765761557,32.88743885708963,25.57434842854467,,,,,,,,,3,baseline_geometric,87.66666666666666,33.00336659486634,25.667611802277012,5.0,2.2445821215250272,-2.1815311705604734
17.566666666666666,87.81663228725637,33.046494202861375,25.553131251100943,,,,,,,,,3,baseline_geometric,87.83333333333333,33.07856826129593,25.59481673863714,5.0,2.2674766302471068,-2.1861626692373406
17.6,87.97703595715772,33.21857582763897,25.428662233908245,,,,,,,,,3,baseline_geometric,88.00000000000001,33.15452894071312,25.521868290270167,5.0,2.2901224846045425,-2.1907342331602986
17.633333333333333,88.17434101402173,33.144734074334146,25.256156511120505,,,,,,,,,3,baseline_geometric,88.16666666666666,33.23124030317339,25.448768457094683,5.0,2.312517201224201,-2.195245736997612
17.666666666666668,88.20406553420183,33.05225905209804,25.197455344773473,,,,,,,,,3,baseline_geometric,88.33333333333334,33.308693936411416,25.375519243179504,5.0,2.3346583242730508,-2.1996970570641263
17.7,88.4413096510435,33.353337860157744,25.323927805981658,,,,,,,,,3,baseline_geometric,88.5,33.386881346763474,25.302122656688862,5.0,2.3565434257274323,-2.204088071324651
17.733333333333334,88.746452855102,33.613137990220565,25.389313383005295,,,,,,,,,3,baseline_geometric,88.66666666666667,33.46579396009894,25.22858070982723,5.0,2.3781701056393536,-2.208418659397314
17.766666666666666,88.78998250445403,33.57884224937634,25.183518727610824,,,,,,,,,3,baseline_geometric,88.83333333333333,33.545423122760496,25.154895418784243,5.0,2.399535992399651,-2.2126887025568545
17.8,89.01358120103012,33.588689522925826,25.05496331325235,,,,,,,,,3,baseline_geometric,89.0,33.625760102513105,25.08106880367937,5.0,2.4206387429980687,-2.2168980837378824
17.833333333333332,89.16057289815366,33.58002781972863,24.81774362734276,,,,,,,,,3,baseline_geometric,89.16666666666666,33.70679608950162,25.007102888506566,5.0,2.441476043280195,-2.2210466875380868
17.866666666666667,89.26246306334565,33.556814032482826,24.790420915740903,,,,,,,,,3,baseline_geometric,89.33333333333333,33.78852219721689,24.93299970107875,5.0,2.462045608201244,-2.225134400221399
17.9,89.53533167309189,33.82321629834696,24.858154528495394,,,,,,,,,3,baseline_geometric,89.49999999999999,33.870929463470226,24.85876127297225,5.0,2.482345182076619,-2.2291611097211095
17.933333333333334,89.6855060925601,34.029761057964194,24.802856542640075,,,,,,,,,3,baseline_geometric,89.66666666666667,33.95400885137625,24.784389639471048,5.0,2.5023725388292957,-2.2331267056429454
17.966666666666665,89.81781543127451,34.03580339189706,24.68259379301764,,,,,,,,,3,baseline_geometric,89.83333333333331,34.03775125034383,24.709886839511086,5.0,2.5221254822339088,-2.2370310792680885
18.0,90.05926938259582,34.173205282562485,24.62434241051512,,,,,,,,,3,baseline_geometric,90.0,34.122147477075266,24.635254915624213,5.0,2.5416018461576297,-2.240874123556167
18.03333333333333,90.1707805309375,34.14637208335373,24.506955940646556,,,,,,,,,3,baseline_geometric,90.16666666666666,34.207188276573206,24.56049591388236,5.0,2.560799494797666,-2.2446557331481776
18.066666666666666,90.29325557196262,34.21391205381283,24.38431792530952,,,,,,,,,3,baseline_geometric,90.33333333333333,34.292864323155676,24.485611883841305,5.0,2.579716322915512,-2.2483758043693847
18.1,90.46712229706749,34.373171725112094,24.398111468359538,,,,,,,,,3,baseline_geometric,90.5,34.37916622147869,24.410604878484563,5.0,2.59835025606779,-2.2520342352321556
18.133333333333333,90.8331432534364,34.60203576243744,24.416138233684972,,,,,,,,,3,baseline_geometric,90.66666666666666,34.466084507566556,24.335476954167074,5.0,2.616699250833744,-2.2556309254387608
18.166666666666668,90.93234348213667,34.57679139638662,24.31404843762275,,,,,,,,,3,baseline_geometric,90.83333333333334,34.55360964984973,24.260230170558838,5.0,2.6347612950393238,-2.2591657763841213
18.2,91.03841153302584,34.763161447539694,24.23156931932526,,,,,,,,,3,baseline_geometric,90.99999999999999,34.64173205021003,24.18486659058844,5.0,2.6525344079778397,-2.2626386911585126
18.233333333333334,91.02741599090025,34.56173069395126,23.970156243599188,,,,,,,,,3,baseline_geometric,91.16666666666667,34.73044204503323,24.109388280386483,5.0,2.670016640627178,-2.2660495745502223
18.266666666666666,91.3308706486099,34.79865860509352,24.012101202459128,,,,,,,,,3,baseline_geometric,91.33333333333333,34.8197299062687,24.033797309228987,5.0,2.687206075863516,-2.269398333048158
18.3,91.42698891746323,34.89098503821231,23.871185295452165,,,,,,,,,3,baseline_geometric,91.5,34.909585842496284,23.95809574948059,5.0,2.704100828671577,-2.272684874844416
18.333333333333332,91.69051672508745,34.837151947196546,23.774509402409745,,,,,,,,,3,baseline_geometric,91.66666666666666,34.99999999999999,23.882285676537816,5.0,2.7206990463513256,-2.2759091098367903
18.366666666666667,91.8739695120994,35.19216712012917,23.769078534512783,,,,,,,,,3,baseline_geometric,91.83333333333333,35.09096246384859,23.806369168772086,5.0,2.7369989087211524,-2.279070949631252
18.4,92.02317873790344,35.262018189592794,23.678620724917078,,,,,,,,,3,baseline_geometric,92.0,35.182463258982835,23.73034830747283,5.0,2.752998628317462,-2.2821703075443645
18.433333333333334,92.23033301469115,35.237507124309865,23.652446159389264,,,,,,,,,3,baseline_geometric,92.16666666666666,35.274492351309455,23.65422517679034,5.0,2.7686964505907032,-2.285207098605666
18.466666666666665,92.20759759811854,35.23120353950377,23.54219065012091,,,,,,,,,3,baseline_geometric,92.33333333333333,35.36703964880138,23.578001863678715,5.0,2.7840906540977635,-2.2881812395599948
18.5,92.54595212782758,35.34199158490303,23.370947710564774,,,,,,,,,3,baseline_geometric,92.5,35.46009500260453,23.50168045783858,5.0,2.7991795506907526,-2.2910926488697743
18.53333333333333,92.67424149228673,35.51098242998963,23.379715045918772,,,,,,,,,3,baseline_geometric,92.66666666666666,35.55364820815072,23.425263051659844,5.0,2.8139614857021202,-2.293941246717248
18.566666666666666,92.73985961684302,35.48703871323272,23.20295927794994,,,,,,,,,3,baseline_geometric,92.83333333333333,35.64768900627673,23.348751740164268,5.0,2.8284348381261197,-2.296726955006667
18.6,93.08079577891507,35.89682069918184,23.230700835717176,,,,,,,,,3,baseline_geometric,93.0,35.742207084349275,23.272148620948133,5.0,2.8425980207965535,-2.299449697366431
18.633333333333333,93.2292564206157,35.98643025334662,23.254023757306413,,,,,,,,,3,baseline_geometric,93.16666666666666,35.83719207739598,23.19545579412465,5.0,2.8564494805608382,-2.3021093991511825
18.666666666666668,93.37958523669404,35.89001167966657,23.183361617920635,,,,,,,,,3,baseline_geometric,93.33333333333333,35.932633569242,23.11867536226639,5.0,2.8699876984503208,-2.3047059874438545
18.7,93.49991940261857,36.02434675353142,23.111466159200074,,,,,,,,,3,baseline_geometric,93.5,36.02852109365219,23.04180943034769,5.0,2.883211189846845,-2.3072393910576663
18.733333333333334,93.60075266754956,35.92906822480385,22.997701182587022,,,,,,,,,3,baseline_geometric,93.66666666666667,36.12484413547897,22.96486010568689,5.0,2.8961185046455675,-2.309709540538079
18.766666666666666,93.76022831088171,36.04053937967016,22.75719582381657,,,,,,,,,3,baseline_geometric,93.83333333333333,36.22159213181532,22.887829497888617,5.0,2.908708227413964,-2.3121163681646957
18.8,88.13599080182242,34.26842614993883,21.135243203392672,,,,,,,,,3,baseline_geometric,94.0,36.31875447315322,22.81071971878587,5.0,2.920978977547065,-2.314459807953123
18.833333333333332,91.36963568810879,35.64720415132144,21.97497675233752,,,,,,,,,3,baseline_geometric,94.16666666666667,36.416320504546995,22.733532882382214,5.0,2.932929409418834,-2.316739795656773
18.866666666666667,91.21472875004646,35.27519151234548,21.881353607607554,,,,,,,,,3,baseline_geometric,94.33333333333334,36.51427952678185,22.656271104793753,5.0,2.944558212529752,-2.3189562687686327
18.9,89.1922994811281,34.63129671049706,21.223262965173593,,,,,,,,,3,baseline_geometric,94.5,36.61262079754708,22.57893650419115,5.0,2.9558641116505093,-2.3211091665229717
18.933333333333334,98.22219282931671,38.000232142326425,23.208715565409875,,,,,,,,,3,baseline_geometric,94.66666666666667,36.71133353261416,22.50153120074154,5.0,2.9668458669618643,-2.3231984298970105
18.966666666666665,88.89827238820885,34.70421962076252,21.10582790134252,,,,,,,,,3,baseline_geometric,94.83333333333333,36.8104069070193,22.42405731655042,5.0,2.9775022741905928,-2.3252240016125385
19.0,105.9444683503541,40.89731027032353,25.230145533498746,,,,,,,,,3,baseline_geometric,95.0,36.90983005625052,22.346516975603464,5.0,2.9878321647415556,-2.3271858261374834
19.03333333333333,95.89422839051599,37.31026399167989,22.393406965297473,,,,,,,,,3,baseline_geometric,95.16666666666666,37.00959207743912,22.268912303708294,5.0,2.9978344058258455,-2.3290838496874353
19.066666666666666,99.46674119942574,38.58039428312019,23.342711155901135,,,,,,,,,3,baseline_geometric,95.33333333333334,37.109682030555284,22.191245428436172,5.0,3.007507900585015,-2.33091802022712
19.1,98.20972812582353,38.09211422954775,22.810602075385955,,,,,,,,,3,baseline_geometric,95.5,37.210088939607715,22.113518479063735,5.0,3.0168515882113507,-2.332688287471825
19.133333333333333,98.34651613119063,38.30235600602082,22.511990371070343,,,,,,,,,3,baseline_geometric,95.66666666666667,37.31080179384734,22.035733586514567,5.0,3.025864444064211,-2.3343946028887794
19.166666666666668,88.71730412700225,34.7355148480891,20.310744858825977,,,,,,,,,3,baseline_geometric,95.83333333333334,37.411809548974794,21.957892883300772,5.0,3.0345454797823876,-2.3360369196984854
19.2,88.67273893173268,34.823161525537586,20.1053734175752,,,,,,,,,3,baseline_geometric,96.0,37.513101128351444,21.879998503464567,5.0,3.042893743392486,-2.3376151928759965
19.233333333333334,105.0006238466137,40.54086501561884,23.977536913561277,,,,,,,,,3,baseline_geometric,96.16666666666667,37.61466542421419,21.80205258251971,5.0,3.050908319413326,-2.3391293791521575
19.266666666666666,93.82025014561822,36.94731950956359,21.32078936216692,,,,,,,,,3,baseline_geometric,96.33333333333333,37.71649129889343,21.724057257393007,5.0,3.0585883289563305,-2.3405794370147857
19.3,102.03287429481279,39.81296608693798,22.95903366506697,,,,,,,,,3,baseline_geometric,96.50000000000001,37.818567586034575,21.64601466636568,5.0,3.065932929821908,-2.341965326709813
19.333333333333332,90.77192370712285,35.88284197860979,20.205788155482654,,,,,,,,,3,baseline_geometric,96.66666666666666,37.920883091822404,21.567926949014804,5.0,3.072941316591806,-2.3432870102423733
19.366666666666667,113.58665693774498,44.53418776252481,25.337444414077254,,,,,,,,,3,baseline_geometric,96.83333333333334,38.023426596208736,21.489796246154587,5.0,3.079612720717438,-2.3445444513778444
19.4,96.16802142929046,37.60350505514939,21.255369459192156,,,,,,,,,3,baseline_geometric,97.0,38.12618685414275,21.411624699777715,5.0,3.085946410604164,-2.345737615642843
19.433333333333334,89.62253325322114,35.447204537939136,19.821555563176805,,,,,,,,,3,baseline_geometric,97.16666666666667,38.22915259680417,21.33341445299662,5.0,3.0919416916915106,-2.346866470326168
19.466666666666665,105.529914555482,41.28990862547379,23.22374880256196,,,,,,,,,3,baseline_geometric,97.33333333333333,38.33231253283897,21.255167649984735,5.0,3.0975979065293475,-2.347930984479698
19.5,90.01060934063634,35.624407530427085,19.63717672513391,,,,,,,,,3,baseline_geometric,97.5,38.43565534959769,21.176886435917677,5.0,3.102914434849978,-2.348931128919239
19.53333333333333,103.18213729291934,40.51037567327188,22.100824577779573,,,,,,,,,3,baseline_geometric,97.66666666666666,38.53916971437587,21.09857295691448,5.0,3.1078906936361594,-2.349866876225327
19.566666666666666,97.49361178820587,38.71571449344353,21.049554846830794,,,,,,,,,3,baseline_geometric,97.83333333333333,38.64284427565695,21.020229359978728,5.0,3.1125261371850392,-2.3507382007439763
19.6,104.53113091015776,41.42314889060009,22.51724407460709,,,,,,,,,3,baseline_geometric,98.00000000000001,38.74666766435696,20.941857792939697,5.0,3.1168202571679955,-2.3515450785873853
19.633333333333333,94.92790749342119,37.40089012128296,20.10089278260369,,,,,,,,,3,baseline_geometric,98.16666666666667,38.850628495071334,20.86346040439351,5.0,3.120772582686381,-2.35228748763459
19.666666666666668,90.77259225587045,36.00446761180464,19.048549721818347,,,,,,,,,3,baseline_geometric,98.33333333333334,38.954715367323466,20.785039343644158,5.0,3.1243826803231642,-2.3529654075320714
19.7,107.18390676257434,42.55964616019425,22.665498046394106,,,,,,,,,3,baseline_geometric,98.5,39.058916866814855,20.706596760644643,5.0,3.1276501541904578,-2.353578819694314
19.733333333333334,96.63675498058551,38.450684309443425,20.03215187664283,,,,,,,,,3,baseline_geometric,98.66666666666667,39.16322156667684,20.628134805937997,5.0,3.1305746459729304,-2.3541277073043125
19.766666666666666,94.52884052599505,38.00068923657991,19.59946656880467,,,,,,,,,3,baseline_geometric,98.83333333333333,39.26761802872368,20.549655630598345,5.0,3.1331558349671025,-2.354612055314036
19.8,97.4138454702029,38.80365403666309,20.094240361215956,,,,,,,,,3,baseline_geometric,99.0,39.37209480470687,20.471161386171925,5.0,3.1353934381165134,-2.3550318504448393
19.833333333333332,99.43747196395356,39.77841306383024,20.312343879558316,,,,,,,,,3,baseline_geometric,99.16666666666666,39.47664043757056,20.392654224618102,5.0,3.137287210042762,-2.355387081187826
19.866666666666667,93.62418915991623,37.508801052268694,18.885582996150987,,,,,,,,,3,baseline_geometric,99.33333333333334,39.58124346270801,20.31413629825035,5.0,3.1388369430724166,-2.3556777378041676
19.9,107.47106887302695,42.53742513513643,22.107646064141335,,,,,,,,,3,baseline_geometric,99.49999999999999,39.68589240921871,20.235609759677317,5.0,3.1400424672597853,-2.355903812325365
19.933333333333334,103.05895129209536,41.19136431020961,20.78872569077545,,,,,,,,,3,baseline_geometric,99.66666666666667,39.79057580116643,20.157076761743685,5.0,3.1409036504055567,-2.356065298553471
19.966666666666665,100.79087911821239,40.36549675734083,20.065888034651596,,,,,,,,,3,baseline_geometric,99.83333333333333,39.89528215883754,20.078539457471297,5.0,3.1414203980712943,-2.3561621920612588
20.0,111.13123803239989,44.51559411483993,22.517037143532928,,,,,,,,,3,baseline_geometric,100.0,40.0,20.000000000000004,5.0,3.141592653589793,-2.356194490192345
