timestamp,x,y,z,vx,vy,vz,speed,course_over_ground,vertical_speed,pos_uncertainty,vel_uncertainty,scenario_id,sensor_mode,ground_truth_x,ground_truth_y,ground_truth_z,ground_truth_vx,ground_truth_vy,ground_truth_vz
0.0,1.9287335770723952,38.8751208308703,19.510734615235464,,,,,,,,,2,baseline_geometric,0.0,40.0,20.0,5.0,3.141592653589793,2.356194490192345
0.03333333333333333,0.020093149809571893,40.34637759158184,20.086697196546993,,,,,,,,,2,baseline_geometric,0.16666666666666666,40.10471784116246,20.078539457471294,5.0,3.1414203980712943,2.3561621920612588
0.06666666666666667,4.2540290624572,38.238289653270414,19.34461951065432,,,,,,,,,2,baseline_geometric,0.3333333333333333,40.20942419883357,20.15707676174369,5.0,3.1409036504055567,2.356065298553471
0.1,10.978567732934504,35.32812886307797,17.792549262052813,,,,,,,,,2,baseline_geometric,0.5,40.31410759078128,20.23560975967731,5.0,3.1400424672597853,2.355903812325365
0.13333333333333333,-0.9364350033205144,41.35321296759927,20.609627378898335,,,,,,,,,2,baseline_geometric,0.6666666666666666,40.418756537292,20.314136298250354,5.0,3.1388369430724166,2.3556777378041676
0.16666666666666666,-13.937728614561525,47.83042699190181,23.821200716724537,,,,,,,,,2,baseline_geometric,0.8333333333333334,40.52335956242944,20.3926542246181,5.0,3.137287210042762,2.355387081187826
0.2,2.6613074624232147,39.711499320086645,20.21865442192059,,,,,,,,,2,baseline_geometric,1.0,40.62790519529313,20.471161386171925,5.0,3.1353934381165134,2.3550318504448393
0.23333333333333334,5.433940638434786,38.749042021472064,19.541266938828883,,,,,,,,,2,baseline_geometric,1.1666666666666667,40.73238197127632,20.549655630598345,5.0,3.1331558349671025,2.354612055314036
0.26666666666666666,4.02008172283253,39.46730608271715,19.913360062858878,,,,,,,,,2,baseline_geometric,1.3333333333333333,40.836778433323154,20.628134805937993,5.0,3.1305746459729304,2.3541277073043125
0.3,-4.935155880216484,44.009698867982024,22.21332031654939,,,,,,,,,2,baseline_geometric,1.5,40.941083133185145,20.70659676064464,5.0,3.1276501541904578,2.353578819694314
0.3333333333333333,1.9685267469350667,40.84902448603314,20.91920504267336,,,,,,,,,2,baseline_geometric,1.6666666666666667,41.045284632676534,20.785039343644158,5.0,3.1243826803231642,2.3529654075320714
0.36666666666666664,8.446077721851822,38.01588301573659,19.544968706556023,,,,,,,,,2,baseline_geometric,1.8333333333333333,41.149371504928666,20.86346040439351,5.0,3.120772582686381,2.35228748763459
0.4,3.3739927593400245,40.77149966239627,20.609843306899105,,,,,,,,,2,baseline_geometric,2.0,41.253332335643044,20.9418577929397,5.0,3.1168202571679955,2.3515450785873853
0.43333333333333335,8.213266847342123,38.02530065198012,19.626017871078407,,,,,,,,,2,baseline_geometric,2.166666666666667,41.357155724343045,21.02022935997872,5.0,3.1125261371850397,2.3507382007439763
0.4666666666666667,-2.5304623588930673,43.8611095348888,22.22873688749995,,,,,,,,,2,baseline_geometric,2.3333333333333335,41.46083028562412,21.098572956914474,5.0,3.10789069363616,2.349866876225327
0.5,3.958460510572486,40.948022945447406,21.04511223953318,,,,,,,,,2,baseline_geometric,2.5,41.56434465040231,21.176886435917673,5.0,3.1029144348499784,2.348931128919239
0.5333333333333333,-6.447732684461079,46.20406457754265,23.42687020202495,,,,,,,,,2,baseline_geometric,2.6666666666666665,41.667687467161024,21.25516764998473,5.0,3.097597906529348,2.347930984479698
0.5666666666666667,4.902371667281763,40.68318278251382,20.843022754112997,,,,,,,,,2,baseline_geometric,2.833333333333333,41.77084740319583,21.33341445299662,5.0,3.09194169169151,2.346866470326168
0.6,3.7325996725718698,41.62745100749343,21.1431890954816,,,,,,,,,2,baseline_geometric,3.0,41.87381314585725,21.411624699777715,5.0,3.085946410604164,2.345737615642843
0.6333333333333333,3.202538714377438,42.23166501850272,21.39613869883467,,,,,,,,,2,baseline_geometric,3.166666666666666,41.976573403791264,21.489796246154583,5.0,3.0796127207174386,2.344544451377845
0.6666666666666666,5.16813572878919,41.02878878335955,21.30960556093729,,,,,,,,,2,baseline_geometric,3.3333333333333335,42.079116908177596,21.5679269490148,5.0,3.0729413165918062,2.3432870102423733
0.7,0.5797813566954712,43.713887940447655,22.494601978622985,,,,,,,,,2,baseline_geometric,3.4999999999999996,42.181432413965425,21.64601466636568,5.0,3.065932929821908,2.341965326709813
0.7333333333333333,2.9183288793700655,42.64526493785526,22.130382585769993,,,,,,,,,2,baseline_geometric,3.6666666666666665,42.283508701106555,21.724057257393,5.0,3.058588328956331,2.3405794370147857
0.7666666666666666,-14.117194217036078,51.55562140555873,26.389198498754123,,,,,,,,,2,baseline_geometric,3.833333333333333,42.385334575785805,21.802052582519707,5.0,3.0509083194133266,2.3391293791521575
0.8,3.4718909788429104,42.68016740280849,22.018357667845326,,,,,,,,,2,baseline_geometric,4.0,42.48689887164855,21.879998503464563,5.0,3.042893743392486,2.3376151928759965
0.8333333333333334,9.59926180834741,39.7400560821606,20.535187588976225,,,,,,,,,2,baseline_geometric,4.166666666666667,42.588190451025206,21.957892883300772,5.0,3.0345454797823876,2.3360369196984854
0.8666666666666667,9.915388235677216,39.73043808091123,20.677584027658913,,,,,,,,,2,baseline_geometric,4.333333333333334,42.68919820615265,22.035733586514567,5.0,3.0258644440642115,2.3343946028887794
0.9,11.644237676393058,39.05322336225834,20.313686869227435,,,,,,,,,2,baseline_geometric,4.5,42.78991106039229,22.11351847906374,5.0,3.0168515882113502,2.3326882874718247
0.9333333333333333,2.922615357514491,43.87649326942946,22.73384167350437,,,,,,,,,2,baseline_geometric,4.666666666666667,42.890317969444716,22.191245428436176,5.0,3.0075079005850145,2.33091802022712
0.9666666666666667,3.912031145453188,43.340335549400095,22.621541792407246,,,,,,,,,2,baseline_geometric,4.833333333333333,42.99040792256087,22.268912303708287,5.0,2.9978344058258464,2.3290838496874358
1.0,4.560714994837099,43.28139346105806,22.580430592083605,,,,,,,,,2,baseline_geometric,5.0,43.09016994374947,22.346516975603464,5.0,2.9878321647415556,2.327185826137484
1.0333333333333332,10.909569740048363,39.875864596867984,21.036291112567792,,,,,,,,,2,baseline_geometric,5.166666666666666,43.1895930929807,22.424057316550417,5.0,2.977502274190593,2.3252240016125385
1.0666666666666667,2.356440454035234,44.916833487400524,23.457341699550444,,,,,,,,,2,baseline_geometric,5.333333333333333,43.28866646738583,22.501531200741535,5.0,2.966845866961865,2.323198429897011
1.1,10.934186318764347,40.391780821990714,20.88919856357516,,,,,,,,,2,baseline_geometric,5.500000000000001,43.38737920245291,22.578936504191145,5.0,2.95586411165051,2.3211091665229717
1.1333333333333333,4.469987237204303,44.40582103060044,22.911297047191223,,,,,,,,,2,baseline_geometric,5.666666666666666,43.48572047321815,22.65627110479375,5.0,2.9445582125297523,2.3189562687686327
1.1666666666666667,12.86078969705729,39.77013472706373,20.87964416226788,,,,,,,,,2,baseline_geometric,5.833333333333333,43.583679495453005,22.733532882382214,5.0,2.932929409418835,2.316739795656773
1.2,3.791093332997916,45.041900164710334,23.471900699517253,,,,,,,,,2,baseline_geometric,6.0,43.68124552684678,22.81071971878587,5.0,2.920978977547065,2.314459807953123
1.2333333333333334,7.534178187307925,42.930669336719056,22.5075040464282,,,,,,,,,2,baseline_geometric,6.166666666666667,43.77840786818467,22.88782949788861,5.0,2.908708227413965,2.312116368164696
1.2666666666666666,3.686134526716345,45.34378646226876,23.744234234324974,,,,,,,,,2,baseline_geometric,6.333333333333332,43.87515586452103,22.964860105686892,5.0,2.896118504645567,2.309709540538079
1.3,11.799969039562745,40.89761425846897,21.51248871644663,,,,,,,,,2,baseline_geometric,6.5,43.971478906347805,23.041809430347687,5.0,2.8832111898468455,2.3072393910576663
1.3333333333333333,2.162020902445009,46.94974516549547,24.303782885007674,,,,,,,,,2,baseline_geometric,6.666666666666667,44.067366430758,23.11867536226639,5.0,2.8699876984503203,2.3047059874438545
1.3666666666666667,12.092277086440104,41.22015018997688,21.78180563951764,,,,,,,,,2,baseline_geometric,6.833333333333333,44.16280792260401,23.195455794124648,5.0,2.8564494805608387,2.3021093991511825
1.4,5.911804817156912,44.97174449058298,23.27075632854848,,,,,,,,,2,baseline_geometric,6.999999999999999,44.257792915650725,23.272148620948137,5.0,2.8425980207965535,2.299449697366431
1.4333333333333333,7.057741444248727,44.320593237030636,23.419005017394085,,,,,,,,,2,baseline_geometric,7.166666666666667,44.35231099372328,23.34875174016427,5.0,2.8284348381261193,2.296726955006667
1.4666666666666666,4.977521404001735,45.748259976619536,24.03549840221557,,,,,,,,,2,baseline_geometric,7.333333333333333,44.446351791849274,23.425263051659837,5.0,2.8139614857021216,2.293941246717248
1.5,3.9382311906000833,46.55085036509195,24.436932582440086,,,,,,,,,2,baseline_geometric,7.5,44.53990499739547,23.50168045783858,5.0,2.799179550690753,2.2910926488697743
1.5333333333333332,18.673645371951224,38.12014326037239,20.17187845561994,,,,,,,,,2,baseline_geometric,7.666666666666666,44.63296035119862,23.578001863678715,5.0,2.7840906540977644,2.2881812395599948
1.5666666666666667,11.780829540521161,42.30718064623501,22.506345806721793,,,,,,,,,2,baseline_geometric,7.833333333333334,44.72550764869054,23.654225176790337,5.0,2.7686964505907037,2.285207098605666
1.6,-5.277513716378069,52.76431903416544,27.900172297330588,,,,,,,,,2,baseline_geometric,8.0,44.81753674101715,23.730348307472823,5.0,2.7529986283174632,2.282170307544365
1.6333333333333333,7.855759081338026,45.260883616222536,23.993882782262492,,,,,,,,,2,baseline_geometric,8.166666666666666,44.90903753615141,23.806369168772083,5.0,2.736998908721153,2.2790709496312522
1.6666666666666667,6.599510667154141,45.97857400357021,24.3533053983577,,,,,,,,,2,baseline_geometric,8.333333333333334,45.0,23.882285676537812,5.0,2.7206990463513265,2.2759091098367907
1.7,8.618456350190653,44.71856562692272,23.805191382027708,,,,,,,,,2,baseline_geometric,8.5,45.090414157503716,23.95809574948059,5.0,2.7041008286715766,2.272684874844416
1.7333333333333334,7.104176711190849,46.14274533465184,24.37292069689106,,,,,,,,,2,baseline_geometric,8.666666666666668,45.1802700937313,24.033797309228987,5.0,2.6872060758635166,2.2693983330481586
1.7666666666666666,8.580835969197018,45.48410052406965,24.191415429794223,,,,,,,,,2,baseline_geometric,8.833333333333334,45.26955795496678,24.109388280386487,5.0,2.6700166406271775,2.2660495745502223
1.8,3.8169486288271717,48.65959185800964,25.694712869854644,,,,,,,,,2,baseline_geometric,9.0,45.35826794978997,24.184866590588438,5.0,2.6525344079778406,2.2626386911585126
1.8333333333333333,18.385528381883972,39.79839696321198,21.346297519723713,,,,,,,,,2,baseline_geometric,9.166666666666666,45.44639035015027,24.260230170558838,5.0,2.6347612950393238,2.2591657763841213
1.8666666666666667,18.29308145278116,40.082959948718454,21.448879700059827,,,,,,,,,2,baseline_geometric,9.333333333333334,45.533915492433444,24.335476954167074,5.0,2.616699250833744,2.2556309254387608
1.9,8.17512904794699,46.4225520526467,24.687050740167404,,,,,,,,,2,baseline_geometric,9.5,45.6208337785213,24.41060487848456,5.0,2.5983502560677905,2.2520342352321556
1.9333333333333333,2.6125239940794858,49.962274848390734,26.76200068401323,,,,,,,,,2,baseline_geometric,9.666666666666666,45.70713567684432,24.4856118838413,5.0,2.5797163229155133,2.2483758043693847
1.9666666666666666,9.556753748109468,45.85353379276028,24.707431000674124,,,,,,,,,2,baseline_geometric,9.833333333333332,45.79281172342679,24.560495913882356,5.0,2.5607994947976676,2.244655733148178
2.0,9.961100895752374,45.869140744960234,24.794320111873425,,,,,,,,,2,baseline_geometric,10.0,45.877852522924734,24.63525491562421,5.0,2.5416018461576297,2.240874123556167
2.033333333333333,3.5399398264597335,50.01851865401765,26.673622632666394,,,,,,,,,2,baseline_geometric,10.166666666666666,45.962248749656155,24.70988683951107,5.0,2.5221254822339114,2.2370310792680894
2.0666666666666664,10.337468039941877,45.89030621703578,24.699841367747744,,,,,,,,,2,baseline_geometric,10.333333333333332,46.04599114862375,24.784389639471048,5.0,2.5023725388292957,2.233126705642945
2.1,10.715065373854616,45.7350114162215,24.7669086125884,,,,,,,,,2,baseline_geometric,10.500000000000002,46.12907053652977,24.85876127297224,5.0,2.482345182076621,2.22916110972111
2.1333333333333333,10.689750112721196,46.22836769335449,24.78372188243644,,,,,,,,,2,baseline_geometric,10.666666666666666,46.2114778027831,24.93299970107875,5.0,2.4620456082012443,2.225134400221399
2.1666666666666665,10.808999801113153,46.26356228101543,25.036693882405835,,,,,,,,,2,baseline_geometric,10.833333333333332,46.29320391049838,25.007102888506562,5.0,2.4414760432801965,2.221046687538087
2.2,11.155367766107263,45.98098175107078,24.780808784656802,,,,,,,,,2,baseline_geometric,11.000000000000002,46.374239897486895,25.081068803679372,5.0,2.420638742998068,2.2168980837378824
2.2333333333333334,11.270551241269672,46.13395022414917,24.933494783809227,,,,,,,,,2,baseline_geometric,11.166666666666666,46.454576877239504,25.154895418784243,5.0,2.3995359923996515,2.2126887025568545
2.2666666666666666,11.43890071750487,46.38090109106963,25.139045325090315,,,,,,,,,2,baseline_geometric,11.333333333333332,46.53420603990105,25.228580709827227,5.0,2.3781701056393545,2.208418659397314
2.3,11.610313890324948,46.41054878933471,25.293299530635487,,,,,,,,,2,baseline_geometric,11.5,46.61311865323652,25.302122656688855,5.0,2.3565434257274336,2.2040880713246516
2.3333333333333335,11.638812502967445,46.498428276764805,25.314006460744473,,,,,,,,,2,baseline_geometric,11.666666666666666,46.691306063588584,25.375519243179504,5.0,2.3346583242730508,2.1996970570641263
2.3666666666666667,11.800867056272596,46.853667448053095,25.54106698664488,,,,,,,,,2,baseline_geometric,11.833333333333334,46.768759696826606,25.448768457094673,5.0,2.3125172012242037,2.1952457369976126
2.4,12.027258653593725,46.67735211940473,25.4666136449234,,,,,,,,,2,baseline_geometric,12.0,46.845471059286886,25.52186829027017,5.0,2.2901224846045416,2.1907342331602986
2.433333333333333,12.042903182477055,47.083020552035244,25.701269140072707,,,,,,,,,2,baseline_geometric,12.166666666666666,46.921431738704065,25.594816738637135,5.0,2.267476630247108,2.186162669237341
2.466666666666667,12.402957346653125,46.825044579984514,25.486590053719635,,,,,,,,,2,baseline_geometric,12.333333333333334,46.99663340513365,25.66761180227701,5.0,2.244582121525029,2.181531170560474
2.5,12.430418112268104,47.22476761453142,25.870653970561413,,,,,,,,,2,baseline_geometric,12.5,47.071067811865476,25.740251485476346,5.0,2.221441469079183,2.176839864104573
2.533333333333333,12.721417350328581,47.11438296933387,25.74109532249585,,,,,,,,,2,baseline_geometric,12.666666666666664,47.14472679632803,25.812733796781544,5.0,2.198057210542883,2.172088878484175
2.5666666666666664,12.868695240986261,47.32840618100495,25.785693541037556,,,,,,,,,2,baseline_geometric,12.833333333333332,47.21760228098362,25.88505674905342,5.0,2.174431910263593,2.167278343949951
2.6,12.98428449947702,47.212632337948435,25.85067789981146,,,,,,,,,2,baseline_geometric,13.0,47.28968627421412,25.95721835952171,5.0,2.1505681590217223,2.1624083923851343
2.6333333333333333,13.02024644460342,47.54953057402486,26.209611934526464,,,,,,,,,2,baseline_geometric,13.166666666666666,47.360970871197345,26.0292166498394,5.0,2.1264685737465148,2.1574791573019074
2.6666666666666665,13.385992990107916,47.40261221901446,25.97618312551548,,,,,,,,,2,baseline_geometric,13.333333333333334,47.43144825477394,26.101049646137003,5.0,2.1021357972290726,2.1524907738377403
2.7,13.46353253276701,47.43142384315896,26.109007786291897,,,,,,,,,2,baseline_geometric,13.5,47.50111069630459,26.17271537907663,5.0,2.077572497832547,2.1474433787516856
2.7333333333333334,13.713400695169453,47.525545482222164,26.146030619399212,,,,,,,,,2,baseline_geometric,13.666666666666666,47.56995055651756,26.24421188390602,5.0,2.0527813691995207,2.142337110420629
2.7666666666666666,13.704886821863349,47.683392274256654,26.320562206637167,,,,,,,,,2,baseline_geometric,13.833333333333334,47.63796028634642,26.315537200512367,5.0,2.027765129956618,2.1371721088354962
2.8,14.08804869032644,47.75402265389532,26.469420789433325,,,,,,,,,2,baseline_geometric,13.999999999999998,47.70513242775789,26.386689373476088,5.0,2.0025265234163796,2.131948515597415
2.8333333333333335,14.188786006768474,47.750354035725394,26.459715866266873,,,,,,,,,2,baseline_geometric,14.166666666666666,47.77145961456971,26.45766645212443,5.0,1.9770683172764252,2.1266664739138323
2.8666666666666667,14.401557269254052,47.752939768135676,26.468218385932985,,,,,,,,,2,baseline_geometric,14.333333333333334,47.8369345732584,26.52846649058491,5.0,1.9513933033159465,2.1213261285945895
2.9,14.549239762536194,47.61847694541081,26.471662238932097,,,,,,,,,2,baseline_geometric,14.499999999999998,47.901550123756905,26.599087547838728,5.0,1.9255042970895564,2.115927626047951
2.933333333333333,14.756015005709864,48.01488963903391,26.71310663173562,,,,,,,,,2,baseline_geometric,14.666666666666666,47.96529918024196,26.66952768777391,5.0,1.8994041376185287,2.1104711142765913
2.966666666666667,14.947441640096331,48.01057129873449,26.653880326475722,,,,,,,,,2,baseline_geometric,14.833333333333334,48.028174751911145,26.73978497923845,5.0,1.8730956870794713,2.1049567428735365
3.0,14.9612972998816,48.109721136368016,26.848432583874455,,,,,,,,,2,baseline_geometric,15.0,48.09016994374947,26.8098574960932,5.0,1.8465818304904567,2.0993846630180646
3.033333333333333,15.137756393196005,48.23536286830437,26.800298131185496,,,,,,,,,2,baseline_geometric,15.166666666666668,48.151277957285544,26.879743317264726,5.0,1.8198654753946426,2.0937550274715595
3.0666666666666664,15.379606194764865,48.195118006115564,26.90207891966068,,,,,,,,,2,baseline_geometric,15.333333333333332,48.211492091337036,26.949440526797925,5.0,1.7929495515414322,2.0880679905733235
3.1,15.582886376408819,48.078346178833414,26.89774834157641,,,,,,,,,2,baseline_geometric,15.5,48.27080574274562,27.0189472139086,5.0,1.7658370105651893,2.0823237082363457
3.1333333333333333,15.526764703340442,48.42711326282238,27.08442352917317,,,,,,,,,2,baseline_geometric,15.666666666666668,48.329212407101,27.08826147303581,5.0,1.7385308256615641,2.076522337943028
3.1666666666666665,15.86321211420397,48.293588138123376,27.1367511068573,,,,,,,,,2,baseline_geometric,15.833333333333332,48.38670567945424,27.157381403894128,5.0,1.7110339912614436,2.070664038740868
3.2,15.91170079191581,48.43654433524216,27.356861980095985,,,,,,,,,2,baseline_geometric,16.0,48.44327925502015,27.22630511152573,5.0,1.6833495227025799,2.0647489712380973
3.2333333333333334,16.254069682588508,48.527361714939055,27.246311936072665,,,,,,,,,2,baseline_geometric,16.166666666666668,48.49892692986864,27.295030706352357,5.0,1.6554804558989273,2.05877729759928
3.2666666666666666,16.366886822569928,48.57798290303029,27.303557077709296,,,,,,,,,2,baseline_geometric,16.333333333333332,48.55364260160506,27.36355630422711,5.0,1.627429847007717,2.0527491815408645
3.3,16.439221573444733,48.702928403913816,27.391070722629603,,,,,,,,,2,baseline_geometric,16.499999999999996,48.607420270039434,27.431880026486112,5.0,1.5992007720943144,2.0466647883266984
3.3333333333333335,16.603810438751687,48.90853288008274,27.859752687356142,,,,,,,,,2,baseline_geometric,16.666666666666668,48.66025403784439,27.5,5.0,1.5707963267948961,2.040524284763495
3.3666666666666667,16.955176536494957,48.710564060300094,27.544271152383462,,,,,,,,,2,baseline_geometric,16.833333333333332,48.712138111201895,27.567914357225288,5.0,1.5422196259769807,2.034327839196261
3.4,17.130165812824565,48.826926903153954,27.72071561180665,,,,,,,,,2,baseline_geometric,17.0,48.76306680043864,27.635621236255567,5.0,1.5134738033978403,2.0280756215036826
3.433333333333333,17.169935714673436,48.857032214569195,27.63727641655551,,,,,,,,,2,baseline_geometric,17.166666666666668,48.81303452064992,27.70311878087255,5.0,1.484562011360858,2.021767803093465
3.466666666666667,17.322761458550353,48.74306229652911,27.59233143314497,,,,,,,,,2,baseline_geometric,17.333333333333336,48.86203579231215,27.770405140596953,5.0,1.4554874203698365,2.0154045568976375
3.5,17.5445000552737,49.03020980907135,27.83667933662722,,,,,,,,,2,baseline_geometric,17.5,48.91006524188368,27.83747847073923,5.0,1.426253218781319,2.0089860573678076
3.533333333333333,17.615502588477092,48.85489744286023,27.84313629234329,,,,,,,,,2,baseline_geometric,17.666666666666668,48.95711760239413,27.904336932450164,5.0,1.3968626124549495,2.002512480470383
3.5666666666666664,17.83239176564137,49.0875474800016,28.120211686216397,,,,,,,,,2,baseline_geometric,17.833333333333332,49.003187714021934,27.97097869277124,5.0,1.367318824401914,1.9959840036817442
3.6,18.04425549367242,48.905808056647054,28.05903366626435,,,,,,,,,2,baseline_geometric,18.0,49.0482705246602,28.03740192468495,5.0,1.337625094431499,1.9894008059833805
3.6333333333333333,18.202266797668177,49.19934579395663,28.188516867661388,,,,,,,,,2,baseline_geometric,18.166666666666668,49.09236109047069,28.103604807164825,5.0,1.3077846787958152,1.982763067856982
3.6666666666666665,18.382946688005482,49.12533936058295,28.086767166230583,,,,,,,,,2,baseline_geometric,18.333333333333332,49.13545457642601,28.169585525225404,5.0,1.2778008498327083,1.9760709712794928
3.6999999999999997,18.498868513191393,49.20550486595151,28.208906165872495,,,,,,,,,2,baseline_geometric,18.5,49.17754625683981,28.235342269971976,5.0,1.2476768956069093,1.9693246997181204
3.7333333333333334,18.65942028976009,49.281287725802414,28.339462218790825,,,,,,,,,2,baseline_geometric,18.666666666666668,49.21863151588501,28.300873238650162,5.0,1.217416119549467,1.962524438125308
3.7666666666666666,18.752863252315596,49.35840024041589,28.331412311708142,,,,,,,,,2,baseline_geometric,18.833333333333332,49.25870584809995,28.36617663469535,5.0,1.187021840095484,1.9556703729336626
3.8,18.881029221638677,49.25506052081755,28.474828343242834,,,,,,,,,2,baseline_geometric,19.0,49.297764858882516,28.43125066778196,5.0,1.1564973903202134,1.948762692050843
3.8333333333333335,19.198939558791295,49.48552131228582,28.63568306371907,,,,,,,,,2,baseline_geometric,19.166666666666668,49.33580426497202,28.49609355387249,5.0,1.1258461175735526,1.9418015848544103
3.8666666666666667,19.326704813860047,49.439520167257946,28.555929351631878,,,,,,,,,2,baseline_geometric,19.333333333333332,49.37281989491891,28.560703515266475,5.0,1.0950713831129686,1.934787242186635
3.9,19.609174872390938,49.38709912329764,28.698321657757205,,,,,,,,,2,baseline_geometric,19.5,49.40880768954226,28.62507878064918,5.0,1.064176561734893,1.9277198563492643
3.933333333333333,19.715834152554038,49.49583349962837,28.707711255944528,,,,,,,,,2,baseline_geometric,19.666666666666664,49.44376370237481,28.689217585140184,5.0,1.033165041404643,1.9205996210982506
3.966666666666667,19.730114306031634,49.579211070199555,28.78373823236242,,,,,,,,,2,baseline_geometric,19.833333333333332,49.47768410009586,28.753118170341764,5.0,1.0020402228848915,1.9134267316384408
4.0,20.072377424371137,49.648994442661724,28.81659780490317,,,,,,,,,2,baseline_geometric,20.0,49.510565162951536,28.816778784387097,5.0,0.9708055193627333,1.9062013846182224
4.033333333333333,20.118594237584173,49.708129383530625,28.944914636723443,,,,,,,,,2,baseline_geometric,20.166666666666664,49.54240328516277,28.880197681988292,5.0,0.9394643560753935,1.8989237781241337
4.066666666666666,20.319707269053467,49.62324181730804,29.09752699620703,,,,,,,,,2,baseline_geometric,20.333333333333332,49.573194975320675,28.943373124484236,5.0,0.9080201699346095,1.8915941116754336
4.1,20.459070809624553,49.50584525879147,28.966405719849586,,,,,,,,,2,baseline_geometric,20.5,49.60293685676943,29.00630337988826,5.0,0.8764764091497343,1.8842125862186299
4.133333333333333,20.536615297350522,49.64862137697082,29.123525538123804,,,,,,,,,2,baseline_geometric,20.666666666666664,49.63162566797658,29.06898672293562,5.0,0.8448365328496045,1.8767794041219716
4.166666666666667,20.94121710795518,49.589646749716564,29.043778121082532,,,,,,,,,2,baseline_geometric,20.833333333333336,49.65925826289068,29.13142143513081,5.0,0.8131040107032045,1.8692947691699007
4.2,20.994172068687767,49.770030200035485,29.22500930529111,,,,,,,,,2,baseline_geometric,21.000000000000004,49.68583161128631,29.193605804794647,5.0,0.7812823225391823,1.861758886557466
4.233333333333333,21.197555191422857,49.7671420875444,29.375122472350224,,,,,,,,,2,baseline_geometric,21.166666666666668,49.71134279909636,29.25553812711123,5.0,0.7493749579642421,1.8541719628846947
4.266666666666667,21.310571481845873,49.82734739503166,29.401122497051592,,,,,,,,,2,baseline_geometric,21.333333333333332,49.7357890287316,29.317216704174655,5.0,0.7173854159804736,1.8465342061509333
4.3,21.44507273782317,50.02629989969609,29.47475198920067,,,,,,,,,2,baseline_geometric,21.5,49.75916761938747,29.378639845035575,5.0,0.6853172046016434,1.83884582574914
4.333333333333333,21.632536444457138,49.98754049475161,29.612522972019477,,,,,,,,,2,baseline_geometric,21.666666666666664,49.78147600733806,29.43980586574756,5.0,0.6531738404685056,1.8311070324601473
4.366666666666666,21.94187923578339,49.548521647791034,29.397072825081764,,,,,,,,,2,baseline_geometric,21.833333333333332,49.80271174621722,29.500713089413253,5.0,0.6209588484631603,1.8233180384468826
4.4,21.964714605642676,49.86659969886215,29.635362096442837,,,,,,,,,2,baseline_geometric,22.000000000000004,49.82287250728689,29.561359846230346,5.0,0.5886757613225101,1.8154790572485509
4.433333333333334,22.100202145080676,50.047772524349284,29.71108776629617,,,,,,,,,2,baseline_geometric,22.166666666666668,49.84195607969242,29.62174447353737,5.0,0.5563281192508593,1.8075903037747827
4.466666666666667,22.469368667726634,49.803949190218006,29.701467762820656,,,,,,,,,2,baseline_geometric,22.333333333333332,49.859960370705046,29.681865315859255,5.0,0.523919469531684,1.7996519942997384
4.5,22.478227827491438,49.92091519822048,29.59790741630322,,,,,,,,,2,baseline_geometric,22.5,49.876883405951375,29.741720724952756,5.0,0.49145336613863877,1.7916643464561826
4.533333333333333,22.614215372699253,49.83384986771712,29.86670410950084,,,,,,,,,2,baseline_geometric,22.666666666666664,49.89272332962988,29.801309059851583,5.0,0.45893336934582035,1.783627579229516
4.566666666666666,22.909731052141034,49.85750318317417,29.77614806260787,,,,,,,,,2,baseline_geometric,22.833333333333332,49.90747840471444,29.860628686911436,5.0,0.42636304533734415,1.7755419129517718
4.6,22.94463139791298,49.960780387218165,29.867243054107806,,,,,,,,,2,baseline_geometric,23.0,49.921147013144775,29.919677979854775,5.0,0.39374596581627264,1.7674075692955753
4.633333333333333,23.199023432957507,49.96286382690868,29.986010289001282,,,,,,,,,2,baseline_geometric,23.166666666666664,49.93372765600397,29.97845531981541,5.0,0.3610857076129349,1.7592247712680666
4.666666666666667,23.315446007265777,49.69535833228993,29.990153638210515,,,,,,,,,2,baseline_geometric,23.333333333333332,49.94521895368273,30.036959095382873,5.0,0.3283858522926906,1.750993743204788
4.7,23.45096921142594,50.085275158952534,30.27683224235655,,,,,,,,,2,baseline_geometric,23.5,49.9556196460308,30.095187702646598,5.0,0.295649985763171,1.742714710763531
4.733333333333333,23.595030417362356,50.142111698135665,30.308468664079005,,,,,,,,,2,baseline_geometric,23.666666666666668,49.96492859249504,30.15313954523991,5.0,0.26288169788104054,1.7343879009181526
4.766666666666667,23.918682086878643,49.92263619533889,30.16584155608781,,,,,,,,,2,baseline_geometric,23.833333333333336,49.97314477224458,30.21081303438377,5.0,0.23008458205832863,1.7260135419523503
4.8,24.044775649357693,49.73985433865752,30.12233836830295,,,,,,,,,2,baseline_geometric,24.0,49.98026728428272,30.26820658893033,5.0,0.19726223486837782,1.7175918634534062
4.833333333333333,24.29259112755398,49.89572842799494,30.295436752888456,,,,,,,,,2,baseline_geometric,24.166666666666664,49.986295347545735,30.32531863540631,5.0,0.16441825565142965,1.70912309630589
4.866666666666666,24.35157776030493,50.057414709064076,30.38027718963265,,,,,,,,,2,baseline_geometric,24.333333333333332,49.99122830098858,30.3821476080561,5.0,0.13155624611992395,1.7006074726853313
4.9,24.49331651419614,49.94822222116393,30.37426579924514,,,,,,,,,2,baseline_geometric,24.500000000000004,49.995065603657316,30.438691948884717,5.0,0.09867980996352638,1.6920452260518526
4.933333333333334,24.694965007295163,50.03247664117057,30.480196217629047,,,,,,,,,2,baseline_geometric,24.666666666666668,49.99780683474846,30.49495010770048,5.0,0.06579255245394733,1.6834365911437716
4.966666666666667,24.811395378360842,50.005586214941296,30.52985845993204,,,,,,,,,2,baseline_geometric,24.833333333333336,49.99945169365512,30.55092054215756,5.0,0.032898080049575604,1.6747818039711624
5.0,25.07713862335276,49.9647446071541,30.66615570464725,,,,,,,,,2,baseline_geometric,25.0,50.0,30.606601717798213,5.0,1.9236706937217898e-16,1.6660811018093873
5.033333333333333,25.039314472675024,49.99538883255741,30.779979287287244,,,,,,,,,2,baseline_geometric,25.166666666666664,49.99945169365512,30.661992108094886,5.0,-0.03289808004957522,1.6573347231925912
5.066666666666666,25.344603009334623,49.96032667299724,30.70042607489251,,,,,,,,,2,baseline_geometric,25.33333333333333,49.99780683474846,30.717090194492048,5.0,-0.06579255245394623,1.6485429079071623
5.1,25.510533679356325,50.009978440600285,30.672550534074936,,,,,,,,,2,baseline_geometric,25.5,49.995065603657316,30.771894466447833,5.0,-0.0986798099635267,1.639705896985157
5.133333333333333,25.675225131811736,50.03246853654913,30.81137089732223,,,,,,,,,2,baseline_geometric,25.666666666666664,49.99122830098858,30.826403421475433,5.0,-0.13155624611992286,1.630823932697695
5.166666666666667,25.84364280355487,50.061039888619774,30.895439614171124,,,,,,,,,2,baseline_geometric,25.833333333333336,49.986295347545735,30.880615565184314,5.0,-0.16441825565142923,1.6218972585483122
5.2,26.030758691065827,50.018476586350566,30.907453495543745,,,,,,,,,2,baseline_geometric,26.0,49.98026728428272,30.934529411321172,5.0,-0.1972622348683774,1.6129261192662916
5.233333333333333,26.25831394259986,49.97116871797158,31.060042612725688,,,,,,,,,2,baseline_geometric,26.166666666666664,49.97314477224458,30.98814348181068,5.0,-0.23008458205832824,1.6039107607999477
5.266666666666667,26.2493035587081,49.94403038414009,31.143040826694996,,,,,,,,,2,baseline_geometric,26.333333333333332,49.96492859249504,31.041456306796015,5.0,-0.2628816978810395,1.5948514303098862
5.3,26.52160128144166,49.97745012733185,31.174790880600032,,,,,,,,,2,baseline_geometric,26.5,49.9556196460308,31.094466424679148,5.0,-0.29564998576317125,1.5857483761622289
5.333333333333333,26.697435133988748,49.92634398687669,31.20865331809433,,,,,,,,,2,baseline_geometric,26.666666666666668,49.94521895368273,31.14717238216091,5.0,-0.32838585229269024,1.5766018479218045
5.366666666666666,26.892497794422088,49.96096307620695,31.14276442339324,,,,,,,,,2,baseline_geometric,26.833333333333332,49.93372765600397,31.19957273428087,5.0,-0.3610857076129338,1.5674120963453047
5.4,27.028840221248384,49.95269597789575,31.271603385532686,,,,,,,,,2,baseline_geometric,27.0,49.921147013144775,31.251666044456893,5.0,-0.3937459658162723,1.5581793733744105
5.433333333333334,27.203472312627124,49.94738892429993,31.37021148205659,,,,,,,,,2,baseline_geometric,27.166666666666668,49.90747840471444,31.303450884524565,5.0,-0.4263630453373438,1.5489039321288869
5.466666666666667,27.3058342626279,49.88229039860094,31.297089539331857,,,,,,,,,2,baseline_geometric,27.333333333333332,49.89272332962988,31.354925834776346,5.0,-0.45893336934582,1.5395860268996406
5.5,27.53225663812591,49.907185729068665,31.441115358159983,,,,,,,,,2,baseline_geometric,27.500000000000004,49.876883405951375,31.406089484000468,5.0,-0.49145336613863916,1.5302259131417502
5.533333333333333,27.697054041624536,49.91744667864175,31.48368658414579,,,,,,,,,2,baseline_geometric,27.666666666666668,49.85996037070505,31.456940429519634,5.0,-0.5239194695316837,1.5208238474674636
5.566666666666666,27.844875078296017,49.84846254349986,31.37255562771393,,,,,,,,,2,baseline_geometric,27.833333333333332,49.84195607969242,31.50747727722949,5.0,-0.556328119250859,1.5113800876391594
5.6,27.97868481395984,49.762382640033195,31.586291495576162,,,,,,,,,2,baseline_geometric,27.999999999999996,49.82287250728689,31.557698641636836,5.0,-0.5886757613225096,1.5018948925622848
5.633333333333333,28.21171592474985,49.82777523198896,31.57445639589083,,,,,,,,,2,baseline_geometric,28.16666666666666,49.80271174621722,31.607603145897592,5.0,-0.6209588484631585,1.4923685222782537
5.666666666666667,28.347751158355777,49.787191933224584,31.576602549350692,,,,,,,,,2,baseline_geometric,28.333333333333332,49.78147600733806,31.65718942185456,5.0,-0.6531738404685045,1.482801237957319
5.7,28.471901542312466,49.726521777503976,31.7720858150453,,,,,,,,,2,baseline_geometric,28.500000000000004,49.759167619387476,31.706456110074946,5.0,-0.6853172046016429,1.4731933018914143
5.733333333333333,28.69783023293047,49.73316264109539,31.680581132254403,,,,,,,,,2,baseline_geometric,28.666666666666668,49.7357890287316,31.7554018598876,5.0,-0.7173854159804732,1.46354497748696
5.766666666666667,28.86661139096645,49.68426600890991,31.82672334043374,,,,,,,,,2,baseline_geometric,28.833333333333332,49.71134279909636,31.804025329420057,5.0,-0.7493749579642417,1.453856529257644
5.8,28.90680860143462,49.70922152600217,31.97415450156685,,,,,,,,,2,baseline_geometric,28.999999999999996,49.68583161128631,31.852325185635355,5.0,-0.7812823225391818,1.4441282228171672
5.833333333333333,29.13707451041489,49.658589982798524,31.96151459046352,,,,,,,,,2,baseline_geometric,29.166666666666664,49.65925826289069,31.900300104368526,5.0,-0.8131040107032035,1.434360324871966
5.866666666666666,29.31879502187816,49.62236160644877,31.900616120606536,,,,,,,,,2,baseline_geometric,29.333333333333332,49.63162566797658,31.94794877036294,5.0,-0.8448365328496034,1.4245531032138965
5.9,29.46825407158803,49.606391013998234,31.989444785539074,,,,,,,,,2,baseline_geometric,29.500000000000004,49.60293685676943,31.99526987730636,5.0,-0.8764764091497338,1.4147068267128942
5.933333333333334,29.657018133630565,49.568383058337346,31.987610611925437,,,,,,,,,2,baseline_geometric,29.666666666666668,49.573194975320675,32.04226212786672,5.0,-0.9080201699346092,1.4048217653096036
5.966666666666667,29.83621291755996,49.519716873176726,32.08935245771724,,,,,,,,,2,baseline_geometric,29.833333333333336,49.54240328516277,32.08892423372774,5.0,-0.9394643560753931,1.3948981900079767
6.0,30.01059772863696,49.43406489148349,32.170828660667176,,,,,,,,,2,baseline_geometric,30.0,49.510565162951536,32.135254915624216,5.0,-0.970805519362733,1.3849363728678425
6.033333333333333,30.269454276334457,49.41707669684765,31.98223740073268,,,,,,,,,2,baseline_geometric,30.166666666666664,49.47768410009586,32.18125290337709,5.0,-1.0020402228848904,1.3749365869974508
6.066666666666666,30.395592203743355,49.50856625030257,32.215633925139755,,,,,,,,,2,baseline_geometric,30.333333333333336,49.44376370237481,32.226916935928315,5.0,-1.0331650414046427,1.3648991065459821
6.1,30.49137642725783,49.36802716508635,32.220536681056856,,,,,,,,,2,baseline_geometric,30.5,49.40880768954226,32.27224576137535,5.0,-1.0641765617348926,1.3548242066960334
6.133333333333333,30.747024437634632,49.391519098890555,32.14936343162928,,,,,,,,,2,baseline_geometric,30.666666666666664,49.37281989491892,32.31723813700556,5.0,-1.0950713831129677,1.3447121636560742
6.166666666666667,30.882075972991306,49.36264075693201,32.4165785060611,,,,,,,,,2,baseline_geometric,30.833333333333336,49.33580426497202,32.36189282933024,5.0,-1.125846117573553,1.334563254652871
6.2,31.028906879649774,49.28888644934708,32.46877658155116,,,,,,,,,2,baseline_geometric,31.0,49.297764858882516,32.40620861411843,5.0,-1.1564973903202131,1.324377757923892
6.233333333333333,31.093914306305628,49.27345423617546,32.60488019903663,,,,,,,,,2,baseline_geometric,31.166666666666664,49.25870584809995,32.45018427643051,5.0,-1.1870218400954828,1.314155952709675
6.266666666666667,31.264724658881537,49.17638399990723,32.44703121508404,,,,,,,,,2,baseline_geometric,31.333333333333336,49.21863151588501,32.493818610651495,5.0,-1.217416119549467,1.3038981192461732
6.3,31.57315540262066,49.212241671074864,32.44173988114691,,,,,,,,,2,baseline_geometric,31.5,49.17754625683981,32.53711042052405,5.0,-1.2476768956069089,1.2936045387570727
6.333333333333333,31.637334801110654,49.07214659451739,32.54807074753698,,,,,,,,,2,baseline_geometric,31.666666666666664,49.135454576426014,32.58005851918136,5.0,-1.2778008498327074,1.2832754934460826
6.366666666666666,31.746367899036862,49.091484044219214,32.57143103259693,,,,,,,,,2,baseline_geometric,31.83333333333333,49.09236109047069,32.62266172917959,5.0,-1.3077846787958147,1.2729112664891977
6.4,32.01855447920577,49.07398909196418,32.60313044048343,,,,,,,,,2,baseline_geometric,32.0,49.0482705246602,32.66491888253023,5.0,-1.337625094431499,1.2625121420269347
6.433333333333334,32.16480998496244,49.02273690980875,32.63427151931727,,,,,,,,,2,baseline_geometric,32.166666666666664,49.003187714021934,32.706828820732056,5.0,-1.367318824401913,1.2520784051565454
6.466666666666667,32.35372058814659,48.96278964774736,32.73995575695841,,,,,,,,,2,baseline_geometric,32.333333333333336,48.95711760239413,32.74839039480296,5.0,-1.39686261245495,1.2416103419241955
6.5,32.5262045997045,48.91748244281572,32.70017772261508,,,,,,,,,2,baseline_geometric,32.5,48.91006524188368,32.78960246531138,5.0,-1.426253218781319,1.231108239317127
6.533333333333333,32.68648193547169,48.891720759175904,32.84772349802459,,,,,,,,,2,baseline_geometric,32.666666666666664,48.86203579231215,32.8304639024076,5.0,-1.4554874203698356,1.2205723852557877
6.566666666666666,32.82769157439021,48.83600097728202,32.875609051667546,,,,,,,,,2,baseline_geometric,32.83333333333333,48.81303452064992,32.87097358585467,5.0,-1.4845620113608575,1.2100030685859386
6.6,33.03336103210344,48.754381869411105,32.799186178177855,,,,,,,,,2,baseline_geometric,32.99999999999999,48.76306680043864,32.911130405059154,5.0,-1.5134738033978394,1.1994005790707358
6.633333333333333,33.090834458696754,48.70817032665698,32.99603992751436,,,,,,,,,2,baseline_geometric,33.166666666666664,48.712138111201895,32.950933259101575,5.0,-1.5422196259769803,1.1887652073827844
6.666666666666667,33.32654435481319,48.631988451932095,32.79515073236837,,,,,,,,,2,baseline_geometric,33.333333333333336,48.66025403784438,32.99038105676658,5.0,-1.5707963267948972,1.1780972450961722
6.7,33.499723006423466,48.6106496465065,33.020530990663076,,,,,,,,,2,baseline_geometric,33.5,48.60742027003944,33.02947271657287,5.0,-1.5992007720943142,1.1673969846784744
6.733333333333333,33.63468268044087,48.534940865370615,33.07772471785313,,,,,,,,,2,baseline_geometric,33.666666666666664,48.55364260160506,33.06820716680284,5.0,-1.6274298470077162,1.1566647194827355
6.766666666666667,33.82202196828988,48.5098024004714,33.014081562644584,,,,,,,,,2,baseline_geometric,33.83333333333333,48.49892692986864,33.10658334553198,5.0,-1.6554804558989278,1.1459007437394262
6.8,33.968359798704164,48.421383929683664,33.268665024130385,,,,,,,,,2,baseline_geometric,34.0,48.44327925502015,33.144600200657955,5.0,-1.6833495227025794,1.13510535254838
6.833333333333333,34.19677972869427,48.400389701424594,33.17656211954552,,,,,,,,,2,baseline_geometric,34.166666666666664,48.38670567945424,33.18225668992948,5.0,-1.7110339912614432,1.1242788418706993
6.866666666666666,34.32026311569897,48.310722449514024,33.28573748626928,,,,,,,,,2,baseline_geometric,34.333333333333336,48.329212407101,33.21955178097488,5.0,-1.7385308256615637,1.1134215085206434
6.8999999999999995,34.462647860266536,48.23403076676361,33.199347493066675,,,,,,,,,2,baseline_geometric,34.5,48.27080574274562,33.2564844513304,5.0,-1.7658370105651886,1.1025336501574905
6.933333333333334,34.68900999102925,48.24152206990871,33.13337180852454,,,,,,,,,2,baseline_geometric,34.66666666666667,48.21149209133704,33.29305368846822,5.0,-1.7929495515414315,1.0916155652773774
6.966666666666667,34.838414211212715,48.16933023210722,33.36867861956717,,,,,,,,,2,baseline_geometric,34.833333333333336,48.151277957285544,33.32925848982423,5.0,-1.819865475394642,1.0806675532051169
7.0,35.00507621403876,48.11126044071648,33.407307315524896,,,,,,,,,2,baseline_geometric,35.0,48.09016994374947,33.365097862825515,5.0,-1.8465818304904564,1.0696899140859892
7.033333333333333,35.1081985424094,48.04087969780496,33.53672636773178,,,,,,,,,2,baseline_geometric,35.16666666666667,48.028174751911145,33.400570824917565,5.0,-1.873095687079472,1.0586829488775171
7.066666666666666,35.31325940987073,47.933156373068925,33.4903706063592,,,,,,,,,2,baseline_geometric,35.333333333333336,47.96529918024196,33.435676403591195,5.0,-1.8994041376185282,1.047646959341212
7.1,35.44257051855488,47.9014175679154,33.38300705972367,,,,,,,,,2,baseline_geometric,35.5,47.901550123756905,33.47041363640923,5.0,-1.9255042970895555,1.0365822480343017
7.133333333333333,35.705588434872006,47.83582579447067,33.40217051847063,,,,,,,,,2,baseline_geometric,35.666666666666664,47.836934573258404,33.5047815710329,5.0,-1.9513933033159456,1.0254891183014356
7.166666666666667,35.866519167761,47.80268513618463,33.49620265050653,,,,,,,,,2,baseline_geometric,35.833333333333336,47.77145961456971,33.53877926524791,5.0,-1.9770683172764245,1.0143678742663684
7.2,35.96816205252154,47.679706198562336,33.52420100586967,,,,,,,,,2,baseline_geometric,36.0,47.70513242775789,33.572405786990295,5.0,-2.002526523416379,1.0032188208236241
7.233333333333333,36.177615737296804,47.64938711496404,33.57008317333855,,,,,,,,,2,baseline_geometric,36.16666666666667,47.63796028634642,33.60566021437197,5.0,-2.0277651299566184,0.9920422636301345
7.266666666666667,36.307919895360705,47.578080867021484,33.50516598792641,,,,,,,,,2,baseline_geometric,36.333333333333336,47.56995055651756,33.63854163570603,5.0,-2.0527813691995207,0.9808385090968613
7.3,36.48846207411812,47.51037944699236,33.523879504819064,,,,,,,,,2,baseline_geometric,36.5,47.50111069630459,33.671049149531676,5.0,-2.0775724978325467,0.9696078643803943
7.333333333333333,36.61392037198205,47.37148222736279,33.77492849245061,,,,,,,,,2,baseline_geometric,36.666666666666664,47.43144825477395,33.703181864639014,5.0,-2.1021357972290717,0.9583506373745312
7.366666666666666,36.81741737366324,47.3763051056872,33.703249996482256,,,,,,,,,2,baseline_geometric,36.83333333333333,47.360970871197345,33.73493890009341,5.0,-2.1264685737465143,0.9470671367018366
7.3999999999999995,37.00774084946689,47.329126017296026,33.86518932577168,,,,,,,,,2,baseline_geometric,37.0,47.28968627421411,33.76631938525972,5.0,-2.1505681590217223,0.9357576717051819
7.433333333333334,37.1364572024744,47.22284381510332,33.846183699312434,,,,,,,,,2,baseline_geometric,37.16666666666667,47.21760228098362,33.79732245982606,5.0,-2.1744319102635936,0.9244225524392627
7.466666666666667,37.25789690447231,47.125201332837264,33.87720369536358,,,,,,,,,2,baseline_geometric,37.333333333333336,47.14472679632803,33.827947273827505,5.0,-2.1980572105428826,0.9130620896621002
7.5,37.562753190082326,47.05602681738975,33.77972084327194,,,,,,,,,2,baseline_geometric,37.5,47.071067811865476,33.8581929876693,5.0,-2.221441469079183,0.9016765948265195
7.533333333333333,37.65241290797632,46.990452701611815,33.71272489277698,,,,,,,,,2,baseline_geometric,37.666666666666664,46.99663340513366,33.88805877214992,5.0,-2.244582121525028,0.890266380071613
7.566666666666666,37.86619948882378,46.93873284902439,33.83740438204562,,,,,,,,,2,baseline_geometric,37.83333333333333,46.92143173870407,33.9175438084838,5.0,-2.2674766302471068,0.8788317582141818
7.6,38.0878491104631,46.86852594398123,33.86893597165246,,,,,,,,,2,baseline_geometric,38.0,46.845471059286886,33.946647288323774,5.0,-2.2901224846045407,0.86737304274016
7.633333333333333,38.13804122200763,46.760360487526526,33.94822473611164,,,,,,,,,2,baseline_geometric,38.166666666666664,46.768759696826606,33.97536841378323,5.0,-2.3125172012242032,0.8558905477960213
7.666666666666667,38.355704267418346,46.7019035624227,34.0643952120185,,,,,,,,,2,baseline_geometric,38.333333333333336,46.691306063588584,34.003706397458025,5.0,-2.334658324273051,0.8443845881801645
7.7,38.5107183443292,46.5762202820193,34.03114314021801,,,,,,,,,2,baseline_geometric,38.5,46.61311865323652,34.03166046244801,5.0,-2.356543425727433,0.8328554793342855
7.733333333333333,38.682362728659136,46.51537386358321,34.060482516865875,,,,,,,,,2,baseline_geometric,38.666666666666664,46.53420603990106,34.05922984237837,5.0,-2.378170105639354,0.8213035373347265
7.766666666666667,38.845442951003086,46.46628522073245,34.17478902150086,,,,,,,,,2,baseline_geometric,38.83333333333333,46.45457687723951,34.08641378142064,5.0,-2.39953599239965,0.809729078883813
7.8,38.953271791511895,46.3503205748804,34.12593800777751,,,,,,,,,2,baseline_geometric,39.0,46.3742398974869,34.11321153431338,5.0,-2.420638742998068,0.7981324213011697
7.833333333333333,39.13753697625878,46.27719426605979,34.20773561352829,,,,,,,,,2,baseline_geometric,39.166666666666664,46.29320391049838,34.139622366382675,5.0,-2.4414760432801965,0.7865138825150226
7.866666666666666,39.32017574033251,46.170030988255576,34.11377020183809,,,,,,,,,2,baseline_geometric,39.33333333333333,46.21147780278311,34.165645553562214,5.0,-2.4620456082012443,0.7748737810534823
7.8999999999999995,39.52328834359678,46.113373858177304,34.19043093261201,,,,,,,,,2,baseline_geometric,39.49999999999999,46.12907053652977,34.19128038241318,5.0,-2.4823451820766205,0.7632124360358096
7.933333333333334,39.747717655631945,46.102747918876844,34.152684536403854,,,,,,,,,2,baseline_geometric,39.666666666666664,46.04599114862375,34.216526150143785,5.0,-2.502372538829295,0.7515301671636686
7.966666666666667,39.901544940264394,46.00809590688075,34.21588932945439,,,,,,,,,2,baseline_geometric,39.83333333333333,45.96224874965616,34.241382164628554,5.0,-2.522125482233911,0.7398272947123623
8.0,40.025224298876395,45.88603035285894,34.19940818838089,,,,,,,,,2,baseline_geometric,40.0,45.877852522924734,34.265847744427305,5.0,-2.5416018461576297,0.72810413952205
8.033333333333333,40.199247788393045,45.81651976576819,34.23058780294402,,,,,,,,,2,baseline_geometric,40.166666666666664,45.79281172342679,34.289922218803795,5.0,-2.560799494797668,0.7163610229889535
8.066666666666666,40.32115453966335,45.72086785806471,34.26285116478622,,,,,,,,,2,baseline_geometric,40.33333333333333,45.70713567684432,34.31360492774415,5.0,-2.5797163229155133,0.7045982670565452
8.1,40.49739636354999,45.62922342747036,34.45508577163604,,,,,,,,,2,baseline_geometric,40.5,45.62083377852131,34.336895221974956,5.0,-2.59835025606779,0.69281619420672
8.133333333333333,40.67319353887331,45.54666260865808,34.45780059831374,,,,,,,,,2,baseline_geometric,40.666666666666664,45.533915492433444,34.359792462981005,5.0,-2.616699250833743,0.6810151274509572
8.166666666666666,40.89871767005814,45.48308087504712,34.29205090314104,,,,,,,,,2,baseline_geometric,40.833333333333336,45.446390350150274,34.382296023022896,5.0,-2.6347612950393233,0.6691953903214624
8.2,41.00288231781045,45.35669333129746,34.34060780629777,,,,,,,,,2,baseline_geometric,41.0,45.35826794978997,34.40440528515414,5.0,-2.65253440797784,0.6573573068623008
8.233333333333333,41.17721464104139,45.29011646142976,34.35530405698253,,,,,,,,,2,baseline_geometric,41.166666666666664,45.26955795496678,34.42611964323817,5.0,-2.6700166406271766,0.6455012016205093
8.266666666666666,41.331779012989024,45.21005304308086,34.444942729299925,,,,,,,,,2,baseline_geometric,41.33333333333333,45.18027009373131,34.44743850196487,5.0,-2.6872060758635152,0.6336273996372033
8.3,41.498916640683014,45.1219444082207,34.43348083770383,,,,,,,,,2,baseline_geometric,41.5,45.09041415750371,34.46836127686697,5.0,-2.704100828671577,0.6217362264386606
8.333333333333334,41.68967927469039,44.994837787003746,34.52373328407045,,,,,,,,,2,baseline_geometric,41.66666666666667,45.0,34.488887394336025,5.0,-2.720699046351327,0.6098280080274033
8.366666666666667,41.918969642065804,44.982207859111995,34.597706941756435,,,,,,,,,2,baseline_geometric,41.833333333333336,44.90903753615141,34.50901629163815,5.0,-2.7369989087211524,0.5979030708732536
8.4,42.02235259509702,44.81494414702967,34.56112158627581,,,,,,,,,2,baseline_geometric,42.00000000000001,44.81753674101715,34.52874741692946,5.0,-2.7529986283174632,0.5859617419043867
8.433333333333334,42.175522545797435,44.66350224190643,34.59185896281525,,,,,,,,,2,baseline_geometric,42.16666666666667,44.72550764869054,34.5480802292712,5.0,-2.7686964505907037,0.5740043484983696
8.466666666666667,42.36841606391387,44.642243595664276,34.610174699366304,,,,,,,,,2,baseline_geometric,42.333333333333336,44.63296035119862,34.56701419864454,5.0,-2.7840906540977644,0.5620312184731816
8.5,42.56748145092889,44.58018029043003,34.589173715688986,,,,,,,,,2,baseline_geometric,42.5,44.53990499739547,34.585548805965146,5.0,-2.7991795506907526,0.5500426800782316
8.533333333333333,42.63585433440029,44.45306129700839,34.6165017495973,,,,,,,,,2,baseline_geometric,42.666666666666664,44.44635179184928,34.603683543097404,5.0,-2.813961485702121,0.5380390619853552
8.566666666666666,42.825374687472184,44.34277400629334,34.65757307073502,,,,,,,,,2,baseline_geometric,42.833333333333336,44.35231099372328,34.621417912868324,5.0,-2.8284348381261193,0.5260206932798055
8.6,43.06454033218373,44.34544451254386,34.49318454652706,,,,,,,,,2,baseline_geometric,43.0,44.257792915650725,34.63875142908121,5.0,-2.8425980207965527,0.5139879034512326
8.633333333333333,43.137726744418515,44.125520230154365,34.846929321245135,,,,,,,,,2,baseline_geometric,43.166666666666664,44.16280792260401,34.655683616528954,5.0,-2.8564494805608387,0.5019410223846468
8.666666666666666,43.3346037411277,44.094589034685896,34.776272742353456,,,,,,,,,2,baseline_geometric,43.33333333333333,44.06736643075801,34.672214011007085,5.0,-2.86998769845032,0.48988038035137915
8.7,43.444086826958994,43.93245111217825,34.68159697908183,,,,,,,,,2,baseline_geometric,43.49999999999999,43.97147890634781,34.68834215932649,5.0,-2.883211189846845,0.47780630800002294
8.733333333333333,43.63230322155494,43.84894459703002,34.83876292786776,,,,,,,,,2,baseline_geometric,43.666666666666664,43.875155864521034,34.704067619325826,5.0,-2.8961185046455666,0.4657191363473702
8.766666666666666,43.83810436841428,43.84089323743002,34.80661689274812,,,,,,,,,2,baseline_geometric,43.83333333333333,43.77840786818467,34.71938995988368,5.0,-2.9087082274139644,0.45361919676933865
8.8,43.95724625427719,43.60161512614859,34.77626853712489,,,,,,,,,2,baseline_geometric,44.00000000000001,43.68124552684678,34.73430876093033,5.0,-2.920978977547065,0.44150682099188254
8.833333333333334,44.15104338204546,43.61209083530365,34.745998341703185,,,,,,,,,2,baseline_geometric,44.16666666666667,43.583679495453005,34.74882361345932,5.0,-2.932929409418835,0.42938234108190443
8.866666666666667,44.29941866363574,43.47500397457507,34.70350162186332,,,,,,,,,2,baseline_geometric,44.333333333333336,43.48572047321815,34.76293411953863,5.0,-2.944558212529752,0.4172460894381445
8.9,44.46988001838951,43.36761673013654,34.72213271316181,,,,,,,,,2,baseline_geometric,44.5,43.38737920245291,34.77663989232161,5.0,-2.95586411165051,0.4050983987820719
8.933333333333334,44.662752273953366,43.27425699444447,34.77699655970497,,,,,,,,,2,baseline_geometric,44.666666666666664,43.28866646738584,34.78994055605757,5.0,-2.9668458669618647,0.39293960214876306
8.966666666666667,44.838870915582525,43.25051640992784,34.910443152876994,,,,,,,,,2,baseline_geometric,44.833333333333336,43.1895930929807,34.802835746102105,5.0,-2.9775022741905937,0.3807700328777687
9.0,44.98617510250518,43.05806899007572,34.82315606842242,,,,,,,,,2,baseline_geometric,45.0,43.09016994374947,34.81532510892707,5.0,-2.9878321647415556,0.3685900246039791
9.033333333333333,45.18699286690893,43.081277906012595,34.88669861913847,,,,,,,,,2,baseline_geometric,45.166666666666664,42.99040792256087,34.82740830213025,5.0,-2.997834405825846,0.356399911248473
9.066666666666666,45.337303016339554,42.89067719119032,34.783926436206684,,,,,,,,,2,baseline_geometric,45.33333333333333,42.890317969444716,34.839084994444825,5.0,-3.0075079005850145,0.34420002700936525
9.1,45.51806111463754,42.80794948535489,34.81259769728939,,,,,,,,,2,baseline_geometric,45.49999999999999,42.7899110603923,34.850354865748365,5.0,-3.01685158821135,0.33199070635264627
9.133333333333333,45.60952648983055,42.63471547051991,34.90960969524798,,,,,,,,,2,baseline_geometric,45.666666666666664,42.68919820615266,34.86121760707165,5.0,-3.025864444064211,0.3197722840030081
9.166666666666666,45.84659350241892,42.594122939095264,34.88029027821855,,,,,,,,,2,baseline_geometric,45.83333333333333,42.58819045102521,34.87167292060715,5.0,-3.034545479782387,0.30754509493467275
9.2,45.992862606926025,42.45712948230257,34.95441378732872,,,,,,,,,2,baseline_geometric,46.0,42.48689887164855,34.88172051971716,5.0,-3.042893743392486,0.2953094743622045
9.233333333333333,46.20153823648822,42.43176993008299,34.793307144862126,,,,,,,,,2,baseline_geometric,46.166666666666664,42.38533457578581,34.891360128941685,5.0,-3.050908319413326,0.2830657577313215
9.266666666666666,46.36114809775705,42.33920421668192,34.88872234319144,,,,,,,,,2,baseline_geometric,46.33333333333333,42.28350870110656,34.90059148400594,5.0,-3.058588328956331,0.2708142807097012
9.3,46.5125068424687,42.20452157770287,34.89695740512729,,,,,,,,,2,baseline_geometric,46.5,42.181432413965425,34.9094143318277,5.0,-3.065932929821908,0.25855537917777327
9.333333333333334,46.684797718726216,42.08351455132547,34.833667446114156,,,,,,,,,2,baseline_geometric,46.666666666666664,42.079116908177596,34.9178284305241,5.0,-3.0729413165918062,0.24628938921951798
9.366666666666667,46.80144612448952,41.97086821137409,34.99418435175522,,,,,,,,,2,baseline_geometric,46.833333333333336,41.97657340379126,34.9258335494184,5.0,-3.0796127207174386,0.2340166471132445
9.4,47.0193796180633,41.89413327201903,35.01333293135528,,,,,,,,,2,baseline_geometric,47.0,41.87381314585725,34.9334294690462,5.0,-3.085946410604164,0.22173748932237822
9.433333333333334,47.208164358028235,41.83094659841462,34.88608977420391,,,,,,,,,2,baseline_geometric,47.16666666666667,41.77084740319584,34.94061598116154,5.0,-3.09194169169151,0.2094522524862323
9.466666666666667,47.31370910651163,41.66740663807724,34.924072453357134,,,,,,,,,2,baseline_geometric,47.333333333333336,41.667687467161024,34.94739288874257,5.0,-3.0975979065293475,0.1971612734107804
9.5,47.49885334875609,41.600986525337795,34.780440390688284,,,,,,,,,2,baseline_geometric,47.5,41.56434465040231,34.95376000599692,5.0,-3.102914434849978,0.18486488905942214
9.533333333333333,47.70421360289857,41.442737062775656,34.96492885614959,,,,,,,,,2,baseline_geometric,47.66666666666667,41.46083028562411,34.95971715836687,5.0,-3.10789069363616,0.17256343654374648
9.566666666666666,47.83690854262573,41.329339360873256,34.98684592317923,,,,,,,,,2,baseline_geometric,47.833333333333336,41.357155724343045,34.96526418253408,5.0,-3.1125261371850397,0.16025725311428865
9.6,47.9904879262818,41.26170917558313,35.050110986970424,,,,,,,,,2,baseline_geometric,48.0,41.253332335643044,34.97040092642408,5.0,-3.116820257167995,0.14794667615128335
9.633333333333333,48.17258769264157,41.11508205175568,35.03776344846945,,,,,,,,,2,baseline_geometric,48.166666666666664,41.14937150492867,34.97512724921042,5.0,-3.1207725826863806,0.13563204315541663
9.666666666666666,48.344288359793055,41.10889554899338,34.94046159370401,,,,,,,,,2,baseline_geometric,48.33333333333333,41.045284632676534,34.97944302131861,5.0,-3.1243826803231642,0.12331369173857222
9.7,48.5111540282882,40.97091749502068,34.90355331300858,,,,,,,,,2,baseline_geometric,48.5,40.941083133185145,34.983348124429554,5.0,-3.1276501541904578,0.11099195961457735
9.733333333333333,48.722798467535746,40.92987107197126,34.94859902666945,,,,,,,,,2,baseline_geometric,48.666666666666664,40.836778433323154,34.98684245148287,5.0,-3.1305746459729304,0.09866718458994296
9.766666666666666,48.846481376750575,40.73182629657563,34.955125587838566,,,,,,,,,2,baseline_geometric,48.83333333333333,40.73238197127632,34.989925906679844,5.0,-3.1331558349671025,0.08633970455460167
9.8,48.987711134693775,40.61488108752979,35.00678470866712,,,,,,,,,2,baseline_geometric,49.00000000000001,40.62790519529313,34.99259840548598,5.0,-3.1353934381165134,0.07400985747264478
9.833333333333334,49.138250969995404,40.566675015587194,34.92835961339723,,,,,,,,,2,baseline_geometric,49.16666666666667,40.52335956242944,34.99485987463336,5.0,-3.137287210042762,0.06167798137306051
9.866666666666667,49.323656838449224,40.366741950983084,35.09061676430693,,,,,,,,,2,baseline_geometric,49.333333333333336,40.418756537292,34.99671025212268,5.0,-3.1388369430724166,0.04934441434046049
9.9,49.493330732532385,40.32045712556978,35.00779998674864,,,,,,,,,2,baseline_geometric,49.5,40.31410759078128,34.99814948722491,5.0,-3.1400424672597853,0.037009494505814644
9.933333333333334,49.65580797784588,40.24857324479227,34.96537006381185,,,,,,,,,2,baseline_geometric,49.66666666666667,40.20942419883357,34.999177540482684,5.0,-3.1409036504055567,0.024673560037181706
9.966666666666667,49.8275020136979,40.15467795509563,34.895475674137444,,,,,,,,,2,baseline_geometric,49.833333333333336,40.104717841162454,34.999794383711404,5.0,-3.1414203980712943,0.012336949130437112
10.0,49.99189055605433,40.04344146631569,34.92399517144823,,,,,,,,,2,baseline_geometric,50.0,40.0,35.0,5.0,-3.141592653589793,1.4427530202913423e-16
10.033333333333333,50.17027054275349,39.89241077406479,34.986625816950706,,,,,,,,,2,baseline_geometric,50.16666666666667,39.89528215883754,34.999794383711404,5.0,-3.1414203980712943,-0.012336949130437348
10.066666666666666,50.327598035055075,39.70339455605369,34.97952708496056,,,,,,,,,2,baseline_geometric,50.33333333333333,39.79057580116643,34.999177540482684,5.0,-3.1409036504055567,-0.02467356003718142
10.1,50.48563069312061,39.75149808362201,34.99425801697954,,,,,,,,,2,baseline_geometric,50.5,39.68589240921872,34.99814948722491,5.0,-3.1400424672597853,-0.03700949450581436
10.133333333333333,50.65451257124013,39.60431244237098,35.0229743246463,,,,,,,,,2,baseline_geometric,50.66666666666666,39.58124346270801,34.99671025212268,5.0,-3.1388369430724166,-0.04934441434045968
10.166666666666666,50.87307331884552,39.46164423248757,34.913601790492756,,,,,,,,,2,baseline_geometric,50.83333333333333,39.476640437570566,34.99485987463336,5.0,-3.137287210042762,-0.06167798137306023
10.2,50.9899941527401,39.36373577954263,34.905621661150235,,,,,,,,,2,baseline_geometric,51.0,39.37209480470687,34.99259840548598,5.0,-3.1353934381165134,-0.07400985747264502
10.233333333333333,51.16853612530405,39.27982896222313,35.041537261533385,,,,,,,,,2,baseline_geometric,51.16666666666666,39.26761802872369,34.989925906679844,5.0,-3.133155834967103,-0.08633970455460034
10.266666666666666,51.325552599556254,39.195351099311125,35.05432229001855,,,,,,,,,2,baseline_geometric,51.33333333333333,39.16322156667685,34.98684245148287,5.0,-3.1305746459729304,-0.09866718458994214
10.3,51.53560658128087,39.11765972933808,34.92433486421171,,,,,,,,,2,baseline_geometric,51.5,39.05891686681486,34.983348124429554,5.0,-3.1276501541904578,-0.11099195961457706
10.333333333333334,51.67493897832009,38.886613846138836,35.00338823793421,,,,,,,,,2,baseline_geometric,51.66666666666667,38.954715367323466,34.97944302131861,5.0,-3.1243826803231642,-0.12331369173857193
10.366666666666667,51.8665120938009,38.863630756475935,35.01863093113409,,,,,,,,,2,baseline_geometric,51.83333333333333,38.850628495071334,34.97512724921042,5.0,-3.120772582686381,-0.13563204315541583
10.4,52.03002401318876,38.79449657251822,34.98235192978586,,,,,,,,,2,baseline_geometric,52.0,38.746667664356956,34.97040092642408,5.0,-3.1168202571679955,-0.14794667615128307
10.433333333333334,52.16420249033875,38.6412214164165,35.093456033637636,,,,,,,,,2,baseline_geometric,52.16666666666667,38.642844275656955,34.96526418253408,5.0,-3.1125261371850397,-0.16025725311428887
10.466666666666667,52.34375586758162,38.54523643018259,35.111537084875586,,,,,,,,,2,baseline_geometric,52.33333333333333,38.53916971437589,34.95971715836687,5.0,-3.10789069363616,-0.17256343654374617
10.5,52.49259775260987,38.40688691258121,35.01856063351219,,,,,,,,,2,baseline_geometric,52.5,38.435655349597695,34.95376000599692,5.0,-3.1029144348499784,-0.18486488905942183
10.533333333333333,52.68225284428611,38.32746358935025,34.95359589789299,,,,,,,,,2,baseline_geometric,52.666666666666664,38.33231253283898,34.94739288874257,5.0,-3.097597906529348,-0.19716127341077963
10.566666666666666,52.8203436872352,38.312980803679686,35.0044522355464,,,,,,,,,2,baseline_geometric,52.83333333333333,38.22915259680417,34.94061598116154,5.0,-3.0919416916915106,-0.20945225248623203
10.6,52.972529091142924,38.17558860081591,34.90733149611528,,,,,,,,,2,baseline_geometric,53.0,38.12618685414275,34.9334294690462,5.0,-3.0859464106041634,-0.22173748932237844
10.633333333333333,53.153764997198245,38.0909052754249,35.00616244102935,,,,,,,,,2,baseline_geometric,53.166666666666664,38.02342659620874,34.9258335494184,5.0,-3.079612720717439,-0.2340166471132442
10.666666666666666,53.32041448170893,37.871687586838,34.87927060019681,,,,,,,,,2,baseline_geometric,53.333333333333336,37.92088309182241,34.917828430524104,5.0,-3.0729413165918062,-0.24628938921951768
10.7,53.44913048059208,37.782445027414305,34.82342878635088,,,,,,,,,2,baseline_geometric,53.49999999999999,37.81856758603458,34.9094143318277,5.0,-3.0659329298219085,-0.258555379177773
10.733333333333333,53.6388604477882,37.71324974761912,34.905064376283136,,,,,,,,,2,baseline_geometric,53.666666666666664,37.716491298893445,34.90059148400594,5.0,-3.058588328956331,-0.2708142807097004
10.766666666666666,53.806860914381915,37.625251953284405,34.88095185795076,,,,,,,,,2,baseline_geometric,53.833333333333336,37.614665424214195,34.891360128941685,5.0,-3.0509083194133266,-0.2830657577313212
10.8,53.96989872645454,37.43581407632319,34.81528797782149,,,,,,,,,2,baseline_geometric,54.0,37.51310112835145,34.88172051971716,5.0,-3.042893743392486,-0.2953094743622042
10.833333333333334,54.19771945029174,37.4172886786516,34.80162710235756,,,,,,,,,2,baseline_geometric,54.16666666666667,37.41180954897479,34.87167292060715,5.0,-3.034545479782387,-0.307545094934673
10.866666666666667,54.33652416404708,37.27854706418919,34.83670982593154,,,,,,,,,2,baseline_geometric,54.333333333333336,37.31080179384735,34.86121760707165,5.0,-3.0258644440642115,-0.31977228400300783
10.9,54.483495514304565,37.24572453648688,34.88074764831877,,,,,,,,,2,baseline_geometric,54.50000000000001,37.21008893960771,34.850354865748365,5.0,-3.0168515882113502,-0.331990706352646
10.933333333333334,54.69196116199936,37.10519190206549,34.714355049483636,,,,,,,,,2,baseline_geometric,54.666666666666664,37.109682030555284,34.839084994444825,5.0,-3.007507900585015,-0.34420002700936503
10.966666666666667,54.83057737003334,36.97024022210345,34.843878295666066,,,,,,,,,2,baseline_geometric,54.833333333333336,37.00959207743913,34.82740830213025,5.0,-2.997834405825846,-0.35639991124847265
11.0,54.97641980880293,36.81404930207361,34.8528631174987,,,,,,,,,2,baseline_geometric,55.00000000000001,36.90983005625052,34.81532510892706,5.0,-2.9878321647415556,-0.3685900246039794
11.033333333333333,55.23298874184942,36.70236916733991,34.77456856231223,,,,,,,,,2,baseline_geometric,55.166666666666664,36.810406907019306,34.80283574610211,5.0,-2.9775022741905937,-0.3807700328777685
11.066666666666666,55.347938398791754,36.7268802999089,34.75665746981902,,,,,,,,,2,baseline_geometric,55.333333333333336,36.71133353261417,34.78994055605757,5.0,-2.966845866961865,-0.3929396021487628
11.1,55.45034117042884,36.66140413006239,34.84768727573379,,,,,,,,,2,baseline_geometric,55.49999999999999,36.61262079754709,34.77663989232161,5.0,-2.9558641116505107,-0.40509839878207154
11.133333333333333,55.64812790815054,36.505619844273696,34.752296441514886,,,,,,,,,2,baseline_geometric,55.666666666666664,36.51427952678185,34.76293411953863,5.0,-2.9445582125297523,-0.4172460894381443
11.166666666666666,55.896819651861406,36.36514292565014,34.87334732699353,,,,,,,,,2,baseline_geometric,55.833333333333336,36.416320504546995,34.74882361345932,5.0,-2.932929409418835,-0.4293823410819046
11.2,56.00536748886165,36.266848175332704,34.75055248450978,,,,,,,,,2,baseline_geometric,55.99999999999999,36.31875447315323,34.73430876093033,5.0,-2.920978977547065,-0.44150682099188227
11.233333333333333,56.15604682515105,36.268923800984794,34.721425745986885,,,,,,,,,2,baseline_geometric,56.166666666666664,36.22159213181533,34.71938995988368,5.0,-2.9087082274139653,-0.4536191967693378
11.266666666666666,56.385353456714306,36.11668631052609,34.58362239536449,,,,,,,,,2,baseline_geometric,56.33333333333332,36.12484413547898,34.704067619325826,5.0,-2.896118504645568,-0.4657191363473689
11.3,56.52127049942077,36.01116021621029,34.62602167450561,,,,,,,,,2,baseline_geometric,56.50000000000001,36.028521093652195,34.68834215932649,5.0,-2.883211189846845,-0.4778063080000226
11.333333333333334,56.696964584471374,35.93841841750975,34.595557473316184,,,,,,,,,2,baseline_geometric,56.666666666666664,35.932633569242,34.672214011007085,5.0,-2.869987698450321,-0.4898803803513784
11.366666666666667,56.86484264030321,35.79120625475384,34.681392225050644,,,,,,,,,2,baseline_geometric,56.833333333333336,35.83719207739599,34.655683616528954,5.0,-2.8564494805608387,-0.5019410223846464
11.4,57.01079040747875,35.7451889913315,34.59536608307821,,,,,,,,,2,baseline_geometric,57.00000000000001,35.742207084349275,34.63875142908121,5.0,-2.842598020796553,-0.5139879034512322
11.433333333333334,57.144692808904125,35.72778688833053,34.50060228805894,,,,,,,,,2,baseline_geometric,57.166666666666664,35.64768900627673,34.621417912868324,5.0,-2.8284348381261197,-0.5260206932798053
11.466666666666667,57.342859559947776,35.52192568510838,34.56269292863727,,,,,,,,,2,baseline_geometric,57.333333333333336,35.553648208150726,34.603683543097404,5.0,-2.8139614857021216,-0.5380390619853549
11.5,57.511480078356925,35.492415875365154,34.49767027620155,,,,,,,,,2,baseline_geometric,57.49999999999999,35.46009500260454,34.585548805965146,5.0,-2.7991795506907535,-0.5500426800782308
11.533333333333333,57.65760995432778,35.329651658254,34.54089630393643,,,,,,,,,2,baseline_geometric,57.666666666666664,35.36703964880139,34.56701419864454,5.0,-2.784090654097765,-0.5620312184731813
11.566666666666666,57.789790181339846,35.33992615755111,34.52930935650779,,,,,,,,,2,baseline_geometric,57.833333333333336,35.27449235130946,34.5480802292712,5.0,-2.768696450590704,-0.5740043484983692
11.6,57.9927129691845,35.15415742655724,34.428787230478974,,,,,,,,,2,baseline_geometric,57.99999999999999,35.18246325898285,34.52874741692947,5.0,-2.7529986283174637,-0.5859617419043864
11.633333333333333,58.18227764039806,35.13821532621663,34.59054041118253,,,,,,,,,2,baseline_geometric,58.166666666666664,35.09096246384859,34.509016291638154,5.0,-2.736998908721153,-0.5979030708732533
11.666666666666666,58.32903370117908,35.01776109369204,34.56299046158857,,,,,,,,,2,baseline_geometric,58.33333333333333,35.00000000000001,34.488887394336025,5.0,-2.720699046351328,-0.6098280080274026
11.7,58.517831560641724,34.93891382106221,34.507217557918004,,,,,,,,,2,baseline_geometric,58.5,34.90958584249629,34.46836127686697,5.0,-2.7041008286715775,-0.6217362264386603
11.733333333333333,58.66226546484588,34.82770250514223,34.55674584505278,,,,,,,,,2,baseline_geometric,58.666666666666664,34.8197299062687,34.447438501964875,5.0,-2.6872060758635166,-0.6336273996372025
11.766666666666666,58.82072593988455,34.723374153724,34.39666821154492,,,,,,,,,2,baseline_geometric,58.83333333333333,34.73044204503323,34.426119643238174,5.0,-2.670016640627178,-0.6455012016205085
11.8,59.000841557435876,34.67396767874285,34.43626625854534,,,,,,,,,2,baseline_geometric,59.00000000000001,34.64173205021003,34.40440528515415,5.0,-2.65253440797784,-0.6573573068623003
11.833333333333334,59.211049431373574,34.528019554541345,34.36537961715733,,,,,,,,,2,baseline_geometric,59.166666666666664,34.55360964984973,34.382296023022896,5.0,-2.6347612950393238,-0.6691953903214621
11.866666666666667,59.35507696492135,34.493753847671975,34.363746202171725,,,,,,,,,2,baseline_geometric,59.333333333333336,34.466084507566556,34.359792462981005,5.0,-2.6166992508337437,-0.6810151274509569
11.9,59.51414368674399,34.35418505092252,34.327554718418995,,,,,,,,,2,baseline_geometric,59.5,34.3791662214787,34.336895221974956,5.0,-2.5983502560677914,-0.6928161942067192
11.933333333333334,59.714243757557185,34.31057899742201,34.253526193767804,,,,,,,,,2,baseline_geometric,59.66666666666667,34.29286432315568,34.31360492774415,5.0,-2.579716322915514,-0.7045982670565448
11.966666666666667,59.850599292751646,34.16322982325147,34.377176524872695,,,,,,,,,2,baseline_geometric,59.833333333333336,34.20718827657321,34.289922218803795,5.0,-2.5607994947976676,-0.7163610229889538
12.0,59.927327009168316,34.17545260646943,34.25840345868891,,,,,,,,,2,baseline_geometric,60.0,34.12214747707527,34.265847744427305,5.0,-2.5416018461576297,-0.7281041395220498
12.033333333333333,60.165872441675425,34.074068140279614,34.2428885755549,,,,,,,,,2,baseline_geometric,60.16666666666667,34.037751250343845,34.24138216462856,5.0,-2.522125482233911,-0.7398272947123621
12.066666666666666,60.26318774863665,33.988427935642655,34.231864058373915,,,,,,,,,2,baseline_geometric,60.33333333333333,33.95400885137626,34.216526150143785,5.0,-2.502372538829296,-0.7515301671636678
12.1,60.50089676901535,33.913921970519866,34.19624266862963,,,,,,,,,2,baseline_geometric,60.5,33.87092946347024,34.19128038241318,5.0,-2.4823451820766214,-0.7632124360358089
12.133333333333333,60.64658357292159,33.766551749728585,34.00251400425622,,,,,,,,,2,baseline_geometric,60.66666666666667,33.7885221972169,34.165645553562214,5.0,-2.4620456082012443,-0.7748737810534819
12.166666666666666,60.830032896949284,33.6980851203245,34.06588574254811,,,,,,,,,2,baseline_geometric,60.83333333333333,33.70679608950163,34.139622366382675,5.0,-2.441476043280197,-0.7865138825150224
12.2,61.02203762432535,33.59595283764848,34.14809949379851,,,,,,,,,2,baseline_geometric,61.0,33.625760102513105,34.11321153431338,5.0,-2.4206387429980682,-0.7981324213011695
12.233333333333333,61.09542258787326,33.59172106836272,34.053646523989585,,,,,,,,,2,baseline_geometric,61.16666666666666,33.545423122760496,34.08641378142064,5.0,-2.399535992399653,-0.8097290788838118
12.266666666666666,61.33893265129281,33.42918973225367,34.130315108437955,,,,,,,,,2,baseline_geometric,61.33333333333333,33.46579396009895,34.05922984237837,5.0,-2.3781701056393554,-0.8213035373347258
12.3,61.566147913683636,33.3645976476664,34.018780063643604,,,,,,,,,2,baseline_geometric,61.5,33.38688134676348,34.03166046244801,5.0,-2.356543425727434,-0.8328554793342853
12.333333333333334,61.62236395040212,33.37350139551342,34.00993109121259,,,,,,,,,2,baseline_geometric,61.66666666666667,33.308693936411416,34.003706397458025,5.0,-2.3346583242730508,-0.8443845881801647
12.366666666666667,61.844057654497824,33.14499993335997,33.99919863367355,,,,,,,,,2,baseline_geometric,61.83333333333334,33.231240303173394,33.97536841378323,5.0,-2.312517201224203,-0.8558905477960215
12.4,61.99561629561196,33.214357537761444,33.94684714306379,,,,,,,,,2,baseline_geometric,62.0,33.154528940713114,33.946647288323774,5.0,-2.2901224846045416,-0.8673730427401598
12.433333333333334,62.18155321356656,33.058138373912655,34.01226470947262,,,,,,,,,2,baseline_geometric,62.16666666666667,33.07856826129593,33.9175438084838,5.0,-2.2674766302471077,-0.8788317582141816
12.466666666666667,62.37050646696654,33.03153042958377,33.91934469390981,,,,,,,,,2,baseline_geometric,62.33333333333333,33.00336659486635,33.88805877214992,5.0,-2.24458212152503,-0.8902663800716122
12.5,62.44444041819838,32.990883739524506,33.7663538070763,,,,,,,,,2,baseline_geometric,62.5,32.928932188134524,33.8581929876693,5.0,-2.2214414690791835,-0.9016765948265193
12.533333333333333,62.668902697353275,32.89946850381738,33.921469670713435,,,,,,,,,2,baseline_geometric,62.66666666666667,32.85527320367196,33.827947273827505,5.0,-2.198057210542882,-0.9130620896621003
12.566666666666666,62.80570097900618,32.7885714015893,33.75659282535664,,,,,,,,,2,baseline_geometric,62.83333333333333,32.78239771901638,33.79732245982606,5.0,-2.174431910263594,-0.9244225524392625
12.6,63.03031519903696,32.65477545592809,33.69111448723105,,,,,,,,,2,baseline_geometric,63.0,32.71031372578589,33.76631938525972,5.0,-2.150568159021723,-0.9357576717051816
12.633333333333333,63.17708147061418,32.6831104230767,33.744639461646116,,,,,,,,,2,baseline_geometric,63.16666666666666,32.63902912880266,33.73493890009342,5.0,-2.1264685737465157,-0.947067136701836
12.666666666666666,63.3738815596137,32.47137901874267,33.77680549151384,,,,,,,,,2,baseline_geometric,63.33333333333333,32.56855174522606,33.703181864639014,5.0,-2.1021357972290735,-0.9583506373745305
12.7,63.53200292556648,32.44409135899768,33.747944543620456,,,,,,,,,2,baseline_geometric,63.5,32.49888930369541,33.67104914953168,5.0,-2.0775724978325476,-0.969607864380394
12.733333333333333,63.66075156506204,32.431246523815574,33.71471944218531,,,,,,,,,2,baseline_geometric,63.66666666666666,32.43004944348244,33.638541635706034,5.0,-2.052781369199521,-0.9808385090968611
12.766666666666666,63.810563949382974,32.41391807397712,33.641289473552916,,,,,,,,,2,baseline_geometric,63.83333333333333,32.36203971365358,33.60566021437197,5.0,-2.027765129956618,-0.9920422636301347
12.8,64.0138059863361,32.25833308099573,33.54048944228121,,,,,,,,,2,baseline_geometric,64.0,32.294867572242104,33.57240578699029,5.0,-2.0025265234163787,-1.0032188208236243
12.833333333333334,64.10924823582926,32.2896842158941,33.51817601028917,,,,,,,,,2,baseline_geometric,64.16666666666667,32.22854038543029,33.53877926524791,5.0,-1.9770683172764238,-1.0143678742663687
12.866666666666667,64.32565486506597,32.12495431190157,33.4265416654949,,,,,,,,,2,baseline_geometric,64.33333333333333,32.1630654267416,33.5047815710329,5.0,-1.9513933033159474,-1.0254891183014347
12.9,64.4310203401859,32.14512393531657,33.42088628628362,,,,,,,,,2,baseline_geometric,64.5,32.098449876243095,33.47041363640923,5.0,-1.9255042970895562,-1.0365822480343014
12.933333333333334,64.61069867036049,32.05279309704664,33.501142101483104,,,,,,,,,2,baseline_geometric,64.66666666666667,32.03470081975804,33.43567640359119,5.0,-1.8994041376185276,-1.0476469593412123
12.966666666666667,64.80472464691303,32.07192553072463,33.34613928671393,,,,,,,,,2,baseline_geometric,64.83333333333333,31.971825248088855,33.400570824917565,5.0,-1.8730956870794726,-1.058682948877517
13.0,64.97107718023673,31.851665245375344,33.329691609678115,,,,,,,,,2,baseline_geometric,65.0,31.909830056250527,33.36509786282552,5.0,-1.846581830490457,-1.0696899140859892
13.033333333333333,65.15896942250686,31.900329258459923,33.26944382123647,,,,,,,,,2,baseline_geometric,65.16666666666666,31.848722042714463,33.329258489824234,5.0,-1.8198654753946448,-1.0806675532051158
13.066666666666666,65.32446412529087,31.70428456716499,33.23438198701129,,,,,,,,,2,baseline_geometric,65.33333333333333,31.788507908662964,33.29305368846822,5.0,-1.7929495515414333,-1.0916155652773767
13.1,65.50208323997813,31.671264832084688,33.268900130924514,,,,,,,,,2,baseline_geometric,65.5,31.729194257254385,33.2564844513304,5.0,-1.7658370105651904,-1.10253365015749
13.133333333333333,65.67070315833215,31.68899817238111,33.15372905956784,,,,,,,,,2,baseline_geometric,65.66666666666666,31.670787592899003,33.21955178097488,5.0,-1.7385308256615641,-1.1134215085206431
13.166666666666666,65.80284658089595,31.657796739587962,33.28628419058666,,,,,,,,,2,baseline_geometric,65.83333333333333,31.61329432054576,33.18225668992948,5.0,-1.7110339912614427,-1.1242788418706995
13.2,66.04350879568338,31.560269990173655,33.230234749454276,,,,,,,,,2,baseline_geometric,65.99999999999999,31.556720744979852,33.144600200657955,5.0,-1.6833495227025816,-1.1351053525483796
13.233333333333333,66.21468227854214,31.46485142897063,33.1025484830046,,,,,,,,,2,baseline_geometric,66.16666666666666,31.501073070131362,33.10658334553198,5.0,-1.6554804558989284,-1.145900743739426
13.266666666666666,66.3750520329386,31.401719907773376,32.9782378951181,,,,,,,,,2,baseline_geometric,66.33333333333333,31.446357398394934,33.06820716680284,5.0,-1.627429847007717,-1.1566647194827353
13.299999999999999,66.47550555418641,31.419007859170623,33.02753837389581,,,,,,,,,2,baseline_geometric,66.49999999999999,31.392579729960566,33.02947271657287,5.0,-1.5992007720943158,-1.1673969846784737
13.333333333333334,66.65147573456683,31.292345772218006,32.979339823193904,,,,,,,,,2,baseline_geometric,66.66666666666667,31.33974596215561,32.99038105676658,5.0,-1.5707963267948954,-1.1780972450961729
13.366666666666667,66.84314448558725,31.31067491391097,32.89668542153129,,,,,,,,,2,baseline_geometric,66.83333333333333,31.287861888798105,32.950933259101575,5.0,-1.542219625976981,-1.1887652073827841
13.4,66.95633692098085,31.274302167788306,32.91792175761719,,,,,,,,,2,baseline_geometric,67.0,31.236933199561363,32.911130405059154,5.0,-1.51347380339784,-1.1994005790707356
13.433333333333334,67.22340397740666,31.090801692233658,32.871894801591615,,,,,,,,,2,baseline_geometric,67.16666666666666,31.18696547935008,32.87097358585467,5.0,-1.4845620113608595,-1.2100030685859378
13.466666666666667,67.33608685355703,31.122934744399487,32.9282110465972,,,,,,,,,2,baseline_geometric,67.33333333333333,31.137964207687855,32.8304639024076,5.0,-1.4554874203698374,-1.2205723852557873
13.5,67.59944217318642,31.130698116718488,32.86017722588326,,,,,,,,,2,baseline_geometric,67.5,31.08993475811632,32.78960246531138,5.0,-1.4262532187813195,-1.2311082393171269
13.533333333333333,67.64803617027981,31.006563208499557,32.73346250614203,,,,,,,,,2,baseline_geometric,67.66666666666666,31.042882397605872,32.74839039480296,5.0,-1.3968626124549492,-1.2416103419241957
13.566666666666666,67.81643264111258,31.048069301907145,32.69775132691077,,,,,,,,,2,baseline_geometric,67.83333333333333,30.996812285978063,32.706828820732056,5.0,-1.3673188244019125,-1.252078405156546
13.6,67.96187031510858,31.0570402839605,32.66249407176555,,,,,,,,,2,baseline_geometric,68.0,30.951729475339807,32.66491888253023,5.0,-1.3376250944314998,-1.2625121420269345
13.633333333333333,68.17656720960161,30.87089745969846,32.63579689111192,,,,,,,,,2,baseline_geometric,68.16666666666666,30.907638909529314,32.62266172917959,5.0,-1.3077846787958154,-1.2729112664891973
13.666666666666666,68.38668523468132,30.80147166637938,32.58740630398475,,,,,,,,,2,baseline_geometric,68.33333333333333,30.86454542357399,32.580058519181364,5.0,-1.2778008498327074,-1.2832754934460824
13.7,68.48977703019703,30.728256499774236,32.65690058732446,,,,,,,,,2,baseline_geometric,68.5,30.82245374316019,32.53711042052406,5.0,-1.2476768956069109,-1.293604538757072
13.733333333333333,68.65633019756618,30.754164044712528,32.551981464540106,,,,,,,,,2,baseline_geometric,68.66666666666667,30.781368484114996,32.493818610651495,5.0,-1.2174161195494677,-1.3038981192461727
13.766666666666666,68.88064627513597,30.65919205730682,32.479536885276744,,,,,,,,,2,baseline_geometric,68.83333333333333,30.741294151900057,32.45018427643052,5.0,-1.1870218400954862,-1.314155952709674
13.799999999999999,69.04758294449375,30.634269720305994,32.23497244966383,,,,,,,,,2,baseline_geometric,69.0,30.70223514111749,32.40620861411843,5.0,-1.156497390320215,-1.3243777579238913
13.833333333333334,69.19275682355085,30.665547107480666,32.30350329878873,,,,,,,,,2,baseline_geometric,69.16666666666667,30.664195735027985,32.36189282933024,5.0,-1.1258461175735544,-1.3345632546528705
13.866666666666667,69.29308680075918,30.686233297790118,32.35952103113207,,,,,,,,,2,baseline_geometric,69.33333333333334,30.627180105081088,32.31723813700556,5.0,-1.0950713831129693,-1.3447121636560737
13.9,69.4872682553603,30.580960760503018,32.214715141053816,,,,,,,,,2,baseline_geometric,69.5,30.591192310457746,32.27224576137535,5.0,-1.0641765617348926,-1.3548242066960334
13.933333333333334,69.76463459567869,30.464461548474354,32.30749833673554,,,,,,,,,2,baseline_geometric,69.66666666666667,30.55623629762519,32.226916935928315,5.0,-1.0331650414046447,-1.3648991065459815
13.966666666666667,69.80105606154474,30.469927060234117,32.21859151179329,,,,,,,,,2,baseline_geometric,69.83333333333334,30.522315899904143,32.18125290337709,5.0,-1.0020402228848924,-1.3749365869974504
14.0,70.09031713562524,30.52932421593692,32.09925699991762,,,,,,,,,2,baseline_geometric,70.0,30.489434837048464,32.135254915624216,5.0,-0.9708055193627337,-1.3849363728678423
14.033333333333333,70.14485564904258,30.570185256583212,32.20730646976469,,,,,,,,,2,baseline_geometric,70.16666666666667,30.45759671483723,32.08892423372774,5.0,-0.9394643560753931,-1.3948981900079767
14.066666666666666,70.36810296270815,30.42036169982167,31.979603447143457,,,,,,,,,2,baseline_geometric,70.33333333333334,30.426805024679325,32.04226212786672,5.0,-0.9080201699346078,-1.404821765309604
14.1,70.51866842201626,30.41155351825214,32.014258729729725,,,,,,,,,2,baseline_geometric,70.5,30.397063143230568,31.99526987730636,5.0,-0.8764764091497347,-1.414706826712894
14.133333333333333,70.67050856145177,30.41803666750562,32.00241976524167,,,,,,,,,2,baseline_geometric,70.66666666666667,30.36837433202342,31.947948770362945,5.0,-0.844836532849604,-1.4245531032138963
14.166666666666666,70.77145849643655,30.352497792653274,31.855522211538524,,,,,,,,,2,baseline_geometric,70.83333333333333,30.34074173710932,31.900300104368533,5.0,-0.8131040107032069,-1.4343603248719652
14.2,71.04601833325214,30.31574343742089,31.784270948842252,,,,,,,,,2,baseline_geometric,71.0,30.31416838871369,31.852325185635358,5.0,-0.781282322539184,-1.4441282228171666
14.233333333333333,71.21768834979339,30.190781100478727,31.902864186118244,,,,,,,,,2,baseline_geometric,71.16666666666667,30.288657200903643,31.80402532942006,5.0,-0.7493749579642431,-1.4538565292576433
14.266666666666666,71.31312896288395,30.335349412377905,31.693578021232184,,,,,,,,,2,baseline_geometric,71.33333333333333,30.264210971268398,31.7554018598876,5.0,-0.717385415980476,-1.463544977486959
14.299999999999999,71.5066315936099,30.225139581368808,31.717023963552524,,,,,,,,,2,baseline_geometric,71.5,30.240832380612527,31.70645611007495,5.0,-0.685317204601645,-1.4731933018914136
14.333333333333334,71.62099672110452,30.218894649054146,31.675246419475915,,,,,,,,,2,baseline_geometric,71.66666666666667,30.218523992661943,31.657189421854564,5.0,-0.6531738404685066,-1.4828012379573186
14.366666666666667,71.8400963615806,30.1928582488872,31.67526035008238,,,,,,,,,2,baseline_geometric,71.83333333333334,30.19728825378278,31.607603145897592,5.0,-0.6209588484631606,-1.4923685222782528
14.4,72.0399164414425,30.167374443438714,31.539963257771937,,,,,,,,,2,baseline_geometric,72.0,30.17712749271311,31.55769864163684,5.0,-0.5886757613225104,-1.5018948925622844
14.433333333333334,72.14500997061135,30.17630218261122,31.488703118083695,,,,,,,,,2,baseline_geometric,72.16666666666667,30.15804392030758,31.50747727722949,5.0,-0.5563281192508585,-1.5113800876391594
14.466666666666667,72.35738986164375,30.155238978509104,31.39340386689094,,,,,,,,,2,baseline_geometric,72.33333333333334,30.14003962929495,31.45694042951963,5.0,-0.5239194695316823,-1.5208238474674638
14.5,72.50151703874809,30.144578959270163,31.3264779760554,,,,,,,,,2,baseline_geometric,72.5,30.123116594048625,31.406089484000464,5.0,-0.49145336613863916,-1.5302259131417502
14.533333333333333,72.74351205299124,30.08248101289531,31.30511930262712,,,,,,,,,2,baseline_geometric,72.66666666666667,30.10727667037012,31.354925834776346,5.0,-0.4589333693458201,-1.5395860268996406
14.566666666666666,72.84188658818472,30.146131705584406,31.316252398076912,,,,,,,,,2,baseline_geometric,72.83333333333333,30.092521595285564,31.303450884524572,5.0,-0.426363045337346,-1.5489039321288864
14.6,73.01468937838712,30.131763747366904,31.32360799957367,,,,,,,,,2,baseline_geometric,73.0,30.078852986855225,31.251666044456893,5.0,-0.39374596581627297,-1.5581793733744103
14.633333333333333,73.14402801868184,30.127858453411537,31.279133888914668,,,,,,,,,2,baseline_geometric,73.16666666666667,30.066272343996033,31.19957273428087,5.0,-0.3610857076129346,-1.5674120963453042
14.666666666666666,73.42045817705574,30.038326730438598,31.071079982475478,,,,,,,,,2,baseline_geometric,73.33333333333333,30.054781046317267,31.147172382160917,5.0,-0.32838585229269307,-1.5766018479218038
14.7,73.52424128857061,29.97334037699279,31.088994418954833,,,,,,,,,2,baseline_geometric,73.5,30.0443803539692,31.094466424679148,5.0,-0.29564998576317275,-1.5857483761622284
14.733333333333333,73.64013094951844,30.162691516217652,31.077567006441328,,,,,,,,,2,baseline_geometric,73.66666666666666,30.035071407504958,31.041456306796015,5.0,-0.26288169788104093,-1.5948514303098855
14.766666666666666,73.80906746237471,30.07568835660172,31.027289545338107,,,,,,,,,2,baseline_geometric,73.83333333333333,30.02685522775542,30.98814348181068,5.0,-0.23008458205832902,-1.6039107607999474
14.799999999999999,74.00162194970858,30.027564208989343,30.93192308434208,,,,,,,,,2,baseline_geometric,74.0,30.019732715717282,30.934529411321172,5.0,-0.1972622348683768,-1.6129261192662918
14.833333333333334,74.08314089110667,30.101656419188416,30.88178750532292,,,,,,,,,2,baseline_geometric,74.16666666666667,30.01370465245426,30.880615565184314,5.0,-0.16441825565142792,-1.621897258548313
14.866666666666667,74.31514675916087,30.022264194318883,30.773674595036027,,,,,,,,,2,baseline_geometric,74.33333333333334,30.008771699011415,30.82640342147543,5.0,-0.13155624611992156,-1.6308239326976952
14.9,74.53041969889448,29.983761940125227,30.780072339796956,,,,,,,,,2,baseline_geometric,74.5,30.004934396342684,30.771894466447833,5.0,-0.09867980996352677,-1.639705896985157
14.933333333333334,74.63728969214684,29.981936249870873,30.70592337414229,,,,,,,,,2,baseline_geometric,74.66666666666667,30.002193165251544,30.717090194492048,5.0,-0.06579255245394632,-1.648542907907162
14.966666666666667,74.80254890833416,30.051383634063132,30.73344487736597,,,,,,,,,2,baseline_geometric,74.83333333333333,30.00054830634488,30.66199210809489,5.0,-0.03289808004957739,-1.6573347231925908
15.0,75.00717901987662,30.040340768628806,30.681454124275447,,,,,,,,,2,baseline_geometric,75.0,30.0,30.606601717798213,5.0,-5.771012081165369e-16,-1.666081101809387
15.033333333333333,75.13422306159657,29.91365741188939,30.477878525190228,,,,,,,,,2,baseline_geometric,75.16666666666667,30.00054830634488,30.550920542157556,5.0,0.032898080049576235,-1.6747818039711624
15.066666666666666,75.31621268059442,30.094106900431207,30.459428562130974,,,,,,,,,2,baseline_geometric,75.33333333333333,30.002193165251544,30.494950107700483,5.0,0.06579255245394515,-1.6834365911437712
15.1,75.4946503466403,30.138463129839057,30.466839413024395,,,,,,,,,2,baseline_geometric,75.5,30.004934396342684,30.438691948884717,5.0,0.09867980996352561,-1.6920452260518524
15.133333333333333,75.60156919322306,30.020266153665588,30.39251368902714,,,,,,,,,2,baseline_geometric,75.66666666666666,30.008771699011415,30.38214760805611,5.0,0.1315562461199204,-1.7006074726853302
15.166666666666666,75.78566172955412,30.102270155164625,30.30210520325488,,,,,,,,,2,baseline_geometric,75.83333333333333,30.01370465245426,30.325318635406312,5.0,0.1644182556514268,-1.7091230963058894
15.2,76.03904273086724,29.92682479251194,30.243653239635215,,,,,,,,,2,baseline_geometric,76.0,30.019732715717282,30.268206588930333,5.0,0.19726223486837563,-1.7175918634534055
15.233333333333333,76.20360570026838,30.019673614068612,30.229912762248276,,,,,,,,,2,baseline_geometric,76.16666666666666,30.02685522775542,30.21081303438377,5.0,0.23008458205832785,-1.7260135419523501
15.266666666666666,76.35337359460034,30.026637172628746,30.15606007361774,,,,,,,,,2,baseline_geometric,76.33333333333333,30.035071407504958,30.15313954523991,5.0,0.2628816978810398,-1.7343879009181524
15.299999999999999,76.57608379265764,30.024890010451035,30.114104065282447,,,,,,,,,2,baseline_geometric,76.49999999999999,30.0443803539692,30.095187702646605,5.0,0.2956499857631688,-1.7427147107635306
15.333333333333334,76.65429887849238,30.057308514582136,29.982719560263323,,,,,,,,,2,baseline_geometric,76.66666666666667,30.054781046317267,30.03695909538287,5.0,0.32838585229269196,-1.7509937432047882
15.366666666666667,76.79209918294815,30.048026561026198,29.99343777820627,,,,,,,,,2,baseline_geometric,76.83333333333333,30.066272343996033,29.978455319815417,5.0,0.3610857076129334,-1.7592247712680666
15.4,77.01991181072246,30.118993565008278,29.96900158964609,,,,,,,,,2,baseline_geometric,77.0,30.07885298685522,29.919677979854775,5.0,0.39374596581627186,-1.7674075692955749
15.433333333333334,77.1440562721329,30.064750979016647,29.7715747729783,,,,,,,,,2,baseline_geometric,77.16666666666667,30.092521595285564,29.860628686911433,5.0,0.42636304533734476,-1.7755419129517718
15.466666666666667,77.32553356498339,30.09623976268269,29.733783503295026,,,,,,,,,2,baseline_geometric,77.33333333333333,30.10727667037012,29.801309059851583,5.0,0.45893336934581896,-1.7836275792295155
15.5,77.48405799842098,30.116597467347898,29.758170927334664,,,,,,,,,2,baseline_geometric,77.5,30.12311659404862,29.741720724952756,5.0,0.491453366138638,-1.7916643464561826
15.533333333333333,77.71103360112512,30.06667479679648,29.705741338330675,,,,,,,,,2,baseline_geometric,77.66666666666666,30.140039629294947,29.681865315859262,5.0,0.5239194695316812,-1.7996519942997378
15.566666666666666,77.86598259554681,30.170380987369242,29.732430706224065,,,,,,,,,2,baseline_geometric,77.83333333333333,30.15804392030758,29.621744473537372,5.0,0.5563281192508572,-1.8075903037747822
15.6,77.91017246512178,30.19371140930332,29.475043517644423,,,,,,,,,2,baseline_geometric,78.0,30.17712749271311,29.561359846230346,5.0,0.5886757613225093,-1.8154790572485509
15.633333333333333,78.1652590454357,30.202292393126093,29.514235860402813,,,,,,,,,2,baseline_geometric,78.16666666666666,30.19728825378278,29.500713089413253,5.0,0.6209588484631595,-1.8233180384468823
15.666666666666666,78.34568350749615,30.259385304289523,29.55264068028039,,,,,,,,,2,baseline_geometric,78.33333333333333,30.218523992661943,29.43980586574756,5.0,0.6531738404685055,-1.8311070324601473
15.7,78.5002424876602,30.210579255828,29.301328099670474,,,,,,,,,2,baseline_geometric,78.49999999999999,30.240832380612524,29.37863984503558,5.0,0.6853172046016412,-1.8388458257491396
15.733333333333333,78.73750847661738,30.21623369519118,29.320512956688464,,,,,,,,,2,baseline_geometric,78.66666666666666,30.264210971268398,29.31721670417466,5.0,0.7173854159804722,-1.846534206150933
15.766666666666666,78.79593376336078,30.27732223936274,29.271030323222927,,,,,,,,,2,baseline_geometric,78.83333333333333,30.28865720090364,29.25553812711123,5.0,0.749374957964242,-1.8541719628846947
15.799999999999999,79.09043876560406,30.34867838031513,29.28691012218335,,,,,,,,,2,baseline_geometric,78.99999999999999,30.31416838871369,29.19360580479465,5.0,0.7812823225391802,-1.8617588865574652
15.833333333333334,79.14455597319129,30.338849615041628,29.16772317405086,,,,,,,,,2,baseline_geometric,79.16666666666667,30.34074173710932,29.131421435130807,5.0,0.8131040107032057,-1.869294769169901
15.866666666666667,79.32605042765512,30.357901091001146,29.09452891430269,,,,,,,,,2,baseline_geometric,79.33333333333333,30.368374332023418,29.068986722935627,5.0,0.844836532849603,-1.876779404121971
15.9,79.54759348709378,30.357510277440127,29.05582271531268,,,,,,,,,2,baseline_geometric,79.5,30.397063143230568,29.00630337988826,5.0,0.8764764091497335,-1.8842125862186294
15.933333333333334,79.72754441860175,30.367928888593354,28.9863624883671,,,,,,,,,2,baseline_geometric,79.66666666666666,30.426805024679325,28.94337312448424,5.0,0.9080201699346068,-1.8915941116754331
15.966666666666667,79.84895688496137,30.477389277144507,28.962713595061498,,,,,,,,,2,baseline_geometric,79.83333333333333,30.45759671483723,28.880197681988292,5.0,0.9394643560753921,-1.8989237781241335
16.0,80.01313121111671,30.49249963776084,28.733107780167895,,,,,,,,,2,baseline_geometric,80.0,30.489434837048464,28.816778784387097,5.0,0.9708055193627326,-1.9062013846182222
16.03333333333333,80.14717222933929,30.49351176213404,28.70819067889587,,,,,,,,,2,baseline_geometric,80.16666666666666,30.52231589990414,28.753118170341768,5.0,1.0020402228848886,-1.9134267316384401
16.066666666666666,80.33475887976688,30.604488689250957,28.68337727893849,,,,,,,,,2,baseline_geometric,80.33333333333333,30.55623629762519,28.68921758514018,5.0,1.0331650414046436,-1.9205996210982508
16.1,80.51474356790771,30.580284263264723,28.64117180914471,,,,,,,,,2,baseline_geometric,80.5,30.591192310457746,28.625078780649176,5.0,1.0641765617348942,-1.9277198563492646
16.133333333333333,80.63811904052207,30.543942932935625,28.520500613668453,,,,,,,,,2,baseline_geometric,80.66666666666666,30.627180105081084,28.560703515266475,5.0,1.095071383112968,-1.934787242186635
16.166666666666668,80.8073917312595,30.747717075234736,28.51995486616504,,,,,,,,,2,baseline_geometric,80.83333333333333,30.66419573502798,28.49609355387249,5.0,1.1258461175735532,-1.9418015848544106
16.2,81.0147221767541,30.65527430772353,28.369020862401594,,,,,,,,,2,baseline_geometric,81.0,30.702235141117484,28.43125066778196,5.0,1.1564973903202114,-1.9487626920508425
16.233333333333334,81.19675443789053,30.76572506710795,28.295985716313684,,,,,,,,,2,baseline_geometric,81.16666666666667,30.741294151900057,28.36617663469535,5.0,1.187021840095485,-1.9556703729336629
16.266666666666666,81.39354495918255,30.706942343520225,28.2865908683053,,,,,,,,,2,baseline_geometric,81.33333333333333,30.781368484114992,28.30087323865017,5.0,1.2174161195494644,-1.9625244381253075
16.3,81.45344461685058,30.873798691634317,28.276068094796038,,,,,,,,,2,baseline_geometric,81.5,30.82245374316019,28.235342269971973,5.0,1.2476768956069098,-1.9693246997181204
16.333333333333332,81.66172752648093,30.878414289654106,28.191259901353018,,,,,,,,,2,baseline_geometric,81.66666666666667,30.86454542357399,28.169585525225408,5.0,1.2778008498327063,-1.9760709712794924
16.366666666666667,81.81989181163655,30.87705241385595,28.04381341636627,,,,,,,,,2,baseline_geometric,81.83333333333334,30.907638909529314,28.103604807164828,5.0,1.3077846787958143,-1.9827630678569819
16.4,81.9798429714278,31.00962994954973,28.105319522494757,,,,,,,,,2,baseline_geometric,82.0,30.951729475339803,28.037401924684957,5.0,1.3376250944314962,-1.98940080598338
16.433333333333334,82.23504982788614,30.964146673492447,27.993123032130406,,,,,,,,,2,baseline_geometric,82.16666666666667,30.99681228597806,27.970978692771247,5.0,1.3673188244019114,-1.9959840036817438
16.466666666666665,82.3315546738771,31.062760680545715,27.906151365915097,,,,,,,,,2,baseline_geometric,82.33333333333333,31.042882397605872,27.904336932450164,5.0,1.3968626124549481,-2.0025124804703824
16.5,82.52830496456832,31.045551756173907,27.878292747403023,,,,,,,,,2,baseline_geometric,82.5,31.08993475811632,27.837478470739235,5.0,1.4262532187813186,-2.0089860573678076
16.53333333333333,82.65203648215532,31.131241789904994,27.78155868615007,,,,,,,,,2,baseline_geometric,82.66666666666666,31.13796420768785,27.77040514059696,5.0,1.455487420369834,-2.0154045568976366
16.566666666666666,82.82255290246516,31.15600555126863,27.763385103983303,,,,,,,,,2,baseline_geometric,82.83333333333334,31.18696547935008,27.70311878087255,5.0,1.4845620113608584,-2.021767803093465
16.6,82.98142192245545,31.19735005391546,27.557155031873712,,,,,,,,,2,baseline_geometric,83.0,31.236933199561367,27.635621236255567,5.0,1.5134738033978414,-2.0280756215036826
16.633333333333333,83.17341392875606,31.13302023712199,27.46191631613483,,,,,,,,,2,baseline_geometric,83.16666666666667,31.287861888798105,27.56791435722529,5.0,1.5422196259769798,-2.034327839196261
16.666666666666668,83.33195823590712,31.218886566084837,27.5662109222543,,,,,,,,,2,baseline_geometric,83.33333333333334,31.339745962155614,27.5,5.0,1.570796326794897,-2.040524284763495
16.7,83.45383474480754,31.27337084030864,27.39503693063411,,,,,,,,,2,baseline_geometric,83.5,31.39257972996056,27.431880026486116,5.0,1.5992007720943124,-2.046664788326698
16.733333333333334,83.65884124419082,31.412555533295045,27.316149472448295,,,,,,,,,2,baseline_geometric,83.66666666666667,31.44635739839493,27.363556304227114,5.0,1.627429847007716,-2.0527491815408645
16.766666666666666,83.74981184985997,31.339744981083868,27.159564931270292,,,,,,,,,2,baseline_geometric,83.83333333333333,31.501073070131355,27.295030706352364,5.0,1.655480455898925,-2.058777297599279
16.8,84.00471653445508,31.607447742078687,27.27509261560857,,,,,,,,,2,baseline_geometric,84.00000000000001,31.55672074497985,27.22630511152573,5.0,1.6833495227025805,-2.0647489712380973
16.833333333333332,84.12223636039225,31.4519425761211,27.019584430030857,,,,,,,,,2,baseline_geometric,84.16666666666666,31.613294320545755,27.157381403894128,5.0,1.7110339912614418,-2.0706640387408677
16.866666666666667,84.39790863614564,31.717336605546212,26.971248527586745,,,,,,,,,2,baseline_geometric,84.33333333333334,31.670787592899003,27.08826147303581,5.0,1.7385308256615635,-2.076522337943028
16.9,84.45138812160405,31.51843847576586,26.830709328518346,,,,,,,,,2,baseline_geometric,84.5,31.72919425725438,27.0189472139086,5.0,1.7658370105651893,-2.0823237082363457
16.933333333333334,84.70590286799292,31.674444887273157,26.88096148280461,,,,,,,,,2,baseline_geometric,84.66666666666667,31.78850790866296,26.949440526797925,5.0,1.7929495515414322,-2.0880679905733235
16.966666666666665,84.76365148915977,31.7338254606062,26.82790112033824,,,,,,,,,2,baseline_geometric,84.83333333333333,31.848722042714456,26.879743317264726,5.0,1.8198654753946417,-2.093755027471559
17.0,84.94458086391042,31.805065532546024,26.7072859681422,,,,,,,,,2,baseline_geometric,85.0,31.909830056250524,26.8098574960932,5.0,1.846581830490456,-2.0993846630180646
17.03333333333333,85.16181563451339,31.988346559273115,26.684950036606054,,,,,,,,,2,baseline_geometric,85.16666666666666,31.971825248088848,26.739784979238454,5.0,1.8730956870794695,-2.104956742873536
17.066666666666666,85.37208598300064,32.085066187560095,26.727110255171276,,,,,,,,,2,baseline_geometric,85.33333333333333,32.03470081975803,26.669527687773915,5.0,1.8994041376185269,-2.110471114276591
17.1,85.54862389749746,32.12668264749106,26.594836597492836,,,,,,,,,2,baseline_geometric,85.50000000000001,32.0984498762431,26.599087547838725,5.0,1.9255042970895575,-2.1159276260479514
17.133333333333333,85.6172237920882,32.06066648199033,26.419032995556293,,,,,,,,,2,baseline_geometric,85.66666666666667,32.1630654267416,26.528466490584915,5.0,1.9513933033159465,-2.1213261285945895
17.166666666666668,85.89473517306443,32.29692655234579,26.39967711517236,,,,,,,,,2,baseline_geometric,85.83333333333334,32.22854038543029,26.45766645212443,5.0,1.9770683172764252,-2.1266664739138323
17.2,85.97230454830684,32.14741890612211,26.222478302235967,,,,,,,,,2,baseline_geometric,86.0,32.294867572242104,26.386689373476095,5.0,2.002526523416378,-2.1319485155974145
17.233333333333334,86.24032196609014,32.311262768617844,26.256599861923807,,,,,,,,,2,baseline_geometric,86.16666666666667,32.36203971365357,26.315537200512367,5.0,2.027765129956617,-2.137172108835496
17.266666666666666,86.3858982747622,32.346587490752036,26.29695766400061,,,,,,,,,2,baseline_geometric,86.33333333333333,32.43004944348243,26.24421188390602,5.0,2.0527813691995207,-2.142337110420629
17.3,86.5149249934842,32.44242441436448,26.185388658743783,,,,,,,,,2,baseline_geometric,86.5,32.49888930369541,26.17271537907663,5.0,2.0775724978325476,-2.1474433787516856
17.333333333333332,86.72004271285316,32.60249470288516,26.135113229062554,,,,,,,,,2,baseline_geometric,86.66666666666666,32.56855174522605,26.101049646137007,5.0,2.1021357972290713,-2.15249077383774
17.366666666666667,86.81066528060971,32.54532674171845,25.908136747402466,,,,,,,,,2,baseline_geometric,86.83333333333334,32.63902912880266,26.029216649839398,5.0,2.1264685737465157,-2.157479157301908
17.4,86.92682823964873,32.68560028812039,25.96678274966552,,,,,,,,,2,baseline_geometric,86.99999999999999,32.71031372578588,25.957218359521715,5.0,2.15056815902172,-2.162408392385134
17.433333333333334,87.1784347536938,32.770302971427746,25.886597702979834,,,,,,,,,2,baseline_geometric,87.16666666666667,32.78239771901638,25.88505674905342,5.0,2.174431910263593,-2.167278343949951
17.466666666666665,87.26824368124761,32.826446997866256,25.71392244958626,,,,,,,,,2,baseline_geometric,87.33333333333333,32.85527320367196,25.812733796781547,5.0,2.1980572105428817,-2.172088878484175
17.5,87.47911825473152,32.891986434294154,25.676002715723087,,,,,,,,,2,baseline_geometric,87.5,32.928932188134524,25.74025148547635,5.0,2.2214414690791826,-2.176839864104573
17.53333333333333,87.63598246428265,33.12541272089288,25.618027487150776,,,,,,,,,2,baseline_geometric,87.66666666666666,33.00336659486634,25.667611802277012,5.0,2.2445821215250272,-2.1815311705604734
17.566666666666666,87.88938216704817,33.14657627672082,25.510290163779718,,,,,,,,,2,baseline_geometric,87.83333333333333,33.07856826129593,25.59481673863714,5.0,2.2674766302471068,-2.1861626692373406
17.6,85.84030859027396,32.30499090130004,24.758106131111848,,,,,,,,,2,baseline_geometric,88.00000000000001,33.15452894071312,25.521868290270167,5.0,2.2901224846045425,-2.1907342331602986
17.633333333333333,85.9501999986201,32.406931628588794,24.727657307993667,,,,,,,,,2,baseline_geometric,88.16666666666666,33.23124030317339,25.448768457094683,5.0,2.312517201224201,-2.195245736997612
17.666666666666668,89.93002141966473,34.082467337647536,25.813614893396217,,,,,,,,,2,baseline_geometric,88.33333333333334,33.308693936411416,25.375519243179504,5.0,2.3346583242730508,-2.1996970570641263
17.7,84.74744358508374,31.66639344881722,23.897916049567034,,,,,,,,,2,baseline_geometric,88.5,33.386881346763474,25.302122656688862,5.0,2.3565434257274323,-2.204088071324651
17.733333333333334,90.47761055841093,34.30882300985797,25.950034087497688,,,,,,,,,2,baseline_geometric,88.66666666666667,33.46579396009894,25.22858070982723,5.0,2.3781701056393536,-2.208418659397314
17.766666666666666,87.70176779098841,32.90814272846862,24.91470796996061,,,,,,,,,2,baseline_geometric,88.83333333333333,33.545423122760496,25.154895418784243,5.0,2.399535992399651,-2.2126887025568545
17.8,87.82062394518951,32.95809190917932,24.578297905484867,,,,,,,,,2,baseline_geometric,89.0,33.625760102513105,25.08106880367937,5.0,2.4206387429980687,-2.2168980837378824
17.833333333333332,86.80439183166558,32.7602618019479,24.154226472428736,,,,,,,,,2,baseline_geometric,89.16666666666666,33.70679608950162,25.007102888506566,5.0,2.441476043280195,-2.2210466875380868
17.866666666666667,88.36407414588705,33.55170635030789,24.669374641946018,,,,,,,,,2,baseline_geometric,89.33333333333333,33.78852219721689,24.93299970107875,5.0,2.462045608201244,-2.225134400221399
17.9,87.04905111699239,32.893898643480135,24.11597502453239,,,,,,,,,2,baseline_geometric,89.49999999999999,33.870929463470226,24.85876127297225,5.0,2.482345182076619,-2.2291611097211095
17.933333333333334,87.8162590032631,32.98209341602229,24.341721740164985,,,,,,,,,2,baseline_geometric,89.66666666666667,33.95400885137625,24.784389639471048,5.0,2.5023725388292957,-2.2331267056429454
17.966666666666665,85.83504075094005,32.31619397036558,23.401431785761716,,,,,,,,,2,baseline_geometric,89.83333333333331,34.03775125034383,24.709886839511086,5.0,2.5221254822339088,-2.2370310792680885
18.0,85.56150914992635,32.11478313829084,23.31520699493812,,,,,,,,,2,baseline_geometric,90.0,34.122147477075266,24.635254915624213,5.0,2.5416018461576297,-2.240874123556167
18.03333333333333,86.5038660935942,32.40824928521028,23.277986393611354,,,,,,,,,2,baseline_geometric,90.16666666666666,34.207188276573206,24.56049591388236,5.0,2.560799494797666,-2.2446557331481776
18.066666666666666,88.25518328610318,33.44616689213,23.615401573880064,,,,,,,,,2,baseline_geometric,90.33333333333333,34.292864323155676,24.485611883841305,5.0,2.579716322915512,-2.2483758043693847
18.1,85.2468021440416,32.06399192324965,22.77945921883437,,,,,,,,,2,baseline_geometric,90.5,34.37916622147869,24.410604878484563,5.0,2.59835025606779,-2.2520342352321556
18.133333333333333,90.3409013617534,34.30023500965291,24.086768568385764,,,,,,,,,2,baseline_geometric,90.66666666666666,34.466084507566556,24.335476954167074,5.0,2.616699250833744,-2.2556309254387608
18.166666666666668,91.26190072020539,34.73499193075463,24.476674111745332,,,,,,,,,2,baseline_geometric,90.83333333333334,34.55360964984973,24.260230170558838,5.0,2.6347612950393238,-2.2591657763841213
18.2,88.74169237293006,33.578730382509406,23.644529646452416,,,,,,,,,2,baseline_geometric,90.99999999999999,34.64173205021003,24.18486659058844,5.0,2.6525344079778397,-2.2626386911585126
18.233333333333334,88.03510950753385,33.36349321978895,22.956309650961295,,,,,,,,,2,baseline_geometric,91.16666666666667,34.73044204503323,24.109388280386483,5.0,2.670016640627178,-2.2660495745502223
18.266666666666666,87.12017876384932,32.997390890055186,22.73216634013867,,,,,,,,,2,baseline_geometric,91.33333333333333,34.8197299062687,24.033797309228987,5.0,2.687206075863516,-2.269398333048158
18.3,84.7494764592643,31.922272314009348,22.00835254619693,,,,,,,,,2,baseline_geometric,91.5,34.909585842496284,23.95809574948059,5.0,2.704100828671577,-2.272684874844416
18.333333333333332,87.29461833511716,33.153366091429724,22.469096123170832,,,,,,,,,2,baseline_geometric,91.66666666666666,34.99999999999999,23.882285676537816,5.0,2.7206990463513256,-2.2759091098367903
18.366666666666667,88.28974679837859,33.39938450169595,22.861320859046323,,,,,,,,,2,baseline_geometric,91.83333333333333,35.09096246384859,23.806369168772086,5.0,2.7369989087211524,-2.279070949631252
18.4,98.48446237406792,38.09057685134108,25.662287921953904,,,,,,,,,2,baseline_geometric,92.0,35.182463258982835,23.73034830747283,5.0,2.752998628317462,-2.2821703075443645
18.433333333333334,93.38989375331523,35.87939652256352,24.04192682740806,,,,,,,,,2,baseline_geometric,92.16666666666666,35.274492351309455,23.65422517679034,5.0,2.7686964505907032,-2.285207098605666
18.466666666666665,95.67207885341925,36.560755727598846,24.40177859919834,,,,,,,,,2,baseline_geometric,92.33333333333333,35.36703964880138,23.578001863678715,5.0,2.7840906540977635,-2.2881812395599948
18.5,102.8129257747886,40.263319398551246,26.44923581924371,,,,,,,,,2,baseline_geometric,92.5,35.46009500260453,23.50168045783858,5.0,2.7991795506907526,-2.2910926488697743
18.53333333333333,92.1239873421185,35.43225509627926,23.32835995713834,,,,,,,,,2,baseline_geometric,92.66666666666666,35.55364820815072,23.425263051659844,5.0,2.8139614857021202,-2.293941246717248
18.566666666666666,87.60547931992598,33.40928435454319,21.92465732796443,,,,,,,,,2,baseline_geometric,92.83333333333333,35.64768900627673,23.348751740164268,5.0,2.8284348381261197,-2.296726955006667
18.6,94.09027651730298,36.343371653076716,23.700280909247088,,,,,,,,,2,baseline_geometric,93.0,35.742207084349275,23.272148620948133,5.0,2.8425980207965535,-2.299449697366431
18.633333333333333,103.2392774405996,40.35185331762412,26.112674603450646,,,,,,,,,2,baseline_geometric,93.16666666666666,35.83719207739598,23.19545579412465,5.0,2.8564494805608382,-2.3021093991511825
18.666666666666668,99.95808109292147,38.923310114282785,24.87546671925692,,,,,,,,,2,baseline_geometric,93.33333333333333,35.932633569242,23.11867536226639,5.0,2.8699876984503208,-2.3047059874438545
18.7,91.19831812869606,35.14251553049742,22.471625778221927,,,,,,,,,2,baseline_geometric,93.5,36.02852109365219,23.04180943034769,5.0,2.883211189846845,-2.3072393910576663
18.733333333333334,89.78492837967508,34.30649167283681,22.25427567098249,,,,,,,,,2,baseline_geometric,93.66666666666667,36.12484413547897,22.96486010568689,5.0,2.8961185046455675,-2.309709540538079
18.766666666666666,85.06323899806284,31.99285356173876,20.391561895233316,,,,,,,,,2,baseline_geometric,93.83333333333333,36.22159213181532,22.887829497888617,5.0,2.908708227413964,-2.3121163681646957
18.8,88.3622737425224,33.649431909715084,21.266109737789435,,,,,,,,,2,baseline_geometric,94.0,36.31875447315322,22.81071971878587,5.0,2.920978977547065,-2.314459807953123
18.833333333333332,90.93244772440273,34.8424505905906,21.934063281329596,,,,,,,,,2,baseline_geometric,94.16666666666667,36.416320504546995,22.733532882382214,5.0,2.932929409418834,-2.316739795656773
18.866666666666667,91.1885960691822,35.030844837361535,21.668129705634605,,,,,,,,,2,baseline_geometric,94.33333333333334,36.51427952678185,22.656271104793753,5.0,2.944558212529752,-2.3189562687686327
18.9,100.63679741548098,39.52665293593517,24.12815478062313,,,,,,,,,2,baseline_geometric,94.5,36.61262079754708,22.57893650419115,5.0,2.9558641116505093,-2.3211091665229717
18.933333333333334,94.09958327822389,36.160061942269856,22.364441355514188,,,,,,,,,2,baseline_geometric,94.66666666666667,36.71133353261416,22.50153120074154,5.0,2.9668458669618643,-2.3231984298970105
18.966666666666665,90.11269374656571,34.58421851334559,20.93798048313376,,,,,,,,,2,baseline_geometric,94.83333333333333,36.8104069070193,22.42405731655042,5.0,2.9775022741905928,-2.3252240016125385
19.0,99.31013899598778,38.589925188635014,23.561684115222025,,,,,,,,,2,baseline_geometric,95.0,36.90983005625052,22.346516975603464,5.0,2.9878321647415556,-2.3271858261374834
19.03333333333333,92.87948561811568,35.85131416794167,21.884103644018424,,,,,,,,,2,baseline_geometric,95.16666666666666,37.00959207743912,22.268912303708294,5.0,2.9978344058258455,-2.3290838496874353
19.066666666666666,100.67374816121182,39.351047204900325,23.705792356910273,,,,,,,,,2,baseline_geometric,95.33333333333334,37.109682030555284,22.191245428436172,5.0,3.007507900585015,-2.33091802022712
19.1,94.14778436569931,36.541193543121366,21.706809575907087,,,,,,,,,2,baseline_geometric,95.5,37.210088939607715,22.113518479063735,5.0,3.0168515882113507,-2.332688287471825
19.133333333333333,100.49811422153795,39.48616896111871,23.275628929951626,,,,,,,,,2,baseline_geometric,95.66666666666667,37.31080179384734,22.035733586514567,5.0,3.025864444064211,-2.3343946028887794
19.166666666666668,89.58768915358837,34.76046912242698,20.336636163759525,,,,,,,,,2,baseline_geometric,95.83333333333334,37.411809548974794,21.957892883300772,5.0,3.0345454797823876,-2.3360369196984854
19.2,97.23731553442205,37.89103075403242,22.109744421723825,,,,,,,,,2,baseline_geometric,96.0,37.513101128351444,21.879998503464567,5.0,3.042893743392486,-2.3376151928759965
19.233333333333334,88.60500224130729,33.99705097929857,19.754950840746417,,,,,,,,,2,baseline_geometric,96.16666666666667,37.61466542421419,21.80205258251971,5.0,3.050908319413326,-2.3391293791521575
19.266666666666666,98.34209809680071,38.681946288841715,22.32758425609466,,,,,,,,,2,baseline_geometric,96.33333333333333,37.71649129889343,21.724057257393007,5.0,3.0585883289563305,-2.3405794370147857
19.3,104.24439164570005,41.355685324307046,23.683728575398117,,,,,,,,,2,baseline_geometric,96.50000000000001,37.818567586034575,21.64601466636568,5.0,3.065932929821908,-2.341965326709813
19.333333333333332,93.49870272002303,36.43360019414747,20.7238643747871,,,,,,,,,2,baseline_geometric,96.66666666666666,37.920883091822404,21.567926949014804,5.0,3.072941316591806,-2.3432870102423733
19.366666666666667,100.68355031714056,39.79003414805672,22.61941576779949,,,,,,,,,2,baseline_geometric,96.83333333333334,38.023426596208736,21.489796246154587,5.0,3.079612720717438,-2.3445444513778444
19.4,101.16042313112985,40.04871618718335,22.319552041215452,,,,,,,,,2,baseline_geometric,97.0,38.12618685414275,21.411624699777715,5.0,3.085946410604164,-2.345737615642843
19.433333333333334,99.21949865708946,39.05161385601687,21.806111204843017,,,,,,,,,2,baseline_geometric,97.16666666666667,38.22915259680417,21.33341445299662,5.0,3.0919416916915106,-2.346866470326168
19.466666666666665,93.0927458269035,36.392576134846315,20.132525857660085,,,,,,,,,2,baseline_geometric,97.33333333333333,38.33231253283897,21.255167649984735,5.0,3.0975979065293475,-2.347930984479698
19.5,99.54133262494143,39.292444161555295,21.651478965429874,,,,,,,,,2,baseline_geometric,97.5,38.43565534959769,21.176886435917677,5.0,3.102914434849978,-2.348931128919239
19.53333333333333,96.8322092452588,38.02054843735827,20.818468493215036,,,,,,,,,2,baseline_geometric,97.66666666666666,38.53916971437587,21.09857295691448,5.0,3.1078906936361594,-2.349866876225327
19.566666666666666,87.06091400849765,33.745256568176444,18.42202427048051,,,,,,,,,2,baseline_geometric,97.83333333333333,38.64284427565695,21.020229359978728,5.0,3.1125261371850392,-2.3507382007439763
19.6,102.02359690559221,40.515321596510184,21.921009383372184,,,,,,,,,2,baseline_geometric,98.00000000000001,38.74666766435696,20.941857792939697,5.0,3.1168202571679955,-2.3515450785873853
19.633333333333333,88.92891998224682,34.53161511146932,18.510737435959197,,,,,,,,,2,baseline_geometric,98.16666666666667,38.850628495071334,20.86346040439351,5.0,3.120772582686381,-2.35228748763459
19.666666666666668,103.88910684576345,41.4211348348348,22.159343717767,,,,,,,,,2,baseline_geometric,98.33333333333334,38.954715367323466,20.785039343644158,5.0,3.1243826803231642,-2.3529654075320714
19.7,106.79632587035785,42.89735761934579,22.651582161807998,,,,,,,,,2,baseline_geometric,98.5,39.058916866814855,20.706596760644643,5.0,3.1276501541904578,-2.353578819694314
19.733333333333334,94.34749271810523,37.235952985559535,19.523149997816436,,,,,,,,,2,baseline_geometric,98.66666666666667,39.16322156667684,20.628134805937997,5.0,3.1305746459729304,-2.3541277073043125
19.766666666666666,106.59152720121727,42.723644285951686,22.428456585469117,,,,,,,,,2,baseline_geometric,98.83333333333333,39.26761802872368,20.549655630598345,5.0,3.1331558349671025,-2.354612055314036
19.8,96.52309044850176,38.413070598960225,19.967295339763034,,,,,,,,,2,baseline_geometric,99.0,39.37209480470687,20.471161386171925,5.0,3.1353934381165134,-2.3550318504448393
19.833333333333332,101.09219002230766,40.638800540397426,21.026394801110417,,,,,,,,,2,baseline_geometric,99.16666666666666,39.47664043757056,20.392654224618102,5.0,3.137287210042762,-2.355387081187826
19.866666666666667,105.52999957863912,42.25259558434479,21.34602916925487,,,,,,,,,2,baseline_geometric,99.33333333333334,39.58124346270801,20.31413629825035,5.0,3.1388369430724166,-2.3556777378041676
19.9,99.71750722993222,39.74145994816336,20.271444078098778,,,,,,,,,2,baseline_geometric,99.49999999999999,39.68589240921871,20.235609759677317,5.0,3.1400424672597853,-2.355903812325365
19.933333333333334,105.99102091788892,42.95502353450926,21.573127928414152,,,,,,,,,2,baseline_geometric,99.66666666666667,39.79057580116643,20.157076761743685,5.0,3.1409036504055567,-2.356065298553471
19.966666666666665,90.57880796472105,35.75298697235882,17.869325715653815,,,,,,,,,2,baseline_geometric,99.83333333333333,39.89528215883754,20.078539457471297,5.0,3.1414203980712943,-2.3561621920612588
20.0,102.75569559505027,41.348894889013344,20.39212299603404,,,,,,,,,2,baseline_geometric,100.0,40.0,20.000000000000004,5.0,3.141592653589793,-2.356194490192345
