timestamp,x,y,z,vx,vy,vz,speed,course_over_ground,vertical_speed,pos_uncertainty,vel_uncertainty,scenario_id,sensor_mode,ground_truth_x,ground_truth_y,ground_truth_z,ground_truth_vx,ground_truth_vy,ground_truth_vz
0.0,0.4198555899129614,39.71535949318217,19.991675928726373,,,,,,,,,1,baseline_geometric,0.0,40.0,20.0,5.0,3.141592653589793,2.356194490192345
0.03333333333333333,2.0924732178435512,39.068766047624074,19.887453950136578,,,,,,,,,1,baseline_geometric,0.16666666666666666,40.10471784116246,20.078539457471294,5.0,3.1414203980712943,2.3561621920612588
0.06666666666666667,6.319696292406282,37.748474556834076,19.11606495271713,,,,,,,,,1,baseline_geometric,0.3333333333333333,40.20942419883357,20.15707676174369,5.0,3.1409036504055567,2.356065298553471
0.1,-6.029357780300458,43.44314092071934,21.702462713087222,,,,,,,,,1,baseline_geometric,0.5,40.31410759078128,20.23560975967731,5.0,3.1400424672597853,2.355903812325365
0.13333333333333333,-2.5716095128648853,41.889348688313966,21.113630811383963,,,,,,,,,1,baseline_geometric,0.6666666666666666,40.418756537292,20.314136298250354,5.0,3.1388369430724166,2.3556777378041676
0.16666666666666666,4.365333659938662,39.203757209450956,20.000816551819845,,,,,,,,,1,baseline_geometric,0.8333333333333334,40.52335956242944,20.3926542246181,5.0,3.137287210042762,2.355387081187826
0.2,-8.24698104827678,44.80284215531804,22.424781953443862,,,,,,,,,1,baseline_geometric,1.0,40.62790519529313,20.471161386171925,5.0,3.1353934381165134,2.3550318504448393
0.23333333333333334,5.086152377788482,38.84209978706106,19.865434719054683,,,,,,,,,1,baseline_geometric,1.1666666666666667,40.73238197127632,20.549655630598345,5.0,3.1331558349671025,2.354612055314036
0.26666666666666666,-17.573255060702955,49.49795225482923,24.54105205506212,,,,,,,,,1,baseline_geometric,1.3333333333333333,40.836778433323154,20.628134805937993,5.0,3.1305746459729304,2.3541277073043125
0.3,-1.2260232873461705,42.389488559387985,21.514143331079474,,,,,,,,,1,baseline_geometric,1.5,40.941083133185145,20.70659676064464,5.0,3.1276501541904578,2.353578819694314
0.3333333333333333,-1.3755724265578646,42.48380182370296,21.477946478730793,,,,,,,,,1,baseline_geometric,1.6666666666666667,41.045284632676534,20.785039343644158,5.0,3.1243826803231642,2.3529654075320714
0.36666666666666664,-2.8867868748570955,43.266474748507406,21.59829830331016,,,,,,,,,1,baseline_geometric,1.8333333333333333,41.149371504928666,20.86346040439351,5.0,3.120772582686381,2.35228748763459
0.4,7.096913864425484,39.06533699682107,19.67941773532076,,,,,,,,,1,baseline_geometric,2.0,41.253332335643044,20.9418577929397,5.0,3.1168202571679955,2.3515450785873853
0.43333333333333335,5.124313691579693,40.06075043653198,20.375094702676062,,,,,,,,,1,baseline_geometric,2.166666666666667,41.357155724343045,21.02022935997872,5.0,3.1125261371850397,2.3507382007439763
0.4666666666666667,2.442113712071939,41.447969567921874,21.08800346799673,,,,,,,,,1,baseline_geometric,2.3333333333333335,41.46083028562412,21.098572956914474,5.0,3.10789069363616,2.349866876225327
0.5,-1.7740252759951907,43.348952411872226,21.782134179047745,,,,,,,,,1,baseline_geometric,2.5,41.56434465040231,21.176886435917673,5.0,3.1029144348499784,2.348931128919239
0.5333333333333333,-2.8063648193703856,44.28823239511724,22.558279941450017,,,,,,,,,1,baseline_geometric,2.6666666666666665,41.667687467161024,21.25516764998473,5.0,3.097597906529348,2.347930984479698
0.5666666666666667,1.4394706221335911,42.308903526602876,21.408686773377603,,,,,,,,,1,baseline_geometric,2.833333333333333,41.77084740319583,21.33341445299662,5.0,3.09194169169151,2.346866470326168
0.6,5.58842621464299,40.55362358344696,20.856854647164145,,,,,,,,,1,baseline_geometric,3.0,41.87381314585725,21.411624699777715,5.0,3.085946410604164,2.345737615642843
0.6333333333333333,6.588580906892503,40.38279607532323,20.587538169891868,,,,,,,,,1,baseline_geometric,3.166666666666666,41.976573403791264,21.489796246154583,5.0,3.0796127207174386,2.344544451377845
0.6666666666666666,7.387077255515721,39.93469735845291,20.758798227196852,,,,,,,,,1,baseline_geometric,3.3333333333333335,42.079116908177596,21.5679269490148,5.0,3.0729413165918062,2.3432870102423733
0.7,2.3806501682279877,42.887578021549515,22.01747517646024,,,,,,,,,1,baseline_geometric,3.4999999999999996,42.181432413965425,21.64601466636568,5.0,3.065932929821908,2.341965326709813
0.7333333333333333,-3.953993596547533,46.07806262807792,23.589516634491922,,,,,,,,,1,baseline_geometric,3.6666666666666665,42.283508701106555,21.724057257393,5.0,3.058588328956331,2.3405794370147857
0.7666666666666666,10.054218584968288,38.87572345468174,20.280124518822433,,,,,,,,,1,baseline_geometric,3.833333333333333,42.385334575785805,21.802052582519707,5.0,3.0509083194133266,2.3391293791521575
0.8,3.0684955991439904,43.15898889632743,22.264745025555765,,,,,,,,,1,baseline_geometric,4.0,42.48689887164855,21.879998503464563,5.0,3.042893743392486,2.3376151928759965
0.8333333333333334,4.349600199106971,42.44201237685534,21.87960558007323,,,,,,,,,1,baseline_geometric,4.166666666666667,42.588190451025206,21.957892883300772,5.0,3.0345454797823876,2.3360369196984854
0.8666666666666667,4.009316238664496,42.974464521130585,22.134132793682816,,,,,,,,,1,baseline_geometric,4.333333333333334,42.68919820615265,22.035733586514567,5.0,3.0258644440642115,2.3343946028887794
0.9,4.814610636691158,42.43404719678631,21.905593432763926,,,,,,,,,1,baseline_geometric,4.5,42.78991106039229,22.11351847906374,5.0,3.0168515882113502,2.3326882874718247
0.9333333333333333,4.237486785593146,43.3723219385884,22.454153873046945,,,,,,,,,1,baseline_geometric,4.666666666666667,42.890317969444716,22.191245428436176,5.0,3.0075079005850145,2.33091802022712
0.9666666666666667,4.2015831175714755,43.60715173864873,22.532138596383323,,,,,,,,,1,baseline_geometric,4.833333333333333,42.99040792256087,22.268912303708287,5.0,2.9978344058258464,2.3290838496874358
1.0,5.000595608696759,43.07152321419851,22.47440025556384,,,,,,,,,1,baseline_geometric,5.0,43.09016994374947,22.346516975603464,5.0,2.9878321647415556,2.327185826137484
1.0333333333333332,5.955639678977643,42.60065287618549,22.260712542321013,,,,,,,,,1,baseline_geometric,5.166666666666666,43.1895930929807,22.424057316550417,5.0,2.977502274190593,2.3252240016125385
1.0666666666666667,5.538170490159217,43.04991073210106,22.356197357865053,,,,,,,,,1,baseline_geometric,5.333333333333333,43.28866646738583,22.501531200741535,5.0,2.966845866961865,2.323198429897011
1.1,5.977019762074146,42.889132143444066,22.327811548961275,,,,,,,,,1,baseline_geometric,5.500000000000001,43.38737920245291,22.578936504191145,5.0,2.95586411165051,2.3211091665229717
1.1333333333333333,5.6026277794122725,43.451965242972555,22.8188834036096,,,,,,,,,1,baseline_geometric,5.666666666666666,43.48572047321815,22.65627110479375,5.0,2.9445582125297523,2.3189562687686327
1.1666666666666667,5.931262007603521,43.583724060336856,22.715837790446077,,,,,,,,,1,baseline_geometric,5.833333333333333,43.583679495453005,22.733532882382214,5.0,2.932929409418835,2.316739795656773
1.2,6.142940223546479,43.63065123125212,22.687757516595347,,,,,,,,,1,baseline_geometric,6.0,43.68124552684678,22.81071971878587,5.0,2.920978977547065,2.314459807953123
1.2333333333333334,5.370660579111365,44.27208077914597,23.19170531653332,,,,,,,,,1,baseline_geometric,6.166666666666667,43.77840786818467,22.88782949788861,5.0,2.908708227413965,2.312116368164696
1.2666666666666666,6.167118256520678,43.97484824514843,23.056026741258474,,,,,,,,,1,baseline_geometric,6.333333333333332,43.87515586452103,22.964860105686892,5.0,2.896118504645567,2.309709540538079
1.3,6.397451625317139,44.164009682325464,23.051434524067016,,,,,,,,,1,baseline_geometric,6.5,43.971478906347805,23.041809430347687,5.0,2.8832111898468455,2.3072393910576663
1.3333333333333333,6.768520919889211,43.97694427923705,23.117248577504352,,,,,,,,,1,baseline_geometric,6.666666666666667,44.067366430758,23.11867536226639,5.0,2.8699876984503203,2.3047059874438545
1.3666666666666667,6.794724456584688,44.15550502135755,23.11856880541047,,,,,,,,,1,baseline_geometric,6.833333333333333,44.16280792260401,23.195455794124648,5.0,2.8564494805608387,2.3021093991511825
1.4,6.902421113810941,44.31551150498676,23.28624299377935,,,,,,,,,1,baseline_geometric,6.999999999999999,44.257792915650725,23.272148620948137,5.0,2.8425980207965535,2.299449697366431
1.4333333333333333,7.055752337802628,44.69353411549716,23.4718147584826,,,,,,,,,1,baseline_geometric,7.166666666666667,44.35231099372328,23.34875174016427,5.0,2.8284348381261193,2.296726955006667
1.4666666666666666,7.342097917669352,44.34044053261621,23.41528457484631,,,,,,,,,1,baseline_geometric,7.333333333333333,44.446351791849274,23.425263051659837,5.0,2.8139614857021216,2.293941246717248
1.5,7.502035902150763,44.51180528586907,23.54229116821904,,,,,,,,,1,baseline_geometric,7.5,44.53990499739547,23.50168045783858,5.0,2.799179550690753,2.2910926488697743
1.5333333333333332,7.713648115021092,44.63803212102497,23.57071164938786,,,,,,,,,1,baseline_geometric,7.666666666666666,44.63296035119862,23.578001863678715,5.0,2.7840906540977644,2.2881812395599948
1.5666666666666667,7.888805899352085,44.701720500312675,23.575337906642687,,,,,,,,,1,baseline_geometric,7.833333333333334,44.72550764869054,23.654225176790337,5.0,2.7686964505907037,2.285207098605666
1.6,7.933137363421975,44.82774476705428,23.8669571161079,,,,,,,,,1,baseline_geometric,8.0,44.81753674101715,23.730348307472823,5.0,2.7529986283174632,2.282170307544365
1.6333333333333333,8.172533817337744,44.797623513390306,23.703581227376482,,,,,,,,,1,baseline_geometric,8.166666666666666,44.90903753615141,23.806369168772083,5.0,2.736998908721153,2.2790709496312522
1.6666666666666667,8.26933345154253,45.039995166987076,23.90181342336451,,,,,,,,,1,baseline_geometric,8.333333333333334,45.0,23.882285676537812,5.0,2.7206990463513265,2.2759091098367907
1.7,8.509131221961876,45.13660560321152,23.944025586029493,,,,,,,,,1,baseline_geometric,8.5,45.090414157503716,23.95809574948059,5.0,2.7041008286715766,2.272684874844416
1.7333333333333334,8.595997141707716,45.32954073467823,24.067842107479308,,,,,,,,,1,baseline_geometric,8.666666666666668,45.1802700937313,24.033797309228987,5.0,2.6872060758635166,2.2693983330481586
1.7666666666666666,8.75176822532085,45.40402740481105,24.23898020320448,,,,,,,,,1,baseline_geometric,8.833333333333334,45.26955795496678,24.109388280386487,5.0,2.6700166406271775,2.2660495745502223
1.8,9.146198462639983,45.08918284401376,24.039913555358215,,,,,,,,,1,baseline_geometric,9.0,45.35826794978997,24.184866590588438,5.0,2.6525344079778406,2.2626386911585126
1.8333333333333333,9.170095724703238,45.51034794190512,24.237391306281,,,,,,,,,1,baseline_geometric,9.166666666666666,45.44639035015027,24.260230170558838,5.0,2.6347612950393238,2.2591657763841213
1.8666666666666667,9.364243385881396,45.541811604183565,24.280076200587626,,,,,,,,,1,baseline_geometric,9.333333333333334,45.533915492433444,24.335476954167074,5.0,2.616699250833744,2.2556309254387608
1.9,9.664329921113046,45.49342199488932,24.3466879103368,,,,,,,,,1,baseline_geometric,9.5,45.6208337785213,24.41060487848456,5.0,2.5983502560677905,2.2520342352321556
1.9333333333333333,9.724830821818221,45.67939284880363,24.3600104927308,,,,,,,,,1,baseline_geometric,9.666666666666666,45.70713567684432,24.4856118838413,5.0,2.5797163229155133,2.2483758043693847
1.9666666666666666,9.821071562772843,45.74592006499022,24.581752574928128,,,,,,,,,1,baseline_geometric,9.833333333333332,45.79281172342679,24.560495913882356,5.0,2.5607994947976676,2.244655733148178
2.0,10.032968013037262,45.72874584495629,24.59817784051507,,,,,,,,,1,baseline_geometric,10.0,45.877852522924734,24.63525491562421,5.0,2.5416018461576297,2.240874123556167
2.033333333333333,10.136699335946188,46.07605994132303,24.713112201235056,,,,,,,,,1,baseline_geometric,10.166666666666666,45.962248749656155,24.70988683951107,5.0,2.5221254822339114,2.2370310792680894
2.0666666666666664,10.389425446307424,45.85401397605325,24.71091020970986,,,,,,,,,1,baseline_geometric,10.333333333333332,46.04599114862375,24.784389639471048,5.0,2.5023725388292957,2.233126705642945
2.1,10.480420329670348,46.12832300327918,24.713994847294178,,,,,,,,,1,baseline_geometric,10.500000000000002,46.12907053652977,24.85876127297224,5.0,2.482345182076621,2.22916110972111
2.1333333333333333,10.764962624914865,46.159008669521576,24.9491349959811,,,,,,,,,1,baseline_geometric,10.666666666666666,46.2114778027831,24.93299970107875,5.0,2.4620456082012443,2.225134400221399
2.1666666666666665,10.840363671901988,46.37109821557621,24.975190184682944,,,,,,,,,1,baseline_geometric,10.833333333333332,46.29320391049838,25.007102888506562,5.0,2.4414760432801965,2.221046687538087
2.2,10.971761072799943,46.479498289598936,25.045686377220868,,,,,,,,,1,baseline_geometric,11.000000000000002,46.374239897486895,25.081068803679372,5.0,2.420638742998068,2.2168980837378824
2.2333333333333334,11.143645625858744,46.544361538915574,25.13717414535009,,,,,,,,,1,baseline_geometric,11.166666666666666,46.454576877239504,25.154895418784243,5.0,2.3995359923996515,2.2126887025568545
2.2666666666666666,11.385679605690676,46.51565130480069,25.283158585084237,,,,,,,,,1,baseline_geometric,11.333333333333332,46.53420603990105,25.228580709827227,5.0,2.3781701056393545,2.208418659397314
2.3,11.511900808215776,46.37932216096409,25.186705442508103,,,,,,,,,1,baseline_geometric,11.5,46.61311865323652,25.302122656688855,5.0,2.3565434257274336,2.2040880713246516
2.3333333333333335,11.721885759160196,46.735626814448935,25.467089446163147,,,,,,,,,1,baseline_geometric,11.666666666666666,46.691306063588584,25.375519243179504,5.0,2.3346583242730508,2.1996970570641263
2.3666666666666667,11.809652558658671,46.901342875279894,25.470079927352014,,,,,,,,,1,baseline_geometric,11.833333333333334,46.768759696826606,25.448768457094673,5.0,2.3125172012242037,2.1952457369976126
2.4,12.037897468321304,46.8508917335808,25.568008644879768,,,,,,,,,1,baseline_geometric,12.0,46.845471059286886,25.52186829027017,5.0,2.2901224846045416,2.1907342331602986
2.433333333333333,12.298390240111365,46.814846620917514,25.65418939551508,,,,,,,,,1,baseline_geometric,12.166666666666666,46.921431738704065,25.594816738637135,5.0,2.267476630247108,2.186162669237341
2.466666666666667,12.329861274257485,47.00221510675036,25.644222805368447,,,,,,,,,1,baseline_geometric,12.333333333333334,46.99663340513365,25.66761180227701,5.0,2.244582121525029,2.181531170560474
2.5,12.525821619863018,46.99761223891455,25.73704266959423,,,,,,,,,1,baseline_geometric,12.5,47.071067811865476,25.740251485476346,5.0,2.221441469079183,2.176839864104573
2.533333333333333,12.761696637532756,46.999920970710264,25.741504883370713,,,,,,,,,1,baseline_geometric,12.666666666666664,47.14472679632803,25.812733796781544,5.0,2.198057210542883,2.172088878484175
2.5666666666666664,12.85952368600008,47.30115129093603,25.918696422654012,,,,,,,,,1,baseline_geometric,12.833333333333332,47.21760228098362,25.88505674905342,5.0,2.174431910263593,2.167278343949951
2.6,12.968389061108391,47.40742443125295,26.045399754618668,,,,,,,,,1,baseline_geometric,13.0,47.28968627421412,25.95721835952171,5.0,2.1505681590217223,2.1624083923851343
2.6333333333333333,13.02888879156669,47.49232499400306,26.113705354261977,,,,,,,,,1,baseline_geometric,13.166666666666666,47.360970871197345,26.0292166498394,5.0,2.1264685737465148,2.1574791573019074
2.6666666666666665,13.48097135764153,47.303085657856414,25.98014462152622,,,,,,,,,1,baseline_geometric,13.333333333333334,47.43144825477394,26.101049646137003,5.0,2.1021357972290726,2.1524907738377403
2.7,13.52843093509158,47.51300473922055,26.252514056909064,,,,,,,,,1,baseline_geometric,13.5,47.50111069630459,26.17271537907663,5.0,2.077572497832547,2.1474433787516856
2.7333333333333334,13.755330802043039,47.71581582202041,26.305598832366762,,,,,,,,,1,baseline_geometric,13.666666666666666,47.56995055651756,26.24421188390602,5.0,2.0527813691995207,2.142337110420629
2.7666666666666666,13.780300475957391,47.54823145003528,26.23022871368613,,,,,,,,,1,baseline_geometric,13.833333333333334,47.63796028634642,26.315537200512367,5.0,2.027765129956618,2.1371721088354962
2.8,14.100396363305526,47.58957459728438,26.41801009557611,,,,,,,,,1,baseline_geometric,13.999999999999998,47.70513242775789,26.386689373476088,5.0,2.0025265234163796,2.131948515597415
2.8333333333333335,14.181960719135107,47.58384755051623,26.248328855624855,,,,,,,,,1,baseline_geometric,14.166666666666666,47.77145961456971,26.45766645212443,5.0,1.9770683172764252,2.1266664739138323
2.8666666666666667,14.30833163695892,47.82266550879531,26.499672045437453,,,,,,,,,1,baseline_geometric,14.333333333333334,47.8369345732584,26.52846649058491,5.0,1.9513933033159465,2.1213261285945895
2.9,14.459075405437593,48.126883530763834,26.776050891975256,,,,,,,,,1,baseline_geometric,14.499999999999998,47.901550123756905,26.599087547838728,5.0,1.9255042970895564,2.115927626047951
2.933333333333333,14.671681424258317,47.90560425220289,26.627596070151718,,,,,,,,,1,baseline_geometric,14.666666666666666,47.96529918024196,26.66952768777391,5.0,1.8994041376185287,2.1104711142765913
2.966666666666667,14.81130079725254,48.0264931371257,26.81471893801463,,,,,,,,,1,baseline_geometric,14.833333333333334,48.028174751911145,26.73978497923845,5.0,1.8730956870794713,2.1049567428735365
3.0,14.998973924455022,48.094473514749296,26.82484915630226,,,,,,,,,1,baseline_geometric,15.0,48.09016994374947,26.8098574960932,5.0,1.8465818304904567,2.0993846630180646
3.033333333333333,15.079888309180875,48.23358290354846,27.077803903550837,,,,,,,,,1,baseline_geometric,15.166666666666668,48.151277957285544,26.879743317264726,5.0,1.8198654753946426,2.0937550274715595
3.0666666666666664,15.280511744089985,48.1478656069055,26.844281305174775,,,,,,,,,1,baseline_geometric,15.333333333333332,48.211492091337036,26.949440526797925,5.0,1.7929495515414322,2.0880679905733235
3.1,15.517982470447015,48.29279591423458,27.02693966105659,,,,,,,,,1,baseline_geometric,15.5,48.27080574274562,27.0189472139086,5.0,1.7658370105651893,2.0823237082363457
3.1333333333333333,15.590511302135386,48.443728651870806,26.99704260360411,,,,,,,,,1,baseline_geometric,15.666666666666668,48.329212407101,27.08826147303581,5.0,1.7385308256615641,2.076522337943028
3.1666666666666665,15.825322450677504,48.24273666658517,27.034933273525112,,,,,,,,,1,baseline_geometric,15.833333333333332,48.38670567945424,27.157381403894128,5.0,1.7110339912614436,2.070664038740868
3.2,16.03307622381858,48.47441618068949,27.16410531369318,,,,,,,,,1,baseline_geometric,16.0,48.44327925502015,27.22630511152573,5.0,1.6833495227025799,2.0647489712380973
3.2333333333333334,16.14736286085488,48.450940316415725,27.317477749656064,,,,,,,,,1,baseline_geometric,16.166666666666668,48.49892692986864,27.295030706352357,5.0,1.6554804558989273,2.05877729759928
3.2666666666666666,16.31764693744756,48.53542377482079,27.28373013405012,,,,,,,,,1,baseline_geometric,16.333333333333332,48.55364260160506,27.36355630422711,5.0,1.627429847007717,2.0527491815408645
3.3,16.467521782129822,48.6765791980574,27.522742126679937,,,,,,,,,1,baseline_geometric,16.499999999999996,48.607420270039434,27.431880026486112,5.0,1.5992007720943144,2.0466647883266984
3.3333333333333335,16.712595811295817,48.55209192805897,27.47965801314468,,,,,,,,,1,baseline_geometric,16.666666666666668,48.66025403784439,27.5,5.0,1.5707963267948961,2.040524284763495
3.3666666666666667,16.748193777073936,48.88050832577982,27.5861217387072,,,,,,,,,1,baseline_geometric,16.833333333333332,48.712138111201895,27.567914357225288,5.0,1.5422196259769807,2.034327839196261
3.4,16.99654564902275,48.79559437676304,27.594502377288624,,,,,,,,,1,baseline_geometric,17.0,48.76306680043864,27.635621236255567,5.0,1.5134738033978403,2.0280756215036826
3.433333333333333,17.150162363077477,48.92720848410062,27.783789611072194,,,,,,,,,1,baseline_geometric,17.166666666666668,48.81303452064992,27.70311878087255,5.0,1.484562011360858,2.021767803093465
3.466666666666667,17.36508137683728,48.85746851041061,27.699948407171586,,,,,,,,,1,baseline_geometric,17.333333333333336,48.86203579231215,27.770405140596953,5.0,1.4554874203698365,2.0154045568976375
3.5,17.483650064332604,48.92227066983273,27.854783354902338,,,,,,,,,1,baseline_geometric,17.5,48.91006524188368,27.83747847073923,5.0,1.426253218781319,2.0089860573678076
3.533333333333333,17.586277845891534,49.040693302036644,27.833899661499306,,,,,,,,,1,baseline_geometric,17.666666666666668,48.95711760239413,27.904336932450164,5.0,1.3968626124549495,2.002512480470383
3.5666666666666664,17.962731866738043,49.003863300737926,28.084314124213588,,,,,,,,,1,baseline_geometric,17.833333333333332,49.003187714021934,27.97097869277124,5.0,1.367318824401914,1.9959840036817442
3.6,17.999057374621305,49.02906199747108,27.96826001858971,,,,,,,,,1,baseline_geometric,18.0,49.0482705246602,28.03740192468495,5.0,1.337625094431499,1.9894008059833805
3.6333333333333333,18.11495343541679,49.2362425080762,28.05736607952271,,,,,,,,,1,baseline_geometric,18.166666666666668,49.09236109047069,28.103604807164825,5.0,1.3077846787958152,1.982763067856982
3.6666666666666665,18.237384298691552,49.1329631868287,28.147028590868867,,,,,,,,,1,baseline_geometric,18.333333333333332,49.13545457642601,28.169585525225404,5.0,1.2778008498327083,1.9760709712794928
3.6999999999999997,18.512473266525387,49.26092372665945,28.32778468617407,,,,,,,,,1,baseline_geometric,18.5,49.17754625683981,28.235342269971976,5.0,1.2476768956069093,1.9693246997181204
3.7333333333333334,18.67472164702989,49.006347877815074,28.306672991360678,,,,,,,,,1,baseline_geometric,18.666666666666668,49.21863151588501,28.300873238650162,5.0,1.217416119549467,1.962524438125308
3.7666666666666666,18.742752025953973,49.31437989552658,28.406086177144896,,,,,,,,,1,baseline_geometric,18.833333333333332,49.25870584809995,28.36617663469535,5.0,1.187021840095484,1.9556703729336626
3.8,19.04994338337079,49.223455581017774,28.325815105104102,,,,,,,,,1,baseline_geometric,19.0,49.297764858882516,28.43125066778196,5.0,1.1564973903202134,1.948762692050843
3.8333333333333335,19.04527459240715,49.29495039470718,28.48839209537641,,,,,,,,,1,baseline_geometric,19.166666666666668,49.33580426497202,28.49609355387249,5.0,1.1258461175735526,1.9418015848544103
3.8666666666666667,19.25828130733826,49.20739582533978,28.374358136179676,,,,,,,,,1,baseline_geometric,19.333333333333332,49.37281989491891,28.560703515266475,5.0,1.0950713831129686,1.934787242186635
3.9,19.557537194224615,49.31825806338048,28.566918080306056,,,,,,,,,1,baseline_geometric,19.5,49.40880768954226,28.62507878064918,5.0,1.064176561734893,1.9277198563492643
3.933333333333333,19.72595591977857,49.36653159111323,28.665563525880188,,,,,,,,,1,baseline_geometric,19.666666666666664,49.44376370237481,28.689217585140184,5.0,1.033165041404643,1.9205996210982506
3.966666666666667,19.84362413159966,49.414659581718716,28.83904633419638,,,,,,,,,1,baseline_geometric,19.833333333333332,49.47768410009586,28.753118170341764,5.0,1.0020402228848915,1.9134267316384408
4.0,19.98487696876343,49.55724772904863,28.830020988981904,,,,,,,,,1,baseline_geometric,20.0,49.510565162951536,28.816778784387097,5.0,0.9708055193627333,1.9062013846182224
4.033333333333333,20.214673375336933,49.42509674161483,28.758446833487277,,,,,,,,,1,baseline_geometric,20.166666666666664,49.54240328516277,28.880197681988292,5.0,0.9394643560753935,1.8989237781241337
4.066666666666666,20.29006918693534,49.54646204876367,28.918762961222523,,,,,,,,,1,baseline_geometric,20.333333333333332,49.573194975320675,28.943373124484236,5.0,0.9080201699346095,1.8915941116754336
4.1,20.5285520326994,49.54308574904807,28.979631919802475,,,,,,,,,1,baseline_geometric,20.5,49.60293685676943,29.00630337988826,5.0,0.8764764091497343,1.8842125862186299
4.133333333333333,20.68495991366494,49.753224955349765,29.055537321480635,,,,,,,,,1,baseline_geometric,20.666666666666664,49.63162566797658,29.06898672293562,5.0,0.8448365328496045,1.8767794041219716
4.166666666666667,20.885225863451865,49.63133194532685,29.070122464942646,,,,,,,,,1,baseline_geometric,20.833333333333336,49.65925826289068,29.13142143513081,5.0,0.8131040107032045,1.8692947691699007
4.2,21.001437039601484,49.553907788406846,29.217213671978666,,,,,,,,,1,baseline_geometric,21.000000000000004,49.68583161128631,29.193605804794647,5.0,0.7812823225391823,1.861758886557466
4.233333333333333,21.12371856483419,49.76419344717124,29.21802308085448,,,,,,,,,1,baseline_geometric,21.166666666666668,49.71134279909636,29.25553812711123,5.0,0.7493749579642421,1.8541719628846947
4.266666666666667,21.32262911149656,49.40255067268436,29.156484144974968,,,,,,,,,1,baseline_geometric,21.333333333333332,49.7357890287316,29.317216704174655,5.0,0.7173854159804736,1.8465342061509333
4.3,21.44001573034752,49.83182958248968,29.472758597392154,,,,,,,,,1,baseline_geometric,21.5,49.75916761938747,29.378639845035575,5.0,0.6853172046016434,1.83884582574914
4.333333333333333,21.722767873110314,49.85879080262806,29.42979211165499,,,,,,,,,1,baseline_geometric,21.666666666666664,49.78147600733806,29.43980586574756,5.0,0.6531738404685056,1.8311070324601473
4.366666666666666,21.77900063422618,49.76833185767128,29.48399298287071,,,,,,,,,1,baseline_geometric,21.833333333333332,49.80271174621722,29.500713089413253,5.0,0.6209588484631603,1.8233180384468826
4.4,21.966188510660817,49.9110305613428,29.553586981164162,,,,,,,,,1,baseline_geometric,22.000000000000004,49.82287250728689,29.561359846230346,5.0,0.5886757613225101,1.8154790572485509
4.433333333333334,22.131334007280532,49.81216954648793,29.6030413405971,,,,,,,,,1,baseline_geometric,22.166666666666668,49.84195607969242,29.62174447353737,5.0,0.5563281192508593,1.8075903037747827
4.466666666666667,22.332990999053965,49.91132337178628,29.62133191790501,,,,,,,,,1,baseline_geometric,22.333333333333332,49.859960370705046,29.681865315859255,5.0,0.523919469531684,1.7996519942997384
4.5,22.52088323984974,49.874592746396765,29.736384814986007,,,,,,,,,1,baseline_geometric,22.5,49.876883405951375,29.741720724952756,5.0,0.49145336613863877,1.7916643464561826
4.533333333333333,22.689808431413915,49.932592031790115,29.735021025386484,,,,,,,,,1,baseline_geometric,22.666666666666664,49.89272332962988,29.801309059851583,5.0,0.45893336934582035,1.783627579229516
4.566666666666666,22.841419155943075,49.89851599027695,29.857350030293723,,,,,,,,,1,baseline_geometric,22.833333333333332,49.90747840471444,29.860628686911436,5.0,0.42636304533734415,1.7755419129517718
4.6,23.03292733568405,49.80280591793093,29.865554633882624,,,,,,,,,1,baseline_geometric,23.0,49.921147013144775,29.919677979854775,5.0,0.39374596581627264,1.7674075692955753
4.633333333333333,23.204746614631958,49.97013095858375,30.040484771274414,,,,,,,,,1,baseline_geometric,23.166666666666664,49.93372765600397,29.97845531981541,5.0,0.3610857076129349,1.7592247712680666
4.666666666666667,23.30783724043014,49.984128699964224,30.053209016220425,,,,,,,,,1,baseline_geometric,23.333333333333332,49.94521895368273,30.036959095382873,5.0,0.3283858522926906,1.750993743204788
4.7,23.54060860537165,49.85644106902344,30.04078241844191,,,,,,,,,1,baseline_geometric,23.5,49.9556196460308,30.095187702646598,5.0,0.295649985763171,1.742714710763531
4.733333333333333,23.766668243162684,50.09650208699582,30.202962926732656,,,,,,,,,1,baseline_geometric,23.666666666666668,49.96492859249504,30.15313954523991,5.0,0.26288169788104054,1.7343879009181526
4.766666666666667,23.737770342753763,50.28068453449446,30.295212398689767,,,,,,,,,1,baseline_geometric,23.833333333333336,49.97314477224458,30.21081303438377,5.0,0.23008458205832863,1.7260135419523503
4.8,23.95216953826538,49.987236716133445,30.297815913928233,,,,,,,,,1,baseline_geometric,24.0,49.98026728428272,30.26820658893033,5.0,0.19726223486837782,1.7175918634534062
4.833333333333333,24.155265984340513,49.88801116572621,30.281900840639562,,,,,,,,,1,baseline_geometric,24.166666666666664,49.986295347545735,30.32531863540631,5.0,0.16441825565142965,1.70912309630589
4.866666666666666,24.241936274030092,49.959796097605846,30.4080239161761,,,,,,,,,1,baseline_geometric,24.333333333333332,49.99122830098858,30.3821476080561,5.0,0.13155624611992395,1.7006074726853313
4.9,24.51658172071354,50.146741030498056,30.507085757051374,,,,,,,,,1,baseline_geometric,24.500000000000004,49.995065603657316,30.438691948884717,5.0,0.09867980996352638,1.6920452260518526
4.933333333333334,24.613735241426674,50.38756687785697,30.582894449960264,,,,,,,,,1,baseline_geometric,24.666666666666668,49.99780683474846,30.49495010770048,5.0,0.06579255245394733,1.6834365911437716
4.966666666666667,24.85524797841028,49.98180780198918,30.571556711539934,,,,,,,,,1,baseline_geometric,24.833333333333336,49.99945169365512,30.55092054215756,5.0,0.032898080049575604,1.6747818039711624
5.0,25.02338506331218,49.97870104404731,30.522294529593733,,,,,,,,,1,baseline_geometric,25.0,50.0,30.606601717798213,5.0,1.9236706937217898e-16,1.6660811018093873
5.033333333333333,25.158386332116102,49.92605110921028,30.695247010896363,,,,,,,,,1,baseline_geometric,25.166666666666664,49.99945169365512,30.661992108094886,5.0,-0.03289808004957522,1.6573347231925912
5.066666666666666,25.454291570536117,49.98149489028631,30.733593408459136,,,,,,,,,1,baseline_geometric,25.33333333333333,49.99780683474846,30.717090194492048,5.0,-0.06579255245394623,1.6485429079071623
5.1,25.468452635348207,49.959111888821944,30.599257429137584,,,,,,,,,1,baseline_geometric,25.5,49.995065603657316,30.771894466447833,5.0,-0.0986798099635267,1.639705896985157
5.133333333333333,25.67700453594537,50.01322702015087,30.822347485404833,,,,,,,,,1,baseline_geometric,25.666666666666664,49.99122830098858,30.826403421475433,5.0,-0.13155624611992286,1.630823932697695
5.166666666666667,25.899840638617377,49.70910703380832,30.79784071752463,,,,,,,,,1,baseline_geometric,25.833333333333336,49.986295347545735,30.880615565184314,5.0,-0.16441825565142923,1.6218972585483122
5.2,25.941076418954417,50.04603652671714,31.0461604999131,,,,,,,,,1,baseline_geometric,26.0,49.98026728428272,30.934529411321172,5.0,-0.1972622348683774,1.6129261192662916
5.233333333333333,26.192580003365546,49.934274465440126,30.994030577257146,,,,,,,,,1,baseline_geometric,26.166666666666664,49.97314477224458,30.98814348181068,5.0,-0.23008458205832824,1.6039107607999477
5.266666666666667,26.264269349020715,50.04915219331104,31.111368983649143,,,,,,,,,1,baseline_geometric,26.333333333333332,49.96492859249504,31.041456306796015,5.0,-0.2628816978810395,1.5948514303098862
5.3,26.514052110215776,50.029752597068565,31.241717243210598,,,,,,,,,1,baseline_geometric,26.5,49.9556196460308,31.094466424679148,5.0,-0.29564998576317125,1.5857483761622289
5.333333333333333,26.71365241091476,49.568671185069206,31.063744854007453,,,,,,,,,1,baseline_geometric,26.666666666666668,49.94521895368273,31.14717238216091,5.0,-0.32838585229269024,1.5766018479218045
5.366666666666666,26.77359466090904,49.80425963018399,31.2605392983283,,,,,,,,,1,baseline_geometric,26.833333333333332,49.93372765600397,31.19957273428087,5.0,-0.3610857076129338,1.5674120963453047
5.4,27.009477228569903,49.97832443402658,31.261103843305456,,,,,,,,,1,baseline_geometric,27.0,49.921147013144775,31.251666044456893,5.0,-0.3937459658162723,1.5581793733744105
5.433333333333334,27.241007247377865,49.72831470994186,31.137261450744653,,,,,,,,,1,baseline_geometric,27.166666666666668,49.90747840471444,31.303450884524565,5.0,-0.4263630453373438,1.5489039321288869
5.466666666666667,27.232428066521763,49.8566471895312,31.41736763450997,,,,,,,,,1,baseline_geometric,27.333333333333332,49.89272332962988,31.354925834776346,5.0,-0.45893336934582,1.5395860268996406
5.5,27.48463490000447,49.84932950514221,31.392471168783924,,,,,,,,,1,baseline_geometric,27.500000000000004,49.876883405951375,31.406089484000468,5.0,-0.49145336613863916,1.5302259131417502
5.533333333333333,27.678379020437223,49.89746124187218,31.44782901385452,,,,,,,,,1,baseline_geometric,27.666666666666668,49.85996037070505,31.456940429519634,5.0,-0.5239194695316837,1.5208238474674636
5.566666666666666,27.76960806672041,49.88440848890181,31.586293343466657,,,,,,,,,1,baseline_geometric,27.833333333333332,49.84195607969242,31.50747727722949,5.0,-0.556328119250859,1.5113800876391594
5.6,28.042790083290626,49.710506150021146,31.5118454157983,,,,,,,,,1,baseline_geometric,27.999999999999996,49.82287250728689,31.557698641636836,5.0,-0.5886757613225096,1.5018948925622848
5.633333333333333,28.274882513256436,49.71981842967873,31.654367730589385,,,,,,,,,1,baseline_geometric,28.16666666666666,49.80271174621722,31.607603145897592,5.0,-0.6209588484631585,1.4923685222782537
5.666666666666667,28.390268213671142,49.77847519568765,31.617079104524585,,,,,,,,,1,baseline_geometric,28.333333333333332,49.78147600733806,31.65718942185456,5.0,-0.6531738404685045,1.482801237957319
5.7,28.473383735466882,49.62792169645465,31.681436561560325,,,,,,,,,1,baseline_geometric,28.500000000000004,49.759167619387476,31.706456110074946,5.0,-0.6853172046016429,1.4731933018914143
5.733333333333333,28.64758556713455,49.59657306849651,31.704857045024553,,,,,,,,,1,baseline_geometric,28.666666666666668,49.7357890287316,31.7554018598876,5.0,-0.7173854159804732,1.46354497748696
5.766666666666667,28.813430468076877,49.637920034238,31.873488647332728,,,,,,,,,1,baseline_geometric,28.833333333333332,49.71134279909636,31.804025329420057,5.0,-0.7493749579642417,1.453856529257644
5.8,28.848497138212398,49.8651540694035,31.966425127702117,,,,,,,,,1,baseline_geometric,28.999999999999996,49.68583161128631,31.852325185635355,5.0,-0.7812823225391818,1.4441282228171672
5.833333333333333,29.1156131652753,49.58776842343461,31.805822078847847,,,,,,,,,1,baseline_geometric,29.166666666666664,49.65925826289069,31.900300104368526,5.0,-0.8131040107032035,1.434360324871966
5.866666666666666,29.32117449696037,49.601845175670654,31.848099293671783,,,,,,,,,1,baseline_geometric,29.333333333333332,49.63162566797658,31.94794877036294,5.0,-0.8448365328496034,1.4245531032138965
5.9,29.45157171410908,49.899646783458394,32.15387396110231,,,,,,,,,1,baseline_geometric,29.500000000000004,49.60293685676943,31.99526987730636,5.0,-0.8764764091497338,1.4147068267128942
5.933333333333334,29.615214336173764,49.33071043241664,31.85556216693259,,,,,,,,,1,baseline_geometric,29.666666666666668,49.573194975320675,32.04226212786672,5.0,-0.9080201699346092,1.4048217653096036
5.966666666666667,29.817079593005488,49.565395827827366,32.03686723179739,,,,,,,,,1,baseline_geometric,29.833333333333336,49.54240328516277,32.08892423372774,5.0,-0.9394643560753931,1.3948981900079767
6.0,29.971038976609663,49.50814296864642,32.284756974281855,,,,,,,,,1,baseline_geometric,30.0,49.510565162951536,32.135254915624216,5.0,-0.970805519362733,1.3849363728678425
6.033333333333333,30.220701506266607,49.538317120521526,32.32221390434239,,,,,,,,,1,baseline_geometric,30.166666666666664,49.47768410009586,32.18125290337709,5.0,-1.0020402228848904,1.3749365869974508
6.066666666666666,30.368098979617844,49.352290790962996,32.15406640840101,,,,,,,,,1,baseline_geometric,30.333333333333336,49.44376370237481,32.226916935928315,5.0,-1.0331650414046427,1.3648991065459821
6.1,30.556336876378772,49.48694958179233,32.28852000768516,,,,,,,,,1,baseline_geometric,30.5,49.40880768954226,32.27224576137535,5.0,-1.0641765617348926,1.3548242066960334
6.133333333333333,30.63461083823459,49.53326374943902,32.23150981532225,,,,,,,,,1,baseline_geometric,30.666666666666664,49.37281989491892,32.31723813700556,5.0,-1.0950713831129677,1.3447121636560742
6.166666666666667,30.79102662021664,49.27668184535261,32.345773617279974,,,,,,,,,1,baseline_geometric,30.833333333333336,49.33580426497202,32.36189282933024,5.0,-1.125846117573553,1.334563254652871
6.2,31.08205596329705,49.47779022233182,32.51325754522899,,,,,,,,,1,baseline_geometric,31.0,49.297764858882516,32.40620861411843,5.0,-1.1564973903202131,1.324377757923892
6.233333333333333,31.162954808341144,49.20395442576171,32.47660396784704,,,,,,,,,1,baseline_geometric,31.166666666666664,49.25870584809995,32.45018427643051,5.0,-1.1870218400954828,1.314155952709675
6.266666666666667,31.266565527514462,49.11564219793866,32.46555133447053,,,,,,,,,1,baseline_geometric,31.333333333333336,49.21863151588501,32.493818610651495,5.0,-1.217416119549467,1.3038981192461732
6.3,31.576282403400892,49.228494091081956,32.58270073412808,,,,,,,,,1,baseline_geometric,31.5,49.17754625683981,32.53711042052405,5.0,-1.2476768956069089,1.2936045387570727
6.333333333333333,31.79094549544543,49.14295074944344,32.613113637642215,,,,,,,,,1,baseline_geometric,31.666666666666664,49.135454576426014,32.58005851918136,5.0,-1.2778008498327074,1.2832754934460826
6.366666666666666,31.899581579410768,48.99955864427819,32.559405073998796,,,,,,,,,1,baseline_geometric,31.83333333333333,49.09236109047069,32.62266172917959,5.0,-1.3077846787958147,1.2729112664891977
6.4,32.06095284859892,48.87666038659217,32.6412203089516,,,,,,,,,1,baseline_geometric,32.0,49.0482705246602,32.66491888253023,5.0,-1.337625094431499,1.2625121420269347
6.433333333333334,32.25041280959908,48.90607306399102,32.589410656390136,,,,,,,,,1,baseline_geometric,32.166666666666664,49.003187714021934,32.706828820732056,5.0,-1.367318824401913,1.2520784051565454
6.466666666666667,32.34371538253112,49.0112102837287,32.7798643574519,,,,,,,,,1,baseline_geometric,32.333333333333336,48.95711760239413,32.74839039480296,5.0,-1.39686261245495,1.2416103419241955
6.5,32.53914341619907,49.01820155801803,32.840711910757406,,,,,,,,,1,baseline_geometric,32.5,48.91006524188368,32.78960246531138,5.0,-1.426253218781319,1.231108239317127
6.533333333333333,32.681714646241886,49.00327834036561,32.779201805691635,,,,,,,,,1,baseline_geometric,32.666666666666664,48.86203579231215,32.8304639024076,5.0,-1.4554874203698356,1.2205723852557877
6.566666666666666,32.87240590723663,48.8590770059292,32.838325251787694,,,,,,,,,1,baseline_geometric,32.83333333333333,48.81303452064992,32.87097358585467,5.0,-1.4845620113608575,1.2100030685859386
6.6,33.02753822800053,48.857433697133736,33.04562374339204,,,,,,,,,1,baseline_geometric,32.99999999999999,48.76306680043864,32.911130405059154,5.0,-1.5134738033978394,1.1994005790707358
6.633333333333333,33.284759800007066,48.72676611122765,32.890944574979244,,,,,,,,,1,baseline_geometric,33.166666666666664,48.712138111201895,32.950933259101575,5.0,-1.5422196259769803,1.1887652073827844
6.666666666666667,33.44594460914724,48.603282768363954,33.00288678839304,,,,,,,,,1,baseline_geometric,33.333333333333336,48.66025403784438,32.99038105676658,5.0,-1.5707963267948972,1.1780972450961722
6.7,33.471634540825704,48.58855330441114,32.912043367864996,,,,,,,,,1,baseline_geometric,33.5,48.60742027003944,33.02947271657287,5.0,-1.5992007720943142,1.1673969846784744
6.733333333333333,33.71850761785673,48.484629409536545,33.003343245130075,,,,,,,,,1,baseline_geometric,33.666666666666664,48.55364260160506,33.06820716680284,5.0,-1.6274298470077162,1.1566647194827355
6.766666666666667,33.84263092625981,48.50585725998481,33.13488899327004,,,,,,,,,1,baseline_geometric,33.83333333333333,48.49892692986864,33.10658334553198,5.0,-1.6554804558989278,1.1459007437394262
6.8,33.94249875349935,48.605900749026645,33.237144345168545,,,,,,,,,1,baseline_geometric,34.0,48.44327925502015,33.144600200657955,5.0,-1.6833495227025794,1.13510535254838
6.833333333333333,34.05887392882978,48.536514864922346,33.238758565050425,,,,,,,,,1,baseline_geometric,34.166666666666664,48.38670567945424,33.18225668992948,5.0,-1.7110339912614432,1.1242788418706993
6.866666666666666,34.35088906024539,48.43673481148962,33.377704854822746,,,,,,,,,1,baseline_geometric,34.333333333333336,48.329212407101,33.21955178097488,5.0,-1.7385308256615637,1.1134215085206434
6.8999999999999995,34.388411094204955,48.32836345737205,33.307974719160796,,,,,,,,,1,baseline_geometric,34.5,48.27080574274562,33.2564844513304,5.0,-1.7658370105651886,1.1025336501574905
6.933333333333334,34.695740871280165,48.1905298989662,33.327642599457754,,,,,,,,,1,baseline_geometric,34.66666666666667,48.21149209133704,33.29305368846822,5.0,-1.7929495515414315,1.0916155652773774
6.966666666666667,34.90788314837548,48.1169273115735,33.47460761653547,,,,,,,,,1,baseline_geometric,34.833333333333336,48.151277957285544,33.32925848982423,5.0,-1.819865475394642,1.0806675532051169
7.0,34.97605973182364,48.15773904321866,33.44972711146488,,,,,,,,,1,baseline_geometric,35.0,48.09016994374947,33.365097862825515,5.0,-1.8465818304904564,1.0696899140859892
7.033333333333333,35.15133382783205,48.00012300614185,33.41471206664227,,,,,,,,,1,baseline_geometric,35.16666666666667,48.028174751911145,33.400570824917565,5.0,-1.873095687079472,1.0586829488775171
7.066666666666666,35.38731310645251,47.7585759610234,33.29927922295324,,,,,,,,,1,baseline_geometric,35.333333333333336,47.96529918024196,33.435676403591195,5.0,-1.8994041376185282,1.047646959341212
7.1,35.47998907705098,47.70599312298531,33.310816001674496,,,,,,,,,1,baseline_geometric,35.5,47.901550123756905,33.47041363640923,5.0,-1.9255042970895555,1.0365822480343017
7.133333333333333,35.64413670558517,47.79263269814042,33.50704039675256,,,,,,,,,1,baseline_geometric,35.666666666666664,47.836934573258404,33.5047815710329,5.0,-1.9513933033159456,1.0254891183014356
7.166666666666667,35.73323757404979,47.662636302883605,33.593796463943555,,,,,,,,,1,baseline_geometric,35.833333333333336,47.77145961456971,33.53877926524791,5.0,-1.9770683172764245,1.0143678742663684
7.2,36.05650479245578,47.656114423480716,33.482827949988426,,,,,,,,,1,baseline_geometric,36.0,47.70513242775789,33.572405786990295,5.0,-2.002526523416379,1.0032188208236241
7.233333333333333,36.16314258305793,47.67717655154555,33.66713150377794,,,,,,,,,1,baseline_geometric,36.16666666666667,47.63796028634642,33.60566021437197,5.0,-2.0277651299566184,0.9920422636301345
7.266666666666667,36.28465410038001,47.59078047630368,33.71157954238707,,,,,,,,,1,baseline_geometric,36.333333333333336,47.56995055651756,33.63854163570603,5.0,-2.0527813691995207,0.9808385090968613
7.3,36.43084186054741,47.71963189198483,33.68091177843337,,,,,,,,,1,baseline_geometric,36.5,47.50111069630459,33.671049149531676,5.0,-2.0775724978325467,0.9696078643803943
7.333333333333333,36.5951136373297,47.55447249053658,33.84094554114171,,,,,,,,,1,baseline_geometric,36.666666666666664,47.43144825477395,33.703181864639014,5.0,-2.1021357972290717,0.9583506373745312
7.366666666666666,36.86603099927811,47.25600917347567,33.519785280531295,,,,,,,,,1,baseline_geometric,36.83333333333333,47.360970871197345,33.73493890009341,5.0,-2.1264685737465143,0.9470671367018366
7.3999999999999995,36.993174600578016,47.330418238869804,33.663266749097964,,,,,,,,,1,baseline_geometric,37.0,47.28968627421411,33.76631938525972,5.0,-2.1505681590217223,0.9357576717051819
7.433333333333334,37.238369729514325,47.037247968607595,33.67119029339927,,,,,,,,,1,baseline_geometric,37.16666666666667,47.21760228098362,33.79732245982606,5.0,-2.1744319102635936,0.9244225524392627
7.466666666666667,37.44786224451163,47.30654950694609,33.926650565641744,,,,,,,,,1,baseline_geometric,37.333333333333336,47.14472679632803,33.827947273827505,5.0,-2.1980572105428826,0.9130620896621002
7.5,37.367668741231554,47.107204805271536,33.77713573560598,,,,,,,,,1,baseline_geometric,37.5,47.071067811865476,33.8581929876693,5.0,-2.221441469079183,0.9016765948265195
7.533333333333333,37.68848261589662,46.97665640356419,33.968139157549814,,,,,,,,,1,baseline_geometric,37.666666666666664,46.99663340513366,33.88805877214992,5.0,-2.244582121525028,0.890266380071613
7.566666666666666,37.8612621909114,46.885626829993434,33.83756278952141,,,,,,,,,1,baseline_geometric,37.83333333333333,46.92143173870407,33.9175438084838,5.0,-2.2674766302471068,0.8788317582141818
7.6,37.96506562855413,46.89629678115801,33.990663501624844,,,,,,,,,1,baseline_geometric,38.0,46.845471059286886,33.946647288323774,5.0,-2.2901224846045407,0.86737304274016
7.633333333333333,38.20256387760552,46.78579428290441,34.11781012021088,,,,,,,,,1,baseline_geometric,38.166666666666664,46.768759696826606,33.97536841378323,5.0,-2.3125172012242032,0.8558905477960213
7.666666666666667,38.382564895061776,46.612083029932336,34.007036098841205,,,,,,,,,1,baseline_geometric,38.333333333333336,46.691306063588584,34.003706397458025,5.0,-2.334658324273051,0.8443845881801645
7.7,38.40769162061259,46.67750040331396,34.06569002131873,,,,,,,,,1,baseline_geometric,38.5,46.61311865323652,34.03166046244801,5.0,-2.356543425727433,0.8328554793342855
7.733333333333333,38.57712497880074,46.57793471003718,34.12327893337911,,,,,,,,,1,baseline_geometric,38.666666666666664,46.53420603990106,34.05922984237837,5.0,-2.378170105639354,0.8213035373347265
7.766666666666667,38.86337192278946,46.35892720209517,34.01221864819947,,,,,,,,,1,baseline_geometric,38.83333333333333,46.45457687723951,34.08641378142064,5.0,-2.39953599239965,0.809729078883813
7.8,38.984773150422164,46.42112791812408,34.10066951817885,,,,,,,,,1,baseline_geometric,39.0,46.3742398974869,34.11321153431338,5.0,-2.420638742998068,0.7981324213011697
7.833333333333333,39.10663009621793,46.362782539684666,34.14664515760814,,,,,,,,,1,baseline_geometric,39.166666666666664,46.29320391049838,34.139622366382675,5.0,-2.4414760432801965,0.7865138825150226
7.866666666666666,39.311549137996174,46.30119986826629,34.27775025456768,,,,,,,,,1,baseline_geometric,39.33333333333333,46.21147780278311,34.165645553562214,5.0,-2.4620456082012443,0.7748737810534823
7.8999999999999995,39.607878822070006,46.195524253892884,34.15228802782894,,,,,,,,,1,baseline_geometric,39.49999999999999,46.12907053652977,34.19128038241318,5.0,-2.4823451820766205,0.7632124360358096
7.933333333333334,39.71525117762652,46.005335213450856,34.17240985525377,,,,,,,,,1,baseline_geometric,39.666666666666664,46.04599114862375,34.216526150143785,5.0,-2.502372538829295,0.7515301671636686
7.966666666666667,39.81731995167596,45.854179797779004,34.21019673781276,,,,,,,,,1,baseline_geometric,39.83333333333333,45.96224874965616,34.241382164628554,5.0,-2.522125482233911,0.7398272947123623
8.0,40.02047010048539,45.8401015229929,34.30146099803013,,,,,,,,,1,baseline_geometric,40.0,45.877852522924734,34.265847744427305,5.0,-2.5416018461576297,0.72810413952205
8.033333333333333,40.23060502529334,45.72760271645476,34.19860961206575,,,,,,,,,1,baseline_geometric,40.166666666666664,45.79281172342679,34.289922218803795,5.0,-2.560799494797668,0.7163610229889535
8.066666666666666,40.40224350759359,45.81926636557034,34.38335181037537,,,,,,,,,1,baseline_geometric,40.33333333333333,45.70713567684432,34.31360492774415,5.0,-2.5797163229155133,0.7045982670565452
8.1,40.52611974283893,45.72651768487178,34.462579839443244,,,,,,,,,1,baseline_geometric,40.5,45.62083377852131,34.336895221974956,5.0,-2.59835025606779,0.69281619420672
8.133333333333333,40.703828290268966,45.33722244203321,34.33907380087391,,,,,,,,,1,baseline_geometric,40.666666666666664,45.533915492433444,34.359792462981005,5.0,-2.616699250833743,0.6810151274509572
8.166666666666666,40.81845186403732,45.4745024561066,34.40994873917546,,,,,,,,,1,baseline_geometric,40.833333333333336,45.446390350150274,34.382296023022896,5.0,-2.6347612950393233,0.6691953903214624
8.2,40.94243142402812,45.3274896988239,34.39264008020163,,,,,,,,,1,baseline_geometric,41.0,45.35826794978997,34.40440528515414,5.0,-2.65253440797784,0.6573573068623008
8.233333333333333,41.22260476732701,45.298668377381645,34.466411903506135,,,,,,,,,1,baseline_geometric,41.166666666666664,45.26955795496678,34.42611964323817,5.0,-2.6700166406271766,0.6455012016205093
8.266666666666666,41.41661237647773,45.06779740013088,34.38642121605386,,,,,,,,,1,baseline_geometric,41.33333333333333,45.18027009373131,34.44743850196487,5.0,-2.6872060758635152,0.6336273996372033
8.3,41.42348422251751,45.1578200584363,34.497928460735615,,,,,,,,,1,baseline_geometric,41.5,45.09041415750371,34.46836127686697,5.0,-2.704100828671577,0.6217362264386606
8.333333333333334,41.64839660753087,45.02333475117798,34.524508331636326,,,,,,,,,1,baseline_geometric,41.66666666666667,45.0,34.488887394336025,5.0,-2.720699046351327,0.6098280080274033
8.366666666666667,41.823689958305685,45.07828936772381,34.52025938456876,,,,,,,,,1,baseline_geometric,41.833333333333336,44.90903753615141,34.50901629163815,5.0,-2.7369989087211524,0.5979030708732536
8.4,42.036758966046634,44.82595553384132,34.580328193813145,,,,,,,,,1,baseline_geometric,42.00000000000001,44.81753674101715,34.52874741692946,5.0,-2.7529986283174632,0.5859617419043867
8.433333333333334,42.204298005218426,44.61189189086572,34.45735469058587,,,,,,,,,1,baseline_geometric,42.16666666666667,44.72550764869054,34.5480802292712,5.0,-2.7686964505907037,0.5740043484983696
8.466666666666667,42.378069369865706,44.77672827228842,34.72330094760847,,,,,,,,,1,baseline_geometric,42.333333333333336,44.63296035119862,34.56701419864454,5.0,-2.7840906540977644,0.5620312184731816
8.5,42.48946788001603,44.650204677286986,34.566718906026686,,,,,,,,,1,baseline_geometric,42.5,44.53990499739547,34.585548805965146,5.0,-2.7991795506907526,0.5500426800782316
8.533333333333333,42.68545746712869,44.454926096172066,34.570128992119784,,,,,,,,,1,baseline_geometric,42.666666666666664,44.44635179184928,34.603683543097404,5.0,-2.813961485702121,0.5380390619853552
8.566666666666666,42.82174414384803,44.423661524087464,34.641150987019046,,,,,,,,,1,baseline_geometric,42.833333333333336,44.35231099372328,34.621417912868324,5.0,-2.8284348381261193,0.5260206932798055
8.6,43.02839633365704,44.32996401084053,34.612738900696144,,,,,,,,,1,baseline_geometric,43.0,44.257792915650725,34.63875142908121,5.0,-2.8425980207965527,0.5139879034512326
8.633333333333333,43.193178074726724,44.19006888712668,34.6050854668793,,,,,,,,,1,baseline_geometric,43.166666666666664,44.16280792260401,34.655683616528954,5.0,-2.8564494805608387,0.5019410223846468
8.666666666666666,43.39153288824825,43.928503019644545,34.54539878954807,,,,,,,,,1,baseline_geometric,43.33333333333333,44.06736643075801,34.672214011007085,5.0,-2.86998769845032,0.48988038035137915
8.7,43.49770842059472,44.034535241212936,34.77009262924385,,,,,,,,,1,baseline_geometric,43.49999999999999,43.97147890634781,34.68834215932649,5.0,-2.883211189846845,0.47780630800002294
8.733333333333333,43.66868175420375,43.93877894020899,34.72007778946077,,,,,,,,,1,baseline_geometric,43.666666666666664,43.875155864521034,34.704067619325826,5.0,-2.8961185046455666,0.4657191363473702
8.766666666666666,43.851962991821416,43.824571284073265,34.74382241697091,,,,,,,,,1,baseline_geometric,43.83333333333333,43.77840786818467,34.71938995988368,5.0,-2.9087082274139644,0.45361919676933865
8.8,44.010025213458995,43.67757071875518,34.6847432208408,,,,,,,,,1,baseline_geometric,44.00000000000001,43.68124552684678,34.73430876093033,5.0,-2.920978977547065,0.44150682099188254
8.833333333333334,44.141926476184615,43.696801200615226,34.780046691916716,,,,,,,,,1,baseline_geometric,44.16666666666667,43.583679495453005,34.74882361345932,5.0,-2.932929409418835,0.42938234108190443
8.866666666666667,44.29804768042852,43.492914218710865,34.72263743789482,,,,,,,,,1,baseline_geometric,44.333333333333336,43.48572047321815,34.76293411953863,5.0,-2.944558212529752,0.4172460894381445
8.9,44.517647545248025,43.24225062618248,34.75960966892634,,,,,,,,,1,baseline_geometric,44.5,43.38737920245291,34.77663989232161,5.0,-2.95586411165051,0.4050983987820719
8.933333333333334,44.67687479953312,43.3570276136617,34.931085570144695,,,,,,,,,1,baseline_geometric,44.666666666666664,43.28866646738584,34.78994055605757,5.0,-2.9668458669618647,0.39293960214876306
8.966666666666667,44.81823979115634,43.1418390258665,34.74989170572793,,,,,,,,,1,baseline_geometric,44.833333333333336,43.1895930929807,34.802835746102105,5.0,-2.9775022741905937,0.3807700328777687
9.0,45.07919717837358,43.23475284012115,34.883813769037346,,,,,,,,,1,baseline_geometric,45.0,43.09016994374947,34.81532510892707,5.0,-2.9878321647415556,0.3685900246039791
9.033333333333333,45.218167981443976,43.04367300130374,34.70761165727065,,,,,,,,,1,baseline_geometric,45.166666666666664,42.99040792256087,34.82740830213025,5.0,-2.997834405825846,0.356399911248473
9.066666666666666,45.321351746046105,42.89043367715035,34.85135282581534,,,,,,,,,1,baseline_geometric,45.33333333333333,42.890317969444716,34.839084994444825,5.0,-3.0075079005850145,0.34420002700936525
9.1,45.58580122096013,42.9604364740092,34.94299676348054,,,,,,,,,1,baseline_geometric,45.49999999999999,42.7899110603923,34.850354865748365,5.0,-3.01685158821135,0.33199070635264627
9.133333333333333,45.6626255520608,42.64552699831854,34.83453005764134,,,,,,,,,1,baseline_geometric,45.666666666666664,42.68919820615266,34.86121760707165,5.0,-3.025864444064211,0.3197722840030081
9.166666666666666,45.81691268797274,42.434715936790944,34.80165787919355,,,,,,,,,1,baseline_geometric,45.83333333333333,42.58819045102521,34.87167292060715,5.0,-3.034545479782387,0.30754509493467275
9.2,45.98549859511523,42.42401874363057,34.85882307774453,,,,,,,,,1,baseline_geometric,46.0,42.48689887164855,34.88172051971716,5.0,-3.042893743392486,0.2953094743622045
9.233333333333333,46.2509988698422,42.38975440905016,34.974250236009254,,,,,,,,,1,baseline_geometric,46.166666666666664,42.38533457578581,34.891360128941685,5.0,-3.050908319413326,0.2830657577313215
9.266666666666666,46.37907276890971,42.4333429078684,34.872855817100586,,,,,,,,,1,baseline_geometric,46.33333333333333,42.28350870110656,34.90059148400594,5.0,-3.058588328956331,0.2708142807097012
9.3,46.52346129762037,42.275954987403495,34.927775708754986,,,,,,,,,1,baseline_geometric,46.5,42.181432413965425,34.9094143318277,5.0,-3.065932929821908,0.25855537917777327
9.333333333333334,46.707920838300915,42.02293570151242,34.816756066224954,,,,,,,,,1,baseline_geometric,46.666666666666664,42.079116908177596,34.9178284305241,5.0,-3.0729413165918062,0.24628938921951798
9.366666666666667,46.80769908897921,42.12905955240456,34.93734424828099,,,,,,,,,1,baseline_geometric,46.833333333333336,41.97657340379126,34.9258335494184,5.0,-3.0796127207174386,0.2340166471132445
9.4,46.912776151983856,41.86421526289134,34.92703269744729,,,,,,,,,1,baseline_geometric,47.0,41.87381314585725,34.9334294690462,5.0,-3.085946410604164,0.22173748932237822
9.433333333333334,47.14398318129557,41.77022764139859,34.992144656387055,,,,,,,,,1,baseline_geometric,47.16666666666667,41.77084740319584,34.94061598116154,5.0,-3.09194169169151,0.2094522524862323
9.466666666666667,47.37853941775604,41.629617724879004,34.89874101976205,,,,,,,,,1,baseline_geometric,47.333333333333336,41.667687467161024,34.94739288874257,5.0,-3.0975979065293475,0.1971612734107804
9.5,47.5126014245339,41.623566687986404,35.00654877817526,,,,,,,,,1,baseline_geometric,47.5,41.56434465040231,34.95376000599692,5.0,-3.102914434849978,0.18486488905942214
9.533333333333333,47.62044645232896,41.33708986442735,34.862321006280645,,,,,,,,,1,baseline_geometric,47.66666666666667,41.46083028562411,34.95971715836687,5.0,-3.10789069363616,0.17256343654374648
9.566666666666666,47.86905931231848,41.2756697248608,34.90795741152786,,,,,,,,,1,baseline_geometric,47.833333333333336,41.357155724343045,34.96526418253408,5.0,-3.1125261371850397,0.16025725311428865
9.6,47.9649093210302,41.222922801719925,34.99043503595439,,,,,,,,,1,baseline_geometric,48.0,41.253332335643044,34.97040092642408,5.0,-3.116820257167995,0.14794667615128335
9.633333333333333,48.1403594354875,41.16586130042246,34.90122131580415,,,,,,,,,1,baseline_geometric,48.166666666666664,41.14937150492867,34.97512724921042,5.0,-3.1207725826863806,0.13563204315541663
9.666666666666666,48.31879868433433,41.04919373464898,34.92952603085467,,,,,,,,,1,baseline_geometric,48.33333333333333,41.045284632676534,34.97944302131861,5.0,-3.1243826803231642,0.12331369173857222
9.7,48.54984802821684,41.06405971934981,35.03970821558072,,,,,,,,,1,baseline_geometric,48.5,40.941083133185145,34.983348124429554,5.0,-3.1276501541904578,0.11099195961457735
9.733333333333333,48.7661890304316,40.99333266602771,35.08521474328496,,,,,,,,,1,baseline_geometric,48.666666666666664,40.836778433323154,34.98684245148287,5.0,-3.1305746459729304,0.09866718458994296
9.766666666666666,48.786034147708975,40.70059039434641,34.93647629354455,,,,,,,,,1,baseline_geometric,48.83333333333333,40.73238197127632,34.989925906679844,5.0,-3.1331558349671025,0.08633970455460167
9.8,48.965791263689546,40.60413689265825,35.0272621974091,,,,,,,,,1,baseline_geometric,49.00000000000001,40.62790519529313,34.99259840548598,5.0,-3.1353934381165134,0.07400985747264478
9.833333333333334,49.11160243966803,40.4914253605814,35.08385567654816,,,,,,,,,1,baseline_geometric,49.16666666666667,40.52335956242944,34.99485987463336,5.0,-3.137287210042762,0.06167798137306051
9.866666666666667,49.36395413288287,40.47086571418838,34.95751418345608,,,,,,,,,1,baseline_geometric,49.333333333333336,40.418756537292,34.99671025212268,5.0,-3.1388369430724166,0.04934441434046049
9.9,49.47296679120196,40.37696483698791,35.09914675885383,,,,,,,,,1,baseline_geometric,49.5,40.31410759078128,34.99814948722491,5.0,-3.1400424672597853,0.037009494505814644
9.933333333333334,49.67382204121369,40.07748667689444,34.877305178889316,,,,,,,,,1,baseline_geometric,49.66666666666667,40.20942419883357,34.999177540482684,5.0,-3.1409036504055567,0.024673560037181706
9.966666666666667,49.77910091768918,40.13037520377958,34.979976331114024,,,,,,,,,1,baseline_geometric,49.833333333333336,40.104717841162454,34.999794383711404,5.0,-3.1414203980712943,0.012336949130437112
10.0,50.086483974813746,40.09434840580076,35.040896781616084,,,,,,,,,1,baseline_geometric,50.0,40.0,35.0,5.0,-3.141592653589793,1.4427530202913423e-16
10.033333333333333,50.22206929393245,39.837064195125635,35.04044437693063,,,,,,,,,1,baseline_geometric,50.16666666666667,39.89528215883754,34.999794383711404,5.0,-3.1414203980712943,-0.012336949130437348
10.066666666666666,50.22698502990266,39.790324341497254,34.970908691871365,,,,,,,,,1,baseline_geometric,50.33333333333333,39.79057580116643,34.999177540482684,5.0,-3.1409036504055567,-0.02467356003718142
10.1,50.44745860145394,39.75219782217736,34.945487551544836,,,,,,,,,1,baseline_geometric,50.5,39.68589240921872,34.99814948722491,5.0,-3.1400424672597853,-0.03700949450581436
10.133333333333333,50.6702161922616,39.71941167666034,35.1225633848283,,,,,,,,,1,baseline_geometric,50.66666666666666,39.58124346270801,34.99671025212268,5.0,-3.1388369430724166,-0.04934441434045968
10.166666666666666,50.82952234014663,39.36660030026009,34.92613002016118,,,,,,,,,1,baseline_geometric,50.83333333333333,39.476640437570566,34.99485987463336,5.0,-3.137287210042762,-0.06167798137306023
10.2,51.0415896782843,39.48711683047551,35.036337099689355,,,,,,,,,1,baseline_geometric,51.0,39.37209480470687,34.99259840548598,5.0,-3.1353934381165134,-0.07400985747264502
10.233333333333333,51.112396337251404,39.34084092170018,35.02117474094382,,,,,,,,,1,baseline_geometric,51.16666666666666,39.26761802872369,34.989925906679844,5.0,-3.133155834967103,-0.08633970455460034
10.266666666666666,51.29990325199501,39.20802350914804,35.00024048533078,,,,,,,,,1,baseline_geometric,51.33333333333333,39.16322156667685,34.98684245148287,5.0,-3.1305746459729304,-0.09866718458994214
10.3,51.474583804207754,39.16248614011718,35.06644324427613,,,,,,,,,1,baseline_geometric,51.5,39.05891686681486,34.983348124429554,5.0,-3.1276501541904578,-0.11099195961457706
10.333333333333334,51.63850806882028,38.94379365880442,35.11095231792075,,,,,,,,,1,baseline_geometric,51.66666666666667,38.954715367323466,34.97944302131861,5.0,-3.1243826803231642,-0.12331369173857193
10.366666666666667,51.81505023679788,38.90756063264464,34.991349922290794,,,,,,,,,1,baseline_geometric,51.83333333333333,38.850628495071334,34.97512724921042,5.0,-3.120772582686381,-0.13563204315541583
10.4,51.97918304006966,38.7317668563395,34.93702308670077,,,,,,,,,1,baseline_geometric,52.0,38.746667664356956,34.97040092642408,5.0,-3.1168202571679955,-0.14794667615128307
10.433333333333334,52.24226761990861,38.60518123869768,34.992607969800126,,,,,,,,,1,baseline_geometric,52.16666666666667,38.642844275656955,34.96526418253408,5.0,-3.1125261371850397,-0.16025725311428887
10.466666666666667,52.406024929406726,38.64426561066927,34.99230786309176,,,,,,,,,1,baseline_geometric,52.33333333333333,38.53916971437589,34.95971715836687,5.0,-3.10789069363616,-0.17256343654374617
10.5,52.51055523590822,38.51217779423618,34.97291481880472,,,,,,,,,1,baseline_geometric,52.5,38.435655349597695,34.95376000599692,5.0,-3.1029144348499784,-0.18486488905942183
10.533333333333333,52.561927083788916,38.34574473407505,34.9497218824282,,,,,,,,,1,baseline_geometric,52.666666666666664,38.33231253283898,34.94739288874257,5.0,-3.097597906529348,-0.19716127341077963
10.566666666666666,52.820529028047446,38.349401406753735,35.047090747264185,,,,,,,,,1,baseline_geometric,52.83333333333333,38.22915259680417,34.94061598116154,5.0,-3.0919416916915106,-0.20945225248623203
10.6,52.96244524334695,38.24388249162541,34.96351741224061,,,,,,,,,1,baseline_geometric,53.0,38.12618685414275,34.9334294690462,5.0,-3.0859464106041634,-0.22173748932237844
10.633333333333333,53.118613396483966,38.001986258346776,34.92919206932432,,,,,,,,,1,baseline_geometric,53.166666666666664,38.02342659620874,34.9258335494184,5.0,-3.079612720717439,-0.2340166471132442
10.666666666666666,53.32219570621431,37.9995989745728,34.909242763460284,,,,,,,,,1,baseline_geometric,53.333333333333336,37.92088309182241,34.917828430524104,5.0,-3.0729413165918062,-0.24628938921951768
10.7,53.47562644386389,37.881943736417256,35.0418675872403,,,,,,,,,1,baseline_geometric,53.49999999999999,37.81856758603458,34.9094143318277,5.0,-3.0659329298219085,-0.258555379177773
10.733333333333333,53.75077325194677,37.54707415875467,34.80173845649093,,,,,,,,,1,baseline_geometric,53.666666666666664,37.716491298893445,34.90059148400594,5.0,-3.058588328956331,-0.2708142807097004
10.766666666666666,53.86631053376502,37.6541467683745,34.97668970341189,,,,,,,,,1,baseline_geometric,53.833333333333336,37.614665424214195,34.891360128941685,5.0,-3.0509083194133266,-0.2830657577313212
10.8,54.01067391535471,37.534679593790585,34.926816709969174,,,,,,,,,1,baseline_geometric,54.0,37.51310112835145,34.88172051971716,5.0,-3.042893743392486,-0.2953094743622042
10.833333333333334,54.160596816615715,37.44082184005212,34.85518119411831,,,,,,,,,1,baseline_geometric,54.16666666666667,37.41180954897479,34.87167292060715,5.0,-3.034545479782387,-0.307545094934673
10.866666666666667,54.224293566584315,37.35183910659963,34.79639230817669,,,,,,,,,1,baseline_geometric,54.333333333333336,37.31080179384735,34.86121760707165,5.0,-3.0258644440642115,-0.31977228400300783
10.9,54.513555322769825,37.28770915137927,35.030051173092076,,,,,,,,,1,baseline_geometric,54.50000000000001,37.21008893960771,34.850354865748365,5.0,-3.0168515882113502,-0.331990706352646
10.933333333333334,54.61711639073126,37.03837301245986,34.733295397194304,,,,,,,,,1,baseline_geometric,54.666666666666664,37.109682030555284,34.839084994444825,5.0,-3.007507900585015,-0.34420002700936503
10.966666666666667,54.83140376909855,36.82618359211191,34.83939694259977,,,,,,,,,1,baseline_geometric,54.833333333333336,37.00959207743913,34.82740830213025,5.0,-2.997834405825846,-0.35639991124847265
11.0,55.00369057484667,36.939139219117166,34.82347053866004,,,,,,,,,1,baseline_geometric,55.00000000000001,36.90983005625052,34.81532510892706,5.0,-2.9878321647415556,-0.3685900246039794
11.033333333333333,55.15169615161702,36.7979977380267,34.81334307842615,,,,,,,,,1,baseline_geometric,55.166666666666664,36.810406907019306,34.80283574610211,5.0,-2.9775022741905937,-0.3807700328777685
11.066666666666666,55.34314514117087,36.714840709113695,34.75682059753113,,,,,,,,,1,baseline_geometric,55.333333333333336,36.71133353261417,34.78994055605757,5.0,-2.966845866961865,-0.3929396021487628
11.1,55.46255414331738,36.67185195752237,34.81501446928004,,,,,,,,,1,baseline_geometric,55.49999999999999,36.61262079754709,34.77663989232161,5.0,-2.9558641116505107,-0.40509839878207154
11.133333333333333,55.65837887744875,36.485039403184324,34.81954460841656,,,,,,,,,1,baseline_geometric,55.666666666666664,36.51427952678185,34.76293411953863,5.0,-2.9445582125297523,-0.4172460894381443
11.166666666666666,55.82651175781481,36.35646740278246,34.69038627092712,,,,,,,,,1,baseline_geometric,55.833333333333336,36.416320504546995,34.74882361345932,5.0,-2.932929409418835,-0.4293823410819046
11.2,55.964257299159144,36.28545193120853,34.6789596910561,,,,,,,,,1,baseline_geometric,55.99999999999999,36.31875447315323,34.73430876093033,5.0,-2.920978977547065,-0.44150682099188227
11.233333333333333,56.162069570986496,36.24229194094996,34.75079519604154,,,,,,,,,1,baseline_geometric,56.166666666666664,36.22159213181533,34.71938995988368,5.0,-2.9087082274139653,-0.4536191967693378
11.266666666666666,56.318962562225046,36.01181398978369,34.63031446557946,,,,,,,,,1,baseline_geometric,56.33333333333332,36.12484413547898,34.704067619325826,5.0,-2.896118504645568,-0.4657191363473689
11.3,56.45702672175323,35.98816776686229,34.68429478277577,,,,,,,,,1,baseline_geometric,56.50000000000001,36.028521093652195,34.68834215932649,5.0,-2.883211189846845,-0.4778063080000226
11.333333333333334,56.60687593220307,35.93858636802013,34.600493977072766,,,,,,,,,1,baseline_geometric,56.666666666666664,35.932633569242,34.672214011007085,5.0,-2.869987698450321,-0.4898803803513784
11.366666666666667,56.7293524451404,35.8238939428469,34.535079562844494,,,,,,,,,1,baseline_geometric,56.833333333333336,35.83719207739599,34.655683616528954,5.0,-2.8564494805608387,-0.5019410223846464
11.4,56.952588080479444,35.781296392528716,34.60415379763601,,,,,,,,,1,baseline_geometric,57.00000000000001,35.742207084349275,34.63875142908121,5.0,-2.842598020796553,-0.5139879034512322
11.433333333333334,57.198876625513805,35.63310809313663,34.541970094754056,,,,,,,,,1,baseline_geometric,57.166666666666664,35.64768900627673,34.621417912868324,5.0,-2.8284348381261197,-0.5260206932798053
11.466666666666667,57.360221911362906,35.548727086443876,34.597035087460135,,,,,,,,,1,baseline_geometric,57.333333333333336,35.553648208150726,34.603683543097404,5.0,-2.8139614857021216,-0.5380390619853549
11.5,57.54263418679984,35.45796685364968,34.580645758719506,,,,,,,,,1,baseline_geometric,57.49999999999999,35.46009500260454,34.585548805965146,5.0,-2.7991795506907535,-0.5500426800782308
11.533333333333333,57.650139164866765,35.424597580724466,34.61765149585253,,,,,,,,,1,baseline_geometric,57.666666666666664,35.36703964880139,34.56701419864454,5.0,-2.784090654097765,-0.5620312184731813
11.566666666666666,57.79387742266545,35.11203731816477,34.47414048090307,,,,,,,,,1,baseline_geometric,57.833333333333336,35.27449235130946,34.5480802292712,5.0,-2.768696450590704,-0.5740043484983692
11.6,58.079686872254015,35.19572737714866,34.55751696468,,,,,,,,,1,baseline_geometric,57.99999999999999,35.18246325898285,34.52874741692947,5.0,-2.7529986283174637,-0.5859617419043864
11.633333333333333,58.135424363808575,35.07568424301533,34.4336782244098,,,,,,,,,1,baseline_geometric,58.166666666666664,35.09096246384859,34.509016291638154,5.0,-2.736998908721153,-0.5979030708732533
11.666666666666666,58.49072262616206,35.043587369202505,34.524701064709184,,,,,,,,,1,baseline_geometric,58.33333333333333,35.00000000000001,34.488887394336025,5.0,-2.720699046351328,-0.6098280080274026
11.7,58.44779199262686,34.86861398000056,34.41515578933363,,,,,,,,,1,baseline_geometric,58.5,34.90958584249629,34.46836127686697,5.0,-2.7041008286715775,-0.6217362264386603
11.733333333333333,58.65338401771673,34.7376767114128,34.30071628855738,,,,,,,,,1,baseline_geometric,58.666666666666664,34.8197299062687,34.447438501964875,5.0,-2.6872060758635166,-0.6336273996372025
11.766666666666666,58.840348135494224,34.61327786664643,34.3850586057914,,,,,,,,,1,baseline_geometric,58.83333333333333,34.73044204503323,34.426119643238174,5.0,-2.670016640627178,-0.6455012016205085
11.8,59.03153515640385,34.695289720804475,34.40660016592307,,,,,,,,,1,baseline_geometric,59.00000000000001,34.64173205021003,34.40440528515415,5.0,-2.65253440797784,-0.6573573068623003
11.833333333333334,59.07205435483017,34.580710397924946,34.396666971344715,,,,,,,,,1,baseline_geometric,59.166666666666664,34.55360964984973,34.382296023022896,5.0,-2.6347612950393238,-0.6691953903214621
11.866666666666667,59.30881998173455,34.52175166165669,34.49993758304497,,,,,,,,,1,baseline_geometric,59.333333333333336,34.466084507566556,34.359792462981005,5.0,-2.6166992508337437,-0.6810151274509569
11.9,59.408711940487166,34.46753092204391,34.405696264690256,,,,,,,,,1,baseline_geometric,59.5,34.3791662214787,34.336895221974956,5.0,-2.5983502560677914,-0.6928161942067192
11.933333333333334,59.59624454125967,34.40675123139218,34.4109947544746,,,,,,,,,1,baseline_geometric,59.66666666666667,34.29286432315568,34.31360492774415,5.0,-2.579716322915514,-0.7045982670565448
11.966666666666667,59.95632906883572,34.18084978300457,34.36604489699931,,,,,,,,,1,baseline_geometric,59.833333333333336,34.20718827657321,34.289922218803795,5.0,-2.5607994947976676,-0.7163610229889538
12.0,59.99881967357763,34.09864994330508,34.262444519873966,,,,,,,,,1,baseline_geometric,60.0,34.12214747707527,34.265847744427305,5.0,-2.5416018461576297,-0.7281041395220498
12.033333333333333,60.2391231267148,34.05306693475058,34.26649878847108,,,,,,,,,1,baseline_geometric,60.16666666666667,34.037751250343845,34.24138216462856,5.0,-2.522125482233911,-0.7398272947123621
12.066666666666666,60.309346895245845,33.979488737185,34.22955682426054,,,,,,,,,1,baseline_geometric,60.33333333333333,33.95400885137626,34.216526150143785,5.0,-2.502372538829296,-0.7515301671636678
12.1,60.50901826759277,33.852042334904986,34.19180052796024,,,,,,,,,1,baseline_geometric,60.5,33.87092946347024,34.19128038241318,5.0,-2.4823451820766214,-0.7632124360358089
12.133333333333333,60.63591173625146,33.80049896921513,34.128269794970194,,,,,,,,,1,baseline_geometric,60.66666666666667,33.7885221972169,34.165645553562214,5.0,-2.4620456082012443,-0.7748737810534819
12.166666666666666,60.811058011272614,33.63597546557954,34.09309303389387,,,,,,,,,1,baseline_geometric,60.83333333333333,33.70679608950163,34.139622366382675,5.0,-2.441476043280197,-0.7865138825150224
12.2,60.970422835843756,33.57326700482996,34.18006760619461,,,,,,,,,1,baseline_geometric,61.0,33.625760102513105,34.11321153431338,5.0,-2.4206387429980682,-0.7981324213011695
12.233333333333333,61.18883248514356,33.486453294163574,34.07266574567249,,,,,,,,,1,baseline_geometric,61.16666666666666,33.545423122760496,34.08641378142064,5.0,-2.399535992399653,-0.8097290788838118
12.266666666666666,61.340209374004964,33.51273146488517,34.065955340677284,,,,,,,,,1,baseline_geometric,61.33333333333333,33.46579396009895,34.05922984237837,5.0,-2.3781701056393554,-0.8213035373347258
12.3,61.50895531485363,33.39243904024767,33.99714523817782,,,,,,,,,1,baseline_geometric,61.5,33.38688134676348,34.03166046244801,5.0,-2.356543425727434,-0.8328554793342853
12.333333333333334,61.69149084771229,33.37156542018658,34.00647196087352,,,,,,,,,1,baseline_geometric,61.66666666666667,33.308693936411416,34.003706397458025,5.0,-2.3346583242730508,-0.8443845881801647
12.366666666666667,61.76181432797458,33.3108884136347,33.98360025607412,,,,,,,,,1,baseline_geometric,61.83333333333334,33.231240303173394,33.97536841378323,5.0,-2.312517201224203,-0.8558905477960215
12.4,61.99712621542309,33.04000988564789,33.89277916778087,,,,,,,,,1,baseline_geometric,62.0,33.154528940713114,33.946647288323774,5.0,-2.2901224846045416,-0.8673730427401598
12.433333333333334,62.18429197480723,33.05853710775663,33.87048907515138,,,,,,,,,1,baseline_geometric,62.16666666666667,33.07856826129593,33.9175438084838,5.0,-2.2674766302471077,-0.8788317582141816
12.466666666666667,62.379558267268756,32.91702295852556,33.95599218791056,,,,,,,,,1,baseline_geometric,62.33333333333333,33.00336659486635,33.88805877214992,5.0,-2.24458212152503,-0.8902663800716122
12.5,62.48290708108112,33.01606079341246,33.941107500377285,,,,,,,,,1,baseline_geometric,62.5,32.928932188134524,33.8581929876693,5.0,-2.2214414690791835,-0.9016765948265193
12.533333333333333,62.63105798276218,32.8408318360799,33.75643039331835,,,,,,,,,1,baseline_geometric,62.66666666666667,32.85527320367196,33.827947273827505,5.0,-2.198057210542882,-0.9130620896621003
12.566666666666666,62.8677238311995,32.75798522489583,33.74245288280564,,,,,,,,,1,baseline_geometric,62.83333333333333,32.78239771901638,33.79732245982606,5.0,-2.174431910263594,-0.9244225524392625
12.6,62.99889794921869,32.68135929097363,33.71368078935713,,,,,,,,,1,baseline_geometric,63.0,32.71031372578589,33.76631938525972,5.0,-2.150568159021723,-0.9357576717051816
12.633333333333333,63.21971844490283,32.60663950496824,33.68043118294981,,,,,,,,,1,baseline_geometric,63.16666666666666,32.63902912880266,33.73493890009342,5.0,-2.1264685737465157,-0.947067136701836
12.666666666666666,63.28833581706737,32.5162115474459,33.65688389186525,,,,,,,,,1,baseline_geometric,63.33333333333333,32.56855174522606,33.703181864639014,5.0,-2.1021357972290735,-0.9583506373745305
12.7,63.47748070538711,32.5376053462188,33.71065866410469,,,,,,,,,1,baseline_geometric,63.5,32.49888930369541,33.67104914953168,5.0,-2.0775724978325476,-0.969607864380394
12.733333333333333,63.708230502899056,32.40609555248601,33.505046823021594,,,,,,,,,1,baseline_geometric,63.66666666666666,32.43004944348244,33.638541635706034,5.0,-2.052781369199521,-0.9808385090968611
12.766666666666666,63.85402587339675,32.17075448416888,33.4385913139216,,,,,,,,,1,baseline_geometric,63.83333333333333,32.36203971365358,33.60566021437197,5.0,-2.027765129956618,-0.9920422636301347
12.8,64.0230114335998,32.260363733283185,33.463235700805576,,,,,,,,,1,baseline_geometric,64.0,32.294867572242104,33.57240578699029,5.0,-2.0025265234163787,-1.0032188208236243
12.833333333333334,64.06136209056213,32.16850016955234,33.477186764917704,,,,,,,,,1,baseline_geometric,64.16666666666667,32.22854038543029,33.53877926524791,5.0,-1.9770683172764238,-1.0143678742663687
12.866666666666667,64.34902363945275,32.225511204265985,33.48232443821218,,,,,,,,,1,baseline_geometric,64.33333333333333,32.1630654267416,33.5047815710329,5.0,-1.9513933033159474,-1.0254891183014347
12.9,64.4418660249203,32.046039228089306,33.32666590850385,,,,,,,,,1,baseline_geometric,64.5,32.098449876243095,33.47041363640923,5.0,-1.9255042970895562,-1.0365822480343014
12.933333333333334,64.61919593101963,32.03626412002672,33.43822014529284,,,,,,,,,1,baseline_geometric,64.66666666666667,32.03470081975804,33.43567640359119,5.0,-1.8994041376185276,-1.0476469593412123
12.966666666666667,64.87443537881902,31.964582153603317,33.32164863859184,,,,,,,,,1,baseline_geometric,64.83333333333333,31.971825248088855,33.400570824917565,5.0,-1.8730956870794726,-1.058682948877517
13.0,65.04722839384961,31.88948010324998,33.39424311831158,,,,,,,,,1,baseline_geometric,65.0,31.909830056250527,33.36509786282552,5.0,-1.846581830490457,-1.0696899140859892
13.033333333333333,65.08669890292394,31.878584187687675,33.349862289074295,,,,,,,,,1,baseline_geometric,65.16666666666666,31.848722042714463,33.329258489824234,5.0,-1.8198654753946448,-1.0806675532051158
13.066666666666666,65.35674410505406,31.760972246399575,33.277759798022885,,,,,,,,,1,baseline_geometric,65.33333333333333,31.788507908662964,33.29305368846822,5.0,-1.7929495515414333,-1.0916155652773767
13.1,65.4245437249695,31.78888576963604,33.16699741241201,,,,,,,,,1,baseline_geometric,65.5,31.729194257254385,33.2564844513304,5.0,-1.7658370105651904,-1.10253365015749
13.133333333333333,65.69223092567,31.63090394173554,33.232926838980966,,,,,,,,,1,baseline_geometric,65.66666666666666,31.670787592899003,33.21955178097488,5.0,-1.7385308256615641,-1.1134215085206431
13.166666666666666,65.81121654471184,31.58732348629618,33.15619331351111,,,,,,,,,1,baseline_geometric,65.83333333333333,31.61329432054576,33.18225668992948,5.0,-1.7110339912614427,-1.1242788418706995
13.2,66.00496937984886,31.509927876422854,32.99592959034666,,,,,,,,,1,baseline_geometric,65.99999999999999,31.556720744979852,33.144600200657955,5.0,-1.6833495227025816,-1.1351053525483796
13.233333333333333,66.15156854196991,31.572620887848537,33.16859964279322,,,,,,,,,1,baseline_geometric,66.16666666666666,31.501073070131362,33.10658334553198,5.0,-1.6554804558989284,-1.145900743739426
13.266666666666666,66.32203907374308,31.424169071544743,32.95852389803642,,,,,,,,,1,baseline_geometric,66.33333333333333,31.446357398394934,33.06820716680284,5.0,-1.627429847007717,-1.1566647194827353
13.299999999999999,66.55433074136586,31.387946893632957,33.06863808843223,,,,,,,,,1,baseline_geometric,66.49999999999999,31.392579729960566,33.02947271657287,5.0,-1.5992007720943158,-1.1673969846784737
13.333333333333334,66.61330119809315,31.300803348810867,33.07399767397773,,,,,,,,,1,baseline_geometric,66.66666666666667,31.33974596215561,32.99038105676658,5.0,-1.5707963267948954,-1.1780972450961729
13.366666666666667,66.87533122374181,31.27145523112226,32.95231831811359,,,,,,,,,1,baseline_geometric,66.83333333333333,31.287861888798105,32.950933259101575,5.0,-1.542219625976981,-1.1887652073827841
13.4,67.03462378239708,31.30158628774424,33.03467552717867,,,,,,,,,1,baseline_geometric,67.0,31.236933199561363,32.911130405059154,5.0,-1.51347380339784,-1.1994005790707356
13.433333333333334,67.15711933579793,31.164053391030777,32.851617716125126,,,,,,,,,1,baseline_geometric,67.16666666666666,31.18696547935008,32.87097358585467,5.0,-1.4845620113608595,-1.2100030685859378
13.466666666666667,67.33223092389827,31.275165417426035,32.948812531539794,,,,,,,,,1,baseline_geometric,67.33333333333333,31.137964207687855,32.8304639024076,5.0,-1.4554874203698374,-1.2205723852557873
13.5,67.50563435636393,31.120715179262234,32.9396045028855,,,,,,,,,1,baseline_geometric,67.5,31.08993475811632,32.78960246531138,5.0,-1.4262532187813195,-1.2311082393171269
13.533333333333333,67.65564569287176,30.98156753028366,32.730200121030755,,,,,,,,,1,baseline_geometric,67.66666666666666,31.042882397605872,32.74839039480296,5.0,-1.3968626124549492,-1.2416103419241957
13.566666666666666,67.80503679025239,31.040482115260023,32.71062660341,,,,,,,,,1,baseline_geometric,67.83333333333333,30.996812285978063,32.706828820732056,5.0,-1.3673188244019125,-1.252078405156546
13.6,68.01301109688423,30.841720345248888,32.632960078396216,,,,,,,,,1,baseline_geometric,68.0,30.951729475339807,32.66491888253023,5.0,-1.3376250944314998,-1.2625121420269345
13.633333333333333,68.21306145769167,30.8434009838254,32.649107658567615,,,,,,,,,1,baseline_geometric,68.16666666666666,30.907638909529314,32.62266172917959,5.0,-1.3077846787958154,-1.2729112664891973
13.666666666666666,68.36932162361724,30.808583668352657,32.501464883693444,,,,,,,,,1,baseline_geometric,68.33333333333333,30.86454542357399,32.580058519181364,5.0,-1.2778008498327074,-1.2832754934460824
13.7,68.51075524556386,30.886069991020122,32.55313215532717,,,,,,,,,1,baseline_geometric,68.5,30.82245374316019,32.53711042052406,5.0,-1.2476768956069109,-1.293604538757072
13.733333333333333,68.71070442620845,30.72533516535566,32.54512603888507,,,,,,,,,1,baseline_geometric,68.66666666666667,30.781368484114996,32.493818610651495,5.0,-1.2174161195494677,-1.3038981192461727
13.766666666666666,68.80831853999439,30.82701544235347,32.51760700092918,,,,,,,,,1,baseline_geometric,68.83333333333333,30.741294151900057,32.45018427643052,5.0,-1.1870218400954862,-1.314155952709674
13.799999999999999,68.93349813135193,30.728704432830245,32.34498536164829,,,,,,,,,1,baseline_geometric,69.0,30.70223514111749,32.40620861411843,5.0,-1.156497390320215,-1.3243777579238913
13.833333333333334,69.17866035959076,30.65487043166469,32.28887441172655,,,,,,,,,1,baseline_geometric,69.16666666666667,30.664195735027985,32.36189282933024,5.0,-1.1258461175735544,-1.3345632546528705
13.866666666666667,69.25779820320183,30.576672507175328,32.34105108059563,,,,,,,,,1,baseline_geometric,69.33333333333334,30.627180105081088,32.31723813700556,5.0,-1.0950713831129693,-1.3447121636560737
13.9,69.49046120381418,30.592103177582786,32.22922402941694,,,,,,,,,1,baseline_geometric,69.5,30.591192310457746,32.27224576137535,5.0,-1.0641765617348926,-1.3548242066960334
13.933333333333334,69.680548976042,30.62205321374427,32.17801787647059,,,,,,,,,1,baseline_geometric,69.66666666666667,30.55623629762519,32.226916935928315,5.0,-1.0331650414046447,-1.3648991065459815
13.966666666666667,69.8756723236656,30.550941055696427,32.19765143280751,,,,,,,,,1,baseline_geometric,69.83333333333334,30.522315899904143,32.18125290337709,5.0,-1.0020402228848924,-1.3749365869974504
14.0,69.98071681864022,30.450723535198783,32.07392238933299,,,,,,,,,1,baseline_geometric,70.0,30.489434837048464,32.135254915624216,5.0,-0.9708055193627337,-1.3849363728678423
14.033333333333333,70.1518162998724,30.552032703391298,32.18061809601724,,,,,,,,,1,baseline_geometric,70.16666666666667,30.45759671483723,32.08892423372774,5.0,-0.9394643560753931,-1.3948981900079767
14.066666666666666,70.52640763086393,30.471269504568262,32.10917647353869,,,,,,,,,1,baseline_geometric,70.33333333333334,30.426805024679325,32.04226212786672,5.0,-0.9080201699346078,-1.404821765309604
14.1,70.47625923357899,30.41609810827086,31.952668394841584,,,,,,,,,1,baseline_geometric,70.5,30.397063143230568,31.99526987730636,5.0,-0.8764764091497347,-1.414706826712894
14.133333333333333,70.68902083861789,30.379776926546025,32.032748487780644,,,,,,,,,1,baseline_geometric,70.66666666666667,30.36837433202342,31.947948770362945,5.0,-0.844836532849604,-1.4245531032138963
14.166666666666666,70.84167912755339,30.31882015688532,31.920087564061397,,,,,,,,,1,baseline_geometric,70.83333333333333,30.34074173710932,31.900300104368533,5.0,-0.8131040107032069,-1.4343603248719652
14.2,71.01850961758979,30.285890731625667,31.76317157296934,,,,,,,,,1,baseline_geometric,71.0,30.31416838871369,31.852325185635358,5.0,-0.781282322539184,-1.4441282228171666
14.233333333333333,71.15898525093245,30.1839971037455,31.735478544836887,,,,,,,,,1,baseline_geometric,71.16666666666667,30.288657200903643,31.80402532942006,5.0,-0.7493749579642431,-1.4538565292576433
14.266666666666666,71.33322337048158,30.296351776706413,31.855308555871474,,,,,,,,,1,baseline_geometric,71.33333333333333,30.264210971268398,31.7554018598876,5.0,-0.717385415980476,-1.463544977486959
14.299999999999999,71.49505626477576,30.27394124491285,31.697760594438137,,,,,,,,,1,baseline_geometric,71.5,30.240832380612527,31.70645611007495,5.0,-0.685317204601645,-1.4731933018914136
14.333333333333334,71.66615816153124,30.18579484520226,31.601896257577938,,,,,,,,,1,baseline_geometric,71.66666666666667,30.218523992661943,31.657189421854564,5.0,-0.6531738404685066,-1.4828012379573186
14.366666666666667,71.8144628765417,30.13871865869252,31.532998731733993,,,,,,,,,1,baseline_geometric,71.83333333333334,30.19728825378278,31.607603145897592,5.0,-0.6209588484631606,-1.4923685222782528
14.4,71.99271660900718,30.169771508599226,31.535068151289895,,,,,,,,,1,baseline_geometric,72.0,30.17712749271311,31.55769864163684,5.0,-0.5886757613225104,-1.5018948925622844
14.433333333333334,72.08075764817866,30.11702566653176,31.41919025394012,,,,,,,,,1,baseline_geometric,72.16666666666667,30.15804392030758,31.50747727722949,5.0,-0.5563281192508585,-1.5113800876391594
14.466666666666667,72.37013327004279,30.14650934903879,31.34731824844895,,,,,,,,,1,baseline_geometric,72.33333333333334,30.14003962929495,31.45694042951963,5.0,-0.5239194695316823,-1.5208238474674638
14.5,72.52533164670824,30.117336508921813,31.458924647350383,,,,,,,,,1,baseline_geometric,72.5,30.123116594048625,31.406089484000464,5.0,-0.49145336613863916,-1.5302259131417502
14.533333333333333,72.66565312169764,30.084746599848945,31.358276103002062,,,,,,,,,1,baseline_geometric,72.66666666666667,30.10727667037012,31.354925834776346,5.0,-0.4589333693458201,-1.5395860268996406
14.566666666666666,72.80765697735504,29.95316535795059,31.166939228582073,,,,,,,,,1,baseline_geometric,72.83333333333333,30.092521595285564,31.303450884524572,5.0,-0.426363045337346,-1.5489039321288864
14.6,73.04918330900253,30.054695830324135,31.202289181580834,,,,,,,,,1,baseline_geometric,73.0,30.078852986855225,31.251666044456893,5.0,-0.39374596581627297,-1.5581793733744103
14.633333333333333,73.18348904356746,30.11397104141464,31.229495652130627,,,,,,,,,1,baseline_geometric,73.16666666666667,30.066272343996033,31.19957273428087,5.0,-0.3610857076129346,-1.5674120963453042
14.666666666666666,73.35686809763733,30.0749468544094,31.170129109175605,,,,,,,,,1,baseline_geometric,73.33333333333333,30.054781046317267,31.147172382160917,5.0,-0.32838585229269307,-1.5766018479218038
14.7,73.47149770642112,30.106327901018908,31.171922987764724,,,,,,,,,1,baseline_geometric,73.5,30.0443803539692,31.094466424679148,5.0,-0.29564998576317275,-1.5857483761622284
14.733333333333333,73.66140303541474,29.978544553075096,31.026707145167663,,,,,,,,,1,baseline_geometric,73.66666666666666,30.035071407504958,31.041456306796015,5.0,-0.26288169788104093,-1.5948514303098855
14.766666666666666,73.8472921660596,30.09268147617831,31.045596224672817,,,,,,,,,1,baseline_geometric,73.83333333333333,30.02685522775542,30.98814348181068,5.0,-0.23008458205832902,-1.6039107607999474
14.799999999999999,73.98167348186085,30.026387225372307,30.954037344847276,,,,,,,,,1,baseline_geometric,74.0,30.019732715717282,30.934529411321172,5.0,-0.1972622348683768,-1.6129261192662918
14.833333333333334,74.14281073129136,29.915329779836494,30.814377898665864,,,,,,,,,1,baseline_geometric,74.16666666666667,30.01370465245426,30.880615565184314,5.0,-0.16441825565142792,-1.621897258548313
14.866666666666667,74.31383369645727,29.96823779431939,30.812705383304927,,,,,,,,,1,baseline_geometric,74.33333333333334,30.008771699011415,30.82640342147543,5.0,-0.13155624611992156,-1.6308239326976952
14.9,74.51502837258916,29.964627041837147,30.822752284615255,,,,,,,,,1,baseline_geometric,74.5,30.004934396342684,30.771894466447833,5.0,-0.09867980996352677,-1.639705896985157
14.933333333333334,74.58820077276232,29.998248000751715,30.662518500787556,,,,,,,,,1,baseline_geometric,74.66666666666667,30.002193165251544,30.717090194492048,5.0,-0.06579255245394632,-1.648542907907162
14.966666666666667,74.78759726097189,30.00713851145987,30.69871403098166,,,,,,,,,1,baseline_geometric,74.83333333333333,30.00054830634488,30.66199210809489,5.0,-0.03289808004957739,-1.6573347231925908
15.0,74.96764930574545,29.968498876550246,30.564316533055145,,,,,,,,,1,baseline_geometric,75.0,30.0,30.606601717798213,5.0,-5.771012081165369e-16,-1.666081101809387
15.033333333333333,75.16388091503241,29.968054863909007,30.561214965705485,,,,,,,,,1,baseline_geometric,75.16666666666667,30.00054830634488,30.550920542157556,5.0,0.032898080049576235,-1.6747818039711624
15.066666666666666,75.28964771395525,29.933984747975153,30.357087929375453,,,,,,,,,1,baseline_geometric,75.33333333333333,30.002193165251544,30.494950107700483,5.0,0.06579255245394515,-1.6834365911437712
15.1,75.479549638744,29.972075909658187,30.409133905918804,,,,,,,,,1,baseline_geometric,75.5,30.004934396342684,30.438691948884717,5.0,0.09867980996352561,-1.6920452260518524
15.133333333333333,75.63910174010293,29.994892263524633,30.282353958040584,,,,,,,,,1,baseline_geometric,75.66666666666666,30.008771699011415,30.38214760805611,5.0,0.1315562461199204,-1.7006074726853302
15.166666666666666,75.83404130886407,30.059316573250186,30.21437497319372,,,,,,,,,1,baseline_geometric,75.83333333333333,30.01370465245426,30.325318635406312,5.0,0.1644182556514268,-1.7091230963058894
15.2,76.05733438305812,30.047659764957647,30.18676780457854,,,,,,,,,1,baseline_geometric,76.0,30.019732715717282,30.268206588930333,5.0,0.19726223486837563,-1.7175918634534055
15.233333333333333,76.17461974363583,30.048865673126137,30.14666558045568,,,,,,,,,1,baseline_geometric,76.16666666666666,30.02685522775542,30.21081303438377,5.0,0.23008458205832785,-1.7260135419523501
15.266666666666666,76.46208373933578,30.002906391378385,30.068605294744625,,,,,,,,,1,baseline_geometric,76.33333333333333,30.035071407504958,30.15313954523991,5.0,0.2628816978810398,-1.7343879009181524
15.299999999999999,76.56066935899575,30.049196360530097,30.219258072385017,,,,,,,,,1,baseline_geometric,76.49999999999999,30.0443803539692,30.095187702646605,5.0,0.2956499857631688,-1.7427147107635306
15.333333333333334,76.69148811981744,30.10230726221258,30.05786928181467,,,,,,,,,1,baseline_geometric,76.66666666666667,30.054781046317267,30.03695909538287,5.0,0.32838585229269196,-1.7509937432047882
15.366666666666667,76.77191663445511,30.140163607397415,29.96814413924962,,,,,,,,,1,baseline_geometric,76.83333333333333,30.066272343996033,29.978455319815417,5.0,0.3610857076129334,-1.7592247712680666
15.4,76.96738044861425,30.12160436654748,29.990042978443633,,,,,,,,,1,baseline_geometric,77.0,30.07885298685522,29.919677979854775,5.0,0.39374596581627186,-1.7674075692955749
15.433333333333334,77.1418015106199,30.03609326794458,29.880545577880618,,,,,,,,,1,baseline_geometric,77.16666666666667,30.092521595285564,29.860628686911433,5.0,0.42636304533734476,-1.7755419129517718
15.466666666666667,77.35469943099308,30.184634750896855,29.88323843083208,,,,,,,,,1,baseline_geometric,77.33333333333333,30.10727667037012,29.801309059851583,5.0,0.45893336934581896,-1.7836275792295155
15.5,77.44597299013091,30.104791371422202,29.68219611119604,,,,,,,,,1,baseline_geometric,77.5,30.12311659404862,29.741720724952756,5.0,0.491453366138638,-1.7916643464561826
15.533333333333333,77.71810669525686,30.217759753972672,29.714686473518483,,,,,,,,,1,baseline_geometric,77.66666666666666,30.140039629294947,29.681865315859262,5.0,0.5239194695316812,-1.7996519942997378
15.566666666666666,77.83346609462828,30.190691133583226,29.728143594681935,,,,,,,,,1,baseline_geometric,77.83333333333333,30.15804392030758,29.621744473537372,5.0,0.5563281192508572,-1.8075903037747822
15.6,77.96642830029703,30.22788626486318,29.652726581697024,,,,,,,,,1,baseline_geometric,78.0,30.17712749271311,29.561359846230346,5.0,0.5886757613225093,-1.8154790572485509
15.633333333333333,78.14148580856263,30.249827898206515,29.53029339867461,,,,,,,,,1,baseline_geometric,78.16666666666666,30.19728825378278,29.500713089413253,5.0,0.6209588484631595,-1.8233180384468823
15.666666666666666,78.30872487091398,30.203911885098186,29.464098787722726,,,,,,,,,1,baseline_geometric,78.33333333333333,30.218523992661943,29.43980586574756,5.0,0.6531738404685055,-1.8311070324601473
15.7,78.49528813311912,30.25748282683487,29.37746388226912,,,,,,,,,1,baseline_geometric,78.49999999999999,30.240832380612524,29.37863984503558,5.0,0.6853172046016412,-1.8388458257491396
15.733333333333333,78.6588270493422,30.26368120600682,29.284730649749882,,,,,,,,,1,baseline_geometric,78.66666666666666,30.264210971268398,29.31721670417466,5.0,0.7173854159804722,-1.846534206150933
15.766666666666666,78.8447456181878,30.28651280418339,29.33365257840092,,,,,,,,,1,baseline_geometric,78.83333333333333,30.28865720090364,29.25553812711123,5.0,0.749374957964242,-1.8541719628846947
15.799999999999999,79.03107020078747,30.34714983131172,29.26843836409272,,,,,,,,,1,baseline_geometric,78.99999999999999,30.31416838871369,29.19360580479465,5.0,0.7812823225391802,-1.8617588865574652
15.833333333333334,79.22460688205659,30.34324523856201,29.16973412428128,,,,,,,,,1,baseline_geometric,79.16666666666667,30.34074173710932,29.131421435130807,5.0,0.8131040107032057,-1.869294769169901
15.866666666666667,79.30223757576371,30.332285389044362,28.964017698163577,,,,,,,,,1,baseline_geometric,79.33333333333333,30.368374332023418,29.068986722935627,5.0,0.844836532849603,-1.876779404121971
15.9,79.5605298465143,30.331904228170764,28.976070774728267,,,,,,,,,1,baseline_geometric,79.5,30.397063143230568,29.00630337988826,5.0,0.8764764091497335,-1.8842125862186294
15.933333333333334,79.70152217748594,30.363079300662996,28.971770957393627,,,,,,,,,1,baseline_geometric,79.66666666666666,30.426805024679325,28.94337312448424,5.0,0.9080201699346068,-1.8915941116754331
15.966666666666667,79.78574475991603,30.457143094580612,28.89851070144536,,,,,,,,,1,baseline_geometric,79.83333333333333,30.45759671483723,28.880197681988292,5.0,0.9394643560753921,-1.8989237781241335
16.0,79.96481642783912,30.38562932713045,28.758954588635994,,,,,,,,,1,baseline_geometric,80.0,30.489434837048464,28.816778784387097,5.0,0.9708055193627326,-1.9062013846182222
16.03333333333333,80.20135523953955,30.485955512818663,28.71969009898602,,,,,,,,,1,baseline_geometric,80.16666666666666,30.52231589990414,28.753118170341768,5.0,1.0020402228848886,-1.9134267316384401
16.066666666666666,80.32998241191983,30.52737803306645,28.66519401020647,,,,,,,,,1,baseline_geometric,80.33333333333333,30.55623629762519,28.68921758514018,5.0,1.0331650414046436,-1.9205996210982508
16.1,80.5081708106115,30.541282320560605,28.533498962512137,,,,,,,,,1,baseline_geometric,80.5,30.591192310457746,28.625078780649176,5.0,1.0641765617348942,-1.9277198563492646
16.133333333333333,80.72595765991015,30.648894970217476,28.66014794016641,,,,,,,,,1,baseline_geometric,80.66666666666666,30.627180105081084,28.560703515266475,5.0,1.095071383112968,-1.934787242186635
16.166666666666668,80.82707171110538,30.750756984860868,28.57098864072828,,,,,,,,,1,baseline_geometric,80.83333333333333,30.66419573502798,28.49609355387249,5.0,1.1258461175735532,-1.9418015848544106
16.2,80.97710557420163,30.70942909526059,28.384145649736894,,,,,,,,,1,baseline_geometric,81.0,30.702235141117484,28.43125066778196,5.0,1.1564973903202114,-1.9487626920508425
16.233333333333334,81.21657355316928,30.77283907162212,28.356950181107596,,,,,,,,,1,baseline_geometric,81.16666666666667,30.741294151900057,28.36617663469535,5.0,1.187021840095485,-1.9556703729336629
16.266666666666666,81.2691953414342,30.799399605989773,28.2917325138194,,,,,,,,,1,baseline_geometric,81.33333333333333,30.781368484114992,28.30087323865017,5.0,1.2174161195494644,-1.9625244381253075
16.3,81.61087674514715,30.700438864639963,28.16763601766542,,,,,,,,,1,baseline_geometric,81.5,30.82245374316019,28.235342269971973,5.0,1.2476768956069098,-1.9693246997181204
16.333333333333332,81.6621322126799,30.921527677023818,28.21660786965306,,,,,,,,,1,baseline_geometric,81.66666666666667,30.86454542357399,28.169585525225408,5.0,1.2778008498327063,-1.9760709712794924
16.366666666666667,81.74824845764184,30.8953135068032,28.095562303888748,,,,,,,,,1,baseline_geometric,81.83333333333334,30.907638909529314,28.103604807164828,5.0,1.3077846787958143,-1.9827630678569819
16.4,82.01317012333637,30.988898432098473,28.040972840046372,,,,,,,,,1,baseline_geometric,82.0,30.951729475339803,28.037401924684957,5.0,1.3376250944314962,-1.98940080598338
16.433333333333334,82.21405394666917,30.960549054547737,28.05843064695612,,,,,,,,,1,baseline_geometric,82.16666666666667,30.99681228597806,27.970978692771247,5.0,1.3673188244019114,-1.9959840036817438
16.466666666666665,82.34897121658592,31.105781160195004,27.97948264542268,,,,,,,,,1,baseline_geometric,82.33333333333333,31.042882397605872,27.904336932450164,5.0,1.3968626124549481,-2.0025124804703824
16.5,82.49109621281758,31.044648885011412,27.79378271604408,,,,,,,,,1,baseline_geometric,82.5,31.08993475811632,27.837478470739235,5.0,1.4262532187813186,-2.0089860573678076
16.53333333333333,82.68013285336869,31.164963953980337,27.702706643780942,,,,,,,,,1,baseline_geometric,82.66666666666666,31.13796420768785,27.77040514059696,5.0,1.455487420369834,-2.0154045568976366
16.566666666666666,82.8727419453441,31.22186875900428,27.73386476261098,,,,,,,,,1,baseline_geometric,82.83333333333334,31.18696547935008,27.70311878087255,5.0,1.4845620113608584,-2.021767803093465
16.6,83.02019933965232,31.233481107415564,27.590878053682637,,,,,,,,,1,baseline_geometric,83.0,31.236933199561367,27.635621236255567,5.0,1.5134738033978414,-2.0280756215036826
16.633333333333333,83.16676338651783,31.377212438141008,27.65617449230633,,,,,,,,,1,baseline_geometric,83.16666666666667,31.287861888798105,27.56791435722529,5.0,1.5422196259769798,-2.034327839196261
16.666666666666668,83.35418916804542,31.471049423126978,27.63641121405634,,,,,,,,,1,baseline_geometric,83.33333333333334,31.339745962155614,27.5,5.0,1.570796326794897,-2.040524284763495
16.7,83.4929632002783,31.19953543429728,27.38601941686595,,,,,,,,,1,baseline_geometric,83.5,31.39257972996056,27.431880026486116,5.0,1.5992007720943124,-2.046664788326698
16.733333333333334,83.68183217713107,31.522278126109818,27.42295582371751,,,,,,,,,1,baseline_geometric,83.66666666666667,31.44635739839493,27.363556304227114,5.0,1.627429847007716,-2.0527491815408645
16.766666666666666,83.82918123479584,31.44756665568375,27.302490800835646,,,,,,,,,1,baseline_geometric,83.83333333333333,31.501073070131355,27.295030706352364,5.0,1.655480455898925,-2.058777297599279
16.8,84.04289503263226,31.64181443260622,27.290259169923957,,,,,,,,,1,baseline_geometric,84.00000000000001,31.55672074497985,27.22630511152573,5.0,1.6833495227025805,-2.0647489712380973
16.833333333333332,84.1724562254517,31.775977549744646,27.224906899827754,,,,,,,,,1,baseline_geometric,84.16666666666666,31.613294320545755,27.157381403894128,5.0,1.7110339912614418,-2.0706640387408677
16.866666666666667,84.37672663780518,31.674210035266565,27.12466619863563,,,,,,,,,1,baseline_geometric,84.33333333333334,31.670787592899003,27.08826147303581,5.0,1.7385308256615635,-2.076522337943028
16.9,84.49287664516613,31.66755264336724,26.872747626459496,,,,,,,,,1,baseline_geometric,84.5,31.72919425725438,27.0189472139086,5.0,1.7658370105651893,-2.0823237082363457
16.933333333333334,84.59782873649719,31.868860979382916,26.97590060588023,,,,,,,,,1,baseline_geometric,84.66666666666667,31.78850790866296,26.949440526797925,5.0,1.7929495515414322,-2.0880679905733235
16.966666666666665,84.84934861466398,31.887745081601132,27.024744419202438,,,,,,,,,1,baseline_geometric,84.83333333333333,31.848722042714456,26.879743317264726,5.0,1.8198654753946417,-2.093755027471559
17.0,84.96929377467522,31.85792121637899,26.752727182575164,,,,,,,,,1,baseline_geometric,85.0,31.909830056250524,26.8098574960932,5.0,1.846581830490456,-2.0993846630180646
17.03333333333333,85.10296800334059,32.05474160755266,26.803398158550685,,,,,,,,,1,baseline_geometric,85.16666666666666,31.971825248088848,26.739784979238454,5.0,1.8730956870794695,-2.104956742873536
17.066666666666666,85.31744782261639,31.985466406862624,26.751946065125708,,,,,,,,,1,baseline_geometric,85.33333333333333,32.03470081975803,26.669527687773915,5.0,1.8994041376185269,-2.110471114276591
17.1,85.4564604850724,32.18547380274747,26.59058677263269,,,,,,,,,1,baseline_geometric,85.50000000000001,32.0984498762431,26.599087547838725,5.0,1.9255042970895575,-2.1159276260479514
17.133333333333333,85.69987203984385,32.14189972405406,26.603725851288264,,,,,,,,,1,baseline_geometric,85.66666666666667,32.1630654267416,26.528466490584915,5.0,1.9513933033159465,-2.1213261285945895
17.166666666666668,85.87237867611329,32.2976768813001,26.499428150476323,,,,,,,,,1,baseline_geometric,85.83333333333334,32.22854038543029,26.45766645212443,5.0,1.9770683172764252,-2.1266664739138323
17.2,86.0261351110306,32.26376502543048,26.376072792818498,,,,,,,,,1,baseline_geometric,86.0,32.294867572242104,26.386689373476095,5.0,2.002526523416378,-2.1319485155974145
17.233333333333334,86.19285734247072,32.52966981953204,26.387604359107648,,,,,,,,,1,baseline_geometric,86.16666666666667,32.36203971365357,26.315537200512367,5.0,2.027765129956617,-2.137172108835496
17.266666666666666,86.34431143817,32.415359125172955,26.233820167180852,,,,,,,,,1,baseline_geometric,86.33333333333333,32.43004944348243,26.24421188390602,5.0,2.0527813691995207,-2.142337110420629
17.3,86.50717935204344,32.52722351491589,26.13163167140522,,,,,,,,,1,baseline_geometric,86.5,32.49888930369541,26.17271537907663,5.0,2.0775724978325476,-2.1474433787516856
17.333333333333332,86.66714930970566,32.67895467055192,26.13984598363142,,,,,,,,,1,baseline_geometric,86.66666666666666,32.56855174522605,26.101049646137007,5.0,2.1021357972290713,-2.15249077383774
17.366666666666667,86.82044719871173,32.60519950385932,25.98690085240266,,,,,,,,,1,baseline_geometric,86.83333333333334,32.63902912880266,26.029216649839398,5.0,2.1264685737465157,-2.157479157301908
17.4,86.97133880804276,32.72322217982083,26.002204038935865,,,,,,,,,1,baseline_geometric,86.99999999999999,32.71031372578588,25.957218359521715,5.0,2.15056815902172,-2.162408392385134
17.433333333333334,87.14434791501748,32.904635481363144,25.937821057248904,,,,,,,,,1,baseline_geometric,87.16666666666667,32.78239771901638,25.88505674905342,5.0,2.174431910263593,-2.167278343949951
17.466666666666665,87.34692645352624,32.96772116694923,25.85486187588341,,,,,,,,,1,baseline_geometric,87.33333333333333,32.85527320367196,25.812733796781547,5.0,2.1980572105428817,-2.172088878484175
17.5,87.40301895716671,32.91750068647484,25.69622610040807,,,,,,,,,1,baseline_geometric,87.5,32.928932188134524,25.74025148547635,5.0,2.2214414690791826,-2.176839864104573
17.53333333333333,87.63361729750484,33.00061552863904,25.569754377089485,,,,,,,,,1,baseline_geometric,87.66666666666666,33.00336659486634,25.667611802277012,5.0,2.2445821215250272,-2.1815311705604734
17.566666666666666,87.8772556825748,33.05104960179357,25.58789605892559,,,,,,,,,1,baseline_geometric,87.83333333333333,33.07856826129593,25.59481673863714,5.0,2.2674766302471068,-2.1861626692373406
17.6,87.95672250780042,33.05776374921064,25.472943871036833,,,,,,,,,1,baseline_geometric,88.00000000000001,33.15452894071312,25.521868290270167,5.0,2.2901224846045425,-2.1907342331602986
17.633333333333333,88.247322962054,33.25095454440869,25.472326542348288,,,,,,,,,1,baseline_geometric,88.16666666666666,33.23124030317339,25.448768457094683,5.0,2.312517201224201,-2.195245736997612
17.666666666666668,88.30324755681397,33.27774518000827,25.25154830068918,,,,,,,,,1,baseline_geometric,88.33333333333334,33.308693936411416,25.375519243179504,5.0,2.3346583242730508,-2.1996970570641263
17.7,88.49136172010166,33.265563498168326,25.202412386640077,,,,,,,,,1,baseline_geometric,88.5,33.386881346763474,25.302122656688862,5.0,2.3565434257274323,-2.204088071324651
17.733333333333334,88.64339733668423,33.480910665096594,25.21743604778279,,,,,,,,,1,baseline_geometric,88.66666666666667,33.46579396009894,25.22858070982723,5.0,2.3781701056393536,-2.208418659397314
17.766666666666666,88.8671131453812,33.50007112108449,25.168008469041528,,,,,,,,,1,baseline_geometric,88.83333333333333,33.545423122760496,25.154895418784243,5.0,2.399535992399651,-2.2126887025568545
17.8,88.98993678612283,33.59885835963462,25.111153419241365,,,,,,,,,1,baseline_geometric,89.0,33.625760102513105,25.08106880367937,5.0,2.4206387429980687,-2.2168980837378824
17.833333333333332,89.18061354947922,33.73018561359816,24.979971840959607,,,,,,,,,1,baseline_geometric,89.16666666666666,33.70679608950162,25.007102888506566,5.0,2.441476043280195,-2.2210466875380868
17.866666666666667,89.27278872746786,33.80526317091133,25.014763148167518,,,,,,,,,1,baseline_geometric,89.33333333333333,33.78852219721689,24.93299970107875,5.0,2.462045608201244,-2.225134400221399
17.9,89.54857836561445,33.93337026910837,24.91098382124693,,,,,,,,,1,baseline_geometric,89.49999999999999,33.870929463470226,24.85876127297225,5.0,2.482345182076619,-2.2291611097211095
17.933333333333334,89.68527471341861,33.90812124373096,24.821876923815484,,,,,,,,,1,baseline_geometric,89.66666666666667,33.95400885137625,24.784389639471048,5.0,2.5023725388292957,-2.2331267056429454
17.966666666666665,89.83056225371634,34.069277026096465,24.720949612082407,,,,,,,,,1,baseline_geometric,89.83333333333331,34.03775125034383,24.709886839511086,5.0,2.5221254822339088,-2.2370310792680885
18.0,89.9788205594931,34.102268547856006,24.63094174082762,,,,,,,,,1,baseline_geometric,90.0,34.122147477075266,24.635254915624213,5.0,2.5416018461576297,-2.240874123556167
18.03333333333333,90.09825276903777,34.08381637200576,24.466089369645292,,,,,,,,,1,baseline_geometric,90.16666666666666,34.207188276573206,24.56049591388236,5.0,2.560799494797666,-2.2446557331481776
18.066666666666666,90.36005261204201,34.291958413419245,24.521040746547982,,,,,,,,,1,baseline_geometric,90.33333333333333,34.292864323155676,24.485611883841305,5.0,2.579716322915512,-2.2483758043693847
18.1,90.57230564288271,34.40047030681486,24.438418063496542,,,,,,,,,1,baseline_geometric,90.5,34.37916622147869,24.410604878484563,5.0,2.59835025606779,-2.2520342352321556
18.133333333333333,90.67471877131321,34.280699414943435,24.187877788489754,,,,,,,,,1,baseline_geometric,90.66666666666666,34.466084507566556,24.335476954167074,5.0,2.616699250833744,-2.2556309254387608
18.166666666666668,90.79445937145314,34.41291834517222,24.2421737109251,,,,,,,,,1,baseline_geometric,90.83333333333334,34.55360964984973,24.260230170558838,5.0,2.6347612950393238,-2.2591657763841213
18.2,90.97342273656962,34.51908639774278,24.15952622237802,,,,,,,,,1,baseline_geometric,90.99999999999999,34.64173205021003,24.18486659058844,5.0,2.6525344079778397,-2.2626386911585126
18.233333333333334,91.14010763205657,34.623112683535744,24.07779050628003,,,,,,,,,1,baseline_geometric,91.16666666666667,34.73044204503323,24.109388280386483,5.0,2.670016640627178,-2.2660495745502223
18.266666666666666,91.36361186523824,35.20681077075985,24.230345966305798,,,,,,,,,1,baseline_geometric,91.33333333333333,34.8197299062687,24.033797309228987,5.0,2.687206075863516,-2.269398333048158
18.3,91.52711899146576,34.88275925218043,23.9114379079369,,,,,,,,,1,baseline_geometric,91.5,34.909585842496284,23.95809574948059,5.0,2.704100828671577,-2.272684874844416
18.333333333333332,91.63608564107408,34.949434753574515,23.92251688294832,,,,,,,,,1,baseline_geometric,91.66666666666666,34.99999999999999,23.882285676537816,5.0,2.7206990463513256,-2.2759091098367903
18.366666666666667,91.84939249068675,34.95419205224009,23.714674787775984,,,,,,,,,1,baseline_geometric,91.83333333333333,35.09096246384859,23.806369168772086,5.0,2.7369989087211524,-2.279070949631252
18.4,92.04173820939282,35.32762226511518,23.901417967243862,,,,,,,,,1,baseline_geometric,92.0,35.182463258982835,23.73034830747283,5.0,2.752998628317462,-2.2821703075443645
18.433333333333334,92.22235251151737,35.421248659518234,23.688391947896267,,,,,,,,,1,baseline_geometric,92.16666666666666,35.274492351309455,23.65422517679034,5.0,2.7686964505907032,-2.285207098605666
18.466666666666665,92.30839159589587,35.278074688651785,23.499322382486863,,,,,,,,,1,baseline_geometric,92.33333333333333,35.36703964880138,23.578001863678715,5.0,2.7840906540977635,-2.2881812395599948
18.5,92.50892253356538,35.482039392325014,23.504519650901162,,,,,,,,,1,baseline_geometric,92.5,35.46009500260453,23.50168045783858,5.0,2.7991795506907526,-2.2910926488697743
18.53333333333333,92.68701143636741,35.48705115695418,23.41164655136818,,,,,,,,,1,baseline_geometric,92.66666666666666,35.55364820815072,23.425263051659844,5.0,2.8139614857021202,-2.293941246717248
18.566666666666666,92.76984577562702,35.57312168601708,23.235095439152683,,,,,,,,,1,baseline_geometric,92.83333333333333,35.64768900627673,23.348751740164268,5.0,2.8284348381261197,-2.296726955006667
18.6,92.98910580124533,35.83313783642077,23.318014103394354,,,,,,,,,1,baseline_geometric,93.0,35.742207084349275,23.272148620948133,5.0,2.8425980207965535,-2.299449697366431
18.633333333333333,93.20138524417318,35.91420460494605,23.246147365771357,,,,,,,,,1,baseline_geometric,93.16666666666666,35.83719207739598,23.19545579412465,5.0,2.8564494805608382,-2.3021093991511825
18.666666666666668,93.31480299993935,35.976390557723455,23.15491198315267,,,,,,,,,1,baseline_geometric,93.33333333333333,35.932633569242,23.11867536226639,5.0,2.8699876984503208,-2.3047059874438545
18.7,93.46119910109613,36.01194395507153,23.000714959353612,,,,,,,,,1,baseline_geometric,93.5,36.02852109365219,23.04180943034769,5.0,2.883211189846845,-2.3072393910576663
18.733333333333334,88.71078776615738,34.001413888829596,21.600115992844316,,,,,,,,,1,baseline_geometric,93.66666666666667,36.12484413547897,22.96486010568689,5.0,2.8961185046455675,-2.309709540538079
18.766666666666666,90.30743610587962,34.625573073332404,22.184938371681536,,,,,,,,,1,baseline_geometric,93.83333333333333,36.22159213181532,22.887829497888617,5.0,2.908708227413964,-2.3121163681646957
18.8,92.67032934361247,35.940974835191675,22.7624107170058,,,,,,,,,1,baseline_geometric,94.0,36.31875447315322,22.81071971878587,5.0,2.920978977547065,-2.314459807953123
18.833333333333332,96.16109974261335,37.304012219411355,23.169055029705014,,,,,,,,,1,baseline_geometric,94.16666666666667,36.416320504546995,22.733532882382214,5.0,2.932929409418834,-2.316739795656773
18.866666666666667,93.26681590362651,36.30217195347111,22.53146529121876,,,,,,,,,1,baseline_geometric,94.33333333333334,36.51427952678185,22.656271104793753,5.0,2.944558212529752,-2.3189562687686327
18.9,100.98926995102923,39.49940608141802,24.046628029600452,,,,,,,,,1,baseline_geometric,94.5,36.61262079754708,22.57893650419115,5.0,2.9558641116505093,-2.3211091665229717
18.933333333333334,95.1135593293292,36.84741524414514,22.551748575847142,,,,,,,,,1,baseline_geometric,94.66666666666667,36.71133353261416,22.50153120074154,5.0,2.9668458669618643,-2.3231984298970105
18.966666666666665,88.99503384289486,34.28803556995407,20.91804813988515,,,,,,,,,1,baseline_geometric,94.83333333333333,36.8104069070193,22.42405731655042,5.0,2.9775022741905928,-2.3252240016125385
19.0,91.79733930889188,35.548268082604224,21.596515892803712,,,,,,,,,1,baseline_geometric,95.0,36.90983005625052,22.346516975603464,5.0,2.9878321647415556,-2.3271858261374834
19.03333333333333,97.3545724144815,37.86745462131782,22.682883274107212,,,,,,,,,1,baseline_geometric,95.16666666666666,37.00959207743912,22.268912303708294,5.0,2.9978344058258455,-2.3290838496874353
19.066666666666666,88.33788564213093,34.119919715074424,20.552963062156667,,,,,,,,,1,baseline_geometric,95.33333333333334,37.109682030555284,22.191245428436172,5.0,3.007507900585015,-2.33091802022712
19.1,98.14136216854006,38.594392254318464,22.698300851319388,,,,,,,,,1,baseline_geometric,95.5,37.210088939607715,22.113518479063735,5.0,3.0168515882113507,-2.332688287471825
19.133333333333333,94.32525681612393,36.56869959511723,21.7015056560738,,,,,,,,,1,baseline_geometric,95.66666666666667,37.31080179384734,22.035733586514567,5.0,3.025864444064211,-2.3343946028887794
19.166666666666668,89.93715647650377,34.812165736749684,20.586228490073637,,,,,,,,,1,baseline_geometric,95.83333333333334,37.411809548974794,21.957892883300772,5.0,3.0345454797823876,-2.3360369196984854
19.2,103.42551288605372,40.62492511786759,23.472898166713826,,,,,,,,,1,baseline_geometric,96.0,37.513101128351444,21.879998503464567,5.0,3.042893743392486,-2.3376151928759965
19.233333333333334,92.73497169849158,36.17264266117714,20.9565712757447,,,,,,,,,1,baseline_geometric,96.16666666666667,37.61466542421419,21.80205258251971,5.0,3.050908319413326,-2.3391293791521575
19.266666666666666,95.39515997720173,37.37008789576611,21.343200139103704,,,,,,,,,1,baseline_geometric,96.33333333333333,37.71649129889343,21.724057257393007,5.0,3.0585883289563305,-2.3405794370147857
19.3,95.72077413371886,37.58705381673525,21.538886737337965,,,,,,,,,1,baseline_geometric,96.50000000000001,37.818567586034575,21.64601466636568,5.0,3.065932929821908,-2.341965326709813
19.333333333333332,102.33471805565017,40.70500021431324,22.973978710859843,,,,,,,,,1,baseline_geometric,96.66666666666666,37.920883091822404,21.567926949014804,5.0,3.072941316591806,-2.3432870102423733
19.366666666666667,101.17040469235768,39.99487860580702,22.401885529661676,,,,,,,,,1,baseline_geometric,96.83333333333334,38.023426596208736,21.489796246154587,5.0,3.079612720717438,-2.3445444513778444
19.4,93.44541017350427,36.65608393942878,20.574476526065542,,,,,,,,,1,baseline_geometric,97.0,38.12618685414275,21.411624699777715,5.0,3.085946410604164,-2.345737615642843
19.433333333333334,89.00275684844127,34.436570558185636,19.422332031278085,,,,,,,,,1,baseline_geometric,97.16666666666667,38.22915259680417,21.33341445299662,5.0,3.0919416916915106,-2.346866470326168
19.466666666666665,99.51757296894203,39.58639189371163,21.680226868589724,,,,,,,,,1,baseline_geometric,97.33333333333333,38.33231253283897,21.255167649984735,5.0,3.0975979065293475,-2.347930984479698
19.5,100.03286387984375,39.54653774310267,21.73927010990836,,,,,,,,,1,baseline_geometric,97.5,38.43565534959769,21.176886435917677,5.0,3.102914434849978,-2.348931128919239
19.53333333333333,95.75876237608149,37.73252682979785,20.43381200521933,,,,,,,,,1,baseline_geometric,97.66666666666666,38.53916971437587,21.09857295691448,5.0,3.1078906936361594,-2.349866876225327
19.566666666666666,102.59574322240255,40.757313636963346,21.816848938314774,,,,,,,,,1,baseline_geometric,97.83333333333333,38.64284427565695,21.020229359978728,5.0,3.1125261371850392,-2.3507382007439763
19.6,93.67426638794473,36.8704365934875,20.008145198656464,,,,,,,,,1,baseline_geometric,98.00000000000001,38.74666766435696,20.941857792939697,5.0,3.1168202571679955,-2.3515450785873853
19.633333333333333,95.61332035749238,37.699412362015366,20.42463249705547,,,,,,,,,1,baseline_geometric,98.16666666666667,38.850628495071334,20.86346040439351,5.0,3.120772582686381,-2.35228748763459
19.666666666666668,96.99286059741233,38.24513419821901,20.37628741314893,,,,,,,,,1,baseline_geometric,98.33333333333334,38.954715367323466,20.785039343644158,5.0,3.1243826803231642,-2.3529654075320714
19.7,102.35076889069406,41.03147716809492,21.646642599789175,,,,,,,,,1,baseline_geometric,98.5,39.058916866814855,20.706596760644643,5.0,3.1276501541904578,-2.353578819694314
19.733333333333334,101.31390982931678,40.212162944289034,21.30022068242866,,,,,,,,,1,baseline_geometric,98.66666666666667,39.16322156667684,20.628134805937997,5.0,3.1305746459729304,-2.3541277073043125
19.766666666666666,90.76136599950573,35.748859299151775,18.867757107401488,,,,,,,,,1,baseline_geometric,98.83333333333333,39.26761802872368,20.549655630598345,5.0,3.1331558349671025,-2.354612055314036
19.8,109.14384083107714,44.03970609318338,22.934335816646467,,,,,,,,,1,baseline_geometric,99.0,39.37209480470687,20.471161386171925,5.0,3.1353934381165134,-2.3550318504448393
19.833333333333332,99.15980970075269,39.77043413740206,20.380924616379083,,,,,,,,,1,baseline_geometric,99.16666666666666,39.47664043757056,20.392654224618102,5.0,3.137287210042762,-2.355387081187826
19.866666666666667,105.08668173077076,42.440759730794404,21.521298476392925,,,,,,,,,1,baseline_geometric,99.33333333333334,39.58124346270801,20.31413629825035,5.0,3.1388369430724166,-2.3556777378041676
19.9,88.63623932188976,34.89229274117342,17.864304941033417,,,,,,,,,1,baseline_geometric,99.49999999999999,39.68589240921871,20.235609759677317,5.0,3.1400424672597853,-2.355903812325365
19.933333333333334,104.7507775750358,42.24542423501554,21.025946963929005,,,,,,,,,1,baseline_geometric,99.66666666666667,39.79057580116643,20.157076761743685,5.0,3.1409036504055567,-2.356065298553471
19.966666666666665,102.5695607877275,41.30383539164933,20.642941793178114,,,,,,,,,1,baseline_geometric,99.83333333333333,39.89528215883754,20.078539457471297,5.0,3.1414203980712943,-2.3561621920612588
20.0,95.3879728318545,38.03594187283268,19.14895554979921,,,,,,,,,1,baseline_geometric,100.0,40.0,20.000000000000004,5.0,3.141592653589793,-2.356194490192345
