timestamp,x,y,z,vx,vy,vz,speed,course_over_ground,vertical_speed,pos_uncertainty,vel_uncertainty,scenario_id,sensor_mode,ground_truth_x,ground_truth_y,ground_truth_z,ground_truth_vx,ground_truth_vy,ground_truth_vz
0.0,,,,,,,,,,,,2,track_to_track_ci,0.0,40.0,20.0,5.0,3.141592653589793,2.356194490192345
0.05,,,,,,,,,,,,2,track_to_track_ci,0.25,40.15707317311821,20.11780851333067,5.0,3.1412050831004863,2.3561218196049336
0.1,,,,,,,,,,,,2,track_to_track_ci,0.5,40.31410759078128,20.23560975967731,5.0,3.1400424672597853,2.355903812325365
0.15000000000000002,,,,,,,,,,,,2,track_to_track_ci,0.7500000000000001,40.47106450709643,20.35339647250415,5.0,3.138105092925752,2.355540481801354
0.2,,,,,,,,,,,,2,track_to_track_ci,1.0,40.62790519529313,20.471161386171925,5.0,3.1353934381165134,2.3550318504448393
0.25,,,,,,,,,,,,2,track_to_track_ci,1.25,40.784590957278446,20.58889723638603,5.0,3.1319081718923187,2.354377949630598
0.30000000000000004,,,,,,,,,,,,2,track_to_track_ci,1.5000000000000002,40.941083133185145,20.70659676064464,5.0,3.1276501541904578,2.353578819694314
0.35000000000000003,,,,,,,,,,,,2,track_to_track_ci,1.7500000000000002,41.09734311091045,20.824252698686685,5.0,3.1226204356130842,2.352634509930085
0.4,,,,,,,,,,,,2,track_to_track_ci,2.0,41.253332335643044,20.9418577929397,5.0,3.1168202571679955,2.3515450785873853
0.45,,,,,,,,,,,,2,track_to_track_ci,2.25,41.409012319375826,21.0594047889675,5.0,3.110251049962433,2.350310592867472
0.5,,,,,,,,,,,,2,track_to_track_ci,2.5,41.56434465040231,21.176886435917673,5.0,3.1029144348499784,2.348931128919239
0.55,,,,,,,,,,,,2,track_to_track_ci,2.7500000000000004,41.719291002794094,21.29429548696885,5.0,3.094812222030629,2.347406771834521
0.6000000000000001,,,,,,,,,,,,2,track_to_track_ci,3.0000000000000004,41.87381314585725,21.411624699777715,5.0,3.085946410604164,2.345737615642843
0.65,,,,,,,,,,,,2,track_to_track_ci,3.25,42.02787295356512,21.52886683692575,5.0,3.0763191880768885,2.343923763305622
0.7000000000000001,,,,,,,,,,,,2,track_to_track_ci,3.5000000000000004,42.181432413965425,21.64601466636568,5.0,3.065932929821908,2.341965326709813
0.75,,,,,,,,,,,,2,track_to_track_ci,3.75,42.334453638559054,21.763060961867566,5.0,3.054790198493033,2.339862426661011
0.8,,,,,,,,,,,,2,track_to_track_ci,4.0,42.48689887164855,21.879998503464563,5.0,3.042893743392486,2.3376151928759965
0.8500000000000001,,,,,,,,,,,,2,track_to_track_ci,4.25,42.63873049965373,21.996820077898285,5.0,3.0302464997925544,2.3352237639747346
0.9,,,,,,,,,,,,2,track_to_track_ci,4.5,42.78991106039229,22.11351847906374,5.0,3.0168515882113502,2.3326882874718247
0.9500000000000001,,,,,,,,,,,,2,track_to_track_ci,4.75,42.94040325232304,22.230086508453844,5.0,3.002712313642874,2.3300089197674008
1.0,22.214883818718274,33.78191231542928,17.787347196483623,15.994649080336847,-3.7047178217630528,-1.0603718432603557,,,,5.120912947073845,11.015283601814751,2,track_to_track_ci,5.0,43.09016994374947,22.346516975603464,5.0,2.9878321647415556,2.327185826137484
1.05,21.897769549906208,34.03220938708843,18.07941260623678,13.630043146074565,-5.020954189792213,0.26116688646380093,,,,5.300645773573212,9.6357717613416,2,track_to_track_ci,5.250000000000001,43.2391741819815,22.462802698532943,5.0,2.9722148129614796,2.324219180723786
1.1,22.24484731287779,34.18297150519703,17.856463387766464,13.40100505215194,-2.4127036259904258,-3.331996832747868,,,,5.485069897822202,8.591108061091171,2,track_to_track_ci,5.500000000000001,43.38737920245291,22.578936504191145,5.0,2.95586411165051,2.3211091665229717
1.1500000000000001,22.88199574144767,34.074147102023346,17.69841139823537,13.340860542345755,-2.4289538951931258,-3.319092811381602,,,,5.858770643379126,8.590878496650186,2,track_to_track_ci,5.750000000000001,43.53474843779257,22.694911228897887,5.0,2.938784095099535,2.317855975375366
1.2000000000000002,20.990080824474617,35.4596627768015,18.61662944660137,10.930847564912105,-0.37121318755058774,-0.38438809602415835,,,,5.536153393906939,7.682835416716617,2,track_to_track_ci,6.000000000000001,43.68124552684678,22.81071971878587,5.0,2.9209789775470645,2.314459807953123
1.25,20.334685264450336,36.022288459818526,18.939362979746083,9.366426422947288,0.11319516810462887,0.11060348354112977,,,,5.640426079407658,7.418107377468874,2,track_to_track_ci,6.25,43.8268343236509,22.926354830241923,5.0,2.902453152139431,2.3109208737478455
1.3,18.459126330913627,37.2645115551125,19.62069027564069,6.60315095461928,1.4374699774425186,1.0109705380427247,,,,5.5504247075025095,6.974491482494747,2,track_to_track_ci,6.5,43.971478906347805,23.041809430347687,5.0,2.8832111898468455,2.3072393910576663
1.35,18.886130963071185,37.3589207055825,19.622483112692933,6.928934388458467,1.5629518405969074,0.8330129166409802,,,,5.6547089384982865,6.76560730320164,2,track_to_track_ci,6.75,44.11514358605109,23.157076397319585,5.0,2.863257838335581,2.303415586973779
1.4000000000000001,17.647092981234827,38.30253738856191,20.0999438886733,5.147020284457891,2.5261159887953957,1.3049231129305463,,,,5.4997842251847215,6.304667200510097,2,track_to_track_ci,7.000000000000001,44.257792915650725,23.272148620948137,5.0,2.842598020796553,2.299449697366431
1.4500000000000002,17.9406422990437,38.410841891234895,20.155065537652572,5.193935979100527,2.506509999304553,1.2916989457479255,,,,5.783049570182575,6.304664040291965,2,track_to_track_ci,7.250000000000001,44.39939169855915,23.387019003036556,5.0,2.8212368347306014,2.295341966870374
1.5,16.698668876035494,39.330730455491576,20.666254808385695,3.4947035896665772,3.3417959079304187,1.8461500361889607,,,,5.724754233290921,5.949372062629702,2,track_to_track_ci,7.5,44.53990499739547,23.50168045783858,5.0,2.799179550690753,2.2910926488697743
1.55,14.995518081971356,40.51089268376909,21.306380269638368,1.4906168024194184,4.381633655709394,2.465752987676727,,,,5.721848677739615,5.689868383069578,2,track_to_track_ci,7.75,44.67929814260573,23.61612591249558,5.0,2.776431610981794,2.286702005482583
1.6,15.877159703811408,40.21728480771987,21.24007833003786,2.0784190655118846,3.9006528531587605,2.3868502968730283,,,,5.737060006072353,5.473486988832802,2,track_to_track_ci,8.0,44.81753674101715,23.730348307472823,5.0,2.7529986283174632,2.282170307544365
1.6500000000000001,17.19966030720825,39.738131074112744,21.055330997013826,3.4297221556671995,3.1591861558856,2.0928602903451363,,,,5.6777651447022475,5.192854700517775,2,track_to_track_ci,8.25,44.95458668432408,23.84434059699495,5.0,2.7288863844355977,2.2774978345915953
1.7000000000000002,14.324557486295078,41.604388236530966,22.077687812971092,0.5809669426597506,4.76218168372907,3.014752376024707,,,,5.288156980337301,4.6466729486086695,2,track_to_track_ci,8.5,45.090414157503716,23.958095749480595,5.0,2.7041008286715766,2.272684874844416
1.75,14.568500116970657,41.72657730805445,22.160128190507123,0.7994025901989996,4.648773705881551,2.938767076540108,,,,5.248046737063646,4.439290839071976,2,track_to_track_ci,8.75,45.224985647159485,24.071606747976112,5.0,2.67864807649041,2.2677317251888542
1.8,16.626138952373882,40.80256466817005,21.719050928209775,2.616382825159051,3.589444707503434,2.3970388705572723,,,,4.9385868378369775,4.019598185773939,2,track_to_track_ci,9.0,45.35826794978997,24.184866590588438,5.0,2.6525344079778406,2.2626386911585126
1.85,15.655219101789289,41.62333723599561,22.189161236918718,1.7901504844641272,4.089447907202447,2.6943301329531435,,,,4.845166143738615,3.798232447069869,2,track_to_track_ci,9.25,45.490228179981315,24.297868290916973,5.0,2.625766266290827,2.257406086915721
1.9000000000000001,13.376964365612682,43.24894535595297,23.060097118467482,0.25004738119873937,5.095298249831481,3.2302497242813133,,,,4.537154824956734,3.419513550725762,2,track_to_track_ci,9.5,45.6208337785213,24.41060487848456,5.0,2.5983502560677905,2.2520342352321556
1.9500000000000002,14.192636664722558,43.01273036706737,22.99292712698222,0.8013607700164759,4.727696431874762,3.0761956002450592,,,,4.4728058874497005,3.252984955386982,2,track_to_track_ci,9.75,45.75005252043279,24.523069399167433,5.0,2.570293141799019,2.246523467468933
2.0,15.472371731435736,42.482365190209926,22.811096102664354,1.6832055468166554,4.135655314325297,2.8579789442548758,,,,4.183120536725274,2.9200713672950904,2,track_to_track_ci,10.0,45.877852522924734,24.63525491562421,5.0,2.5416018461576297,2.240874123556167
2.0500000000000003,14.893587500772814,43.09191267121482,23.152585307743625,1.2360068397556858,4.42472180817812,2.99570222518083,,,,4.094358259980729,2.7586277777610775,2,track_to_track_ci,10.25,46.00420225325884,24.747154507723792,5.0,2.512283448291506,2.235086551972
2.1,13.496576159052593,44.17830467602494,23.76621547758189,0.18490362920236214,5.062118863157441,3.353549983827656,,,,3.8447223593902984,2.4829956804161597,2,track_to_track_ci,10.500000000000002,46.12907053652977,24.85876127297224,5.0,2.482345182076621,2.22916110972111
2.15,12.989126646218981,44.76343585467876,24.10590034301476,0.0576273165943748,5.184294022566938,3.4198719290277313,,,,3.79139588868617,2.366579251874056,2,track_to_track_ci,10.75,46.25242656335705,24.970068326938566,5.0,2.4517944343321867,2.2230981623126858
2.2,11.968157475986075,45.65188904026042,24.59192384468116,-0.5929903088634432,5.605739109765514,3.6272113279752736,,,,3.5951492771635363,2.150048861454527,2,track_to_track_ci,11.000000000000002,46.374239897486895,25.081068803679372,5.0,2.420638742998068,2.2168980837378824
2.25,11.574126317031926,46.13698947114844,24.902716312098594,-0.8928378189367084,5.767786189738969,3.7430002876752955,,,,3.5525785176547138,2.0551860400886652,2,track_to_track_ci,11.25,46.494480483301835,25.191755856162395,5.0,2.38888579527491,2.2105612564467525
2.3000000000000003,12.826284882943867,45.6164107938274,24.68645099163184,-0.17438707740007672,5.285507430407076,3.5101500951456925,,,,3.5125301487764697,1.9668728764317254,2,track_to_track_ci,11.500000000000002,46.61311865323652,25.30212265668886,5.0,2.356543425727433,2.204088071324651
2.35,13.12332936951411,45.69003757738118,24.75610808886381,-0.05115704548748299,5.199375208595859,3.4555044715468752,,,,3.4394265611506074,1.8551417951425033,2,track_to_track_ci,11.75,46.73012513509774,25.412162397314628,5.0,2.3236196143513745,2.1974789276681292
2.4000000000000004,13.921964392698316,45.44840159763039,24.679099821731224,0.40372518919609757,4.898027140947052,3.311102498247159,,,,3.3506427388707944,1.734328990040702,2,track_to_track_ci,12.000000000000002,46.845471059286886,25.52186829027017,5.0,2.290122484604541,2.190734233160298
2.45,15.166327585013471,44.94965593149972,24.466609173135385,1.2795011196402997,4.365238554548772,3.0433437946488167,,,,3.270106887943187,1.628327392835985,2,track_to_track_ci,12.250000000000002,46.959127965923145,25.631233568379244,5.0,2.2560603014024703,2.183854403845687
2.5,16.501249283936016,44.38309150997746,24.21221250700562,2.0542246614639543,3.8775632936822255,2.7898154244040074,,,,3.0619414595280183,1.4438801645179224,2,track_to_track_ci,12.5,47.071067811865476,25.740251485476346,5.0,2.221441469079183,2.176839864104573
2.5500000000000003,16.845388947527457,44.434850175459594,24.266373226646095,2.2129631660974716,3.7872268616029223,2.7287873732798458,,,,2.994255161892108,1.3651194902884622,2,track_to_track_ci,12.75,47.18126297763189,25.848915316822826,5.0,2.186274529313543,2.1696910466268107
2.6,17.861826177510597,44.038327018465225,24.113266552617915,2.6035589291118804,3.5054414900055386,2.59991747227467,,,,2.8319585363432944,1.2309681625715778,2,track_to_track_ci,13.0,47.28968627421412,25.95721835952171,5.0,2.1505681590217223,2.1624083923851343
2.6500000000000004,18.364341612137096,43.98975694847364,24.127697708293177,2.8908548919811294,3.33708213239914,2.5135220574010613,,,,2.7845825000193036,1.1751079918078509,2,track_to_track_ci,13.25,47.3963109497861,26.065153932931175,5.0,2.1143311682163053,2.1549923506079627
2.7,17.78542804031811,44.62483014659582,24.507158862181164,2.639432554121437,3.5210612423669967,2.622167995006488,,,,2.662262084911566,1.0770787574884928,2,track_to_track_ci,13.5,47.50111069630459,26.17271537907663,5.0,2.077572497832547,2.1474433787516856
2.75,17.65844392864417,44.96630665411189,24.74394077287092,2.59010189470116,3.5591732554106583,2.6656737150925762,,,,2.6300555800847,1.0365604552119179,2,track_to_track_ci,13.750000000000002,47.60405965600031,26.279896063061422,5.0,2.0403012175223334,2.1397619424724454
2.8000000000000003,17.560265030252577,45.298971494650786,24.950697136925903,2.5203579924495068,3.6187357060231644,2.688421943615738,,,,2.6007185000807675,0.9995577470857139,2,track_to_track_ci,14.000000000000002,47.70513242775789,26.38668937347609,5.0,2.002526523416379,2.131948515597415
2.85,17.874441339547385,45.35206968359491,25.03186379633501,2.6097909749207044,3.5509617282349177,2.6692596431406925,,,,2.5663788479958374,0.9588687311971146,2,track_to_track_ci,14.250000000000002,47.8043040733833,26.49308872280621,5.0,1.9642577358552191,2.124003580095568
2.9000000000000004,17.319079229959883,45.96519821608533,25.407706902471972,2.284749501678493,3.7580538331546007,2.794803018786757,,,,2.478540436179877,0.8882982987152341,2,track_to_track_ci,14.500000000000002,47.901550123756905,26.599087547838728,5.0,1.9255042970895562,2.115927626047951
2.95,17.430097152294646,46.1550635017204,25.54856012025594,2.2828667252539794,3.7591580213681652,2.7954736649891854,,,,2.5058028975493523,0.8886643272942832,2,track_to_track_ci,14.750000000000002,47.99684658487091,26.704679310066815,5.0,1.8862757689505254,2.1077211516174503
3.0,17.690738973869365,46.25240156251156,25.657936985006742,2.4353831026281902,3.667473516758071,2.7677721772230868,,,,2.4271629285750826,0.8240996207561875,2,track_to_track_ci,15.0,48.09016994374947,26.8098574960932,5.0,1.8465818304904567,2.0993846630180646
3.0500000000000003,17.768890854869706,46.46752002243221,25.81795469701846,2.4522922233418702,3.6619014362784754,2.7708331911267563,,,,2.4047341907300517,0.7968360238082514,2,track_to_track_ci,15.250000000000002,48.18149717425024,26.914615618031934,5.0,1.806432275594711,2.090918674483679
3.1,15.521108417606456,48.28604677977734,26.858261095625835,2.0395964793697203,4.065876917220976,3.03313946915182,,,,0.20603066978789017,0.6340519764572788,2,track_to_track_ci,15.5,48.27080574274562,27.0189472139086,5.0,1.7658370105651893,2.0823237082363457
3.1500000000000004,15.610062011499508,48.49716350126935,27.018310654277773,2.0360237477848386,4.067408317838726,3.0390721879907687,,,,0.18050872801281845,0.6149603540980035,2,track_to_track_ci,15.750000000000004,48.358073613682706,27.12284584805892,5.0,1.7248060516760961,2.0736002944540672
3.2,15.801100993694888,48.61533968442852,27.19122184516748,2.1930085178728405,3.9351001517602526,3.0492327826148085,,,,0.13777096713210357,0.5819869399167015,2,track_to_track_ci,16.0,48.44327925502015,27.22630511152573,5.0,1.6833495227025799,2.0647489712380973
3.25,15.918221010425498,48.81135135966045,27.35785743615554,2.258011166499273,3.898702161020992,3.047715566329316,,,,0.14718004186484282,0.5736559315989581,2,track_to_track_ci,16.25,48.52640164354092,27.329318622454323,5.0,1.6414776524228363,2.055770284579746
3.3000000000000003,16.380692872140045,48.81995949665182,27.498823871081584,4.222581169155433,2.712797855640247,2.510677259783563,,,,0.10449122912263892,0.45221976430963307,2,track_to_track_ci,16.5,48.60742027003944,27.431880026486112,5.0,1.5992007720943138,2.0466647883266984
3.35,16.592031256203967,48.968985112509785,27.632490167321016,4.22672729237479,2.728261497882386,2.5190850844143142,,,,0.11657818579141303,0.45342333437154086,2,track_to_track_ci,16.75,48.686315144381915,27.533982997150588,5.0,1.5565293129046327,2.0374330441488553
3.4000000000000004,17.008505875077375,48.980661754750756,27.716171996291628,4.998596912251173,2.2424781129050757,2.304192903148447,,,,0.1018676275896023,0.32960393892161655,2,track_to_track_ci,17.0,48.76306680043864,27.63562123625557,5.0,1.5134738033978397,2.0280756215036826
3.45,17.248517211222392,49.084056634018765,27.81387496063683,4.949886104260997,2.2619898737867175,2.291376636134572,,,,0.10213676216253581,0.30046451531268975,2,track_to_track_ci,17.25,48.837656300886934,27.736788474275713,5.0,1.4700448668766537,2.0185930976010864
3.5,17.49276005980267,49.161958051744676,27.896671324377884,4.917638305966648,2.244353738628945,2.2614504984877897,,,,0.0937667070180804,0.2566190363858608,2,track_to_track_ci,17.5,48.91006524188368,27.83747847073923,5.0,1.426253218781319,2.0089860573678076
3.5500000000000003,17.719756890816114,49.25046876060247,28.004947383362392,4.85033129776167,2.246018687145636,2.2765330644061805,,,,0.09474666192367179,0.24310904594999003,2,track_to_track_ci,17.750000000000004,48.98027575760616,27.93768501461286,5.0,1.3821096640457349,1.9992550934113407
3.6,17.975770176308444,49.30937119128956,28.118566672299544,4.8723591508151,2.1739552653523333,2.2884509151554937,,,,0.09333788921960916,0.22834899914520385,2,track_to_track_ci,18.0,49.0482705246602,28.03740192468495,5.0,1.337625094431499,1.9894008059833805
3.6500000000000004,18.23179248456743,49.39688384786746,28.233127344693514,4.893018814461897,2.1455179674486544,2.2931220025049015,,,,0.09379341136184279,0.2177956070611553,2,track_to_track_ci,18.250000000000004,49.114032766354455,28.13662304994678,5.0,1.292810485840525,1.9794238029427924
3.7,18.484977595892467,49.4564940590526,28.32306937485403,4.895192040748697,2.0968307886556374,2.269900119947309,,,,0.08774207339742583,0.19878752562383029,2,track_to_track_ci,18.5,49.17754625683981,28.235342269971976,5.0,1.2476768956069093,1.9693246997181204
3.75,18.729254600508476,49.54075320321074,28.434859152917106,4.8844513531390135,2.080996018855359,2.27682613323897,,,,0.08863908483946555,0.19367003084942466,2,track_to_track_ci,18.75,49.23879532511287,28.333553495294034,5.0,1.2022354597686926,1.9591041192696221
3.8000000000000003,18.942164627935973,49.60763761076993,28.541906823038758,4.806519225374643,2.064569080022949,2.290392622282951,,,,0.08418292744609523,0.18217713685795692,2,track_to_track_ci,19.0,49.297764858882516,28.43125066778196,5.0,1.1564973903202134,1.948762692050843
3.85,19.198269065653058,49.687399711890976,28.657763645803612,4.828651902292833,2.0362510800667337,2.2968935698504964,,,,0.08556380029038847,0.18010837955376538,2,track_to_track_ci,19.25,49.35444030829867,28.52842776101396,5.0,1.110473972445714,1.9383010559697262
3.9000000000000004,19.445360835606706,49.74457288638578,28.761283238294787,4.828391695377803,1.9900582083202494,2.2919914727702775,,,,0.08532147391730911,0.17749333781764265,2,track_to_track_ci,19.5,49.40880768954226,28.62507878064918,5.0,1.064176561734893,1.9277198563492643
3.95,19.702063022734983,49.81489649042092,28.864423465817772,4.844939646463203,1.9599170458621415,2.282744599337093,,,,0.08639372071404398,0.1756733624792579,2,track_to_track_ci,19.75,49.460853588275455,28.72119776479746,5.0,1.017616581381079,1.917019745887691
4.0,19.95265242586909,49.871306953875276,28.957325915710612,4.847289879609988,1.92002628857756,2.2637054258275384,,,,0.08274700477016202,0.16889535743182188,2,track_to_track_ci,20.0,49.510565162951536,28.816778784387097,5.0,0.9708055193627333,1.9062013846182224
4.05,20.19497443593461,49.9508994101751,29.059298092845367,4.838550090623443,1.9120560989348974,2.2562474177101848,,,,0.08712920701348395,0.17271623050784637,2,track_to_track_ci,20.25,49.5579301479833,28.911815943530577,5.0,0.9237549256089601,1.8952654398683402
4.1000000000000005,20.44381060974884,49.96955447219722,29.163567280074034,4.834682361594517,1.8290338820618217,2.258631776365206,,,,0.08297748272657589,0.16599965160137625,2,track_to_track_ci,20.5,49.60293685676943,29.00630337988826,5.0,0.8764764091497337,1.8842125862186299
4.15,20.67339144641624,50.03276950952642,29.27115115119752,4.802593998550023,1.8125796818471542,2.2641492738948017,,,,0.08401112065678333,0.16592484682731135,2,track_to_track_ci,20.75,49.64557418457798,29.100235265029994,5.0,0.8289816352515474,1.8730435054611674
4.2,20.94765922246069,50.04985767982549,29.348408861652352,4.840866603910911,1.730598995470018,2.2261896627968127,,,,0.08067767285858317,0.16149472294583564,2,track_to_track_ci,21.000000000000004,49.68583161128631,29.193605804794647,5.0,0.7812823225391823,1.861758886557466
4.25,21.201616562341506,50.103182222607145,29.456465406890402,4.847750913303827,1.700386484794393,2.2303877046290523,,,,0.0819414825007921,0.16227772737271773,2,track_to_track_ci,21.25,49.723699203976764,29.28640923964751,5.0,0.7333902401043089,1.8503594255959737
4.3,21.446895141568177,50.15000344518798,29.5543666676053,4.838163517967587,1.6699739857992881,2.2239570267816333,,,,0.07902778030463158,0.15897198629400083,2,track_to_track_ci,21.5,49.75916761938747,29.378639845035575,5.0,0.6853172046016434,1.83884582574914
4.3500000000000005,21.691535196998593,50.212762694853055,29.665264492015915,4.8306751254414735,1.6583817817464137,2.2329082333187245,,,,0.08041959557119206,0.16021895161030808,2,track_to_track_ci,21.750000000000004,49.79222810621766,29.470291931740668,5.0,0.6370750773333625,1.8272187972300362
4.4,21.935506172021473,50.21852939368385,29.7512829027183,4.819972790600886,1.5812431075079303,2.214069363092051,,,,0.07997850522977085,0.15981123209896592,2,track_to_track_ci,22.000000000000004,49.82287250728689,29.561359846230346,5.0,0.5886757613225101,1.8154790572485509
4.45,22.176612138074955,50.27925375057133,29.85218492944999,4.807032737302535,1.5761702453457929,2.2121393273778125,,,,0.08129177693277498,0.16083863308409588,2,track_to_track_ci,22.25,49.85109326154774,29.651837971006685,5.0,0.5401311983760958,1.8036273299671446
4.5,22.424736394254143,50.30080356086985,29.917773225712466,4.804509255110588,1.5244149349355496,2.166217025532859,,,,0.0807308843090787,0.16013726303385345,2,track_to_track_ci,22.5,49.876883405951375,29.741720724952756,5.0,0.49145336613863877,1.7916643464561826
4.55,22.669527148641347,50.330489109116144,30.018449057986032,4.7970724277362535,1.484044913765814,2.168618775462207,,,,0.08192205702786247,0.16085935344725993,2,track_to_track_ci,22.749999999999996,49.90023657716557,29.831002563676908,5.0,0.4426542751368617,1.7795908446488387
4.6000000000000005,22.934309911734605,50.32309280734664,30.08169959307711,4.817444962017802,1.3996423743847402,2.1229347209465175,,,,0.07897466316898245,0.15750718788304247,2,track_to_track_ci,23.000000000000004,49.921147013144775,29.91967797985478,5.0,0.39374596581627125,1.7674075692955749
4.65,23.188385671902854,50.35518484824594,30.173534413001896,4.823191197868923,1.3684817351214917,2.1151670445155446,,,,0.08031710464977819,0.1586563558005682,2,track_to_track_ci,23.25,49.939609554551794,30.007741503568994,5.0,0.3447405055703644,1.7551152719182044
4.7,23.438363388324778,50.337593513504686,30.266127761834504,4.819111718054231,1.281862545072272,2.1139729949933326,,,,0.07778686850898263,0.1559741575212322,2,track_to_track_ci,23.5,49.9556196460308,30.095187702646598,5.0,0.295649985763171,1.742714710763531
4.75,23.678950090705772,50.3802644860545,30.3701058511594,4.8041555540924605,1.2751690871272672,2.124255967572381,,,,0.0792645585048284,0.15740063123988382,2,track_to_track_ci,23.75,49.96917333733128,30.182011182994124,5.0,0.24648651874589617,1.7302066507565785
4.800000000000001,23.952966815949445,50.340684345396966,30.42650153896519,4.838701865590096,1.160750993299473,2.072246178018972,,,,0.07694675827629399,0.15493492216621096,2,track_to_track_ci,24.000000000000004,49.98026728428272,30.268206588930333,5.0,0.1972622348683764,1.717591863453406
4.8500000000000005,24.216311446584104,50.35115098271861,30.51080522605406,4.856998874649861,1.1159957774162308,2.0576681996207924,,,,0.07841971211051077,0.1563397278459048,2,track_to_track_ci,24.250000000000004,49.9888987496197,30.353768603516556,5.0,0.14798927948610313,1.704871126993516
4.9,24.470204006133223,50.340309643859364,30.581542678723586,4.857011220146575,1.0539192116083598,2.030978911608244,,,,0.07617167152263433,0.15393972429490152,2,track_to_track_ci,24.500000000000004,49.995065603657316,30.438691948884717,5.0,0.09867980996352638,1.6920452260518526
4.95,24.720619467410312,50.36149064538539,30.66816420218931,4.8536764384706,1.0342502509936935,2.0243351229642883,,,,0.07773045888891948,0.15536729888406173,2,track_to_track_ci,24.75,49.99876632481661,30.522971386562837,5.0,0.049345992674419525,1.6791149517904018
5.0,24.9893134037358,50.36565391721925,30.755200033785265,4.878391431535874,0.9873874787805619,2.016462276621212,,,,0.07726088351803011,0.15414021531317312,2,track_to_track_ci,25.0,50.0,30.606601717798213,5.0,1.9236706937217898e-16,1.6660811018093873
5.050000000000001,25.232043820377495,50.388304256121785,30.844503368258152,4.863382548289394,0.975606835778251,2.0150878729040897,,,,0.08072155630054727,0.15787910147735607,2,track_to_track_ci,25.250000000000007,49.99876632481661,30.689577783878086,5.0,-0.04934599267442054,1.65294448009807
5.1000000000000005,25.487420748774223,50.35074226515211,30.902680289710027,4.864546807542737,0.8919580978170245,1.9769391745778364,,,,0.07797244338875178,0.1543571941095806,2,track_to_track_ci,25.5,49.995065603657316,30.771894466447833,5.0,-0.0986798099635267,1.639705896985157
5.15,25.736997889598182,50.36092000639795,30.989698407413613,4.858990376742092,0.8701956277955958,1.97561626398668,,,,0.07937378203764037,0.15536192371402693,2,track_to_track_ci,25.75,49.9888987496197,30.85354668782674,5.0,-0.14798927948610274,1.6263661690888134
5.2,25.98578467924323,50.355094133470686,31.067191411023984,4.852149053343673,0.8321333255478578,1.9640804597168398,,,,0.07689523521323413,0.1524127007034622,2,track_to_track_ci,26.0,49.98026728428272,30.934529411321172,5.0,-0.1972622348683774,1.6129261192662916
5.25,26.247069776757233,50.360506851556565,31.1656617217864,4.867414303252289,0.8007695127917884,1.9747573527188393,,,,0.0782972497633891,0.1534995648131875,2,track_to_track_ci,26.25,49.96917333733128,31.014837641535284,5.0,-0.24648651874589578,1.5993865765631734
5.300000000000001,26.485303328491003,50.333055612338185,31.256642101809845,4.843697481542748,0.7429018878658837,1.9842034307807523,,,,0.07591920413310098,0.15083959493837407,2,track_to_track_ci,26.5,49.9556196460308,31.094466424679148,5.0,-0.29564998576317125,1.5857483761622289
5.3500000000000005,26.73349004884729,50.34476795997607,31.355557546624794,4.8386331979044,0.7307770939446812,1.996887072367457,,,,0.0773571164525231,0.152063982043572,2,track_to_track_ci,26.75,49.939609554551794,31.17341084887433,5.0,-0.3447405055703647,1.5720123593319013
5.4,26.986592255278353,50.336474974478556,31.432866996244407,4.840715646482131,0.6955870643730862,1.9820983328182677,,,,0.07513830508831339,0.1496282893483567,2,track_to_track_ci,27.0,49.921147013144775,31.251666044456893,5.0,-0.3937459658162723,1.5581793733744105
5.45,27.23650245321705,50.33362323143569,31.5220332434496,4.838202943423546,0.6692029192466862,1.98333039140266,,,,0.07659912375860661,0.15095537206525717,2,track_to_track_ci,27.250000000000004,49.90023657716557,31.329227184277755,5.0,-0.44265427513686134,1.54425027157349
5.5,27.48852862508851,50.3222228732189,31.60911182594998,4.839343112535744,0.6331628724971381,1.9820028078641627,,,,0.07443042745878663,0.14857640101195482,2,track_to_track_ci,27.500000000000004,49.876883405951375,31.406089484000468,5.0,-0.49145336613863916,1.5302259131417502
5.550000000000001,27.73475274686788,50.317520436504246,31.691468310173683,4.83103259596372,0.610853152053977,1.9755514909447527,,,,0.07590952410529038,0.14987917930070682,2,track_to_track_ci,27.750000000000004,49.85109326154774,31.48224820239632,5.0,-0.540131198376096,1.5161071631676806
5.6000000000000005,27.979718306727694,50.24310816445779,31.734507626866836,4.818589403390938,0.5107098700276538,1.926810186897697,,,,0.07385988448122748,0.14768042652214183,2,track_to_track_ci,28.000000000000004,49.82287250728689,31.55769864163684,5.0,-0.5886757613225111,1.5018948925622841
5.65,28.225632596518967,50.23342650668036,31.810245673106706,4.81088737978768,0.4913376330241306,1.9160967593947191,,,,0.07536235181635736,0.14898638073228668,2,track_to_track_ci,28.250000000000004,49.79222810621766,31.63243614758352,5.0,-0.6370750773333634,1.487589978005358
5.7,28.482445993603115,50.15670814628393,31.871801368346773,4.8198712752303905,0.38631100349090275,1.8906284231564001,,,,0.0733956995041196,0.14683791555532993,2,track_to_track_ci,28.500000000000004,49.759167619387476,31.706456110074946,5.0,-0.6853172046016429,1.4731933018914143
5.75,28.736506480854125,50.12583443521922,31.943161697009508,4.82474467010028,0.34592319645028624,1.8763606053635442,,,,0.0749298556570859,0.14820495695991956,2,track_to_track_ci,28.749999999999996,49.723699203976764,31.77975396321117,5.0,-0.7333902401043078,1.4587057522752498
5.800000000000001,28.973951760253165,50.09247572457454,32.033762285957536,4.802199960617386,0.3090447478497822,1.892064924096033,,,,0.0730076239331339,0.14606592923021083,2,track_to_track_ci,29.000000000000004,49.68583161128631,31.852325185635358,5.0,-0.7812823225391826,1.444128222817167
5.8500000000000005,29.217851657467524,50.05719307932228,32.11225474862621,4.7924495800836695,0.2709988224481208,1.8894647156081419,,,,0.07456110265780759,0.14743684440286164,2,track_to_track_ci,29.250000000000004,49.64557418457798,31.924165300812653,5.0,-0.8289816352515484,1.4294616127278497
5.9,29.45844395861066,50.00985884428791,32.17544999065494,4.777235566266981,0.22394499982524962,1.869359107088144,,,,0.07268829348445677,0.14537848957348087,2,track_to_track_ci,29.500000000000004,49.60293685676943,31.99526987730636,5.0,-0.8764764091497338,1.4147068267128942
5.95,29.70349415401704,49.968166792709376,32.240779390425274,4.77111422945098,0.18456147955652114,1.8514794153331309,,,,0.07425527073593584,0.14671150286386195,2,track_to_track_ci,29.75,49.5579301479833,32.065634529051266,5.0,-0.923754925608959,1.3998647749170028
6.0,29.98698234604843,49.71379274113038,32.220291489391144,4.8410290331680095,-0.1358579483021174,1.7252445039390523,,,,0.06469760073639051,0.14400064569679505,2,track_to_track_ci,30.0,49.510565162951536,32.135254915624216,5.0,-0.970805519362733,1.3849363728678425
6.050000000000001,30.248035479540853,49.636014805401324,32.256717661481545,4.8590296986397945,-0.2037552042284716,1.6760946593287258,,,,0.0633912554613866,0.14460064242261356,2,track_to_track_ci,30.250000000000004,49.460853588275455,32.204126742511804,5.0,-1.0176165813810798,1.3699225414195708
6.1000000000000005,30.50399122367653,49.56974675749959,32.315780479910345,4.865706326433315,-0.2581531590663104,1.65818160820875,,,,0.06100048343162635,0.14278053173283436,2,track_to_track_ci,30.500000000000004,49.40880768954226,32.27224576137535,5.0,-1.064176561734893,1.3548242066960332
6.15,30.758016974743754,49.52329408244935,32.36873696351708,4.869824091419812,-0.2782995531234178,1.6339373032568147,,,,0.06068990603453755,0.14371662108658023,2,track_to_track_ci,30.75,49.35444030829868,32.339607770312895,5.0,-1.1104739724457138,1.3396423000336353
6.2,31.020852817784313,49.43984814890196,32.441487831655735,4.8931626156831705,-0.36587724154591683,1.6310566228514745,,,,0.05615372060578117,0.1404953258033668,2,track_to_track_ci,31.0,49.297764858882516,32.40620861411843,5.0,-1.1564973903202131,1.324377757923892
6.25,31.25656978759541,49.39579172092535,32.527039697619145,4.868214960523609,-0.3790471721481765,1.652329694640116,,,,0.05656785882751304,0.14166539664741198,2,track_to_track_ci,31.25,49.23879532511287,32.47204418453818,5.0,-1.2022354597686924,1.309031521955664
6.300000000000001,31.50277122854032,49.33279528217301,32.580360789555215,4.865399548023795,-0.4336138126798801,1.6204672867382186,,,,0.05479235579466523,0.13990738162947652,2,track_to_track_ci,31.500000000000007,49.17754625683981,32.53711042052406,5.0,-1.2476768956069102,1.293604538757072
6.3500000000000005,31.73891787015038,49.315563750874546,32.66703502834576,4.8386758967325605,-0.40277052551758175,1.6444220087245753,,,,0.058541211312930976,0.1430099729563194,2,track_to_track_ci,31.75,49.114032766354455,32.60140330848413,5.0,-1.2928104858405254,1.2780977599371093
6.4,31.989947457367958,49.17887839167906,32.6844091225114,4.874323232408045,-0.6295959750911777,1.5293827011200847,,,,0.051960958191106334,0.1355345022029804,2,track_to_track_ci,32.0,49.0482705246602,32.66491888253023,5.0,-1.337625094431499,1.2625121420269347
6.45,32.23963845407173,49.10812994046996,32.73677802268287,4.8890954904811785,-0.7141473929762299,1.4850948373983783,,,,0.05234982564733675,0.13410765189209262,2,track_to_track_ci,32.25,48.98027575760616,32.72765322472256,5.0,-1.382109664045735,1.2468486464208772
6.5,32.50376673290612,49.000811737179525,32.77341506313651,4.940157860609937,-0.887518663688013,1.3986149590381842,,,,0.04879410804279059,0.12703107958381812,2,track_to_track_ci,32.5,48.91006524188368,32.78960246531138,5.0,-1.426253218781319,1.231108239317127
6.550000000000001,32.75572783837098,48.93536028857774,32.84189200294233,4.951823706555587,-0.9320207999019772,1.392715978156616,,,,0.0495196873379062,0.12627054363924894,2,track_to_track_ci,32.75,48.837656300886934,32.85076278297574,5.0,-1.4700448668766533,1.2152918916581381
6.6000000000000005,33.00882410875934,48.87041876075407,32.90215064190935,4.962112638902311,-0.96858734871509,1.376976100258986,,,,0.048761436840192116,0.12422201375561409,2,track_to_track_ci,33.0,48.76306680043864,32.911130405059154,5.0,-1.5134738033978405,1.1994005790707354
6.65,33.25077716040056,48.791933063017794,32.96232168462033,4.9570784983617795,-1.031554185129579,1.3558380022972187,,,,0.04917001662704029,0.12306586519285036,2,track_to_track_ci,33.25,48.68631514438191,32.970701607802326,5.0,-1.556529312904633,1.1834352818059348
6.7,33.502854315471595,48.740764620682945,33.028551915979676,4.958113158497808,-1.0229345463980906,1.362371928949841,,,,0.05060413632732184,0.12423815757094886,2,track_to_track_ci,33.5,48.60742027003944,33.02947271657287,5.0,-1.5992007720943142,1.1673969846784744
6.75,33.746708432553696,48.687781050105556,33.10289208072294,4.94680956185468,-1.0174626964839035,1.3792340684386772,,,,0.05370555426215207,0.1269080950220033,2,track_to_track_ci,33.75,48.52640164354092,33.087440106091954,5.0,-1.6414776524228358,1.1512866770060683
6.800000000000001,33.98836780451509,48.631241093337124,33.18934988488805,4.930870742938784,-1.0176163808688727,1.4142005642903257,,,,0.05529572876293158,0.1274257064367876,2,track_to_track_ci,34.0,48.44327925502015,33.144600200657955,5.0,-1.6833495227025808,1.1351053525483799
6.8500000000000005,34.24320998570164,48.57668618648515,33.267194109421595,4.939108868323617,-1.0167878145738598,1.4317616637167134,,,,0.05851675069061707,0.1296734881511201,2,track_to_track_ci,34.25,48.358073613682706,33.20094947436698,5.0,-1.7248060516760972,1.1188540094457229
6.9,34.483669410513585,48.51432788615675,33.34856807681676,4.919289554649698,-1.0243315096640515,1.4555163641855131,,,,0.05993071212820805,0.12957881890698267,2,track_to_track_ci,34.5,48.270805742745615,33.2564844513304,5.0,-1.7658370105651897,1.1025336501574903
6.95,34.73957848331485,48.45696392825518,33.408637029302774,4.927965354153914,-1.0253534955508314,1.4456301388724455,,,,0.06303131816578025,0.13142041546941113,2,track_to_track_ci,34.75,48.18149717425023,33.311201705889246,5.0,-1.8064322755947113,1.0861452814003187
7.0,34.985565712786126,48.396454292094575,33.49198136650761,4.914356597056695,-1.0209040010963122,1.4755672954855754,,,,0.06395750016319597,0.13072427311627144,2,track_to_track_ci,35.0,48.09016994374947,33.365097862825515,5.0,-1.8465818304904564,1.0696899140859892
7.050000000000001,35.217335014050455,48.337639655826294,33.57486148190646,4.883294140142702,-1.0151926283264174,1.5022599557308354,,,,0.0667206048975253,0.13227523317356862,2,track_to_track_ci,35.25,47.9968465848709,33.418169597570376,5.0,-1.886275768950526,1.0531685632590695
7.1000000000000005,35.452916514533314,48.256302711477545,33.63475643201866,4.858448167437508,-1.0353394363814061,1.4988386846223563,,,,0.06693411093142566,0.13111825409374014,2,track_to_track_ci,35.50000000000001,47.901550123756905,33.47041363640923,5.0,-1.9255042970895564,1.0365822480343012
7.15,35.70253290166183,48.187262920469664,33.69492589300329,4.859073403427729,-1.0411021607171733,1.4924733478605106,,,,0.06927084312842932,0.13248679465619584,2,track_to_track_ci,35.75000000000001,47.8043040733833,33.52182675668369,5.0,-1.9642577358552191,1.019931991533736
7.2,35.95488872355191,48.089156307209436,33.74422026319652,4.861948737410266,-1.0789160693855422,1.476591120508914,,,,0.06872561685316005,0.13102113736432766,2,track_to_track_ci,36.0,47.70513242775789,33.572405786990295,5.0,-2.002526523416379,1.0032188208236241
7.25,36.20584703382084,48.00991298682705,33.8048342491985,4.864360901139037,-1.0934686982992048,1.473674474051819,,,,0.07069490270890792,0.13224733950117054,2,track_to_track_ci,36.25,47.60405965600031,33.62214760737622,5.0,-2.0403012175223334,0.9864437668510614
7.300000000000001,36.44248016757147,47.90684191877434,33.8295338546575,4.845281491415978,-1.1282296473594613,1.4306932546769389,,,,0.06969553874931575,0.13064034012819112,2,track_to_track_ci,36.50000000000001,47.50111069630459,33.67104914953168,5.0,-2.077572497832548,0.9696078643803938
7.3500000000000005,36.688403719419995,47.80536827328599,33.894917586076836,4.840149344530154,-1.164936185376547,1.4411839726973454,,,,0.07136893778171016,0.13190205869661978,2,track_to_track_ci,36.75000000000001,47.3963109497861,33.719107396979204,5.0,-2.1143311682163057,0.9527121519293908
7.4,36.94306276493723,47.69144590405745,33.949440268229786,4.8497449379996915,-1.211791985038559,1.4381143307859645,,,,0.06998733349680619,0.13024175091718734,2,track_to_track_ci,37.0,47.28968627421411,33.76631938525972,5.0,-2.1505681590217223,0.9357576717051819
7.45,37.18067593923364,47.58985107538441,34.003132425581505,4.83404244095092,-1.241314650767464,1.43378429643397,,,,0.07157744769952676,0.1314748712434043,2,track_to_track_ci,37.25,47.18126297763189,33.8126822021154,5.0,-2.186274529313543,0.91874546953997
7.5,37.439608478946695,47.43448265977539,34.03010961704044,4.852378665560828,-1.3344252554352494,1.397178987555975,,,,0.06997706425362354,0.12978518597407415,2,track_to_track_ci,37.5,47.071067811865476,33.8581929876693,5.0,-2.221441469079183,0.9016765948265195
7.550000000000001,37.68876174485403,47.337224162724574,34.06963395477345,4.853548805485767,-1.3507775425524216,1.3747875304958086,,,,0.07145746905710922,0.1309647374152573,2,track_to_track_ci,37.75000000000001,46.959127965923145,33.90284893460181,5.0,-2.256060301402471,0.8845521004534235
7.6000000000000005,37.94991580384475,47.211994657473966,34.09570190739213,4.871364707290413,-1.39652927248747,1.3397048636144007,,,,0.0697303853200627,0.12936726698918768,2,track_to_track_ci,38.0,46.845471059286886,33.946647288323774,5.0,-2.2901224846045407,0.86737304274016
7.65,38.19342127550502,47.11993070883499,34.153958635893844,4.86170156884563,-1.402393482505886,1.3463960255509022,,,,0.07114129639800984,0.13059612882347357,2,track_to_track_ci,38.25,46.73012513509774,33.98958534714641,5.0,-2.3236196143513745,0.8501404813719277
7.7,38.462707887371906,46.96947515120519,34.197498583681686,4.892020259123171,-1.4831470846288681,1.3346126399188307,,,,0.06942649059116364,0.12898171313997597,2,track_to_track_ci,38.5,46.61311865323652,34.03166046244801,5.0,-2.356543425727433,0.8328554793342855
7.75,38.71614165466366,46.83949264701987,34.23688503214732,4.89697078744693,-1.5303074782493837,1.3190581206280427,,,,0.07080275286908706,0.1302308563128117,2,track_to_track_ci,38.75,46.494480483301835,34.072870038837266,5.0,-2.38888579527491,0.8155191028475783
7.800000000000001,38.9732208771439,46.706448311273576,34.29049685933438,4.905120335636557,-1.577257806336803,1.3239926983233659,,,,0.06894897273195129,0.12866173539831627,2,track_to_track_ci,39.0,46.3742398974869,34.11321153431338,5.0,-2.420638742998068,0.7981324213011697
7.8500000000000005,39.229735333610236,46.589425302044894,34.346846261026016,4.912794180598947,-1.6056045891797481,1.3284098277009804,,,,0.07030001331798287,0.1299090913079102,2,track_to_track_ci,39.25,46.25242656335705,34.1526824604229,5.0,-2.4517944343321867,0.7806965071874753
7.9,39.48850188902291,46.43096468395422,34.36926230883035,4.924084698328814,-1.6739011913106907,1.296278355630733,,,,0.06841937508656969,0.12843540183204447,2,track_to_track_ci,39.5,46.12907053652977,34.19128038241318,5.0,-2.482345182076621,0.7632124360358092
7.95,39.746263435862396,46.32048789657059,34.41016516299463,4.932348591746688,-1.6857017688019198,1.2819903106314143,,,,0.06975145995913853,0.12965629002956888,2,track_to_track_ci,39.75,46.00420225325884,34.229002919382566,5.0,-2.512283448291506,0.7456812863460368
8.0,40.01808502905712,46.17884113275357,34.43494826591029,4.960835766849534,-1.7344246909706413,1.2494786589523557,,,,0.0679986207039305,0.1281708276035135,2,track_to_track_ci,40.0,45.877852522924734,34.265847744427305,5.0,-2.5416018461576297,0.72810413952205
8.05,40.27026008112545,46.06378944699295,34.47563330937143,4.958382878942794,-1.7466605230521566,1.2398401238049814,,,,0.06935734682052726,0.12945366006247155,2,track_to_track_ci,40.25,45.75005252043278,34.30181258478502,5.0,-2.5702931417990196,0.7104820798050604
8.1,40.517844889625124,45.92032263398529,34.513662211336346,4.949383887787478,-1.7878620898356132,1.2344727260740598,,,,0.06753483181385532,0.1280652316528611,2,track_to_track_ci,40.5,45.62083377852131,34.336895221974956,5.0,-2.59835025606779,0.69281619420672
8.15,40.76788732512411,45.80891978258487,34.5718895647052,4.943901635262273,-1.7939018179452688,1.2483378244552767,,,,0.06888883541146511,0.129379034775146,2,track_to_track_ci,40.75,45.490228179981315,34.371093491934786,5.0,-2.625766266290827,0.6751075724420642
8.200000000000001,41.01356867095832,45.65760853068358,34.58131843913006,4.933527449083201,-1.8350607303103175,1.2077847100360088,,,,0.06699959051957219,0.12798119547877249,2,track_to_track_ci,41.0,45.35826794978997,34.40440528515415,5.0,-2.6525344079778406,0.6573573068623002
8.25,41.27218415131154,45.54546341883148,34.62642370575208,4.942375739799726,-1.839066954483755,1.2049612812986652,,,,0.06834879227149337,0.12924778495308628,2,track_to_track_ci,41.25,45.224985647159485,34.436828546804705,5.0,-2.67864807649041,0.6395664923874195
8.3,41.51613928917654,45.41501607407835,34.66101209228609,4.928518904255942,-1.853550445620229,1.1981964626748152,,,,0.06652063496564642,0.12795886216177335,2,track_to_track_ci,41.5,45.09041415750371,34.46836127686697,5.0,-2.704100828671577,0.6217362264386606
8.35,41.77271715791056,45.30525238149744,34.71664116197272,4.9343820939003455,-1.854317885803212,1.209861719583344,,,,0.06789444121843109,0.12925074200402506,2,track_to_track_ci,41.75,44.95458668432408,34.49900153025361,5.0,-2.7288863844355973,0.6038676088708169
8.4,42.031573829139425,45.13277728212806,34.7380458865988,4.944398061311886,-1.9226352030798353,1.187146030876292,,,,0.06602671114524027,0.12791877344509264,2,track_to_track_ci,42.00000000000001,44.81753674101715,34.52874741692946,5.0,-2.7529986283174632,0.5859617419043867
8.450000000000001,42.26882481158034,45.01029363477336,34.78690692220236,4.920965660489407,-1.9278593370125918,1.1971581701906757,,,,0.06739187161965458,0.12924739317679057,2,track_to_track_ci,42.25000000000001,44.67929814260573,34.55759710202814,5.0,-2.776431610981794,0.5680197300575901
8.5,42.52720237086942,44.85366360461984,34.80974261092944,4.931229777145572,-1.9708026841171602,1.175864190053879,,,,0.0655174361778711,0.12790792900910944,2,track_to_track_ci,42.5,44.53990499739547,34.585548805965146,5.0,-2.7991795506907526,0.5500426800782316
8.55,42.76516703562667,44.72034865627329,34.84510492901717,4.9105646199893735,-1.9846135683111044,1.170363742455983,,,,0.0668971998000669,0.1291937652490047,2,track_to_track_ci,42.75000000000001,44.39939169855915,34.61260080454774,5.0,-2.821236834730602,0.5320317008754331
8.6,43.01851670840825,44.57230934622052,34.85478782616286,4.914661662749159,-2.011592191108818,1.1326010217749385,,,,0.06514074862007185,0.127817351674031,2,track_to_track_ci,43.0,44.257792915650725,34.63875142908121,5.0,-2.8425980207965527,0.5139879034512326
8.65,43.26783848322999,44.45983865305972,34.90907435254273,4.909258968739086,-2.002168075842036,1.1497761516068437,,,,0.068157789890413,0.13015403530919276,2,track_to_track_ci,43.25,44.11514358605109,34.66399906647186,5.0,-2.863257838335581,0.49591240083204685
8.700000000000001,43.50776650215164,44.305273810470666,34.93985570918801,4.892889698987977,-2.033284002634062,1.1465188938155322,,,,0.06592130743046631,0.12847172663047393,2,track_to_track_ci,43.50000000000001,43.971478906347805,34.68834215932649,5.0,-2.8832111898468464,0.4778063080000219
8.75,43.745046093140274,44.16211970739191,34.98179302995854,4.87451340477905,-2.0557370710458116,1.153089434205512,,,,0.06714951855955434,0.12960837674585898,2,track_to_track_ci,43.75,43.8268343236509,34.711779206048455,5.0,-2.902453152139431,0.4596707418242519
8.8,43.994057417163674,43.96818636522414,34.987868996019984,4.877269096877235,-2.134824754797492,1.1188571359778834,,,,0.06496223688856559,0.12798203159574453,2,track_to_track_ci,44.00000000000001,43.68124552684678,34.73430876093033,5.0,-2.920978977547065,0.44150682099188254
8.85,44.23828867967399,43.84564619364585,35.02639988025314,4.869209530454343,-2.1241509760187824,1.1200833534323138,,,,0.06622567815342154,0.1291618911175404,2,track_to_track_ci,44.25,43.53474843779257,34.755929434243036,5.0,-2.938784095099535,0.4233156659391127
8.9,44.477459639743365,43.66563264836765,35.01439018864218,4.857099731828114,-2.1741812121132824,1.0665430402999476,,,,0.06411456614719489,0.1276354505369798,2,track_to_track_ci,44.5,43.38737920245291,34.77663989232161,5.0,-2.95586411165051,0.4050983987820719
8.950000000000001,44.72625179059983,43.516622460618336,35.03659887264589,4.859328266040053,-2.195251269072557,1.0512957842466832,,,,0.0654124553458783,0.12882232738918314,2,track_to_track_ci,44.75000000000001,43.23917418198149,34.79643885764743,5.0,-2.97221481296148,0.38685614324761025
9.0,44.967519054195215,43.349061750197336,35.04995045130102,4.849063184186577,-2.2285195443145085,1.0334399212884975,,,,0.06331910680416236,0.12732863115532045,2,track_to_track_ci,45.0,43.09016994374947,34.81532510892707,5.0,-2.9878321647415556,0.3685900246039791
9.05,45.23070468313789,43.21619839568548,35.081863568810626,4.872113632656689,-2.229394626069478,1.028990000976492,,,,0.06463068171841614,0.12856558989485034,2,track_to_track_ci,45.25,42.940403252323044,34.83329748116757,5.0,-3.002712313642874,0.3503011695914158
9.1,45.47934064903548,43.054115745694,35.078534029804864,4.87257214308439,-2.253105213268384,0.9892027274852424,,,,0.06256593194368776,0.12706500660713457,2,track_to_track_ci,45.49999999999999,42.7899110603923,34.850354865748365,5.0,-3.01685158821135,0.33199070635264627
9.15,45.717607313015826,42.88959629434234,35.096950524654105,4.85872060329149,-2.2864590249850636,0.9779200310768559,,,,0.06386807518863985,0.1283144766557482,2,track_to_track_ci,45.75,42.638730499653725,34.86649621048962,5.0,-3.0302464997925544,0.3136597643632925
9.200000000000001,45.97717168845689,42.719909451875,35.10999291622234,4.876296809431266,-2.3227228973888145,0.9608141166514557,,,,0.06178933194793947,0.12680246118794636,2,track_to_track_ci,46.00000000000001,42.48689887164854,34.88172051971717,5.0,-3.0428937433924865,0.29530947436220345
9.25,46.226416260964264,42.564520660637996,35.111048625886205,4.87844232121353,-2.3391759342516565,0.9263723485739774,,,,0.06309428838995865,0.12800626098727952,2,track_to_track_ci,46.25,42.334453638559054,34.89602685432389,5.0,-3.054790198493033,0.2769409682817049
9.3,46.47969244289386,42.411879334554065,35.117448216921105,4.8840368903173,-2.344919795100992,0.9052496205450993,,,,0.06105299070547233,0.12650873903818324,2,track_to_track_ci,46.5,42.181432413965425,34.9094143318277,5.0,-3.065932929821908,0.25855537917777327
9.35,46.7259643315683,42.26015134311534,35.12463485038789,4.880799573016549,-2.3547980323406392,0.8832348361172606,,,,0.062378980805772234,0.12774558911889883,2,track_to_track_ci,46.75,42.02787295356513,34.9218821264259,5.0,-3.0763191880768885,0.24015384116015046
9.4,46.970748811738154,42.100986775545934,35.14835956731906,4.873619422422447,-2.370002818809283,0.8889763271025473,,,,0.06047469137213582,0.12621478788338844,2,track_to_track_ci,47.0,41.87381314585725,34.9334294690462,5.0,-3.085946410604164,0.22173748932237822
9.450000000000001,47.227059938181704,41.95864242793372,35.162505521923705,4.885684473839804,-2.3676951444185192,0.875394614344529,,,,0.06179516786451157,0.12752529204440965,2,track_to_track_ci,47.25,41.719291002794094,34.94405564739412,5.0,-3.094812222030629,0.20330745967178826
9.5,47.48482850789303,41.787293057257024,35.14287928975521,4.900748028074194,-2.4027268683883705,0.8189591045062912,,,,0.060145070119524933,0.12588489817175053,2,track_to_track_ci,47.5,41.56434465040231,34.95376000599692,5.0,-3.102914434849978,0.18486488905942214
9.55,47.730908510450185,41.643732349839254,35.16501081859494,4.8955159540225255,-2.3990521387092514,0.8224389593924215,,,,0.06147436772524088,0.1271530939591387,2,track_to_track_ci,47.75,41.409012319375826,34.96254194624405,5.0,-3.1102510499624336,0.1664109151099069
9.600000000000001,47.98727695622741,41.47375170425333,35.176853936064234,4.9074797853225816,-2.4348847922863825,0.8112154337926185,,,,0.059856672064109204,0.12556792286351853,2,track_to_track_ci,48.00000000000001,41.25333233564304,34.97040092642408,5.0,-3.1168202571679955,0.14794667615128232
9.65,48.2319653006043,41.331720096134795,35.20667836818764,4.89982871092595,-2.4283989232025505,0.8249857078743403,,,,0.061196066656649596,0.1268236207981214,2,track_to_track_ci,48.25000000000001,41.09734311091045,34.97733646175807,5.0,-3.1226204356130842,0.12947331114478267
9.700000000000001,48.48603227770639,41.16659143796486,35.19142552439254,4.908727505325735,-2.452060240630459,0.7778615535307054,,,,0.05959710789271041,0.12522152275054663,2,track_to_track_ci,48.50000000000001,40.941083133185145,34.983348124429554,5.0,-3.1276501541904578,0.11099195961457735
9.75,48.74064453839308,41.03013723972006,35.203647679084035,4.916471179970046,-2.4364291051948896,0.7691116414561989,,,,0.06093768073560309,0.12651401887472066,2,track_to_track_ci,48.75,40.78459095727845,34.98843554361085,5.0,-3.1319081718923187,0.09250376157748418
9.8,48.98834567396996,40.83129895560193,35.177949606867784,4.916859085688047,-2.5066814150235928,0.7137239602787702,,,,0.059304585013801106,0.12485673004203661,2,track_to_track_ci,49.00000000000001,40.62790519529313,34.99259840548598,5.0,-3.1353934381165134,0.07400985747264478
9.850000000000001,49.2327547683944,40.68145525986654,35.182216964007914,4.9095870809833775,-2.503205220090024,0.7013414586211155,,,,0.06061766520360932,0.12611985805332912,2,track_to_track_ci,49.25000000000001,40.47106450709642,34.99583645327001,5.0,-3.138105092925752,0.05551138809117944
9.9,49.46769790517315,40.507397385684484,35.189489281425324,4.889101083064105,-2.532959573105501,0.6960510182454769,,,,0.05900804217862256,0.12450459631955892,2,track_to_track_ci,49.5,40.31410759078128,34.99814948722491,5.0,-3.1400424672597853,0.037009494505814644
9.950000000000001,49.71478743745778,40.36053598270377,35.198038839001384,4.88819417724966,-2.5255889305939547,0.6892777314305008,,,,0.060340730657774254,0.125751603914862,2,track_to_track_ci,49.75000000000001,40.1570731731182,34.999537364671845,5.0,-3.1412050831004863,0.01850531800049792
10.0,49.96800555194101,40.210874157707615,35.18382730105111,4.896611104069943,-2.5202063919988404,0.6531701425856937,,,,0.05874962827927712,0.12416659102686416,2,track_to_track_ci,50.0,40.0,35.0,5.0,-3.141592653589793,1.4427530202913423e-16
10.05,50.205827610336215,40.063335226891155,35.19526804653266,4.881516311515129,-2.5136725512784324,0.6546888758651974,,,,0.060081596789363256,0.1254500047694337,2,track_to_track_ci,50.25000000000001,39.84292682688179,34.999537364671845,5.0,-3.1412050831004863,-0.01850531800049868
10.100000000000001,50.45247055568672,39.89121025434133,35.18713000404226,4.881909704823807,-2.542829741696508,0.6291780782628109,,,,0.05850213251334722,0.12383857006161576,2,track_to_track_ci,50.500000000000014,39.68589240921871,34.99814948722491,5.0,-3.1400424672597853,-0.0370094945058154
10.15,50.70241813472873,39.73561213433456,35.19267838512117,4.886894299765391,-2.5490246363678466,0.622334069469467,,,,0.05983121331822413,0.12513914403149679,2,track_to_track_ci,50.75000000000001,39.52893549290357,34.99583645327001,5.0,-3.138105092925752,-0.05551138809117968
10.200000000000001,50.96915107571188,39.56335628808563,35.16920258424251,4.917190822235928,-2.578620544723236,0.5755976479164246,,,,0.058229667633352696,0.12350908601933004,2,track_to_track_ci,51.0,39.37209480470687,34.99259840548598,5.0,-3.1353934381165134,-0.07400985747264502
10.25,51.223174006755514,39.411863658578525,35.181707214932366,4.925442106676074,-2.5787811607749376,0.5803931210059119,,,,0.05955140234867881,0.12475569513274791,2,track_to_track_ci,51.24999999999999,39.215409042721554,34.98843554361085,5.0,-3.131908171892319,-0.09250376157748338
10.3,51.47862178081755,39.2553067355574,35.17622552439259,4.935437927937916,-2.583547944228357,0.5613548666438035,,,,0.057947783586944836,0.12315852478963739,2,track_to_track_ci,51.5,39.05891686681486,34.983348124429554,5.0,-3.1276501541904578,-0.11099195961457706
10.350000000000001,51.73025152482683,39.09160944293777,35.17922034773573,4.939674193964001,-2.600445901519805,0.5547797056648989,,,,0.05925737723627832,0.12441425245392554,2,track_to_track_ci,51.75000000000001,38.90265688908955,34.97733646175807,5.0,-3.1226204356130842,-0.1294733111447829
10.4,51.973342143515076,38.91351857250412,35.16138501005052,4.930442508381638,-2.6320791092166047,0.5234146195254681,,,,0.05765142023005515,0.12279222588323264,2,track_to_track_ci,52.0,38.746667664356956,34.97040092642408,5.0,-3.1168202571679955,-0.14794667615128307
10.450000000000001,52.22326467959248,38.76092313401,35.17800793239729,4.931921268896653,-2.6305330243129106,0.5377386514885245,,,,0.058956569556438056,0.12409215486916758,2,track_to_track_ci,52.25000000000001,38.59098768062417,34.96254194624405,5.0,-3.110251049962433,-0.16641091510990766
10.5,52.478058910603664,38.58505604539797,35.175529802796305,4.940539052672836,-2.662444364939489,0.5249972413684247,,,,0.05735056966796161,0.12246228117104659,2,track_to_track_ci,52.5,38.435655349597695,34.95376000599692,5.0,-3.1029144348499784,-0.18486488905942183
10.55,52.74121179350386,38.43287867230829,35.17572221647632,4.961766452568583,-2.659378718246714,0.5148537382267762,,,,0.05864015071550913,0.12371380286922175,2,track_to_track_ci,52.75000000000001,38.2807089972059,34.94405564739412,5.0,-3.094812222030629,-0.20330745967178854
10.600000000000001,52.99460987236856,38.279324789577174,35.1560274005986,4.966800365956026,-2.6539377895990697,0.48092369225627607,,,,0.0570115025588656,0.1221099288848938,2,track_to_track_ci,53.0,38.12618685414275,34.9334294690462,5.0,-3.0859464106041634,-0.22173748932237844
10.65,53.25489233796293,38.131114766328395,35.15593248445099,4.981933901732502,-2.6458399072188428,0.4734900753721405,,,,0.05828712483921364,0.12334697233105071,2,track_to_track_ci,53.25,37.97212704643488,34.9218821264259,5.0,-3.076319188076889,-0.24015384116014965
10.700000000000001,53.50843023178199,37.982347810632135,35.13867173230135,4.985319660228733,-2.6360986420147725,0.44472453709688153,,,,0.05666763954068293,0.1217399176807809,2,track_to_track_ci,53.5,37.818567586034575,34.9094143318277,5.0,-3.065932929821908,-0.2585553791777735
10.75,53.750484862938166,37.82339438360347,35.128965635775025,4.972497155244698,-2.6415422605459042,0.4297906994848617,,,,0.057959191650861046,0.12303884845808724,2,track_to_track_ci,53.75,37.665546361440946,34.89602685432389,5.0,-3.054790198493033,-0.2769409682817046
10.8,53.9949821299919,37.64187796182452,35.08788500376215,4.965138793609657,-2.67733671876843,0.37400557927588807,,,,0.05638080279481863,0.12144245412910751,2,track_to_track_ci,54.0,37.51310112835145,34.88172051971716,5.0,-3.042893743392486,-0.2953094743622042
10.850000000000001,54.25153120528773,37.499039449564876,35.07852718998197,4.975460536822414,-2.6582251938953902,0.3623979019401986,,,,0.05768137000171058,0.12274228430418048,2,track_to_track_ci,54.25000000000001,37.36126950034627,34.86649621048962,5.0,-3.030246499792554,-0.31365976436329324
10.9,54.492815781507595,37.33971509271675,35.05735437021876,4.962397217199992,-2.6609978080837635,0.33856358409916254,,,,0.0561303147274347,0.12118908071996505,2,track_to_track_ci,54.50000000000001,37.21008893960771,34.850354865748365,5.0,-3.0168515882113502,-0.331990706352646
10.950000000000001,54.73530323619328,37.19027540419485,35.03773853575541,4.952632196266441,-2.6505516225884946,0.31726374240147237,,,,0.05743642241349746,0.12245521801038754,2,track_to_track_ci,54.75000000000001,37.059596747676956,34.83329748116757,5.0,-3.002712313642874,-0.35030116959141605
11.0,54.98870039179999,37.012948852213185,35.01293174056886,4.959457263070993,-2.6840906247751946,0.2895262253548978,,,,0.055909041013193765,0.12092821225197167,2,track_to_track_ci,55.00000000000001,36.90983005625052,34.81532510892706,5.0,-2.9878321647415556,-0.3685900246039794
11.05,55.24188556131476,36.86498796314429,35.010243238677305,4.963751022557494,-2.6730561192345306,0.2931217489789901,,,,0.05721356333651306,0.12224143132049421,2,track_to_track_ci,55.25,36.76082581801851,34.79643885764743,5.0,-2.97221481296148,-0.38685614324761053
11.100000000000001,55.48508806670433,36.70728979250393,34.978976366699044,4.954282429964698,-2.673139655842249,0.2598947231282338,,,,0.05568721775324106,0.1206700003179437,2,track_to_track_ci,55.50000000000001,36.61262079754709,34.77663989232161,5.0,-2.95586411165051,-0.40509839878207204
11.15,55.7401840185202,36.56502286696541,34.969973095411234,4.964287790587123,-2.6551051050199135,0.25616308426613443,,,,0.05700442557738254,0.12199534736962121,2,track_to_track_ci,55.75,36.46525156220743,34.755929434243036,5.0,-2.938784095099535,-0.42331566593911235
11.200000000000001,56.00206165563631,36.38966958327141,34.94169267974631,4.983410462028316,-2.6874707807453433,0.22561041248256686,,,,0.05547445041930299,0.12041528701775213,2,track_to_track_ci,56.00000000000001,36.31875447315322,34.73430876093033,5.0,-2.920978977547064,-0.44150682099188326
11.25,56.247049253815696,36.26238961734391,34.93802870263332,4.976034762520517,-2.645923924965473,0.23202764127874076,,,,0.05676980046806505,0.12167123966071108,2,track_to_track_ci,56.25,36.1731656763491,34.711779206048455,5.0,-2.9024531521394312,-0.45967074182425155
11.3,56.50391902060236,36.10470191526232,34.883662644724886,4.9877883835735695,-2.649317002818748,0.1692320089290149,,,,0.055241953493095616,0.12013217518468208,2,track_to_track_ci,56.50000000000001,36.028521093652195,34.68834215932649,5.0,-2.883211189846845,-0.4778063080000226
11.350000000000001,56.75860170177504,35.97993665729775,34.87689343581091,4.995181940714408,-2.6085120680920255,0.17386727596176144,,,,0.05653788994205572,0.12140762728412173,2,track_to_track_ci,56.750000000000014,35.88485641394891,34.66399906647186,5.0,-2.86325783833558,-0.49591240083204763
11.4,57.0226033928953,35.82664969558938,34.84037707369188,5.015886522630485,-2.612048441128607,0.13689584724821202,,,,0.055029655564861155,0.11985902965129615,2,track_to_track_ci,57.00000000000001,35.742207084349275,34.63875142908121,5.0,-2.842598020796553,-0.5139879034512322
11.450000000000001,57.267906060470935,35.69503248304501,34.811550430117194,5.0076759022129504,-2.581296671331117,0.11526989583141756,,,,0.056337269887764725,0.12119132168478522,2,track_to_track_ci,57.25,35.60060830144085,34.61260080454774,5.0,-2.8212368347306014,-0.5320317008754334
11.5,57.521132923590145,35.54833585001627,34.763749014278254,5.012344496716317,-2.5744821585723088,0.06865406731252932,,,,0.05484712629528801,0.11964751602107357,2,track_to_track_ci,57.49999999999999,35.46009500260454,34.585548805965146,5.0,-2.7991795506907535,-0.5500426800782308
11.55,57.764409617725114,35.40705925767466,34.746763932467125,5.001460687391861,-2.563599857232532,0.06716181536295096,,,,0.056157147049588525,0.12094125962201752,2,track_to_track_ci,57.75,35.32070185739427,34.55759710202814,5.0,-2.7764316109817946,-0.5680197300575898
11.600000000000001,58.013779520465754,35.27183072495367,34.70230890152456,5.000927475617445,-2.542091487901203,0.028406527886033928,,,,0.05466426267911543,0.11943290385909795,2,track_to_track_ci,58.00000000000001,35.18246325898285,34.52874741692946,5.0,-2.7529986283174632,-0.585961741904387
11.65,58.26882221146688,35.127333362954346,34.67809226333594,5.009141935510568,-2.539996540080523,0.018178809261812034,,,,0.05596599792187666,0.12070825650972021,2,track_to_track_ci,58.25,35.04541331567592,34.49900153025361,5.0,-2.7288863844355977,-0.6038676088708167
11.700000000000001,58.51092339665208,34.99595554953745,34.659863234418644,4.99717249693429,-2.516560394134757,0.01865336349504787,,,,0.054495458772281326,0.11919828104664987,2,track_to_track_ci,58.50000000000001,34.909585842496284,34.46836127686697,5.0,-2.704100828671576,-0.6217362264386613
11.75,58.76698782891749,34.85774339090692,34.64484372488462,5.006069897084679,-2.508200601089044,0.02132587988457857,,,,0.057211064752405005,0.12179978064610877,2,track_to_track_ci,58.75,34.775014352840515,34.436828546804705,5.0,-2.67864807649041,-0.6395664923874192
11.8,59.00923034514613,34.718850698014165,34.60212979448535,4.9949948764591054,-2.497851158573198,-0.012367823513244502,,,,0.05545520700408128,0.11980818157332337,2,track_to_track_ci,59.00000000000001,34.64173205021003,34.40440528515415,5.0,-2.65253440797784,-0.6573573068623003
11.850000000000001,59.2605461331554,34.58135663947551,34.57464641005117,4.998813938114614,-2.4890433857106586,-0.024424563869168026,,,,0.05666846400265301,0.12093700610534919,2,track_to_track_ci,59.25,34.509771820018685,34.371093491934786,5.0,-2.625766266290827,-0.6751075724420645
11.9,59.511159736816246,34.44737119322849,34.53275728150643,5.0014009835621085,-2.474154739634642,-0.05470434120589829,,,,0.054947899558423885,0.1191458994469399,2,track_to_track_ci,59.5,34.3791662214787,34.336895221974956,5.0,-2.5983502560677914,-0.6928161942067192
11.950000000000001,59.76786721679964,34.32130813944603,34.50368088543304,5.013265520453056,-2.4510484131190537,-0.06709619762271046,,,,0.05614852578445543,0.12031503435683835,2,track_to_track_ci,59.75,34.24994747956721,34.30181258478502,5.0,-2.570293141799019,-0.7104820798050607
12.0,60.003200866506795,34.20005955652813,34.48032484420366,4.991477988098337,-2.4204157471553103,-0.06888898556331924,,,,0.05450918371207467,0.11869710112379457,2,track_to_track_ci,60.0,34.12214747707527,34.265847744427305,5.0,-2.5416018461576297,-0.7281041395220498
12.05,60.25089682651171,34.08257052606527,34.46107752263279,4.990815961409059,-2.3894575207537514,-0.06685375213830724,,,,0.055747461727261305,0.11998060372510867,2,track_to_track_ci,60.25,33.99579774674116,34.229002919382566,5.0,-2.5122834482915057,-0.7456812863460369
12.100000000000001,60.48169708697742,33.94419601839541,34.40442893337363,4.964837578213123,-2.3864937068012892,-0.11273146728538563,,,,0.05416669634481309,0.11840703945078201,2,track_to_track_ci,60.50000000000001,33.87092946347023,34.191280382413176,5.0,-2.48234518207662,-0.7632124360358098
12.15,60.72250884649593,33.8215102307981,34.364248565684676,4.956420507882262,-2.3633607145178246,-0.1349300990724629,,,,0.05541844040960207,0.1197376531795258,2,track_to_track_ci,60.75000000000001,33.74757343664295,34.1526824604229,5.0,-2.4517944343321862,-0.7806965071874755
12.200000000000001,60.97289428923269,33.68487532924907,34.31050928112248,4.962504326984467,-2.3630230119572246,-0.17435549987941812,,,,0.05389387137007106,0.11821855090592083,2,track_to_track_ci,61.00000000000001,33.6257601025131,34.11321153431338,5.0,-2.4206387429980674,-0.7981324213011699
12.25,61.214930698183316,33.56929744143638,34.279925873959556,4.956330383725909,-2.333015601311672,-0.18028397069625157,,,,0.055153767103650164,0.11950481505632132,2,track_to_track_ci,61.25000000000001,33.50551951669816,34.07287003883726,5.0,-2.3888857952749096,-0.8155191028475787
12.3,61.4800806168924,33.441004877529465,34.23851634107524,4.985956924353371,-2.324206513886331,-0.20189288405391181,,,,0.053650653009150014,0.11802651160659691,2,track_to_track_ci,61.5,33.38688134676348,34.03166046244801,5.0,-2.356543425727434,-0.8328554793342853
12.350000000000001,61.718600142028336,33.32989611159057,34.213645911407816,4.972660072738801,-2.291783015823583,-0.19881965204552898,,,,0.05492181726463035,0.11933036862072449,2,track_to_track_ci,61.75000000000001,33.26987486490226,33.98958534714641,5.0,-2.3236196143513745,-0.8501404813719279
12.4,61.9680127188058,33.20776808983909,34.166198224285196,4.976387909428601,-2.2761246342429473,-0.22700593371049393,,,,0.05345371333240742,0.11784151594952358,2,track_to_track_ci,62.0,33.154528940713114,33.946647288323774,5.0,-2.2901224846045416,-0.8673730427401598
12.450000000000001,62.21990725294726,33.09613204133878,34.15134365717188,4.984453145296148,-2.2507801549471793,-0.21029011648766982,,,,0.054741171458138185,0.11919649775833265,2,track_to_track_ci,62.25000000000001,33.040872034076855,33.902848934601806,5.0,-2.2560603014024694,-0.8845521004534241
12.5,62.477631409159265,32.97313388927604,34.071055857134056,4.999882294594435,-2.2379743552026667,-0.28374570951167755,,,,0.0532891715728164,0.11769367599093264,2,track_to_track_ci,62.5,32.928932188134524,33.8581929876693,5.0,-2.2214414690791835,-0.9016765948265193
12.55,62.73072033759488,32.86257758520664,34.04205144764578,5.008160986251265,-2.2132815229076215,-0.2828091959938206,,,,0.054576164419656174,0.11899969391827546,2,track_to_track_ci,62.75000000000001,32.81873702236811,33.8126822021154,5.0,-2.1862745293135424,-0.9187454695399703
12.600000000000001,62.986410953455895,32.73972407069051,33.96815366104835,5.020205382501063,-2.2046567961833006,-0.3427177958623773,,,,0.05312075771544747,0.1175229882718412,2,track_to_track_ci,63.000000000000014,32.71031372578588,33.76631938525971,5.0,-2.150568159021721,-0.9357576717051825
12.65,63.24326176238739,32.641774370974844,33.93782208593602,5.0335035296868655,-2.163992347995645,-0.3403232115894781,,,,0.054411126388423166,0.11881790170531824,2,track_to_track_ci,63.25000000000001,32.6036890502139,33.719107396979204,5.0,-2.1143311682163053,-0.952712151929391
12.700000000000001,63.50572980535408,32.52438699797953,33.90149876282939,5.053269737338945,-2.1554632293892695,-0.34623794879958325,,,,0.0529637401721969,0.11732009477848403,2,track_to_track_ci,63.5,32.49888930369541,33.67104914953168,5.0,-2.0775724978325476,-0.969607864380394
12.75,63.75665713203496,32.419736584646714,33.87164573393774,5.054202322439338,-2.1298598920960643,-0.3435337517297654,,,,0.05425395911880191,0.11865337440499084,2,track_to_track_ci,63.74999999999999,32.3959403439997,33.62214760737622,5.0,-2.040301217522335,-0.9864437668510606
12.8,64.01366094666795,32.299108500196795,33.785476588626835,5.063555524465059,-2.1250099289940607,-0.41737672406807036,,,,0.05281641690067466,0.11713567828457264,2,track_to_track_ci,64.0,32.294867572242104,33.57240578699029,5.0,-2.0025265234163787,-1.0032188208236243
12.850000000000001,64.26081895457725,32.195574305424074,33.73109535550976,5.05798893986033,-2.0975939038014673,-0.44276394876644787,,,,0.05411287008658742,0.11847131632973144,2,track_to_track_ci,64.25,32.1956959266167,33.52182675668369,5.0,-1.964257735855219,-1.019931991533736
12.9,64.5132061028956,32.09311580150437,33.64642732325065,5.061172481141546,-2.0671989228900003,-0.5078584246032065,,,,0.052693365856535196,0.11699211757121164,2,track_to_track_ci,64.5,32.098449876243095,33.47041363640923,5.0,-1.9255042970895562,-1.0365822480343014
12.950000000000001,64.76474378443861,31.988985854319722,33.60139797806353,5.062739251864075,-2.0470378320300853,-0.51485909225282,,,,0.05399317781725874,0.1182937389918236,2,track_to_track_ci,64.75000000000001,32.00315341512909,33.418169597570376,5.0,-1.8862757689505258,-1.0531685632590697
13.0,65.00049658298357,31.89269382728734,33.52853080054662,5.039323269504651,-2.0141571827960405,-0.558688057811743,,,,0.052594035265868457,0.11684320496088231,2,track_to_track_ci,65.0,31.909830056250527,33.36509786282552,5.0,-1.846581830490457,-1.0696899140859892
13.05,65.25344772285882,31.788325915458053,33.48460275018843,5.0441128795771055,-1.9985025070722173,-0.5602673932106512,,,,0.05519174081726813,0.11952872011330255,2,track_to_track_ci,65.25000000000001,31.81850282574976,33.311201705889246,5.0,-1.8064322755947095,-1.0861452814003194
13.100000000000001,65.50478265460863,31.68325373490533,33.41032360355622,5.047340973821535,-1.9822497753125177,-0.6032090993203596,,,,0.05349741147490333,0.11751015467725753,2,track_to_track_ci,65.5,31.729194257254385,33.2564844513304,5.0,-1.7658370105651904,-1.10253365015749
13.15,65.7468760142692,31.597923279241776,33.36255836121327,5.036830198719578,-1.940475799886805,-0.6075544971213702,,,,0.05469216434746937,0.11865057485457181,2,track_to_track_ci,65.75,31.6419263863173,33.20094947436698,5.0,-1.724806051676098,-1.1188540094457227
13.200000000000001,65.9976017647941,31.524045335032554,33.323256627264875,5.041535006539942,-1.8863533890153548,-0.6012632433527756,,,,0.0530512358896302,0.1168675782505312,2,track_to_track_ci,66.0,31.55672074497985,33.14460020065795,5.0,-1.6833495227025792,-1.1351053525483805
13.25,66.25505813778872,31.43147801708329,33.27477574429819,5.0549381816823775,-1.864397269978923,-0.6084250404839864,,,,0.054267541525182435,0.11808105686478883,2,track_to_track_ci,66.25,31.47359835645908,33.08744010609196,5.0,-1.6414776524228376,-1.1512866770060677
13.3,66.50329423284924,31.34072812459252,33.185291945112496,5.052605793479905,-1.8368281492459957,-0.670092816275691,,,,0.05273969843944572,0.11653105231127635,2,track_to_track_ci,66.5,31.392579729960563,33.02947271657287,5.0,-1.5992007720943135,-1.1673969846784746
13.350000000000001,66.75709708565881,31.249659618928135,33.129515275985625,5.059437002182075,-1.816156288106761,-0.6824508787873498,,,,0.053987510008811995,0.11782807297246531,2,track_to_track_ci,66.75000000000001,31.313684855618085,32.970701607802326,5.0,-1.5565293129046323,-1.1834352818059348
13.4,67.00031072030718,31.16617537065282,33.06186121290888,5.04813334574297,-1.7839204095316958,-0.710157001917139,,,,0.05364239030985129,0.11739901897707397,2,track_to_track_ci,67.0,31.236933199561363,32.911130405059154,5.0,-1.51347380339784,-1.1994005790707356
13.450000000000001,67.25912632858332,31.076200870756068,33.01048907601205,5.06348303724906,-1.7666998914528378,-0.7142672329124267,,,,0.054785437735744194,0.11848241466446732,2,track_to_track_ci,67.25000000000001,31.162343699113062,32.85076278297574,5.0,-1.4700448668766515,-1.215291891658139
13.5,67.51897392039946,31.001561573682274,32.953541136004354,5.078940787773249,-1.7278081566779022,-0.7266796276655612,,,,0.054479544778979566,0.11817031171608455,2,track_to_track_ci,67.5,31.08993475811632,32.78960246531138,5.0,-1.4262532187813195,-1.2311082393171269
13.55,67.7711225200639,30.927388502597097,32.89533902511762,5.081920909640197,-1.6917161398769593,-0.7401797043844027,,,,0.055500261688854614,0.11896566366282717,2,track_to_track_ci,67.75,31.019724242393846,32.72765322472256,5.0,-1.3821096640457358,-1.246848646420877
13.600000000000001,68.01604368480858,30.87084159310151,32.80297893938511,5.074576032349863,-1.6279093845968902,-0.798508916066929,,,,0.05357920458201858,0.1168827301017732,2,track_to_track_ci,68.0,30.951729475339803,32.66491888253022,5.0,-1.3376250944314974,-1.2625121420269356
13.65,68.26590374746013,30.798560065399204,32.75122209632911,5.0742473133197885,-1.598183596129438,-0.7988325704133672,,,,0.05466581134791914,0.11795985137205693,2,track_to_track_ci,68.25,30.88596723364555,32.60140330848413,5.0,-1.2928104858405265,-1.2780977599371088
13.700000000000001,68.53028200500913,30.73289586806101,32.694220925682174,5.097000135798013,-1.5608672532539885,-0.8068537394814328,,,,0.052933895462425135,0.11623681130276171,2,track_to_track_ci,68.5,30.82245374316019,32.53711042052405,5.0,-1.2476768956069084,-1.293604538757073
13.75,68.78148138823677,30.66116635133491,32.63973406432018,5.096591733729773,-1.536105020502113,-0.8112968302392076,,,,0.05408243122665555,0.11750552749053227,2,track_to_track_ci,68.75,30.761204674887136,32.47204418453818,5.0,-1.2022354597686942,-1.3090315219556632
13.8,69.03437199726615,30.592560503970873,32.54772231123863,5.099396398909895,-1.5040441263403963,-0.8666237638104235,,,,0.05247469196434942,0.11593444043102044,2,track_to_track_ci,69.0,30.702235141117484,32.40620861411843,5.0,-1.1564973903202125,-1.3243777579238922
13.850000000000001,69.2845945002607,30.534522563962184,32.486081576704876,5.098103162577801,-1.4628633621674396,-0.8775101086865718,,,,0.05366837120092809,0.1172634012749244,2,track_to_track_ci,69.25000000000001,30.645559691701322,32.339607770312895,5.0,-1.110473972445711,-1.3396423000336362
13.9,69.53088677162933,30.485997780183542,32.424745058739276,5.090552168478214,-1.4104697212050965,-0.888733169971367,,,,0.05327318128530548,0.11688452299422226,2,track_to_track_ci,69.5,30.591192310457746,32.27224576137535,5.0,-1.0641765617348926,-1.3548242066960334
13.950000000000001,69.79374628448811,30.42361244717633,32.376130805297954,5.109882600080204,-1.3853016572345638,-0.8816960042825599,,,,0.054385846000622275,0.11791436884014787,2,track_to_track_ci,69.75,30.539146411724545,32.204126742511804,5.0,-1.0176165813810794,-1.369922541419571
14.0,70.03258738580737,30.373365444149464,32.30966047020041,5.088965797199032,-1.3418190601602333,-0.8985715392074809,,,,0.05405292606420063,0.11769095430580939,2,track_to_track_ci,70.0,30.489434837048464,32.135254915624216,5.0,-0.9708055193627337,-1.3849363728678423
14.05,70.28411153788777,30.339002810641755,32.25725738557859,5.09189663895209,-1.2805675827442329,-0.8977080208701764,,,,0.05506949891300439,0.11850483234424923,2,track_to_track_ci,70.25,30.4420698520167,32.065634529051266,5.0,-0.9237549256089604,-1.3998647749170023
14.100000000000001,70.53313674468544,30.300363810500535,32.19009752573376,5.089382963969692,-1.2284883144849275,-0.9171629402235126,,,,0.05446821318476564,0.11766028051858726,2,track_to_track_ci,70.5,30.397063143230568,31.995269877306356,5.0,-0.8764764091497319,-1.4147068267128946
14.15,70.77867434708168,30.256454289180017,32.126181206709745,5.0814482871077145,-1.1897771660216918,-0.9304110085084716,,,,0.055392545707298194,0.11842803391011297,2,track_to_track_ci,70.75,30.35442581542202,31.924165300812653,5.0,-0.8289816352515492,-1.4294616127278494
14.200000000000001,71.0237902563571,30.220789691930896,32.01513316375847,5.075185313005275,-1.1362605785888675,-1.0057637994872692,,,,0.05336755498623764,0.11626062046877006,2,track_to_track_ci,71.00000000000001,30.31416838871369,31.852325185635355,5.0,-0.7812823225391813,-1.4441282228171672
14.25,71.27741564370537,30.163156706337602,31.956895813534626,5.080402686629438,-1.1258611118157162,-1.0049830204015038,,,,0.05440745875777519,0.11734473095376394,2,track_to_track_ci,71.25,30.276300796023236,31.77975396321117,5.0,-0.7333902401043079,-1.4587057522752498
14.3,71.5332179519534,30.13718680752295,31.87481056034897,5.090644121411601,-1.0663358797128666,-1.0378993638998821,,,,0.053836693825263376,0.11681084867813829,2,track_to_track_ci,71.50000000000001,30.240832380612524,31.706456110074946,5.0,-0.6853172046016424,-1.4731933018914143
14.350000000000001,71.77747893639788,30.09699512443204,31.802737652227357,5.0801663182394865,-1.0349043963761986,-1.0547771960267447,,,,0.05480707063277947,0.11773465031507357,2,track_to_track_ci,71.75,30.207771893782343,31.63243614758352,5.0,-0.6370750773333629,-1.4875899780053583
14.4,72.02551783717664,30.05611979181316,31.70652552485039,5.077945782577879,-1.0034054812048936,-1.1030619671803983,,,,0.05290538951855605,0.11581177490901855,2,track_to_track_ci,72.0,30.17712749271311,31.55769864163684,5.0,-0.5886757613225104,-1.5018948925622844
14.450000000000001,72.26908698034235,30.02733875049349,31.636840332164546,5.067927133610633,-0.960565309062126,-1.11313053987746,,,,0.05398822195881175,0.1170463674027697,2,track_to_track_ci,72.25,30.14890673845226,31.48224820239632,5.0,-0.5401311983760961,-1.5161071631676806
14.5,72.51983437958683,30.009107400687732,31.527576438191932,5.071209047559732,-0.9010709980052809,-1.177178564192932,,,,0.05231817504622422,0.11544011555632974,2,track_to_track_ci,72.5,30.123116594048625,31.406089484000464,5.0,-0.49145336613863916,-1.5302259131417502
14.55,72.78145746036981,29.97768835623238,31.449016395053413,5.091296906197634,-0.8688725855261978,-1.194653946721445,,,,0.05348359841552535,0.1167463892957905,2,track_to_track_ci,72.75,30.099763422834425,31.329227184277755,5.0,-0.442654275136862,-1.5442502715734896
14.600000000000001,73.03661691257788,29.979479392396378,31.370700278541715,5.100762341741734,-0.7909986046864432,-1.2132466018215062,,,,0.051966107827539125,0.11531655189473372,2,track_to_track_ci,73.00000000000001,30.07885298685522,31.25166604445689,5.0,-0.3937459658162703,-1.558179373374411
14.65,73.2803000153638,29.953073620731566,31.300759010560718,5.087324828350167,-0.762595039660269,-1.2182873809260109,,,,0.05319072073511765,0.11664719357382757,2,track_to_track_ci,73.25,30.060390445448203,31.173410848874326,5.0,-0.3447405055703634,-1.5720123593319015
14.700000000000001,73.53683690010018,29.928971504635946,31.205686730460542,5.096793767778199,-0.729089671306248,-1.2568466516388348,,,,0.05177741881393292,0.11524634505810752,2,track_to_track_ci,73.50000000000001,30.0443803539692,31.094466424679144,5.0,-0.29564998576317,-1.585748376162229
14.75,73.78666506706853,29.89921502835404,31.127689709358762,5.094194458909757,-0.7092564856335528,-1.2700049577624668,,,,0.05460294240397716,0.11791323991684112,2,track_to_track_ci,73.75,30.030826662668723,31.01483764153528,5.0,-0.24648651874589517,-1.5993865765631736
14.8,74.0366251370652,29.884996304740397,31.034305421710176,5.09278801990663,-0.6660947010296638,-1.3052522161760507,,,,0.05449347104526013,0.11725690050183626,2,track_to_track_ci,74.0,30.019732715717282,30.934529411321172,5.0,-0.1972622348683768,-1.6129261192662918
14.850000000000001,74.27291083208645,29.875535111808247,30.95564407933533,5.067341156255622,-0.6227457931442686,-1.3185642610583415,,,,0.05554704790013759,0.11818203899753141,2,track_to_track_ci,74.25,30.0111012503803,30.85354668782674,5.0,-0.1479892794861028,-1.6263661690888134
14.9,74.52053551835655,29.876289027303407,30.894978211405174,5.064940756645828,-0.5694110030679624,-1.3076191910196577,,,,0.05469069312630001,0.11728423827547872,2,track_to_track_ci,74.5,30.004934396342684,30.771894466447833,5.0,-0.09867980996352677,-1.639705896985157
14.950000000000001,74.76399865010984,29.86904041704856,30.82065780128204,5.054495799594715,-0.5309213193632374,-1.3153571855094839,,,,0.055691629847737276,0.11805491893354438,2,track_to_track_ci,74.75,30.001233675183393,30.689577783878082,5.0,-0.04934599267441991,-1.6529444800980702
15.0,75.00373760655877,29.869283197972848,30.729926818470794,5.039117606760333,-0.48182958161797274,-1.344869679926358,,,,0.05376341912988752,0.1159576148785383,2,track_to_track_ci,75.0,30.0,30.606601717798213,5.0,-5.771012081165369e-16,-1.666081101809387
15.05,75.25185298643378,29.85163746763183,30.63654834079431,5.0381640086660875,-0.46175036712508444,-1.3739055335066546,,,,0.05483609302458387,0.11706146159454044,2,track_to_track_ci,75.25,30.001233675183393,30.52297138656283,5.0,0.04934599267442154,-1.6791149517904025
15.100000000000001,75.4987213969478,29.86770363836171,30.543486099018665,5.036644058232688,-0.39495047297202746,-1.4050847483418778,,,,0.054152133103407316,0.11646738001674443,2,track_to_track_ci,75.50000000000001,30.004934396342684,30.43869194888471,5.0,0.0986798099635284,-1.6920452260518533
15.15,75.74416561268782,29.871056978357025,30.461068161038316,5.032121615425828,-0.35403410022231796,-1.4181402570932846,,,,0.05517120155664743,0.11742553139456584,2,track_to_track_ci,75.75,30.0111012503803,30.353768603516556,5.0,0.14798927948610444,-1.7048711269935164
15.200000000000001,75.99879077821619,29.881654333924395,30.352386490593098,5.045473478615429,-0.30187265404951447,-1.4659536902867085,,,,0.053340829545367174,0.115508252663419,2,track_to_track_ci,76.0,30.019732715717282,30.268206588930333,5.0,0.19726223486837563,-1.7175918634534055
15.25,76.264847194145,29.884619751668495,30.26103896891498,5.075540333534941,-0.2672126794694769,-1.4866797978381907,,,,0.05444853627765054,0.11668692473802285,2,track_to_track_ci,76.25,30.03082666266872,30.18201118299413,5.0,0.24648651874589403,-1.7302066507565779
15.3,76.53192741189315,29.912995473298004,30.176460934822174,5.105708962710349,-0.20059670085525028,-1.5004532684525884,,,,0.052796323393465704,0.1151183813459931,2,track_to_track_ci,76.5,30.0443803539692,30.095187702646598,5.0,0.2956499857631716,-1.742714710763531
15.350000000000001,76.77714443965591,29.913709310096984,30.085943698407533,5.09213276374486,-0.17923876896718838,-1.5192108918138665,,,,0.05395542348364551,0.11641443841186228,2,track_to_track_ci,76.75,30.060390445448203,30.007741503568994,5.0,0.34474050557036506,-1.7551152719182044
15.4,77.0223483947972,29.94880479172672,30.006080889498044,5.081735677393139,-0.11225025955993928,-1.5275903102359134,,,,0.05247120814672784,0.11501161312908866,2,track_to_track_ci,77.0,30.07885298685522,29.919677979854775,5.0,0.39374596581627186,-1.7674075692955749
15.450000000000001,77.27119524141347,29.95592366044906,29.90794978661232,5.076714423462418,-0.08707105577249408,-1.555738435398185,,,,0.053715375849549434,0.11642881958396321,2,track_to_track_ci,77.25000000000001,30.099763422834425,29.83100256367691,5.0,0.4426542751368609,-1.7795908446488384
15.5,77.50970352062957,29.961709021351943,29.794935621801816,5.053019490977903,-0.06378129100326291,-1.6017837706404592,,,,0.05234567652202973,0.11508610797801426,2,track_to_track_ci,77.5,30.12311659404862,29.741720724952756,5.0,0.491453366138638,-1.7916643464561826
15.55,77.76359289747623,29.953517417826355,29.698250978564396,5.059678862764643,-0.06366199070599521,-1.6196338167393343,,,,0.05362364263141954,0.11645764706217489,2,track_to_track_ci,77.75000000000001,30.14890673845226,29.651837971006678,5.0,0.5401311983760977,-1.8036273299671453
15.600000000000001,78.02002930069658,29.978340645807723,29.62050231906873,5.0704155642357644,-0.020952663796892423,-1.616130890385933,,,,0.053399952541402694,0.11661109280432726,2,track_to_track_ci,78.0,30.17712749271311,29.561359846230346,5.0,0.5886757613225093,-1.8154790572485509
15.65,78.2689273721247,30.00198954118497,29.532104173841038,5.066389133044462,0.018889062919694055,-1.6278387447021858,,,,0.05460161501931651,0.11756833465160398,2,track_to_track_ci,78.25,30.207771893782343,29.470291931740668,5.0,0.6370750773333618,-1.8272187972300362
15.700000000000001,78.51974239268876,30.056603410372908,29.441560035398204,5.0665669056222455,0.10019194232490847,-1.6472985585818525,,,,0.05307232831773537,0.11575297227044024,2,track_to_track_ci,78.5,30.240832380612527,29.378639845035575,5.0,0.685317204601644,-1.83884582574914
15.75,78.77883061703466,30.06523907748877,29.337285550904717,5.080800893872627,0.11186749801583495,-1.6759149290688813,,,,0.054319024106665635,0.11696012061939749,2,track_to_track_ci,78.75,30.276300796023232,29.28640923964751,5.0,0.7333902401043066,-1.8503594255959732
15.8,79.03005185618856,30.11833889459825,29.255233046300443,5.080232868585034,0.18141625106743842,-1.6795651276133734,,,,0.052897199870318996,0.11539677625888949,2,track_to_track_ci,79.0,30.31416838871369,29.193605804794643,5.0,0.7812823225391828,-1.861758886557466
15.850000000000001,79.27926763733497,30.14917836960164,29.16311348374614,5.074295651523712,0.21518887522080998,-1.6936892187577781,,,,0.05418832128130854,0.11671232006137716,2,track_to_track_ci,79.25000000000001,30.35442581542202,29.100235265029994,5.0,0.8289816352515481,-1.8730435054611674
15.9,79.53536835044345,30.198647203783217,29.06007561940764,5.081769510473764,0.2746551938032946,-1.7246893977010203,,,,0.05285319597701273,0.1153146338677941,2,track_to_track_ci,79.5,30.397063143230568,29.00630337988826,5.0,0.8764764091497335,-1.8842125862186294
15.950000000000001,79.79117694560914,30.22198339735468,28.965488910276104,5.087399921241482,0.2908655138617069,-1.737580052735451,,,,0.05417173866140224,0.1166382231222715,2,track_to_track_ci,79.75000000000001,30.4420698520167,28.911815943530573,5.0,0.923754925608962,-1.8952654398683408
16.0,80.03754235125261,30.288507021387286,28.866339490886386,5.0744427153064215,0.36724724009343346,-1.7652881911821368,,,,0.052899537618177894,0.11533157973770032,2,track_to_track_ci,80.0,30.489434837048464,28.816778784387097,5.0,0.9708055193627326,-1.9062013846182222
16.05,80.28284150916312,30.322507307861052,28.762832320659466,5.060871842081522,0.39240419009672767,-1.7898414273551957,,,,0.05424887954482638,0.11671084473624732,2,track_to_track_ci,80.25,30.539146411724545,28.72119776479746,5.0,1.017616581381078,-1.9170197458876908
16.1,80.52598123165434,30.378157685469628,28.651109389201277,5.044465973980037,0.44749605601779585,-1.8281124811839025,,,,0.053014431138859806,0.1153961054078796,2,track_to_track_ci,80.5,30.591192310457746,28.625078780649176,5.0,1.0641765617348942,-1.9277198563492646
16.150000000000002,80.76740910673998,30.405383203787547,28.543918428538007,5.026860859204859,0.45794852953718035,-1.8511306047700806,,,,0.05438620268767734,0.11679760792560025,2,track_to_track_ci,80.75000000000001,30.64555969170133,28.52842776101396,5.0,1.1104739724457153,-1.9383010559697265
16.2,81.01207406553547,30.477438557380705,28.43520905813259,5.015896315613783,0.5301694232118024,-1.8840968763304033,,,,0.05317765203927134,0.11549064622147512,2,track_to_track_ci,81.0,30.702235141117484,28.43125066778196,5.0,1.1564973903202114,-1.9487626920508425
16.25,81.26187273851325,30.51604672436546,28.347475913158767,5.015607375624492,0.5461924646693284,-1.8775282178020056,,,,0.05565096808973474,0.1182548776330958,2,track_to_track_ci,81.25,30.761204674887132,28.333553495294034,5.0,1.2022354597686933,-1.9591041192696224
16.3,81.50788441360471,30.593062279118705,28.250598161986204,5.005227673283662,0.6156014289073823,-1.8932989492253114,,,,0.054201406391328734,0.11636965752390344,2,track_to_track_ci,81.5,30.82245374316019,28.235342269971973,5.0,1.2476768956069098,-1.9693246997181204
16.35,81.75676281622039,30.650432364840846,28.150063134818225,5.003445957243939,0.6532906389578308,-1.9078562118562843,,,,0.055514858477464256,0.11749840194702495,2,track_to_track_ci,81.75000000000001,30.88596723364555,28.136623049946778,5.0,1.292810485840528,-1.979423802942793
16.400000000000002,81.99165669201275,30.705793898461557,28.02449316600609,4.97658784223392,0.6901140746289904,-1.9551594204926133,,,,0.054146643853047384,0.11592216324314654,2,track_to_track_ci,82.0,30.951729475339803,28.03740192468495,5.0,1.3376250944314987,-1.9894008059833805
16.45,82.24671896323298,30.753289984802816,27.922405180660093,4.9897060547280745,0.708754694082316,-1.9642713102804628,,,,0.055481862968541656,0.11722358615887793,2,track_to_track_ci,82.25,31.019724242393842,27.93768501461286,5.0,1.3821096640457349,-1.9992550934113407
16.5,82.49633652218404,30.83328812739262,27.820406150701757,4.989541976982123,0.7702480354047871,-1.9796966225992314,,,,0.054189384598327374,0.11583064239154546,2,track_to_track_ci,82.5,31.08993475811632,27.837478470739235,5.0,1.4262532187813186,-2.0089860573678076
16.55,82.74068838210385,30.8903938736836,27.716415982276953,4.980437909737546,0.7958836246761294,-1.9919566554866712,,,,0.05555536551454918,0.11716346207878384,2,track_to_track_ci,82.75,31.162343699113066,27.736788474275713,5.0,1.4700448668766528,-2.018593097601086
16.6,82.98115996140592,30.964157228659126,27.60596462183927,4.963952439872047,0.8436290909238338,-2.0168226078697273,,,,0.054335006563369516,0.11591575299178357,2,track_to_track_ci,83.0,31.236933199561367,27.635621236255567,5.0,1.5134738033978414,-2.0280756215036826
16.650000000000002,83.2337043167057,31.025470919515975,27.499834014167128,4.972093650294756,0.869577278657367,-2.0299297841496013,,,,0.05572900077377804,0.11726616950298112,2,track_to_track_ci,83.25000000000001,31.313684855618092,27.533982997150584,5.0,1.5565293129046338,-2.0374330441488557
16.7,83.47776599120634,31.099141595931126,27.40079611098065,4.961814246856353,0.9092754844426594,-2.035447713262492,,,,0.05455351737992988,0.1160467941862034,2,track_to_track_ci,83.5,31.39257972996056,27.431880026486116,5.0,1.5992007720943124,-2.046664788326698
16.75,83.72507338014825,31.16875152163424,27.292253301144292,4.9594571387576725,0.9418073219776559,-2.0525575473730484,,,,0.055980442107278594,0.11744654335173074,2,track_to_track_ci,83.75,31.473598356459078,27.329318622454323,5.0,1.6414776524228365,-2.055770284579746
16.8,83.96682149395703,31.261293784379763,27.180445343633565,4.944995217228497,1.0039499376577368,-2.0782218037776445,,,,0.05485556295465923,0.11623963620866433,2,track_to_track_ci,84.00000000000001,31.55672074497985,27.22630511152573,5.0,1.6833495227025805,-2.0647489712380973
16.85,84.21229355552975,31.32629219433836,27.064768273770596,4.941488275892699,1.0244001857562068,-2.1005337695583464,,,,0.05630368694088125,0.11762879529047886,2,track_to_track_ci,84.25,31.641926386317298,27.12284584805892,5.0,1.7248060516760968,-2.0736002944540672
16.900000000000002,84.45903206330661,31.406930771310307,26.94956780738771,4.938493171973704,1.063584212201981,-2.125571233298551,,,,0.05609619614401182,0.11748515843031063,2,track_to_track_ci,84.50000000000001,31.72919425725438,27.0189472139086,5.0,1.7658370105651893,-2.0823237082363457
16.95,84.71487975627716,31.480158222172992,26.838686257946026,4.953349532682097,1.0886687586630899,-2.139445075264298,,,,0.057454627933130366,0.1185257005931694,2,track_to_track_ci,84.74999999999999,31.81850282574976,26.91461561803194,5.0,1.8064322755947089,-2.090918674483679
17.0,84.95200927733288,31.576903117966026,26.722502261772462,4.929819986510022,1.1449008364101019,-2.1655874611695793,,,,0.05613926322178043,0.11697821265566746,2,track_to_track_ci,85.0,31.909830056250524,26.8098574960932,5.0,1.846581830490456,-2.0993846630180646
17.05,85.20028789220798,31.665381261500958,26.609435620638056,4.9295465618587855,1.184358535657239,-2.182921292008551,,,,0.05752553358468016,0.11821482305449654,2,track_to_track_ci,85.25,32.00315341512909,26.70467931006682,5.0,1.8862757689505247,-2.10772115161745
17.1,85.4594443918308,31.785004090325337,26.507823156421313,4.943913822138423,1.258654377470414,-2.1913632089981405,,,,0.056276109366913324,0.11685958465557651,2,track_to_track_ci,85.50000000000001,32.0984498762431,26.599087547838725,5.0,1.9255042970895575,-2.1159276260479514
17.150000000000002,85.70431306214198,31.868887295192316,26.392538557339073,4.936101009583737,1.2834421381243857,-2.208481707891316,,,,0.057690141115752366,0.1181965112677487,2,track_to_track_ci,85.75000000000001,32.19569592661671,26.493088722806206,5.0,1.9642577358552202,-2.1240035800955686
17.2,85.95969090510556,31.982206035360665,26.269363397269824,4.943468555867533,1.3449818744312765,-2.243894958194822,,,,0.05648660593003435,0.11694932568644803,2,track_to_track_ci,86.0,32.294867572242104,26.386689373476095,5.0,2.002526523416378,-2.1319485155974145
17.25,86.21713769277306,32.071880277771086,26.157732694062666,4.957145987612456,1.368787265852518,-2.253520512922421,,,,0.0579179610322333,0.11827247339832911,2,track_to_track_ci,86.25,32.39594034399969,26.27989606306142,5.0,2.0403012175223347,-2.1397619424724454
17.3,86.47385947070553,32.180844967887026,26.06488048286862,4.963209365488435,1.4123345278785564,-2.2410677536463126,,,,0.056768228506175654,0.11712051109687621,2,track_to_track_ci,86.5,32.49888930369541,26.17271537907663,5.0,2.0775724978325476,-2.1474433787516856
17.35,86.72696621810043,32.28098732776655,25.960285664499388,4.964302925267191,1.4432429721096298,-2.2436853122342697,,,,0.05823878576151797,0.1184735696853845,2,track_to_track_ci,86.75,32.6036890502139,26.065153932931175,5.0,2.1143311682163053,-2.1549923506079627
17.400000000000002,86.96500847855151,32.398954752805366,25.849707667146244,4.934363170035194,1.4974842615386166,-2.2585177929020332,,,,0.057144669079662515,0.11733979975302791,2,track_to_track_ci,87.00000000000001,32.710313725785895,25.957218359521704,5.0,2.150568159021724,-2.1624083923851347
17.45,87.21382166444435,32.499573140001374,25.742257064836505,4.930623765379849,1.5237890867426955,-2.2629806621572826,,,,0.05864249456589421,0.11873433212657691,2,track_to_track_ci,87.25,32.818737022368104,25.848915316822833,5.0,2.18627452931354,-2.16969104662681
17.5,87.45442209625818,32.62489053927867,25.625660331918375,4.908488927298492,1.5825091673332992,-2.2866174332454037,,,,0.05758903562805283,0.11761623874608862,2,track_to_track_ci,87.5,32.928932188134524,25.74025148547635,5.0,2.2214414690791826,-2.176839864104573
17.55,87.69727487567809,32.740519602739184,25.510389610720658,4.894115401685287,1.6238656845301307,-2.3035579389779883,,,,0.059107007473596374,0.1189626915127007,2,track_to_track_ci,87.75,33.04087203407686,25.631233568379244,5.0,2.2560603014024716,-2.183854403845687
17.6,87.95473937265584,32.87738886969227,25.406872644481105,4.901777084337045,1.6843702265601053,-2.3089511813513894,,,,0.05908588566172618,0.11924576833007812,2,track_to_track_ci,88.00000000000001,33.15452894071312,25.521868290270167,5.0,2.2901224846045425,-2.1907342331602986
17.650000000000002,88.2053646860123,32.99278182117328,25.309638447040104,4.900451345088907,1.7124907501547852,-2.2982969256271133,,,,0.06177794088248105,0.12186575935288521,2,track_to_track_ci,88.25,33.26987486490227,25.412162397314624,5.0,2.323619614351376,-2.1974789276681292
17.7,88.45563816498864,33.1113825101763,25.205175567000712,4.898226285337316,1.7432844144288424,-2.3000480239629724,,,,0.06309037460691025,0.12326124259634956,2,track_to_track_ci,88.5,33.386881346763474,25.302122656688862,5.0,2.3565434257274323,-2.204088071324651
17.75,88.70570965693304,33.22267008289468,25.107221356730875,4.89715934008472,1.7622147250456948,-2.2891095473861895,,,,0.06611559105703112,0.12564857862563544,2,track_to_track_ci,88.75,33.50551951669816,25.1917558561624,5.0,2.3888857952749087,-2.210561256446752
17.8,88.95383236169438,33.3336269823409,25.007618743439956,4.8931821604837396,1.7796780332898834,-2.2813225709905254,,,,0.06776621896532486,0.1267406799296417,2,track_to_track_ci,89.0,33.625760102513105,25.08106880367937,5.0,2.4206387429980687,-2.2168980837378824
17.85,89.20527568286555,33.45106331866012,24.902362136995738,4.893890442478082,1.804472715248167,-2.2830620166353413,,,,0.0710949232576376,0.12891936632410572,2,track_to_track_ci,89.25,33.74757343664295,24.970068326938566,5.0,2.4517944343321867,-2.2230981623126858
17.900000000000002,89.45861552948786,33.60269402988099,24.815616892279195,4.889984389486713,1.8648639397230937,-2.267719870264031,,,,0.07306190168719534,0.12975687501603567,2,track_to_track_ci,89.50000000000001,33.87092946347024,24.858761272972234,5.0,2.4823451820766222,-2.22916110972111
17.95,89.70996540593259,33.71031233336609,24.717318001520187,4.891863151970863,1.870704838650667,-2.2581326970934867,,,,0.07664790649436361,0.13172180871151046,2,track_to_track_ci,89.75,33.99579774674116,24.747154507723792,5.0,2.512283448291506,-2.235086551972
18.0,89.96354852078936,33.84886969267359,24.622236366901742,4.890975504199876,1.910697560270691,-2.2520672087760687,,,,0.07890134042114468,0.13236600842249002,2,track_to_track_ci,90.0,34.122147477075266,24.635254915624213,5.0,2.5416018461576297,-2.240874123556167
18.05,90.21548191324929,33.95526644003358,24.507268203801672,4.894026993052979,1.913037539668892,-2.2653815216442084,,,,0.08272592782881359,0.13419400372708615,2,track_to_track_ci,90.25000000000001,34.24994747956722,24.523069399167433,5.0,2.5702931417990196,-2.2465234674689336
18.1,90.46573244362978,34.09867608321396,24.39305430077387,4.888666242354766,1.9569503067952496,-2.282957600059561,,,,0.08523393272708618,0.1346660364864227,2,track_to_track_ci,90.5,34.37916622147869,24.410604878484563,5.0,2.59835025606779,-2.2520342352321556
18.150000000000002,90.71249262718288,34.21546549229711,24.274303226575345,4.883943079221925,1.968990598435127,-2.299370485816887,,,,0.08925822462256416,0.13640095168654373,2,track_to_track_ci,90.75000000000001,34.509771820018685,24.297868290916973,5.0,2.625766266290828,-2.257406086915721
18.2,90.95707683302292,34.350888033923,24.1797150562005,4.873737433259077,1.9993061214110028,-2.2873581406406274,,,,0.0919695082758508,0.13674497541149924,2,track_to_track_ci,90.99999999999999,34.64173205021003,24.18486659058844,5.0,2.6525344079778397,-2.2626386911585126
18.25,91.19989567510622,34.473160677469636,24.056005325959074,4.8654365449594295,2.015525192546953,-2.308773965261331,,,,0.09615596485156959,0.1383764518778136,2,track_to_track_ci,91.25,34.77501435284051,24.07160674797612,5.0,2.6786480764904086,-2.267731725188854
18.3,91.44707150943688,34.62373531489931,23.953774641861333,4.858095024057349,2.05939818500471,-2.3069067567621815,,,,0.0990895625263705,0.13867089193981397,2,track_to_track_ci,91.5,34.909585842496284,23.95809574948059,5.0,2.704100828671577,-2.272684874844416
18.35,91.68995865581206,34.75480282304776,23.83537299021549,4.849979816953486,2.0807100341227454,-2.3210726851240295,,,,0.10341656450181291,0.14022744872459883,2,track_to_track_ci,91.75000000000001,35.04541331567592,23.84434059699495,5.0,2.728886384435598,-2.2774978345915953
18.400000000000002,91.93121078546346,34.88886931589438,23.72778624916294,4.840179681273774,2.1028333792983744,-2.322624055733769,,,,0.10649120088838324,0.14045711358280547,2,track_to_track_ci,92.00000000000001,35.18246325898286,23.730348307472816,5.0,2.7529986283174646,-2.282170307544365
18.45,92.18087673794322,35.019534039630834,23.616588114192016,4.839874238035968,2.118478333896192,-2.328402024812789,,,,0.11094290379921373,0.1419814568964413,2,track_to_track_ci,92.25,35.32070185739426,23.61612591249558,5.0,2.7764316109817937,-2.286702005482583
18.5,92.43880021495694,35.155055864195546,23.48941266194892,4.84642302641657,2.135301258017968,-2.355013720990044,,,,0.11416513065299234,0.1421807636683441,2,track_to_track_ci,92.5,35.46009500260453,23.50168045783858,5.0,2.7991795506907526,-2.2910926488697743
18.55,92.69644151620537,35.29501280323503,23.38211157054604,4.851560644560841,2.1561665012119775,-2.356657421905588,,,,0.11870542150560925,0.14365306346510748,2,track_to_track_ci,92.75,35.60060830144084,23.387019003036556,5.0,2.821236834730601,-2.295341966870374
18.6,92.93671935439403,35.455581181274965,23.279543505814722,4.838727942603093,2.2003294417043264,-2.3521840905863556,,,,0.12207061964053588,0.1438591342377921,2,track_to_track_ci,93.0,35.742207084349275,23.272148620948133,5.0,2.8425980207965535,-2.299449697366431
18.650000000000002,93.17629671176888,35.58158990073679,23.16284992060619,4.8308625408648105,2.2077430616588885,-2.3595851705761035,,,,0.12667471741068914,0.14527630098034228,2,track_to_track_ci,93.25000000000001,35.88485641394892,23.15707639731958,5.0,2.8632578383355813,-2.303415586973779
18.7,93.41496802345861,35.73674159042527,23.041932285557394,4.819270192557095,2.2432429874205013,-2.3737801655103823,,,,0.13011652778878788,0.1454555392411901,2,track_to_track_ci,93.5,36.02852109365219,23.04180943034769,5.0,2.883211189846845,-2.3072393910576663
18.75,93.67048019435666,35.8699921422453,22.953488294825156,4.823941778136536,2.250836238465382,-2.3535788823723394,,,,0.13477748468303805,0.1468463319142838,2,track_to_track_ci,93.75,36.17316567634909,22.92635483024193,5.0,2.9024531521394303,-2.3109208737478455
18.8,93.91513740384384,35.99716743880543,22.833637653509392,4.820960055652758,2.253774715693879,-2.366472488111654,,,,0.13827517006853735,0.14699607718905244,2,track_to_track_ci,94.0,36.31875447315322,22.81071971878587,5.0,2.920978977547065,-2.314459807953123
18.85,94.17128659702409,36.12947601589943,22.725374240355656,4.82635577403466,2.2596024562117663,-2.367825392144031,,,,0.1429510918185599,0.14835482493322616,2,track_to_track_ci,94.25000000000001,36.465251562207435,22.69491122889788,5.0,2.938784095099536,-2.317855975375366
18.900000000000002,94.41966231927027,36.28733204323888,22.590755236888842,4.822962080192081,2.2903538132831542,-2.3973905388094714,,,,0.14649390286163702,0.14849925780027287,2,track_to_track_ci,94.5,36.61262079754709,22.578936504191145,5.0,2.95586411165051,-2.3211091665229717
18.95,94.67302661805738,36.40928940513952,22.475219175547394,4.827483451421209,2.2851158006365253,-2.403232730352503,,,,0.15114480721673879,0.14979462943174682,2,track_to_track_ci,94.75,36.7608258180185,22.462802698532947,5.0,2.9722148129614796,-2.324219180723786
19.0,94.93601678091908,36.55216235138978,22.349184450977333,4.836093464935001,2.296469449401947,-2.4224617846421737,,,,0.15472428740937694,0.1498875899743885,2,track_to_track_ci,95.0,36.90983005625052,22.346516975603464,5.0,2.9878321647415556,-2.3271858261374834
19.05,95.1801440674477,36.684699514311944,22.24470090513833,4.832866243999714,2.3050242782468047,-2.413755184694743,,,,0.15938358470992275,0.15115447774883378,2,track_to_track_ci,95.25,37.059596747676956,22.230086508453848,5.0,3.002712313642874,-2.3300089197674008
19.1,95.42760215633999,36.83193839269295,22.126516874532513,4.830266383904441,2.324465710636595,-2.421736605327837,,,,0.16293192455356073,0.15125831872997764,2,track_to_track_ci,95.5,37.210088939607715,22.113518479063735,5.0,3.0168515882113507,-2.332688287471825
19.150000000000002,95.67592967857041,36.972125289343666,22.006125469903786,4.829485383422963,2.3368885414488503,-2.430053108191654,,,,0.16757082746521917,0.15251009417062641,2,track_to_track_ci,95.75000000000001,37.361269500346275,21.99682007789828,5.0,3.030246499792555,-2.3352237639747346
19.200000000000003,95.93139227844861,37.14084223374567,21.883489186292174,4.829902786324904,2.3708487290449654,-2.4437516727496913,,,,0.171092971188158,0.15258807869690288,2,track_to_track_ci,96.00000000000001,37.513101128351465,21.879998503464556,5.0,3.0428937433924874,-2.3376151928759965
19.25,96.1751380359452,37.27437088216641,21.757345650019193,4.827323355344616,2.3760650973364577,-2.4549260054420223,,,,0.17564154558557915,0.15377617699735951,2,track_to_track_ci,96.25,37.665546361440946,21.763060961867563,5.0,3.054790198493033,-2.339862426661011
19.3,96.41386859585444,37.438759526620316,21.64371261040848,4.818231122675639,2.4097419288008126,-2.4544189823965645,,,,0.1791648820077991,0.15386403576615723,2,track_to_track_ci,96.50000000000001,37.818567586034575,21.64601466636568,5.0,3.065932929821908,-2.341965326709813
19.35,96.67427696877891,37.58814677727685,21.524822522055608,4.824349822821448,2.4222180014812125,-2.461944916620851,,,,0.18365223784663776,0.15501485447114982,2,track_to_track_ci,96.75,37.97212704643488,21.52886683692575,5.0,3.0763191880768885,-2.343923763305622
19.400000000000002,96.92832275285454,37.757569014087665,21.407251584526534,4.824060719497959,2.4526565246226077,-2.468256041913971,,,,0.18710268249885256,0.15508088846539708,2,track_to_track_ci,97.00000000000001,38.12618685414275,21.411624699777715,5.0,3.085946410604164,-2.345737615642843
19.450000000000003,97.1497756616958,37.88995661847638,21.279332327996308,4.809645523497551,2.4592181734816982,-2.4752844775086515,,,,0.19154762714752527,0.15625300582008164,2,track_to_track_ci,97.25000000000001,38.28070899720591,21.294295486968846,5.0,3.0948122220306296,-2.347406771834521
19.5,97.39153300401294,38.05386354549638,21.152144256882544,4.803863704487393,2.486471457765802,-2.486199931934717,,,,0.1949440475516595,0.1562694170010305,2,track_to_track_ci,97.5,38.43565534959769,21.176886435917677,5.0,3.102914434849978,-2.348931128919239
19.55,97.63681426509001,38.195824225148,21.0271297305324,4.803053610235828,2.4933690771276424,-2.493805294130972,,,,0.19929702973070917,0.1573564565154462,2,track_to_track_ci,97.75,38.59098768062417,21.059404788967502,5.0,3.110251049962433,-2.350310592867472
19.6,97.8379851972721,38.3415185692414,20.901558425895434,4.792379021021354,2.5237785556717753,-2.4855746228140525,,,,0.20250584530008267,0.15759949055195582,2,track_to_track_ci,98.00000000000001,38.74666766435696,20.941857792939697,5.0,3.1168202571679955,-2.3515450785873853
19.650000000000002,97.99637232238531,38.437826309942224,20.75958035819697,4.792895004107123,2.5386397980462228,-2.4661527440475552,,,,0.20619866602637896,0.1591359790201407,2,track_to_track_ci,98.25000000000001,38.90265688908955,20.824252698686685,5.0,3.1226204356130842,-2.352634509930085
19.700000000000003,98.17931787028135,38.55694947961142,20.633695413085626,4.807284375868061,2.5634012938889796,-2.437399889159158,,,,0.2085711761796486,0.15966305560302882,2,track_to_track_ci,98.50000000000001,39.05891686681486,20.706596760644636,5.0,3.1276501541904578,-2.353578819694314
19.75,98.32765707695845,38.662579216986494,20.492594985719858,4.795835438935658,2.5781115145651583,-2.4217750494044203,,,,0.21191445334028183,0.1610636494679253,2,track_to_track_ci,98.75,39.215409042721554,20.58889723638603,5.0,3.1319081718923187,-2.354377949630598
19.8,98.50735509987493,38.797201379518256,20.372142160024076,4.803076468127006,2.6071521999976035,-2.3929191693417664,,,,0.21381948889938818,0.16154219164961064,2,track_to_track_ci,99.0,39.37209480470687,20.471161386171925,5.0,3.1353934381165134,-2.3550318504448393
19.85,98.69206245830011,38.92873509049298,20.255283982729694,4.809089214529445,2.627136679253981,-2.3653813052243287,,,,0.2167557172709107,0.16290158284888842,2,track_to_track_ci,99.25,39.52893549290357,20.35339647250415,5.0,3.138105092925752,-2.355540481801354
19.900000000000002,98.8713907336877,39.046180442986596,20.104328663500084,4.814220614409178,2.6331617957543143,-2.3676515694840656,,,,0.21842405677255664,0.1632989798611524,2,track_to_track_ci,99.50000000000001,39.685892409218724,20.235609759677303,5.0,3.1400424672597853,-2.355903812325365
19.950000000000003,99.0892243556265,39.18873593985553,19.982855445410355,4.831043613052165,2.6482989347346635,-2.3533522961897884,,,,0.22109503890357968,0.16460521487563542,2,track_to_track_ci,99.75000000000001,39.8429268268818,20.117808513330665,5.0,3.1412050831004863,-2.3561218196049336
20.0,99.25094901141755,39.332774262305065,19.830172398194005,4.82320189414412,2.6749254229906185,-2.356181933488756,,,,0.2225725957583461,0.16482173550314225,2,track_to_track_ci,100.0,40.0,20.000000000000004,5.0,3.141592653589793,-2.356194490192345
