timestamp,x,y,z,vx,vy,vz,speed,course_over_ground,vertical_speed,pos_uncertainty,vel_uncertainty,scenario_id,sensor_mode,ground_truth_x,ground_truth_y,ground_truth_z,ground_truth_vx,ground_truth_vy,ground_truth_vz
0.0,,,,,,,,,,,,1,track_to_track_ci,0.0,40.0,20.0,5.0,3.141592653589793,2.356194490192345
0.05,,,,,,,,,,,,1,track_to_track_ci,0.25,40.15707317311821,20.11780851333067,5.0,3.1412050831004863,2.3561218196049336
0.1,,,,,,,,,,,,1,track_to_track_ci,0.5,40.31410759078128,20.23560975967731,5.0,3.1400424672597853,2.355903812325365
0.15000000000000002,,,,,,,,,,,,1,track_to_track_ci,0.7500000000000001,40.47106450709643,20.35339647250415,5.0,3.138105092925752,2.355540481801354
0.2,,,,,,,,,,,,1,track_to_track_ci,1.0,40.62790519529313,20.471161386171925,5.0,3.1353934381165134,2.3550318504448393
0.25,,,,,,,,,,,,1,track_to_track_ci,1.25,40.784590957278446,20.58889723638603,5.0,3.1319081718923187,2.354377949630598
0.30000000000000004,,,,,,,,,,,,1,track_to_track_ci,1.5000000000000002,40.941083133185145,20.70659676064464,5.0,3.1276501541904578,2.353578819694314
0.35000000000000003,,,,,,,,,,,,1,track_to_track_ci,1.7500000000000002,41.09734311091045,20.824252698686685,5.0,3.1226204356130842,2.352634509930085
0.4,,,,,,,,,,,,1,track_to_track_ci,2.0,41.253332335643044,20.9418577929397,5.0,3.1168202571679955,2.3515450785873853
0.45,,,,,,,,,,,,1,track_to_track_ci,2.25,41.409012319375826,21.0594047889675,5.0,3.110251049962433,2.350310592867472
0.5,,,,,,,,,,,,1,track_to_track_ci,2.5,41.56434465040231,21.176886435917673,5.0,3.1029144348499784,2.348931128919239
0.55,,,,,,,,,,,,1,track_to_track_ci,2.7500000000000004,41.719291002794094,21.29429548696885,5.0,3.094812222030629,2.347406771834521
0.6000000000000001,,,,,,,,,,,,1,track_to_track_ci,3.0000000000000004,41.87381314585725,21.411624699777715,5.0,3.085946410604164,2.345737615642843
0.65,,,,,,,,,,,,1,track_to_track_ci,3.25,42.02787295356512,21.52886683692575,5.0,3.0763191880768885,2.343923763305622
0.7000000000000001,,,,,,,,,,,,1,track_to_track_ci,3.5000000000000004,42.181432413965425,21.64601466636568,5.0,3.065932929821908,2.341965326709813
0.75,,,,,,,,,,,,1,track_to_track_ci,3.75,42.334453638559054,21.763060961867566,5.0,3.054790198493033,2.339862426661011
0.8,,,,,,,,,,,,1,track_to_track_ci,4.0,42.48689887164855,21.879998503464563,5.0,3.042893743392486,2.3376151928759965
0.8500000000000001,,,,,,,,,,,,1,track_to_track_ci,4.25,42.63873049965373,21.996820077898285,5.0,3.0302464997925544,2.3352237639747346
0.9,,,,,,,,,,,,1,track_to_track_ci,4.5,42.78991106039229,22.11351847906374,5.0,3.0168515882113502,2.3326882874718247
0.9500000000000001,,,,,,,,,,,,1,track_to_track_ci,4.75,42.94040325232304,22.230086508453844,5.0,3.002712313642874,2.3300089197674008
1.0,11.656502256537866,39.73833766209844,20.801764219523676,12.884888383778453,-0.9229177914077521,0.44911454259692357,,,,5.168546780435057,11.063606859990772,1,track_to_track_ci,5.0,43.09016994374947,22.346516975603464,5.0,2.9878321647415556,2.327185826137484
1.05,11.560700306451904,39.876333231566875,21.003360970670116,10.938251266094838,-2.568561149484338,0.9330044677640599,,,,5.446789991839302,10.063833059580917,1,track_to_track_ci,5.250000000000001,43.2391741819815,22.462802698532943,5.0,2.9722148129614796,2.324219180723786
1.1,10.46556867927463,40.57898657779772,21.33098572590259,8.48735473050906,-1.3770331043042987,0.12485380634593912,,,,5.585198112700996,8.79227954387644,1,track_to_track_ci,5.500000000000001,43.38737920245291,22.578936504191145,5.0,2.95586411165051,2.3211091665229717
1.1500000000000001,10.905396039738786,40.639789946732094,21.54884069176994,9.182988297967688,-0.5786998564437916,1.7606986378360028,,,,5.822713942064551,8.502334613671424,1,track_to_track_ci,5.750000000000001,43.53474843779257,22.694911228897887,5.0,2.938784095099535,2.317855975375366
1.2000000000000002,10.0561621029334,41.46988421014209,21.93522502545648,7.960173820917895,1.2888917050103064,1.9193228232082638,,,,5.825108747876201,7.999627740521652,1,track_to_track_ci,6.000000000000001,43.68124552684678,22.81071971878587,5.0,2.9209789775470645,2.314459807953123
1.25,10.610084519023149,41.53414495888563,21.94342632156196,8.229865286907751,1.580814142015235,1.5840187793231202,,,,5.990261650276618,7.77743263251366,1,track_to_track_ci,6.25,43.8268343236509,22.926354830241923,5.0,2.902453152139431,2.3109208737478455
1.3,12.85444171939028,40.665514474776764,21.53750093111136,10.20969968843183,0.5211013799440063,0.9295489489400239,,,,6.129844977526215,7.551394979461828,1,track_to_track_ci,6.5,43.971478906347805,23.041809430347687,5.0,2.8832111898468455,2.3072393910576663
1.35,12.702341500347199,40.95599662772975,21.630697464181257,9.231519712290304,0.7275716260381279,0.7166017350676692,,,,6.215393785194634,7.281546376383634,1,track_to_track_ci,6.75,44.11514358605109,23.157076397319585,5.0,2.863257838335581,2.303415586973779
1.4000000000000001,12.506962732083288,41.310997676502254,21.778052487708162,8.471825240485792,1.0582364261759343,0.7334184983262149,,,,6.1524242546084675,6.895971933922529,1,track_to_track_ci,7.000000000000001,44.257792915650725,23.272148620948137,5.0,2.842598020796553,2.299449697366431
1.4500000000000002,14.54064962982331,40.608065824484605,21.41175395710885,10.252330095534095,0.36750154746269986,0.2751344714307552,,,,6.2630503294833355,6.70356833180277,1,track_to_track_ci,7.250000000000001,44.39939169855915,23.387019003036556,5.0,2.8212368347306014,2.295341966870374
1.5,14.249907024084248,40.97331910288373,21.657829797765572,9.345224186520761,0.6454684661212695,0.5971924535209577,,,,6.0837708560643105,6.25353564967855,1,track_to_track_ci,7.5,44.53990499739547,23.50168045783858,5.0,2.799179550690753,2.2910926488697743
1.55,16.355473231609043,40.106556506775064,21.32405078586072,10.860458354329072,-0.2686519239651018,0.3308566890276766,,,,6.143945446199136,6.0495957906849505,1,track_to_track_ci,7.75,44.67929814260573,23.61612591249558,5.0,2.776431610981794,2.286702005482583
1.6,13.79199708998711,41.753175445782766,22.19400655725306,8.21571437767864,1.2146857388216086,1.1799575574649948,,,,5.9111543099696995,5.59690045377034,1,track_to_track_ci,8.0,44.81753674101715,23.730348307472823,5.0,2.7529986283174632,2.282170307544365
1.6500000000000001,12.233581876352755,42.8260716632622,22.754068084910276,6.301585915269478,2.1781130618396842,1.6777426169793392,,,,5.916005316522759,5.380568048259183,1,track_to_track_ci,8.25,44.95458668432408,23.84434059699495,5.0,2.7288863844355977,2.2774978345915953
1.7000000000000002,10.541065610993636,43.991097004979395,23.390619020506385,4.583656567814807,3.0876339720954498,2.2121184797243516,,,,5.721931247879521,5.011086975983745,1,track_to_track_ci,8.5,45.090414157503716,23.958095749480595,5.0,2.7041008286715766,2.272684874844416
1.75,10.94738303106501,44.042054079798575,23.459846992546463,4.704113264424712,3.0038396451020812,2.1880418196920752,,,,5.718793140424174,4.820290727176149,1,track_to_track_ci,8.75,45.224985647159485,24.071606747976112,5.0,2.67864807649041,2.2677317251888542
1.8,8.793268581260236,45.48957406195973,24.213304785669038,2.9122785830804787,4.017176894634758,2.7154059867616525,,,,0.7087477367022315,2.138766774780248,1,track_to_track_ci,9.0,45.35826794978997,24.184866590588438,5.0,2.6525344079778406,2.2626386911585126
1.85,9.134988744528528,45.57773809628793,24.312677865225282,3.101684874833154,3.901778575951539,2.691176782347611,,,,0.5917716374997833,2.039535370055031,1,track_to_track_ci,9.25,45.490228179981315,24.297868290916973,5.0,2.625766266290827,2.257406086915721
1.9000000000000001,9.3610968828566,45.731045257484084,24.449543202677432,3.264823190806055,3.809128793021955,2.6849498702003984,,,,0.4537867749849685,1.9071918739376879,1,track_to_track_ci,9.5,45.6208337785213,24.41060487848456,5.0,2.5983502560677905,2.2520342352321556
1.9500000000000002,9.585135407861344,45.88644721726155,24.531371755518535,3.3078082469328365,3.7824051085481187,2.6153052124636815,,,,0.38868559416828774,1.839454876862776,1,track_to_track_ci,9.75,45.75005252043279,24.523069399167433,5.0,2.570293141799019,2.246523467468933
2.0,9.946191394445464,45.97921971334938,24.636670616634376,4.977819539528355,2.909500906937865,2.2617217511199215,,,,0.31998050861188804,1.4683006999092485,1,track_to_track_ci,10.0,45.877852522924734,24.63525491562421,5.0,2.5416018461576297,2.240874123556167
2.0500000000000003,10.323504000104322,46.03505744944198,24.7242389750175,5.5291698818964505,2.58652226077902,2.1453570756059435,,,,0.3298234972196166,1.2705062406726972,1,track_to_track_ci,10.25,46.00420225325884,24.747154507723792,5.0,2.512283448291506,2.235086551972
2.1,10.403160110546992,46.23292081830914,24.858911605851574,4.474591971137215,3.0880836635815285,2.374860952613517,,,,0.29894463865047644,0.9826083615839176,1,track_to_track_ci,10.500000000000002,46.12907053652977,24.85876127297224,5.0,2.482345182076621,2.22916110972111
2.15,10.625979256389883,46.38257094801827,24.98370541137274,4.455777841064901,3.0897967846849497,2.390807330326652,,,,0.3067732914781387,0.8912382142485684,1,track_to_track_ci,10.75,46.25242656335705,24.970068326938566,5.0,2.4517944343321867,2.2230981623126858
2.2,10.984146354034806,46.44825625502676,25.066332988591967,4.849403130216615,2.8623739988629495,2.2912469737018455,,,,0.2774521762894628,0.7361609776957757,1,track_to_track_ci,11.000000000000002,46.374239897486895,25.081068803679372,5.0,2.420638742998068,2.2168980837378824
2.25,11.235295071634596,46.585421278503304,25.17474647169456,4.863916345715552,2.8543008180538436,2.281790944424074,,,,0.2765359778888477,0.6814140200834127,1,track_to_track_ci,11.25,46.494480483301835,25.191755856162395,5.0,2.38888579527491,2.2105612564467525
2.3000000000000003,11.50585026852093,46.666989566844734,25.278441259238363,4.816044024874827,2.8199358864899295,2.3000310922616904,,,,0.1658182891040488,0.5228338552236187,1,track_to_track_ci,11.500000000000002,46.61311865323652,25.30212265668886,5.0,2.356543425727433,2.204088071324651
2.35,11.759065151304554,46.766324840317935,25.397720924623513,4.784477150558814,2.7894857036269514,2.328978765523459,,,,0.1578002486385242,0.4918163017237843,1,track_to_track_ci,11.75,46.73012513509774,25.412162397314628,5.0,2.3236196143513745,2.1974789276681292
2.4000000000000004,12.00885560646583,46.92614802088252,25.524978995786512,4.869287913703147,2.774235536810693,2.3224023663285607,,,,0.13776135582520807,0.4399389947353929,1,track_to_track_ci,12.000000000000002,46.845471059286886,25.52186829027017,5.0,2.290122484604541,2.190734233160298
2.45,12.259631863035736,47.05570127560472,25.641999283314505,4.881740699156353,2.760250147380816,2.3247768922915384,,,,0.14770761991231682,0.439297645081709,1,track_to_track_ci,12.250000000000002,46.959127965923145,25.631233568379244,5.0,2.2560603014024703,2.183854403845687
2.5,12.498049501341768,47.16350968601276,25.7500477747609,4.814352146999454,2.759492291750348,2.332171986116066,,,,0.12405745689318877,0.3949943726732151,1,track_to_track_ci,12.5,47.071067811865476,25.740251485476346,5.0,2.221441469079183,2.176839864104573
2.5500000000000003,12.76597608276677,47.25689084225709,25.856621472421338,4.876269429020681,2.6848733186428717,2.3093669389667753,,,,0.11655522140171876,0.3773644812777961,1,track_to_track_ci,12.75,47.18126297763189,25.848915316822826,5.0,2.186274529313543,2.1696910466268107
2.6,13.011902990018662,47.39473862125581,25.9876588085791,4.9010145494852395,2.6808883323266173,2.3108765862197345,,,,0.1055588767333151,0.32196599816213306,1,track_to_track_ci,13.0,47.28968627421412,25.95721835952171,5.0,2.1505681590217223,2.1624083923851343
2.6500000000000004,13.21454713091022,47.54559962253502,26.11869941978871,4.758562002301858,2.7584977142461184,2.35361418050951,,,,0.10841568876171884,0.2992536700184362,1,track_to_track_ci,13.25,47.3963109497861,26.065153932931175,5.0,2.1143311682163053,2.1549923506079627
2.7,13.478107770237372,47.64297314220923,26.241054613927012,4.83709931391283,2.6788990765448375,2.3515450714063775,,,,0.10674544112960806,0.27259362190592,1,track_to_track_ci,13.5,47.50111069630459,26.17271537907663,5.0,2.077572497832547,2.1474433787516856
2.75,13.761813644088917,47.770602396812606,26.35561141190646,4.955904228316314,2.6334117510949113,2.3250338602457816,,,,0.10732368971921655,0.2521386837852757,1,track_to_track_ci,13.750000000000002,47.60405965600031,26.279896063061422,5.0,2.0403012175223334,2.1397619424724454
2.8000000000000003,13.998279177097945,47.87765868774934,26.448668278799317,4.926654899846923,2.620914111864522,2.3000782113882536,,,,0.10395587959360571,0.23543210495200248,1,track_to_track_ci,14.000000000000002,47.70513242775789,26.38668937347609,5.0,2.002526523416379,2.131948515597415
2.85,14.236904008394767,47.980490628018906,26.544514325174866,4.908639392675951,2.599064049761324,2.2796917235251897,,,,0.11037304297854858,0.23756255882036395,1,track_to_track_ci,14.250000000000002,47.8043040733833,26.49308872280621,5.0,1.9642577358552191,2.124003580095568
2.9000000000000004,14.481709548787197,48.112329354302325,26.66081347826497,4.90486797049725,2.601572574558162,2.286737795539068,,,,0.09770659641584992,0.20330843249272781,1,track_to_track_ci,14.500000000000002,47.901550123756905,26.599087547838728,5.0,1.9255042970895562,2.115927626047951
2.95,14.742620496542756,48.217686684949165,26.765667390825854,4.936925165828313,2.5666009131302587,2.274563761600845,,,,0.09680400578886525,0.19415345777899773,1,track_to_track_ci,14.750000000000002,47.99684658487091,26.704679310066815,5.0,1.8862757689505254,2.1077211516174503
3.0,14.986390870618859,48.30435762079404,26.889674851056125,4.930089619611188,2.5184402974113596,2.2986258019364953,,,,0.09145014133799267,0.17918011360221553,1,track_to_track_ci,15.0,48.09016994374947,26.8098574960932,5.0,1.8465818304904567,2.0993846630180646
3.0500000000000003,15.214127275484223,48.40660767852148,27.02400398245224,4.894040216522093,2.4978953708502445,2.333796019421115,,,,0.09153317903552138,0.1751763503182226,1,track_to_track_ci,15.250000000000002,48.18149717425024,26.914615618031934,5.0,1.806432275594711,2.090918674483679
3.1,15.471798745647034,48.48331934013016,27.115175648235837,4.916817134110353,2.4427082022686335,2.305273254037715,,,,0.08635426409070683,0.16572215082925243,1,track_to_track_ci,15.5,48.27080574274562,27.0189472139086,5.0,1.7658370105651893,2.0823237082363457
3.1500000000000004,15.710797126969608,48.60074288182952,27.207702927493287,4.903284364720918,2.4448633345393773,2.2784572957952776,,,,0.08691413846065868,0.1640344577043466,1,track_to_track_ci,15.750000000000004,48.358073613682706,27.12284584805892,5.0,1.7248060516760961,2.0736002944540672
3.2,15.978338416789086,48.67091333791176,27.2931487315527,4.940611339677297,2.3830443005496704,2.24538424343973,,,,0.08293268770285442,0.15777128561513096,1,track_to_track_ci,16.0,48.44327925502015,27.22630511152573,5.0,1.6833495227025799,2.0647489712380973
3.25,16.225445367223465,48.76417196481054,27.395278865006727,4.939190398303801,2.3564081655919864,2.2367497071356297,,,,0.08382739802069782,0.15738388629236222,1,track_to_track_ci,16.25,48.52640164354092,27.329318622454323,5.0,1.6414776524228363,2.055770284579746
3.3000000000000003,16.46975287784841,48.83338737248592,27.491484430361734,4.933130008274695,2.306193445473099,2.224791278934063,,,,0.0806358911848703,0.15301203311376435,1,track_to_track_ci,16.5,48.60742027003944,27.431880026486112,5.0,1.5992007720943138,2.0466647883266984
3.35,16.72977146456197,48.91696805794289,27.599121573822746,4.953188040480171,2.267464715640969,2.2226728421052684,,,,0.08177376761473254,0.1533894587654337,1,track_to_track_ci,16.75,48.686315144381915,27.533982997150588,5.0,1.5565293129046327,2.0374330441488553
3.4000000000000004,16.971483708471503,49.00506692909656,27.694820818608783,4.941774519711942,2.243927159513774,2.208243670772319,,,,0.07896218729948082,0.14994055570487147,1,track_to_track_ci,17.0,48.76306680043864,27.63562123625557,5.0,1.5134738033978397,2.0280756215036826
3.45,17.2216343324784,49.1036260011118,27.811154370435894,4.944498412181069,2.2286077800735313,2.218137455148238,,,,0.08022141411465011,0.15082540599534136,1,track_to_track_ci,17.25,48.837656300886934,27.736788474275713,5.0,1.4700448668766537,2.0185930976010864
3.5,17.478388656379735,49.16812161482389,27.898252578524296,4.957546099695321,2.176395156776664,2.1928510066754825,,,,0.07775190309987604,0.1480066565528796,1,track_to_track_ci,17.5,48.91006524188368,27.83747847073923,5.0,1.426253218781319,2.0089860573678076
3.5500000000000003,17.722445326478823,49.265627627757034,28.000626149918524,4.948835021207408,2.1678774542520074,2.187239726306416,,,,0.07909977412925732,0.14912229824186743,1,track_to_track_ci,17.750000000000004,48.98027575760616,27.93768501461286,5.0,1.3821096640457349,1.9992550934113407
3.6,17.97728650547758,49.345783995931086,28.09917987131308,4.958743188075758,2.135476400454337,2.175933314056806,,,,0.07852764944310395,0.14865221423269798,1,track_to_track_ci,18.0,49.0482705246602,28.03740192468495,5.0,1.337625094431499,1.9894008059833805
3.6500000000000004,18.219764462316732,49.436168575107004,28.188909023992178,4.947291633648881,2.123014899688343,2.156418248698344,,,,0.07975200967252268,0.1494513368180065,1,track_to_track_ci,18.250000000000004,49.114032766354455,28.13662304994678,5.0,1.292810485840525,1.9794238029427924
3.7,18.476022686648015,49.50828153322046,28.29886981510512,4.958980750603246,2.082551770276453,2.162078346978987,,,,0.07729046191830095,0.14669453231996793,1,track_to_track_ci,18.5,49.17754625683981,28.235342269971976,5.0,1.2476768956069093,1.9693246997181204
3.75,18.717115548428126,49.57678537806472,28.38874791528241,4.946013603274373,2.047773619766474,2.1448372698293667,,,,0.08067683054958531,0.15032709484946138,1,track_to_track_ci,18.75,49.23879532511287,28.333553495294034,5.0,1.2022354597686926,1.9591041192696221
3.8000000000000003,18.956347921683232,49.62841669029672,28.472623193707197,4.931853147551287,1.995920193991168,2.121913994709672,,,,0.08258227829830704,0.15259523260758706,1,track_to_track_ci,19.0,49.297764858882516,28.43125066778196,5.0,1.1564973903202134,1.948762692050843
3.85,19.198625608446953,49.69865010682405,28.580965268250104,4.921763700397044,1.9661968681434985,2.1300003980006466,,,,0.08320594917518255,0.1521240513018691,1,track_to_track_ci,19.25,49.35444030829867,28.52842776101396,5.0,1.110473972445714,1.9383010559697262
3.9000000000000004,19.46219456905618,49.709108242287115,28.64905435333366,4.944323279651371,1.8655610033826804,2.0887191342921057,,,,0.07966272502851314,0.14777821252321183,1,track_to_track_ci,19.5,49.40880768954226,28.62507878064918,5.0,1.064176561734893,1.9277198563492643
3.95,19.709308903599293,49.798349375863644,28.756602811832572,4.940843292383512,1.864345641954401,2.0947754257900044,,,,0.08325450364064257,0.15128721520528715,1,track_to_track_ci,19.75,49.460853588275455,28.72119776479746,5.0,1.017616581381079,1.917019745887691
4.0,19.969563928073534,49.82033565148534,28.86287552059172,4.955705807615757,1.7818362367227962,2.1015578598894535,,,,0.07956381053834284,0.14697214758623225,1,track_to_track_ci,20.0,49.510565162951536,28.816778784387097,5.0,0.9708055193627333,1.9062013846182224
4.05,20.236342018043246,49.87369144497148,28.95250021340237,4.978775311796163,1.740216859705896,2.0844845978940043,,,,0.08050020657097996,0.1476123755647843,1,track_to_track_ci,20.25,49.5579301479833,28.911815943530577,5.0,0.9237549256089601,1.8952654398683402
4.1000000000000005,20.47073912582477,49.88929646747589,29.032127878216333,4.953519970073927,1.6676349366776435,2.062659696914565,,,,0.07988692277930673,0.1472636852681755,1,track_to_track_ci,20.5,49.60293685676943,29.00630337988826,5.0,0.8764764091497337,1.8842125862186299
4.15,20.732007750931913,49.95679295843954,29.14252793391435,4.968240511096262,1.6495022264213333,2.073096283094202,,,,0.08081675052494741,0.14782276936768426,1,track_to_track_ci,20.75,49.64557418457798,29.100235265029994,5.0,0.8289816352515474,1.8730435054611674
4.2,20.985421319286843,49.98123188680377,29.248900221219447,4.971656034032186,1.5832378243839855,2.080824218574989,,,,0.0799095393574664,0.14683205127029528,1,track_to_track_ci,21.000000000000004,49.68583161128631,29.193605804794647,5.0,0.7812823225391823,1.861758886557466
4.25,21.240163965634256,50.04848869533013,29.347645921457982,4.9751293292136936,1.5732831239367613,2.076992362814849,,,,0.08076527863058441,0.14729095870058262,1,track_to_track_ci,21.25,49.723699203976764,29.28640923964751,5.0,0.7333902401043089,1.8503594255959737
4.3,21.48936472709969,50.04822228408771,29.43079550890464,4.969634137556973,1.4891506862787907,2.059337488297757,,,,0.07773312451804902,0.1442268049348541,1,track_to_track_ci,21.5,49.75916761938747,29.378639845035575,5.0,0.6853172046016434,1.83884582574914
4.3500000000000005,21.75068085616442,50.10189960210824,29.53306748133597,4.9826483196737215,1.4666145075207737,2.0604644079816694,,,,0.07886752440416092,0.14527126181877323,1,track_to_track_ci,21.750000000000004,49.79222810621766,29.470291931740668,5.0,0.6370750773333625,1.8272187972300362
4.4,21.990153221532225,50.11892157595727,29.62457576193428,4.962913945551993,1.410609864911919,2.053733368730377,,,,0.07637174829833318,0.14293350988579187,1,track_to_track_ci,22.000000000000004,49.82287250728689,29.561359846230346,5.0,0.5886757613225101,1.8154790572485509
4.45,22.238494447929703,50.158932548917626,29.719183996470303,4.957380562117759,1.381463170426116,2.048659943234412,,,,0.07768025190522132,0.14428566360199624,1,track_to_track_ci,22.25,49.85109326154774,29.651837971006685,5.0,0.5401311983760958,1.8036273299671446
4.5,22.502467561410167,50.18777744510043,29.811166146615015,4.975514175162651,1.3355388331753062,2.0389196155116593,,,,0.07551384925595361,0.14229774264418205,1,track_to_track_ci,22.5,49.876883405951375,29.741720724952756,5.0,0.49145336613863877,1.7916643464561826
4.55,22.750995262978073,50.22333534934445,29.899531636321313,4.969385032534255,1.3061088606189912,2.027305222042486,,,,0.07692542936213358,0.14369467591167825,1,track_to_track_ci,22.749999999999996,49.90023657716557,29.831002563676908,5.0,0.4426542751368617,1.7795908446488387
4.6000000000000005,23.016423599436543,50.23109214893948,29.99101630702647,4.989325615743208,1.2387096073742612,2.0183030060607194,,,,0.07493138879850819,0.14185871264108374,1,track_to_track_ci,23.000000000000004,49.921147013144775,29.91967797985478,5.0,0.39374596581627125,1.7674075692955749
4.65,23.26661140531925,50.26696055284877,30.081156022467397,4.984495207407345,1.2148926852550659,2.009765493202437,,,,0.07638407371005995,0.14322517312982325,1,track_to_track_ci,23.25,49.939609554551794,30.007741503568994,5.0,0.3447405055703644,1.7551152719182044
4.7,23.51093318355113,50.249333149386274,30.16935106178519,4.9728019481532435,1.130128909348258,2.0034784100913043,,,,0.07444337862660995,0.14134694744557072,1,track_to_track_ci,23.5,49.9556196460308,30.095187702646598,5.0,0.295649985763171,1.742714710763531
4.75,23.763881444392737,50.28251037007091,30.256324092360344,4.972966634404031,1.1091904056343367,1.9914474778423568,,,,0.0759286669294753,0.14275074615087802,1,track_to_track_ci,23.75,49.96917333733128,30.182011182994124,5.0,0.24648651874589617,1.7302066507565785
4.800000000000001,23.999384723524564,50.311520314524344,30.350288813710986,4.946738981404113,1.0892398828129046,1.9923153203510395,,,,0.07410373129825544,0.14091321307917962,1,track_to_track_ci,24.000000000000004,49.98026728428272,30.268206588930333,5.0,0.1972622348683764,1.717591863453406
4.8500000000000005,24.24696005902864,50.32565267696409,30.436746163011247,4.941283369606339,1.0494945227835757,1.9823066162372527,,,,0.07562523058433984,0.14231301203017122,1,track_to_track_ci,24.250000000000004,49.9888987496197,30.353768603516556,5.0,0.14798927948610313,1.704871126993516
4.9,24.483507248259322,50.31741124494661,30.527631673725903,4.920246638636883,0.9891239546447821,1.9818993915648235,,,,0.07389226698592709,0.14052902962223893,1,track_to_track_ci,24.500000000000004,49.995065603657316,30.438691948884717,5.0,0.09867980996352638,1.6920452260518526
4.95,24.731065058462587,50.373167270077545,30.633368615989756,4.914907715316929,1.0039808986196448,1.9939017204402205,,,,0.07546760670079383,0.14189883991827687,1,track_to_track_ci,24.75,49.99876632481661,30.522971386562837,5.0,0.049345992674419525,1.6791149517904018
5.0,24.986588683759123,50.34580013505148,30.71311012220072,4.924988065899207,0.9162082872733492,1.9760694953251203,,,,0.07374626887253004,0.1401073336705148,1,track_to_track_ci,25.0,50.0,30.606601717798213,5.0,1.9236706937217898e-16,1.6660811018093873
5.050000000000001,25.237203955360442,50.35591180091679,30.802883629294097,4.92537134614896,0.8807497042798502,1.9705418629444864,,,,0.07529940379561488,0.1414718581254673,1,track_to_track_ci,25.250000000000007,49.99876632481661,30.689577783878086,5.0,-0.04934599267442054,1.65294448009807
5.1000000000000005,25.49556640879793,50.324434610617104,30.872030893943673,4.93834725225091,0.7966953353221129,1.9401522794072434,,,,0.07356986335051098,0.13961071250847804,1,track_to_track_ci,25.5,49.995065603657316,30.771894466447833,5.0,-0.0986798099635267,1.639705896985157
5.15,25.741902242481395,50.33012553124717,30.955668845052557,4.930793040367224,0.7660033095201584,1.9304073927094123,,,,0.07513277428029987,0.14099712551549723,1,track_to_track_ci,25.75,49.9888987496197,30.85354668782674,5.0,-0.14798927948610274,1.6263661690888134
5.2,25.9939984162099,50.29126373216072,31.02800895717226,4.933175894923927,0.6828278658879299,1.9091630438384186,,,,0.07343483152166264,0.13916473932490475,1,track_to_track_ci,26.0,49.98026728428272,30.934529411321172,5.0,-0.1972622348683774,1.6129261192662916
5.25,26.248482227394625,50.294650614094834,31.115636926179018,4.937924044774984,0.6530471800961379,1.904762327432465,,,,0.07499531499092549,0.1404797997792256,1,track_to_track_ci,26.25,49.96917333733128,31.014837641535284,5.0,-0.24648651874589578,1.5993865765631734
5.300000000000001,26.498004958779948,50.28504142847705,31.21623255541791,4.935378051066518,0.6097498546122324,1.9190902538195758,,,,0.07335520208418428,0.13873708465015067,1,track_to_track_ci,26.5,49.9556196460308,31.094466424679148,5.0,-0.29564998576317125,1.5857483761622289
5.3500000000000005,26.754929195335976,50.25018277102567,31.295525648397117,4.945146630744766,0.5377501816352748,1.905274552612454,,,,0.07491710796559047,0.14007190923698254,1,track_to_track_ci,26.75,49.939609554551794,31.17341084887433,5.0,-0.3447405055703647,1.5720123593319013
5.4,26.996916671869208,50.21015739270381,31.37674946486886,4.931159838257614,0.470029217800473,1.8975509153600143,,,,0.07319077875213116,0.13824011938400094,1,track_to_track_ci,27.0,49.921147013144775,31.251666044456893,5.0,-0.3937459658162723,1.5581793733744105
5.45,27.261826893890753,50.19597809821407,31.45173815082235,4.951458708151858,0.43034900355405625,1.8769807240629888,,,,0.07472510284084781,0.13960920453066042,1,track_to_track_ci,27.250000000000004,49.90023657716557,31.329227184277755,5.0,-0.44265427513686134,1.54425027157349
5.5,27.502125437034877,50.15788908519826,31.53705638983287,4.933507128203168,0.37188308700619643,1.8770317094297582,,,,0.07295991095470584,0.13779177700036002,1,track_to_track_ci,27.500000000000004,49.876883405951375,31.406089484000468,5.0,-0.49145336613863916,1.5302259131417502
5.550000000000001,27.75464466719644,50.154082191633435,31.62399310066524,4.934065790062288,0.3543451479099957,1.8745397642014154,,,,0.07447463701482662,0.13910863275608124,1,track_to_track_ci,27.750000000000004,49.85109326154774,31.48224820239632,5.0,-0.540131198376096,1.5161071631676806
5.6000000000000005,27.99986060001038,50.107832853682666,31.690392935891044,4.92614901499951,0.29055661594931337,1.8504256411158195,,,,0.0727387472209878,0.13736445227881178,1,track_to_track_ci,28.000000000000004,49.82287250728689,31.55769864163684,5.0,-0.5886757613225111,1.5018948925622841
5.65,28.25895142599174,50.08737036632543,31.77035502190275,4.937537150336368,0.2561535459855122,1.8406362607311593,,,,0.07424161929614018,0.13866659083312752,1,track_to_track_ci,28.250000000000004,49.79222810621766,31.63243614758352,5.0,-0.6370750773333634,1.487589978005358
5.7,28.50749520128995,50.022538718993715,31.845342576212026,4.9337295979137,0.17354652385148484,1.8303323060934957,,,,0.07246948076811618,0.13688062128628403,1,track_to_track_ci,28.500000000000004,49.759167619387476,31.706456110074946,5.0,-0.6853172046016429,1.4731933018914143
5.75,28.747063237053574,49.98209688731565,31.922458062020524,4.915921652200037,0.1293331759088403,1.823234692548695,,,,0.07395428433124653,0.13821869911397472,1,track_to_track_ci,28.749999999999996,49.723699203976764,31.77975396321117,5.0,-0.7333902401043078,1.4587057522752498
5.800000000000001,28.983586603820893,49.956003557816246,32.003538052348546,4.892587996978097,0.10712977414894453,1.821382127145995,,,,0.07216970344088693,0.136414995257605,1,track_to_track_ci,29.000000000000004,49.68583161128631,31.852325185635358,5.0,-0.7812823225391826,1.444128222817167
5.8500000000000005,29.22778423847985,49.92582422948307,32.07597447319975,4.884033078377687,0.07847018227867864,1.8074432556637419,,,,0.07364699914670568,0.13775949014752353,1,track_to_track_ci,29.250000000000004,49.64557418457798,31.924165300812653,5.0,-0.8289816352515484,1.4294616127278497
5.9,29.477302846530186,49.907095621044824,32.145572937814826,4.882396086783222,0.06532853431662033,1.7900874680815946,,,,0.07191504804844288,0.13606490401822016,1,track_to_track_ci,29.500000000000004,49.60293685676943,31.99526987730636,5.0,-0.8764764091497338,1.4147068267128942
5.95,29.723605061847532,49.86041861267431,32.204369158702804,4.8787652224647235,0.019385371904959925,1.761607170331061,,,,0.07340568259435333,0.1373882219381329,1,track_to_track_ci,29.75,49.5579301479833,32.065634529051266,5.0,-0.923754925608959,1.3998647749170028
6.0,29.977076434037244,49.81107608031315,32.28045599878521,4.88530889448813,-0.030711228433759175,1.7557403532828317,,,,0.07170355972168654,0.135744850820013,1,track_to_track_ci,30.0,49.510565162951536,32.135254915624216,5.0,-0.970805519362733,1.3849363728678425
6.050000000000001,30.228365831045057,49.78332073555006,32.36115037982614,4.887023109114136,-0.050976762667261255,1.754917939977986,,,,0.07320513266209507,0.13710748975787945,1,track_to_track_ci,30.250000000000004,49.460853588275455,32.204126742511804,5.0,-1.0176165813810798,1.3699225414195708
6.1000000000000005,30.489633053574057,49.71962045799723,32.41694355112536,4.905268255338202,-0.1146218641097363,1.7237547350231637,,,,0.07153061793913934,0.1354460938632335,1,track_to_track_ci,30.500000000000004,49.40880768954226,32.27224576137535,5.0,-1.064176561734893,1.3548242066960332
6.15,30.738558622886487,49.70135697333175,32.48355166035961,4.901278940105019,-0.11488359764081224,1.707596736530391,,,,0.07302431456878228,0.13681986963821363,1,track_to_track_ci,30.75,49.35444030829868,32.339607770312895,5.0,-1.1104739724457138,1.3396423000336353
6.2,30.992557480774497,49.64329109342886,32.546871777088995,4.907100390394572,-0.1658345927584577,1.689787041266868,,,,0.07133940271919063,0.13515449357440465,1,track_to_track_ci,31.0,49.297764858882516,32.40620861411843,5.0,-1.1564973903202131,1.324377757923892
6.25,31.238430574015993,49.59480724634506,32.61667990153414,4.900119225896267,-0.20020960497589613,1.68178359427597,,,,0.07282943099988423,0.13646451701038267,1,track_to_track_ci,31.25,49.23879532511287,32.47204418453818,5.0,-1.2022354597686924,1.309031521955664
6.300000000000001,31.489923990992335,49.512796501713446,32.67426510734644,4.903784911095251,-0.2741680448045969,1.6602973642681178,,,,0.07117137430470788,0.134847050352589,1,track_to_track_ci,31.500000000000007,49.17754625683981,32.53711042052406,5.0,-1.2476768956069102,1.293604538757072
6.3500000000000005,31.74791814577444,49.45987759952957,32.74942121530456,4.914284097171748,-0.3114334622561188,1.658867838190119,,,,0.07266334341022539,0.13615891845989989,1,track_to_track_ci,31.75,49.114032766354455,32.60140330848413,5.0,-1.2928104858405254,1.2780977599371093
6.4,32.01710945444669,49.35764727167672,32.80550002662022,4.942891686087982,-0.4093588511155559,1.6346307877676907,,,,0.0709867021257676,0.13448925945744455,1,track_to_track_ci,32.0,49.0482705246602,32.66491888253023,5.0,-1.337625094431499,1.2625121420269347
6.45,32.27422572163424,49.29462992848026,32.86650573070275,4.949294022490671,-0.44791989503151797,1.618171540299059,,,,0.07245791730027112,0.1358263315043704,1,track_to_track_ci,32.25,48.98027575760616,32.72765322472256,5.0,-1.382109664045735,1.2468486464208772
6.5,32.520463743535615,49.22727480135109,32.92245068643595,4.939341388664424,-0.48483242317655595,1.5986780284324595,,,,0.07075408610792092,0.13412382909020412,1,track_to_track_ci,32.5,48.91006524188368,32.78960246531138,5.0,-1.426253218781319,1.231108239317127
6.550000000000001,32.77450024624108,49.19341309542174,32.98102082512806,4.939575252546655,-0.48057325939167583,1.5806901160760845,,,,0.07221830024356496,0.13541732413951624,1,track_to_track_ci,32.75,48.837656300886934,32.85076278297574,5.0,-1.4700448668766533,1.2152918916581381
6.6000000000000005,33.03098194298859,49.12290434699443,33.039649266525316,4.944822729863773,-0.5230786421613374,1.5658615324572338,,,,0.07054333572705113,0.13380283849638622,1,track_to_track_ci,33.0,48.76306680043864,32.911130405059154,5.0,-1.5134738033978405,1.1994005790707354
6.65,33.28564646626535,49.05804240625197,33.09946538101261,4.9474316976780806,-0.5559118318976033,1.5528189438257556,,,,0.07202219366667957,0.13509870158243475,1,track_to_track_ci,33.25,48.68631514438191,32.970701607802326,5.0,-1.556529312904633,1.1834352818059348
6.7,33.53792437593153,48.953444786749614,33.14380200907014,4.947917074349036,-0.6333672275693516,1.5234104295523991,,,,0.07030154408560779,0.13342789424370557,1,track_to_track_ci,33.5,48.60742027003944,33.02947271657287,5.0,-1.5992007720943142,1.1673969846784744
6.75,33.78806975784435,48.87946269759595,33.20230474756181,4.943766833955642,-0.6687009766218068,1.5128657569118928,,,,0.07175019674367417,0.13474295923646837,1,track_to_track_ci,33.75,48.52640164354092,33.087440106091954,5.0,-1.6414776524228358,1.1512866770060683
6.800000000000001,34.026277272084954,48.792317778655814,33.27105556590138,4.922830374137526,-0.715183587456437,1.5189222236048892,,,,0.07004445643706114,0.1330670989733315,1,track_to_track_ci,34.0,48.44327925502015,33.144600200657955,5.0,-1.6833495227025808,1.1351053525483799
6.8500000000000005,34.27578317347863,48.748331924161036,33.34263420987064,4.917204779673412,-0.7085365490588629,1.5236360594923468,,,,0.07149795021858862,0.1343808134035063,1,track_to_track_ci,34.25,48.358073613682706,33.20094947436698,5.0,-1.7248060516760972,1.1188540094457229
6.9,34.50901070582728,48.65247343140062,33.40936712882021,4.89112938548508,-0.7629431899494108,1.5272761957439798,,,,0.0698237406320322,0.13276875835113752,1,track_to_track_ci,34.5,48.270805742745615,33.2564844513304,5.0,-1.7658370105651897,1.1025336501574903
6.95,34.75773950514417,48.572891051030886,33.474854927691396,4.889276638185892,-0.7980767947505569,1.5251771680923696,,,,0.07129060335029397,0.1340595099158456,1,track_to_track_ci,34.75,48.18149717425023,33.311201705889246,5.0,-1.8064322755947113,1.0861452814003187
7.0,35.009093304370055,48.46380883451916,33.534721121988234,4.891965669590592,-0.8675001254283501,1.5168445191213067,,,,0.06959812217882727,0.13244923964251026,1,track_to_track_ci,35.0,48.09016994374947,33.365097862825515,5.0,-1.8465818304904564,1.0696899140859892
7.050000000000001,35.25006775530201,48.3784525123567,33.591678304266054,4.879053611048583,-0.8996461150095456,1.5064942023621768,,,,0.0710373087555614,0.1337478775213682,1,track_to_track_ci,35.25,47.9968465848709,33.418169597570376,5.0,-1.886275768950526,1.0531685632590695
7.1000000000000005,35.489515527871475,48.21405335994746,33.61062481806836,4.870216060305042,-1.025479669308183,1.452864829451201,,,,0.06933832535683841,0.13209667555464452,1,track_to_track_ci,35.50000000000001,47.901550123756905,33.47041363640923,5.0,-1.9255042970895564,1.0365822480343012
7.15,35.739659863454825,48.13298525418337,33.66593805295189,4.8708489589163975,-1.0439569100923194,1.4430599188394666,,,,0.07076381605881733,0.1334075336176129,1,track_to_track_ci,35.75000000000001,47.8043040733833,33.52182675668369,5.0,-1.9642577358552191,1.019931991533736
7.2,35.98871021931888,48.00502769975881,33.70862945577838,4.873199150589296,-1.119425757630495,1.4198760602374279,,,,0.06902236063747473,0.13172250968120688,1,track_to_track_ci,36.0,47.70513242775789,33.572405786990295,5.0,-2.002526523416379,1.0032188208236241
7.25,36.246955218612385,47.92758840116504,33.775775327572106,4.884383710420258,-1.1309034172033563,1.4253711328915273,,,,0.07042951640128678,0.1329676735879268,1,track_to_track_ci,36.25,47.60405965600031,33.62214760737622,5.0,-2.0403012175223334,0.9864437668510614
7.300000000000001,36.47871656447019,47.83063612601054,33.819204696757524,4.85817031181062,-1.1551374827113818,1.4065605513102497,,,,0.0686952919661567,0.13133489863498482,1,track_to_track_ci,36.50000000000001,47.50111069630459,33.67104914953168,5.0,-2.077572497832548,0.9696078643803938
7.3500000000000005,36.70689830737127,47.74553662675191,33.878458912618655,4.828365592793004,-1.1647696836520112,1.4085690461983376,,,,0.07010685673436907,0.13260543235939978,1,track_to_track_ci,36.75000000000001,47.3963109497861,33.719107396979204,5.0,-2.1143311682163057,0.9527121519293908
7.4,36.95643217516006,47.609983932255936,33.893152283812924,4.835004574633814,-1.2392536436595236,1.3533777692489934,,,,0.0684370509852247,0.1310055335757491,1,track_to_track_ci,37.0,47.28968627421411,33.76631938525972,5.0,-2.1505681590217223,0.9357576717051819
7.45,37.21200573744813,47.49970982160357,33.93277364536639,4.8475836392313685,-1.2813663829902993,1.3307239084273732,,,,0.06986939715105678,0.13233158278304755,1,track_to_track_ci,37.25,47.18126297763189,33.8126822021154,5.0,-2.186274529313543,0.91874546953997
7.5,37.46825844651805,47.394741220731134,33.97827884419935,4.858167167109275,-1.3144735852845173,1.3164524006767806,,,,0.06817738818391789,0.13068927394223653,1,track_to_track_ci,37.5,47.071067811865476,33.8581929876693,5.0,-2.221441469079183,0.9016765948265195
7.550000000000001,37.72084144854181,47.29624657235666,34.034684612418104,4.863379344123301,-1.3374541596072902,1.3172923680056101,,,,0.06959917315997394,0.13196372495055161,1,track_to_track_ci,37.75000000000001,46.959127965923145,33.90284893460181,5.0,-2.256060301402471,0.8845521004534235
7.6000000000000005,37.97849201972147,47.16736993003715,34.07426515982108,4.876584996095473,-1.3970442836853607,1.2978386847938026,,,,0.06789100274574564,0.1303481672359448,1,track_to_track_ci,38.0,46.845471059286886,33.946647288323774,5.0,-2.2901224846045407,0.86737304274016
7.65,38.218805044018445,47.059789291718744,34.13355861228034,4.863454087198294,-1.4232647225279322,1.3059904677288614,,,,0.06927946990519035,0.13158073262189962,1,track_to_track_ci,38.25,46.73012513509774,33.98958534714641,5.0,-2.3236196143513745,0.8501404813719277
7.7,38.472739878359334,46.928937144452284,34.17102287695606,4.8712774714742935,-1.478287595295825,1.2849294408408838,,,,0.06758527307889375,0.1299578402262803,1,track_to_track_ci,38.5,46.61311865323652,34.03166046244801,5.0,-2.356543425727433,0.8328554793342855
7.75,38.715505408440535,46.824159814519604,34.23315714479236,4.861491010752635,-1.4963453168547858,1.2971415097986068,,,,0.06899929224042055,0.13125974917879488,1,track_to_track_ci,38.75,46.494480483301835,34.072870038837266,5.0,-2.38888579527491,0.8155191028475783
7.800000000000001,38.97629641215019,46.679631501231455,34.26863386290418,4.880810256831754,-1.5666116359113431,1.2737059617360558,,,,0.0673327840510759,0.12964896051672795,1,track_to_track_ci,39.0,46.3742398974869,34.11321153431338,5.0,-2.420638742998068,0.7981324213011697
7.8500000000000005,39.22092014423318,46.579367745109714,34.31456805843963,4.872930186242161,-1.5716128488691226,1.2659397074708778,,,,0.06874061636147678,0.13093804232358205,1,track_to_track_ci,39.25,46.25242656335705,34.1526824604229,5.0,-2.4517944343321867,0.7806965071874753
7.9,39.46903148427596,46.44223686203368,34.35388087450452,4.873413016943697,-1.6246510748222107,1.250629400406396,,,,0.06709847903601748,0.1293726453049289,1,track_to_track_ci,39.5,46.12907053652977,34.19128038241318,5.0,-2.482345182076621,0.7632124360358092
7.95,39.72937852986182,46.32983514553827,34.39448059797644,4.889307765983359,-1.645736040807563,1.2353091484548315,,,,0.06851479212211814,0.13063015488509205,1,track_to_track_ci,39.75,46.00420225325884,34.229002919382566,5.0,-2.512283448291506,0.7456812863460368
8.0,39.97920548198971,46.167871384765775,34.42738916477385,4.89191470539396,-1.7259330230792926,1.2151451361291947,,,,0.06684773629104593,0.12904848441794384,1,track_to_track_ci,40.0,45.877852522924734,34.265847744427305,5.0,-2.5416018461576297,0.72810413952205
8.05,40.24120642143588,46.04977981770575,34.46095851768136,4.9089488081244514,-1.7469749604567966,1.193566278003786,,,,0.06823924150675005,0.1303162083600041,1,track_to_track_ci,40.25,45.75005252043278,34.30181258478502,5.0,-2.5702931417990196,0.7104820798050604
8.1,40.49970312170276,45.92132267987297,34.50955040591842,4.918985673384235,-1.7806499812570848,1.193481069326488,,,,0.06657674850290174,0.1286935537161684,1,track_to_track_ci,40.5,45.62083377852131,34.336895221974956,5.0,-2.59835025606779,0.69281619420672
8.15,40.74620761201917,45.77534552852254,34.554469799985256,4.914028714451873,-1.8320548663829754,1.191173256637569,,,,0.06796860713442641,0.12998298589214133,1,track_to_track_ci,40.75,45.490228179981315,34.371093491934786,5.0,-2.625766266290827,0.6751075724420642
8.200000000000001,40.984241781677945,45.62679991692437,34.578808731945784,4.896172657915942,-1.8784932812998676,1.1653940639633475,,,,0.06628890709897864,0.1283853816381809,1,track_to_track_ci,41.0,45.35826794978997,34.40440528515415,5.0,-2.6525344079778406,0.6573573068623002
8.25,41.235245288710225,45.50895632318955,34.61904556220453,4.896840384255332,-1.8869905046785789,1.1574320812417938,,,,0.06768103636830836,0.12963228848619207,1,track_to_track_ci,41.25,45.224985647159485,34.436828546804705,5.0,-2.67864807649041,0.6395664923874195
8.3,41.48654876493932,45.35097721440561,34.64504807509275,4.900029062553302,-1.9454886251063073,1.1339627394435823,,,,0.06603078422584356,0.1280712122913463,1,track_to_track_ci,41.5,45.09041415750371,34.46836127686697,5.0,-2.704100828671577,0.6217362264386606
8.35,41.734238402963825,45.23049378322724,34.68386871654281,4.8958860363578225,-1.9519442495607393,1.1270647894247503,,,,0.0674121799308227,0.1293215389106875,1,track_to_track_ci,41.75,44.95458668432408,34.49900153025361,5.0,-2.7288863844355973,0.6038676088708169
8.4,41.98687558003935,45.092808499592564,34.713541354804505,4.900176816507107,-1.981548906436032,1.1091866097945413,,,,0.06578676300198322,0.12775454528117625,1,track_to_track_ci,42.00000000000001,44.81753674101715,34.52874741692946,5.0,-2.7529986283174632,0.5859617419043867
8.450000000000001,42.22869542672561,44.95116243311688,34.73939596959725,4.889842114186203,-2.0109853250131664,1.0892639003725435,,,,0.06718649726516099,0.1290644777222674,1,track_to_track_ci,42.25000000000001,44.67929814260573,34.55759710202814,5.0,-2.776431610981794,0.5680197300575901
8.5,42.49861883205025,44.828778554091706,34.76879350589036,4.91648294857191,-2.0200943052918205,1.0695100534781332,,,,0.06556144778238969,0.1274863006299032,1,track_to_track_ci,42.5,44.53990499739547,34.585548805965146,5.0,-2.7991795506907526,0.5500426800782316
8.55,42.749398063510235,44.6974511026008,34.80280617468878,4.916537688527725,-2.036660098634087,1.0606541227156043,,,,0.06694548816678798,0.12874109077373302,1,track_to_track_ci,42.75000000000001,44.39939169855915,34.61260080454774,5.0,-2.821236834730602,0.5320317008754331
8.6,42.99358026256752,44.547655956561755,34.81987879386196,4.908543088624704,-2.0731296258892513,1.033024343754036,,,,0.06530156258927738,0.12719326425734467,1,track_to_track_ci,43.0,44.257792915650725,34.63875142908121,5.0,-2.8425980207965527,0.5139879034512326
8.65,43.24013762140686,44.41163839003297,34.85223275437768,4.903658410676703,-2.091426731319558,1.0252686716603847,,,,0.0666708871674359,0.1284254400190971,1,track_to_track_ci,43.25,44.11514358605109,34.66399906647186,5.0,-2.863257838335581,0.49591240083204685
8.700000000000001,43.48759262942267,44.236971340916156,34.86722657849046,4.902973044219515,-2.1575856475363793,0.9976654020270885,,,,0.06505061633870658,0.12687785073130536,1,track_to_track_ci,43.50000000000001,43.971478906347805,34.68834215932649,5.0,-2.8832111898468464,0.4778063080000219
8.75,43.74047077141203,44.10693474319302,34.904129001178944,4.906387119319135,-2.163977113346192,0.9970515777691418,,,,0.06643133499297553,0.12816158679956255,1,track_to_track_ci,43.75,43.8268343236509,34.711779206048455,5.0,-2.902453152139431,0.4596707418242519
8.8,43.984405932459154,43.9470053573198,34.910490826301576,4.899859317047071,-2.20496479847084,0.95989583611086,,,,0.06480916645130323,0.12659425214303338,1,track_to_track_ci,44.00000000000001,43.68124552684678,34.73430876093033,5.0,-2.920978977547065,0.44150682099188254
8.85,44.237455445815726,43.821164548249,34.943570295014624,4.903523867331454,-2.2022613994223263,0.9568682289130379,,,,0.06618555137320127,0.12786886935358477,1,track_to_track_ci,44.25,43.53474843779257,34.755929434243036,5.0,-2.938784095099535,0.4233156659391127
8.9,44.486355689919236,43.64384437342093,34.9451376742111,4.905426838831706,-2.2655169584988215,0.9160317398984787,,,,0.06455094533153677,0.12631258722936964,1,track_to_track_ci,44.5,43.38737920245291,34.77663989232161,5.0,-2.95586411165051,0.4050983987820719
8.950000000000001,44.727458848355525,43.507807220496915,34.98413877752215,4.892560661444165,-2.270522182597446,0.9254676216095135,,,,0.06591691668109916,0.12754456887299906,1,track_to_track_ci,44.75000000000001,43.23917418198149,34.79643885764743,5.0,-2.97221481296148,0.38685614324761025
9.0,44.98615960007636,43.35119960597514,34.99497871770478,4.906661974500204,-2.303295585683429,0.8968371012742296,,,,0.06432299276593076,0.1260370192072633,1,track_to_track_ci,45.0,43.09016994374947,34.81532510892707,5.0,-2.9878321647415556,0.3685900246039791
9.05,45.24103592989239,43.21203878138897,35.01293582295342,4.913831862787598,-2.311095458773309,0.8788234884971331,,,,0.06570061033651974,0.1273147599713193,1,track_to_track_ci,45.25,42.940403252323044,34.83329748116757,5.0,-3.002712313642874,0.3503011695914158
9.1,45.49775217600894,43.0629412492344,35.02573544994077,4.923550705878082,-2.3311366073896096,0.8558327749320469,,,,0.0640897148922535,0.12576065960830324,1,track_to_track_ci,45.49999999999999,42.7899110603923,34.850354865748365,5.0,-3.01685158821135,0.33199070635264627
9.15,45.7411817270194,42.91475617279194,35.043350680976644,4.914323732768264,-2.3467597930247166,0.8421636353359219,,,,0.06545740005528716,0.12705181628818982,1,track_to_track_ci,45.75,42.638730499653725,34.86649621048962,5.0,-3.0302464997925544,0.3136597643632925
9.200000000000001,45.99479872857977,42.72571255561677,35.041324305464755,4.922479784209026,-2.4172712915123213,0.8040106106568601,,,,0.0638385554103205,0.12549296262867266,1,track_to_track_ci,46.00000000000001,42.48689887164854,34.88172051971717,5.0,-3.0428937433924865,0.29530947436220345
9.25,46.254287351915956,42.581707395394076,35.0684291936378,4.934666727388834,-2.426128884879205,0.8031571053300866,,,,0.0652053805892672,0.12673573032072163,1,track_to_track_ci,46.25,42.334453638559054,34.89602685432389,5.0,-3.054790198493033,0.2769409682817049
9.3,46.51659809939607,42.43521207751377,35.07728128519511,4.949987858081643,-2.436128968514936,0.7791912676994599,,,,0.06359395283933184,0.1252157567312177,1,track_to_track_ci,46.5,42.181432413965425,34.9094143318277,5.0,-3.065932929821908,0.25855537917777327
9.35,46.77373621362512,42.280539824920155,35.09175153758873,4.958277478193429,-2.4567227890373715,0.764457321114179,,,,0.06494011797607908,0.12645541038643554,1,track_to_track_ci,46.75,42.02787295356513,34.9218821264259,5.0,-3.0763191880768885,0.24015384116015046
9.4,47.00970424468231,42.125204127591445,35.09010728469335,4.936632569271117,-2.4705904504664886,0.7335511660331662,,,,0.06331591283229367,0.12490700084770229,1,track_to_track_ci,47.0,41.87381314585725,34.9334294690462,5.0,-3.085946410604164,0.22173748932237822
9.450000000000001,47.256870782623885,41.97555688440235,35.11332059805062,4.931414070649586,-2.4806110457974597,0.7346065782654989,,,,0.06466153324980606,0.1261978143533011,1,track_to_track_ci,47.25,41.719291002794094,34.94405564739412,5.0,-3.094812222030629,0.20330745967178826
9.5,47.514688405180756,41.8030826145955,35.118331460273154,4.9420123123616815,-2.521769705019082,0.71159486245989,,,,0.06304112459471845,0.12464433251769821,1,track_to_track_ci,47.5,41.56434465040231,34.95376000599692,5.0,-3.102914434849978,0.18486488905942214
9.55,47.760025911998106,41.639790792076504,35.125353565600136,4.9355365241510025,-2.5455911112713636,0.6937295333890177,,,,0.06439082115920566,0.12589889343476407,1,track_to_track_ci,47.75,41.409012319375826,34.96254194624405,5.0,-3.1102510499624336,0.1664109151099069
9.600000000000001,48.000233768238864,41.450336668661805,35.133244648315,4.9228377470046105,-2.6019590890463036,0.6795992320156898,,,,0.06277369631092396,0.12438395588105022,1,track_to_track_ci,48.00000000000001,41.25333233564304,34.97040092642408,5.0,-3.1168202571679955,0.14794667615128232
9.65,48.24231313661572,41.29694249063118,35.146319460853064,4.912234912648721,-2.6067513849513375,0.6719090759790589,,,,0.06412462673948191,0.12562920667598407,1,track_to_track_ci,48.25000000000001,41.09734311091045,34.97733646175807,5.0,-3.1226204356130842,0.12947331114478267
9.700000000000001,48.50298965297224,41.135941117091704,35.15600976940472,4.927115257629459,-2.624594623564093,0.6584311645373191,,,,0.06252971543502164,0.12411467230795875,1,track_to_track_ci,48.50000000000001,40.941083133185145,34.983348124429554,5.0,-3.1276501541904578,0.11099195961457735
9.75,48.75473181664997,40.99998953658006,35.176856112995964,4.928116648051424,-2.6065237563430372,0.6605536408504378,,,,0.06388872981904561,0.12540446586877996,1,track_to_track_ci,48.75,40.78459095727845,34.98843554361085,5.0,-3.1319081718923187,0.09250376157748418
9.8,48.99954162178462,40.81836331184927,35.176542277698914,4.922473808544582,-2.6497152991989736,0.6370547892019829,,,,0.0623241130431765,0.12388984008220069,1,track_to_track_ci,49.00000000000001,40.62790519529313,34.99259840548598,5.0,-3.1353934381165134,0.07400985747264478
9.850000000000001,49.253267918159644,40.65929412584781,35.201056125427655,4.928104186452366,-2.663179994634177,0.6451645250998155,,,,0.06367848818577827,0.12517068830602754,1,track_to_track_ci,49.25000000000001,40.47106450709642,34.99583645327001,5.0,-3.138105092925752,0.05551138809117944
9.9,49.501050915337615,40.49996973191098,35.199509374994335,4.924841032257839,-2.6720022147069216,0.6205888217073223,,,,0.06209413821429412,0.12366223618296436,1,track_to_track_ci,49.5,40.31410759078128,34.99814948722491,5.0,-3.1400424672597853,0.037009494505814644
9.950000000000001,49.74691985873828,40.336376193366206,35.19331139931792,4.921347079768406,-2.6864811465918734,0.591356550703722,,,,0.06345835449022565,0.12491797623565834,1,track_to_track_ci,49.75000000000001,40.1570731731182,34.999537364671845,5.0,-3.1412050831004863,0.01850531800049792
10.0,49.99832106613285,40.177195375899956,35.19058661204319,4.9243447559519025,-2.694386297294855,0.5683497334274037,,,,0.06191174774943574,0.12345848632004565,1,track_to_track_ci,50.0,40.0,35.0,5.0,-3.141592653589793,1.4427530202913423e-16
10.05,50.250694049930274,40.01382853165573,35.207035304880776,4.928841011815395,-2.7104805199528528,0.5708327593575859,,,,0.06326824576606048,0.12473906889541564,1,track_to_track_ci,50.25000000000001,39.84292682688179,34.999537364671845,5.0,-3.1412050831004863,-0.01850531800049868
10.100000000000001,50.48179753235584,39.85644825916669,35.1798258941314,4.90505910309351,-2.708133916701968,0.5205570914237185,,,,0.06168108573924625,0.12321746520313724,1,track_to_track_ci,50.500000000000014,39.68589240921871,34.99814948722491,5.0,-3.1400424672597853,-0.0370094945058154
10.15,50.733949985513526,39.71379958441936,35.20300169112896,4.909436098506655,-2.6946442026061135,0.5350955527256218,,,,0.06302518390905788,0.12451763334566185,1,track_to_track_ci,50.75000000000001,39.52893549290357,34.99583645327001,5.0,-3.138105092925752,-0.05551138809117968
10.200000000000001,50.9787233996685,39.54528759645356,35.18609057411164,4.905905106689133,-2.7129873039861963,0.498567993322105,,,,0.06148074835740157,0.12302241286025878,1,track_to_track_ci,51.0,39.37209480470687,34.99259840548598,5.0,-3.1353934381165134,-0.07400985747264502
10.25,51.22359127972247,39.39800709753803,35.19470637518086,4.901449902246519,-2.703462730226434,0.49672612086389734,,,,0.06282585082913107,0.12428011458161455,1,track_to_track_ci,51.24999999999999,39.215409042721554,34.98843554361085,5.0,-3.131908171892319,-0.09250376157748338
10.3,51.46829084864151,39.24321602919328,35.18798532774073,4.897679515438175,-2.7029094778656315,0.475858378929523,,,,0.061278290253086606,0.12282661010905505,1,track_to_track_ci,51.5,39.05891686681486,34.983348124429554,5.0,-3.1276501541904578,-0.11099195961457706
10.350000000000001,51.711690004391194,39.08576468685918,35.204709563449796,4.892394170466012,-2.709228568965429,0.48615867076429,,,,0.06261990731851558,0.12409184634388402,1,track_to_track_ci,51.75000000000001,38.90265688908955,34.97733646175807,5.0,-3.1226204356130842,-0.1294733111447829
10.4,51.9562947773712,38.92315276722381,35.18298557722551,4.8945359081378985,-2.716824415532642,0.44870855406443866,,,,0.061053328312656335,0.12263524459188994,1,track_to_track_ci,52.0,38.746667664356956,34.97040092642408,5.0,-3.1168202571679955,-0.14794667615128307
10.450000000000001,52.20938260851455,38.76516188772402,35.188000185075936,4.90404473729467,-2.723530742886936,0.4446811240422548,,,,0.062403590428634956,0.12394588047247204,1,track_to_track_ci,52.25000000000001,38.59098768062417,34.96254194624405,5.0,-3.110251049962433,-0.16641091510990766
10.5,52.46402243170815,38.61674564509127,35.17154813117993,4.908786809455919,-2.7144020131624274,0.4134166699095516,,,,0.06081482603364962,0.12246713959364001,1,track_to_track_ci,52.5,38.435655349597695,34.95376000599692,5.0,-3.1029144348499784,-0.18486488905942183
10.55,52.699028253861854,38.46012887309767,35.17484959378184,4.891820757761343,-2.7165136008490407,0.41182476116249234,,,,0.06217545102206395,0.12375128305122716,1,track_to_track_ci,52.75000000000001,38.2807089972059,34.94405564739412,5.0,-3.094812222030629,-0.20330745967178854
10.600000000000001,52.95361458506759,38.31424194752657,35.16338385886637,4.897359205136923,-2.704841888591531,0.38875996713556304,,,,0.06064876299375057,0.12234781916841511,1,track_to_track_ci,53.0,38.12618685414275,34.9334294690462,5.0,-3.0859464106041634,-0.22173748932237844
10.65,53.19234805271676,38.15683503964533,35.16056866420877,4.886185763446676,-2.7092602429640493,0.3802983973590699,,,,0.0620022278861619,0.12361491846778679,1,track_to_track_ci,53.25,37.97212704643488,34.9218821264259,5.0,-3.076319188076889,-0.24015384116014965
10.700000000000001,53.45778843400409,38.000417882570545,35.14385112928872,4.91849899965718,-2.715317234845628,0.3514914874832371,,,,0.060528287981879,0.12214783534639224,1,track_to_track_ci,53.5,37.818567586034575,34.9094143318277,5.0,-3.065932929821908,-0.2585553791777735
10.75,53.70234283415645,37.86268701158893,35.15511161319357,4.916399730304686,-2.6885244797957597,0.3673192357387052,,,,0.06317903518447222,0.12492194057240659,1,track_to_track_ci,53.75,37.665546361440946,34.89602685432389,5.0,-3.054790198493033,-0.2769409682817046
10.8,53.961039037952446,37.69616718690454,35.13417057225892,4.932580570751016,-2.7090774703985687,0.3338690582356918,,,,0.061386923814452946,0.12294454547459166,1,track_to_track_ci,54.0,37.51310112835145,34.88172051971716,5.0,-3.042893743392486,-0.2953094743622042
10.850000000000001,54.198243859244656,37.54770252809598,35.123251635405595,4.917670272615703,-2.700192987373157,0.31868188316938273,,,,0.06264167637526476,0.12402420481872044,1,track_to_track_ci,54.25000000000001,37.36126950034627,34.86649621048962,5.0,-3.030246499792554,-0.31365976436329324
10.9,54.45433132008644,37.38932672509195,35.09573623940396,4.9300373307484575,-2.7067450458933706,0.28196618299126186,,,,0.06092423416564023,0.12229724197848554,1,track_to_track_ci,54.50000000000001,37.21008893960771,34.850354865748365,5.0,-3.0168515882113502,-0.331990706352646
10.950000000000001,54.69893372776812,37.22773702669018,35.07392553251134,4.926368476688147,-2.717121067173224,0.2553821142110877,,,,0.06219070004718963,0.12343475374942911,1,track_to_track_ci,54.75000000000001,37.059596747676956,34.83329748116757,5.0,-3.002712313642874,-0.35030116959141605
11.0,54.95549753996396,37.04798102107041,35.038678835174494,4.939344539130401,-2.7515434488398682,0.21288536132205138,,,,0.06050238658842773,0.12182962336577352,1,track_to_track_ci,55.00000000000001,36.90983005625052,34.81532510892706,5.0,-2.9878321647415556,-0.3685900246039794
11.05,55.20226654361763,36.897786678061166,35.02361211587538,4.937421452939267,-2.743579890913466,0.1995606963611749,,,,0.06176418309017016,0.12304805028611596,1,track_to_track_ci,55.25,36.76082581801851,34.79643885764743,5.0,-2.97221481296148,-0.38685614324761053
11.100000000000001,55.44897957462192,36.74057664877337,34.996631784192246,4.934793788323482,-2.744701770977798,0.1719443966555474,,,,0.06010463385351786,0.1214864733274168,1,track_to_track_ci,55.50000000000001,36.61262079754709,34.77663989232161,5.0,-2.95586411165051,-0.40509839878207204
11.15,55.69446377858522,36.58536951723768,34.99333588493063,4.931411383773851,-2.7454830921970057,0.17656256634099066,,,,0.06138726752234357,0.12277330301684387,1,track_to_track_ci,55.75,36.46525156220743,34.755929434243036,5.0,-2.938784095099535,-0.42331566593911235
11.200000000000001,55.95598905234402,36.41300341821835,34.94908874215447,4.950290120600335,-2.769158802142499,0.12633763787238195,,,,0.05979571101425161,0.12128871993001697,1,track_to_track_ci,56.00000000000001,36.31875447315322,34.73430876093033,5.0,-2.920978977547064,-0.44150682099188326
11.25,56.213417895842596,36.26437938468359,34.9399821792732,4.963554778945657,-2.7596786261897535,0.1256378774278133,,,,0.061079359625663784,0.12254906200254331,1,track_to_track_ci,56.25,36.1731656763491,34.711779206048455,5.0,-2.9024531521394312,-0.45967074182425155
11.3,56.46275343357032,36.10024999789601,34.891161767965485,4.964116092000943,-2.768485427011072,0.07470095244975994,,,,0.059510729110711744,0.12111834185983536,1,track_to_track_ci,56.50000000000001,36.028521093652195,34.68834215932649,5.0,-2.883211189846845,-0.4778063080000226
11.350000000000001,56.70598348928188,35.95787170246692,34.865966842306136,4.956205612527249,-2.7481063784530164,0.057583709965456364,,,,0.06081970388025352,0.12239692184939281,1,track_to_track_ci,56.750000000000014,35.88485641394891,34.66399906647186,5.0,-2.86325783833558,-0.49591240083204763
11.4,56.946544155482215,35.808636365682474,34.82158637120992,4.9452263264071,-2.736700676716694,0.017505318605209652,,,,0.05928623109562493,0.12096187315405714,1,track_to_track_ci,57.00000000000001,35.742207084349275,34.63875142908121,5.0,-2.842598020796553,-0.5139879034512322
11.450000000000001,57.203621848739246,35.664840716394814,34.79513759650446,4.958192944797181,-2.722655369672978,0.0009350097026796789,,,,0.06060310930770063,0.12227928027887272,1,track_to_track_ci,57.25,35.60060830144085,34.61260080454774,5.0,-2.8212368347306014,-0.5320317008754334
11.5,57.470318817443854,35.51717107307229,34.7640777706773,4.983632008110901,-2.714754850010735,-0.02075879973165229,,,,0.0590359788540019,0.12081517145485172,1,track_to_track_ci,57.49999999999999,35.46009500260454,34.585548805965146,5.0,-2.7991795506907535,-0.5500426800782308
11.55,57.72026730964469,35.38024559052324,34.75120763491556,4.983720509622324,-2.6934845783066663,-0.016905680059643657,,,,0.060341166627486634,0.12208127307044314,1,track_to_track_ci,57.75,35.32070185739427,34.55759710202814,5.0,-2.7764316109817946,-0.5680197300575898
11.600000000000001,57.98703425068262,35.219660717164494,34.709925709998856,5.008311386872242,-2.706025572655008,-0.05100738199597288,,,,0.05879759433478146,0.1206492242056002,1,track_to_track_ci,58.00000000000001,35.18246325898285,34.52874741692946,5.0,-2.7529986283174632,-0.585961741904387
11.65,58.2407003384945,35.08106086113786,34.67528188682047,5.01248022363678,-2.686767934767161,-0.07389651313624768,,,,0.06010053337997513,0.12190282688902464,1,track_to_track_ci,58.25,35.04541331567592,34.49900153025361,5.0,-2.7288863844355977,-0.6038676088708167
11.700000000000001,58.50418527864544,34.94320215075537,34.63742893413513,5.028753666188372,-2.6686877502248905,-0.10024965515174955,,,,0.05852707626534282,0.1204242771501536,1,track_to_track_ci,58.50000000000001,34.909585842496284,34.46836127686697,5.0,-2.704100828671576,-0.6217362264386613
11.75,58.749829421428366,34.79988632917431,34.600942475115666,5.02046306651661,-2.657933357131313,-0.12133468344634224,,,,0.059822626699055644,0.12171507175345023,1,track_to_track_ci,58.75,34.775014352840515,34.436828546804705,5.0,-2.67864807649041,-0.6395664923874192
11.8,59.00183388862477,34.65595590073619,34.55952957251587,5.021820779969371,-2.643955231736058,-0.14339226724284515,,,,0.05951181556590292,0.1214082674228556,1,track_to_track_ci,59.00000000000001,34.64173205021003,34.40440528515415,5.0,-2.65253440797784,-0.6573573068623003
11.850000000000001,59.24597540272963,34.520706242408494,34.53833548751086,5.01162686914291,-2.625135633339454,-0.1419217792936962,,,,0.06073329240300608,0.12246820828296642,1,track_to_track_ci,59.25,34.509771820018685,34.371093491934786,5.0,-2.625766266290827,-0.6751075724420645
11.9,59.492546734146785,34.3989139870025,34.51482336350101,5.00418576285627,-2.588990243749194,-0.14449506351743224,,,,0.05896829767130252,0.12067948392454032,1,track_to_track_ci,59.5,34.3791662214787,34.336895221974956,5.0,-2.5983502560677914,-0.6928161942067192
11.950000000000001,59.74018986442222,34.279266472280554,34.49335241316925,5.0003887148435275,-2.5533136387821145,-0.14465539013064443,,,,0.06018484091883103,0.12178906558263669,1,track_to_track_ci,59.75,34.24994747956721,34.30181258478502,5.0,-2.570293141799019,-0.7104820798050607
12.0,60.00458673815021,34.14704462863614,34.45333553802986,5.019472779423459,-2.5379430687688256,-0.17068366014120784,,,,0.05847209329478185,0.12015484337686576,1,track_to_track_ci,60.0,34.12214747707527,34.265847744427305,5.0,-2.5416018461576297,-0.7281041395220498
12.05,60.2660764985239,34.019227502485926,34.42671682275655,5.034374530854485,-2.518970205260146,-0.17721776566747138,,,,0.05969957392844468,0.12136781478834302,1,track_to_track_ci,60.25,33.99579774674116,34.229002919382566,5.0,-2.5122834482915057,-0.7456812863460369
12.100000000000001,60.51715959013964,33.88942767468869,34.37862310835429,5.033338394401076,-2.501394494241076,-0.2101490258070342,,,,0.05801789311279653,0.11977834883590631,1,track_to_track_ci,60.50000000000001,33.87092946347023,34.191280382413176,5.0,-2.48234518207662,-0.7632124360358098
12.15,60.76210819950459,33.76360938420467,34.34560568275001,5.024097101362245,-2.4802508816125908,-0.22089187154813317,,,,0.0592578878600654,0.12105319145604103,1,track_to_track_ci,60.75000000000001,33.74757343664295,34.1526824604229,5.0,-2.4517944343321862,-0.7806965071874755
12.200000000000001,61.00617735075025,33.62356880960798,34.30105652717153,5.0138608121717425,-2.4797152448075934,-0.24502722671013544,,,,0.05765033746261869,0.11955340075013553,1,track_to_track_ci,61.00000000000001,33.6257601025131,34.11321153431338,5.0,-2.4206387429980674,-0.7981324213011699
12.25,61.25534535472319,33.49565219097455,34.268887680692906,5.012204391095498,-2.464113413760117,-0.2530015994942545,,,,0.058916104084211766,0.12081334789942587,1,track_to_track_ci,61.25000000000001,33.50551951669816,34.07287003883726,5.0,-2.3888857952749096,-0.8155191028475787
12.3,61.50503601838776,33.38644964072736,34.21399188217137,5.011306855092135,-2.420606735017735,-0.2898968700428597,,,,0.05733668613713264,0.11936709882479243,1,track_to_track_ci,61.5,33.38688134676348,34.03166046244801,5.0,-2.356543425727434,-0.8328554793342853
12.350000000000001,61.76089376904934,33.27489116514158,34.17469527447499,5.019663085562891,-2.386163640536566,-0.30519907621510356,,,,0.058613424608368006,0.12064779309226786,1,track_to_track_ci,61.75000000000001,33.26987486490226,33.98958534714641,5.0,-2.3236196143513745,-0.8501404813719279
12.4,62.003667906503125,33.15647354505967,34.11337018517989,5.008616526381658,-2.3615271715095503,-0.34695080815567536,,,,0.057079654800569875,0.11920207800078425,1,track_to_track_ci,62.0,33.154528940713114,33.946647288323774,5.0,-2.2901224846045416,-0.8673730427401598
12.450000000000001,62.25729645132055,33.03705609512342,34.07275644459541,5.014082253548979,-2.3425562517533933,-0.35990580799390415,,,,0.058375403855677944,0.12053565084135767,1,track_to_track_ci,62.25000000000001,33.040872034076855,33.902848934601806,5.0,-2.2560603014024694,-0.8845521004534241
12.5,62.51356130942951,32.92206068526718,34.03552623890352,5.022268406348328,-2.318642844202806,-0.3678898750232591,,,,0.0568501624564408,0.11907001233723503,1,track_to_track_ci,62.5,32.928932188134524,33.8581929876693,5.0,-2.2214414690791835,-0.9016765948265193
12.55,62.76242011928264,32.80788671778664,33.98598123536895,5.019950132242071,-2.2948154057055064,-0.39146953892654324,,,,0.05814837065410449,0.12035749911900873,1,track_to_track_ci,62.75000000000001,32.81873702236811,33.8126822021154,5.0,-2.1862745293135424,-0.9187454695399703
12.600000000000001,63.01504225926349,32.6901124989314,33.92752976320101,5.022127991634356,-2.277043346306044,-0.4248528251471413,,,,0.05663028554326798,0.11892049971743347,1,track_to_track_ci,63.000000000000014,32.71031372578588,33.76631938525971,5.0,-2.150568159021721,-0.9357576717051825
12.65,63.27557977185426,32.57543520394141,33.87973153125078,5.036747404398647,-2.258477092439705,-0.4435291606992635,,,,0.057912209848861404,0.12017623984863054,1,track_to_track_ci,63.25000000000001,32.6036890502139,33.719107396979204,5.0,-2.1143311682163053,-0.952712151929391
12.700000000000001,63.513874770325806,32.47098746292646,33.82603553070456,5.017668202884216,-2.223569501507015,-0.4669283232878598,,,,0.056412777768843604,0.1187309274228137,1,track_to_track_ci,63.5,32.49888930369541,33.67104914953168,5.0,-2.0775724978325476,-0.969607864380394
12.75,63.771596897748026,32.35997552315834,33.77115239341745,5.028840397686876,-2.2029676813412635,-0.4920041426395514,,,,0.05771559732601094,0.12004431293887372,1,track_to_track_ci,63.74999999999999,32.3959403439997,33.62214760737622,5.0,-2.040301217522335,-0.9864437668510606
12.8,64.01964695073424,32.239460017218356,33.69868253501052,5.024170985172003,-2.1944402804140566,-0.53727103801711,,,,0.05621898021382004,0.11857064636705346,1,track_to_track_ci,64.0,32.294867572242104,33.57240578699029,5.0,-2.0025265234163787,-1.0032188208236243
12.850000000000001,64.25591743014952,32.13013152205579,33.65139507766193,5.003446224790849,-2.173114407105146,-0.5461642471768471,,,,0.05751584765118102,0.11987454517738598,1,track_to_track_ci,64.25,32.1956959266167,33.52182675668369,5.0,-1.964257735855219,-1.019931991533736
12.9,64.50789684921216,32.03463293611881,33.57939539793816,5.006835399292876,-2.1322636809138515,-0.5884865094297496,,,,0.056026254862841206,0.11842609013115783,1,track_to_track_ci,64.5,32.098449876243095,33.47041363640923,5.0,-1.9255042970895562,-1.0365822480343014
12.950000000000001,64.75461028169929,31.935520451356876,33.53498989924982,5.003090913118797,-2.1022431727341484,-0.5914973804863166,,,,0.057325903164570126,0.11969620131072131,1,track_to_track_ci,64.75000000000001,32.00315341512909,33.418169597570376,5.0,-1.8862757689505258,-1.0531685632590697
13.0,65.01244961301057,31.847334943189672,33.47916043309702,5.015576468544564,-2.0579266038043116,-0.6096773637757948,,,,0.055846739809265945,0.11826507800741286,1,track_to_track_ci,65.0,31.909830056250527,33.36509786282552,5.0,-1.846581830490457,-1.0696899140859892
13.05,65.25048422105061,31.759049201774157,33.4348635805562,4.998545250882293,-2.0177667632176792,-0.6112793326004038,,,,0.05714345783558951,0.1195682368790417,1,track_to_track_ci,65.25000000000001,31.81850282574976,33.311201705889246,5.0,-1.8064322755947095,-1.0861452814003194
13.100000000000001,65.49419398297505,31.66897652512076,33.37583827957363,4.9903549013974455,-1.9874967580737888,-0.6394762719830851,,,,0.056237342789441154,0.11839685468239204,1,track_to_track_ci,65.5,31.729194257254385,33.2564844513304,5.0,-1.7658370105651904,-1.10253365015749
13.15,65.74803071753901,31.577286835660157,33.32945053598394,4.999471786228451,-1.9583664469659254,-0.6423588650163268,,,,0.05748654509170216,0.11969152148889792,1,track_to_track_ci,65.75,31.6419263863173,33.20094947436698,5.0,-1.724806051676098,-1.1188540094457227
13.200000000000001,66.00466880163063,31.480260767341193,33.25140043923777,5.009106070109583,-1.9426420231680481,-0.6942840410450657,,,,0.05647782916116954,0.11834662815316566,1,track_to_track_ci,66.0,31.55672074497985,33.14460020065795,5.0,-1.6833495227025792,-1.1351053525483805
13.25,66.25329427595334,31.401305386664852,33.212830310722545,5.010710476983734,-1.899364826028247,-0.683248661807113,,,,0.057672824997346495,0.11960059164121914,1,track_to_track_ci,66.25,31.47359835645908,33.08744010609196,5.0,-1.6414776524228376,-1.1512866770060677
13.3,66.50139690072614,31.318861041880435,33.1598537808177,5.010168308045343,-1.8602890341711316,-0.6882935901817788,,,,0.05723270179132783,0.1193790534899249,1,track_to_track_ci,66.5,31.392579729960563,33.02947271657287,5.0,-1.5992007720943135,-1.1673969846784746
13.350000000000001,66.74055523508619,31.234503203305362,33.12126494281161,4.995972989062192,-1.8315588960866336,-0.6784228038845725,,,,0.05835982750278825,0.1203245241453584,1,track_to_track_ci,66.75000000000001,31.313684855618085,32.970701607802326,5.0,-1.5565293129046323,-1.1834352818059348
13.4,66.99546957398351,31.15893603797212,33.068891111738736,5.004155559756684,-1.7901884210182004,-0.6863325208179347,,,,0.057877144022164956,0.11979032584442392,1,track_to_track_ci,67.0,31.236933199561363,32.911130405059154,5.0,-1.51347380339784,-1.1994005790707356
13.450000000000001,67.24763323170868,31.078704952038162,33.01235928140244,5.009312700964947,-1.7603237011461843,-0.7017760245873816,,,,0.058914319041346634,0.12062488272477699,1,track_to_track_ci,67.25000000000001,31.162343699113062,32.85076278297574,5.0,-1.4700448668766515,-1.215291891658139
13.5,67.49744744574511,31.02153378636966,32.973331039273916,5.010557908501148,-1.7008438433002198,-0.6929487650253776,,,,0.058188738744180374,0.11964185464816401,1,track_to_track_ci,67.5,31.08993475811632,32.78960246531138,5.0,-1.4262532187813195,-1.2311082393171269
13.55,67.74964141512802,30.940570543502073,32.92812420955321,5.015105302969765,-1.679845148066569,-0.6927246525030739,,,,0.060809812105943134,0.1219655506747214,1,track_to_track_ci,67.75,31.019724242393846,32.72765322472256,5.0,-1.3821096640457358,-1.246848646420877
13.600000000000001,68.00045184921429,30.862344663445086,32.85610766801478,5.016970287906102,-1.6544638866096264,-0.7283337266662642,,,,0.05976558288866277,0.12053150899423569,1,track_to_track_ci,68.0,30.951729475339803,32.66491888253022,5.0,-1.3376250944314974,-1.2625121420269356
13.65,68.25824543266516,30.787877933918466,32.79993223075384,5.029210064637443,-1.6289732839551618,-0.7427096140747054,,,,0.06039538359103802,0.1209343549526703,1,track_to_track_ci,68.25,30.88596723364555,32.60140330848413,5.0,-1.2928104858405265,-1.2780977599371088
13.700000000000001,68.51343777801202,30.701262184458393,32.74553868597169,5.038128603016155,-1.6234112848617386,-0.7544687619844908,,,,0.0621238684285811,0.12222115051755765,1,track_to_track_ci,68.5,30.82245374316019,32.53711042052405,5.0,-1.2476768956069084,-1.293604538757073
13.75,68.76548809429825,30.62219500622533,32.69295736939639,5.04089704165243,-1.606196170381338,-0.7598694766727121,,,,0.06480970357771428,0.12429843513221216,1,track_to_track_ci,68.75,30.761204674887136,32.47204418453818,5.0,-1.2022354597686942,-1.3090315219556632
13.8,69.00713331973976,30.58897941127566,32.62682304623003,5.028124698886348,-1.5241929676488297,-0.7821235692777861,,,,0.06586279293604869,0.12442937108078028,1,track_to_track_ci,69.0,30.702235141117484,32.40620861411843,5.0,-1.1564973903202125,-1.3243777579238922
13.850000000000001,69.25898903635694,30.520336522412933,32.561906698011256,5.032236405300866,-1.4995133919988817,-0.8028899406694308,,,,0.06870976746146229,0.12626922945878416,1,track_to_track_ci,69.25000000000001,30.645559691701322,32.339607770312895,5.0,-1.110473972445711,-1.3396423000336362
13.9,69.50187414580134,30.465160097630275,32.480504019409885,5.02446564969548,-1.455283449178829,-0.8419699481513945,,,,0.069865029084318,0.12614248753854834,1,track_to_track_ci,69.5,30.591192310457746,32.27224576137535,5.0,-1.0641765617348926,-1.3548242066960334
13.950000000000001,69.75125741686664,30.407934622873565,32.41383864174074,5.025875648297934,-1.4204801447759543,-0.8616000491142337,,,,0.07278301701836382,0.12777067205210518,1,track_to_track_ci,69.75,30.539146411724545,32.204126742511804,5.0,-1.0176165813810794,-1.369922541419571
14.0,70.0028411765184,30.358969825191483,32.32633996794224,5.032192866555345,-1.3759718263731386,-0.906084475621423,,,,0.07392282255916902,0.12742309723423784,1,track_to_track_ci,70.0,30.489434837048464,32.135254915624216,5.0,-0.9708055193627337,-1.3849363728678423
14.05,70.24636553075898,30.308262705062333,32.26419672315326,5.025391617127149,-1.337959450100696,-0.9153277420879107,,,,0.07685680848640872,0.12894282648322267,1,track_to_track_ci,70.25,30.4420698520167,32.065634529051266,5.0,-0.9237549256089604,-1.3998647749170023
14.100000000000001,70.50467288919934,30.262140510889054,32.1736963590509,5.042426068501201,-1.2975801097613928,-0.9617325180371967,,,,0.07790051592235309,0.12838351636378434,1,track_to_track_ci,70.5,30.397063143230568,31.995269877306356,5.0,-0.8764764091497319,-1.4147068267128946
14.15,70.7518465717996,30.20343502994102,32.110087027664704,5.041954663614252,-1.2767678968270246,-0.9700432003763204,,,,0.08078394748491101,0.12981411406493967,1,track_to_track_ci,70.75,30.35442581542202,31.924165300812653,5.0,-0.8289816352515492,-1.4294616127278494
14.200000000000001,71.0058725441868,30.16353293479582,32.01452809112794,5.0557797649041785,-1.231978881665487,-1.0183051474192633,,,,0.0816239047067085,0.12907020948244935,1,track_to_track_ci,71.00000000000001,30.31416838871369,31.852325185635355,5.0,-0.7812823225391813,-1.4441282228171672
14.25,71.25669231985937,30.10668459187576,31.933711101548237,5.064594052320726,-1.2126347738605894,-1.0438370961006687,,,,0.08443917640506325,0.1303493135591772,1,track_to_track_ci,71.25,30.276300796023236,31.77975396321117,5.0,-0.7333902401043079,-1.4587057522752498
14.3,71.50111605424009,30.076693300037874,31.8571221783225,5.059769712950854,-1.1580088535279316,-1.0644901431938667,,,,0.08488885893448084,0.12956604643298267,1,track_to_track_ci,71.50000000000001,30.240832380612524,31.706456110074946,5.0,-0.6853172046016424,-1.4731933018914143
14.350000000000001,71.75135559606706,30.028846366426325,31.78330183627575,5.064966110879679,-1.1328338021242104,-1.080195889325239,,,,0.08751562474682378,0.13081314953215,1,track_to_track_ci,71.75,30.207771893782343,31.63243614758352,5.0,-0.6370750773333629,-1.4875899780053583
14.4,71.9976709937769,29.998608364505625,31.687347412777516,5.067551511251267,-1.08217452193459,-1.1210907079148313,,,,0.08765114587770206,0.12994550123451445,1,track_to_track_ci,72.0,30.17712749271311,31.55769864163684,5.0,-0.5886757613225104,-1.5018948925622844
14.450000000000001,72.24856021754849,29.964842049715877,31.61654132391748,5.0711762079541565,-1.044673674029113,-1.1312378341530653,,,,0.09012894984490814,0.13120918170050794,1,track_to_track_ci,72.25,30.14890673845226,31.48224820239632,5.0,-0.5401311983760961,-1.5161071631676806
14.5,72.49131244027055,29.925154995088338,31.522677079488446,5.0717629255948395,-1.0112092886206483,-1.164235863995298,,,,0.08991672887668488,0.130330998590382,1,track_to_track_ci,72.5,30.123116594048625,31.406089484000464,5.0,-0.49145336613863916,-1.5302259131417502
14.55,72.73733191874312,29.882525810435585,31.450865162404487,5.0716563143679,-0.9882666850216637,-1.170858266706034,,,,0.09226265843165792,0.13155675589963917,1,track_to_track_ci,72.75,30.099763422834425,31.329227184277755,5.0,-0.442654275136862,-1.5442502715734896
14.600000000000001,73.00127151576285,29.8694658147688,31.356881140106065,5.090349460722468,-0.9326680004313275,-1.212862304010379,,,,0.09185754766945758,0.13069824773161673,1,track_to_track_ci,73.00000000000001,30.07885298685522,31.25166604445689,5.0,-0.3937459658162703,-1.558179373374411
14.65,73.25517512798857,29.850777936369585,31.284258203079226,5.094515003104419,-0.8873125105500677,-1.2227969116741946,,,,0.09403528267038073,0.131942629514542,1,track_to_track_ci,73.25,30.060390445448203,31.173410848874326,5.0,-0.3447405055703634,-1.5720123593319015
14.700000000000001,73.49151524247085,29.84292195744665,31.197180886856366,5.078037532459401,-0.8225101528881638,-1.245395580901402,,,,0.09340609360813666,0.13109576445479917,1,track_to_track_ci,73.50000000000001,30.0443803539692,31.094466424679144,5.0,-0.29564998576317,-1.585748376162229
14.75,73.74379952418346,29.81799019987536,31.11991014043557,5.083291937281508,-0.7920945254683289,-1.2582048167327429,,,,0.09556851509771123,0.1323626260465695,1,track_to_track_ci,73.75,30.030826662668723,31.01483764153528,5.0,-0.24648651874589517,-1.5993865765631736
14.8,73.97987975671494,29.81353626731223,31.028028430634514,5.06821384954884,-0.7292645895771344,-1.2854264272852305,,,,0.09481032202247736,0.13152989965234005,1,track_to_track_ci,74.0,30.019732715717282,30.934529411321172,5.0,-0.1972622348683768,-1.6129261192662918
14.850000000000001,74.22321099744796,29.782572130875444,30.9381369147,5.06763257256241,-0.7082960789099957,-1.3076005710621246,,,,0.09698381980500126,0.13275604046398404,1,track_to_track_ci,74.25,30.0111012503803,30.85354668782674,5.0,-0.1479892794861028,-1.6263661690888134
14.9,74.45207846580291,29.762108038368133,30.83067814605491,5.053376706676239,-0.6663801011032504,-1.3456481471458446,,,,0.09612564240176764,0.13195011183743355,1,track_to_track_ci,74.5,30.004934396342684,30.771894466447833,5.0,-0.09867980996352677,-1.639705896985157
14.950000000000001,74.69731137499022,29.751394269726752,30.749524903404975,5.050902648080786,-0.6260954601868747,-1.3567359781303452,,,,0.09816205421156272,0.133205759770213,1,track_to_track_ci,74.75,30.001233675183393,30.689577783878082,5.0,-0.04934599267441991,-1.6529444800980702
15.0,74.91855820314422,29.73744004576505,30.644451759125317,5.028081279810273,-0.5794496657688484,-1.3876258114203637,,,,0.09727001250159262,0.1324065645129228,1,track_to_track_ci,75.0,30.0,30.606601717798213,5.0,-5.771012081165369e-16,-1.666081101809387
15.05,75.1759280244891,29.733735516571606,30.569114113529317,5.0379561194099125,-0.5427230940512686,-1.3945126853599632,,,,0.09929722374309463,0.13368175383181635,1,track_to_track_ci,75.25,30.001233675183393,30.52297138656283,5.0,0.04934599267442154,-1.6791149517904025
15.100000000000001,75.41551368593183,29.73181592011147,30.46372344884278,5.032620389755678,-0.49486326990658824,-1.4315901846487904,,,,0.09833014011018527,0.1328355463737646,1,track_to_track_ci,75.50000000000001,30.004934396342684,30.43869194888471,5.0,0.0986798099635284,-1.6920452260518533
15.15,75.65672826853356,29.722961918105867,30.368159870482828,5.028463664716931,-0.4613182577624144,-1.454680534787876,,,,0.1003563015610008,0.1341303978836719,1,track_to_track_ci,75.75,30.0111012503803,30.353768603516556,5.0,0.14798927948610444,-1.7048711269935164
15.200000000000001,75.93568007557025,29.75729204767591,30.298235994706996,5.048187377304757,-0.3959251700089794,-1.4667880562809614,,,,0.10039677979567954,0.13412653358885626,1,track_to_track_ci,76.0,30.019732715717282,30.268206588930333,5.0,0.19726223486837563,-1.7175918634534055
15.25,76.18831324923894,29.762038031901085,30.212868058381037,5.050594484018454,-0.3591278082399185,-1.4813453200645696,,,,0.10237539238053442,0.13519014119209585,1,track_to_track_ci,76.25,30.03082666266872,30.18201118299413,5.0,0.24648651874589403,-1.7302066507565779
15.3,76.44069255481998,29.770512896728697,30.11717666483325,5.051909887652265,-0.31971389563925356,-1.5079796237913143,,,,0.10124019023475997,0.13416966189066878,1,track_to_track_ci,76.5,30.0443803539692,30.095187702646598,5.0,0.2956499857631716,-1.742714710763531
15.350000000000001,76.6776356429268,29.770954386233925,30.0221843975018,5.041315796754262,-0.2857902323280115,-1.525083505828512,,,,0.10320479433636773,0.13531122351900637,1,track_to_track_ci,76.75,30.060390445448203,30.007741503568994,5.0,0.34474050557036506,-1.7551152719182044
15.4,76.92642214123248,29.801791416910056,29.942149045915244,5.03062750965303,-0.22390961713890078,-1.5333451082347338,,,,0.10321563445881787,0.13525227458817934,1,track_to_track_ci,77.0,30.07885298685522,29.919677979854775,5.0,0.39374596581627186,-1.7674075692955749
15.450000000000001,77.16919009713042,29.80825073710337,29.850821009635624,5.025869308889014,-0.19259744265698941,-1.5474202065147011,,,,0.10515811857311855,0.13629755080556535,1,track_to_track_ci,77.25000000000001,30.099763422834425,29.83100256367691,5.0,0.4426542751368609,-1.7795908446488384
15.5,77.36721688759289,29.81620482582872,29.717805387933602,4.984174226029573,-0.13693732241861767,-1.5960883783399638,,,,0.10386873528588694,0.13519073263580117,1,track_to_track_ci,77.5,30.12311659404862,29.741720724952756,5.0,0.491453366138638,-1.7916643464561826
15.55,77.6306785695316,29.84691933365948,29.64198188944072,4.99379631123675,-0.09327815652316929,-1.5987730631409391,,,,0.10577626423722156,0.13629083541909084,1,track_to_track_ci,77.75000000000001,30.14890673845226,29.651837971006678,5.0,0.5401311983760977,-1.8036273299671453
15.600000000000001,77.87617385726776,29.896886071947925,29.56079211323,4.9792057270605525,-0.021032276616367085,-1.605396799727778,,,,0.10453150315584828,0.13536328389614521,1,track_to_track_ci,78.0,30.17712749271311,29.561359846230346,5.0,0.5886757613225093,-1.8154790572485509
15.65,78.10582176521676,29.905754512238616,29.466018487490434,4.9666705285081605,0.004772687750090654,-1.6144082665203996,,,,0.10644227445965043,0.13650727406418273,1,track_to_track_ci,78.25,30.207771893782343,29.470291931740668,5.0,0.6370750773333618,-1.8272187972300362
15.700000000000001,78.3510850186733,29.94527998334697,29.368064178821175,4.960764053116954,0.059521976123292575,-1.6384166038970136,,,,0.1052382424376562,0.13565983849067476,1,track_to_track_ci,78.5,30.240832380612527,29.378639845035575,5.0,0.685317204601644,-1.83884582574914
15.75,78.59570886304277,29.96540875717281,29.271861109949203,4.961292239956492,0.08729571332075636,-1.6547022384065002,,,,0.10720017292109041,0.13687082955703925,1,track_to_track_ci,78.75,30.276300796023232,29.28640923964751,5.0,0.7333902401043066,-1.8503594255959732
15.8,78.84341761298433,30.01385009743848,29.174248997973987,4.954829560208346,0.1457744944205217,-1.678579698708063,,,,0.10604696720962556,0.13606424601783434,1,track_to_track_ci,79.0,30.31416838871369,29.193605804794643,5.0,0.7812823225391828,-1.861758886557466
15.850000000000001,79.0858650196396,30.034861963981385,29.071945087494157,4.954801895579074,0.17034204698636302,-1.6992858400815578,,,,0.10802812197836296,0.13726898971546636,1,track_to_track_ci,79.25000000000001,30.35442581542202,29.100235265029994,5.0,0.8289816352515481,-1.8730435054611674
15.9,79.34633993649906,30.083256901842752,28.962770270590397,4.964392014832079,0.2198793253132152,-1.7394220648755265,,,,0.1067729554302583,0.13661917212638158,1,track_to_track_ci,79.5,30.397063143230568,29.00630337988826,5.0,0.8764764091497335,-1.8842125862186294
15.950000000000001,79.59914227600649,30.114260371902603,28.867080478517146,4.96883017321791,0.2459773649424477,-1.7537530408573048,,,,0.10877924022093824,0.13780074564367203,1,track_to_track_ci,79.75000000000001,30.4420698520167,28.911815943530573,5.0,0.923754925608962,-1.8952654398683408
16.0,79.85666149173908,30.172664630388795,28.77664164349548,4.966451035313035,0.3001668358938332,-1.7682490685183438,,,,0.10776200505072675,0.13703895098579608,1,track_to_track_ci,80.0,30.489434837048464,28.816778784387097,5.0,0.9708055193627326,-1.9062013846182222
16.05,80.0962968540254,30.19566588663381,28.672939896771865,4.962701655989299,0.3176341455977507,-1.7843453385646058,,,,0.10982685623476533,0.1382459099957641,1,track_to_track_ci,80.25,30.539146411724545,28.72119776479746,5.0,1.017616581381078,-1.9170197458876908
16.1,80.35633840662925,30.257008563852352,28.572520624134594,4.963545370579965,0.37045213692123014,-1.8109563469047885,,,,0.10883265879343193,0.13746443179618364,1,track_to_track_ci,80.5,30.591192310457746,28.625078780649176,5.0,1.0641765617348942,-1.9277198563492646
16.150000000000002,80.59670828873614,30.291610782389434,28.477517057878384,4.9552187481312515,0.3956095637968957,-1.815779731804227,,,,0.11094484805808197,0.13867059372839508,1,track_to_track_ci,80.75000000000001,30.64555969170133,28.52842776101396,5.0,1.1104739724457153,-1.9383010559697265
16.2,80.84289648483534,30.36757760057833,28.382148727619334,4.93763538164459,0.4660056666916148,-1.8319685734119275,,,,0.10996750069251156,0.1378908939456298,1,track_to_track_ci,81.0,30.702235141117484,28.43125066778196,5.0,1.1564973903202114,-1.9487626920508425
16.25,81.09399216853535,30.415567176595765,28.28443408816838,4.937528631356784,0.4964124730291388,-1.8452646882287667,,,,0.11209101045346788,0.13903321408641056,1,track_to_track_ci,81.25,30.761204674887132,28.333553495294034,5.0,1.2022354597686933,-1.9591041192696224
16.3,81.32743363345539,30.458501744253397,28.16988918562089,4.926642113073612,0.5274534959164896,-1.8715995128429768,,,,0.1111242177410049,0.13826910630363143,1,track_to_track_ci,81.5,30.82245374316019,28.235342269971973,5.0,1.2476768956069098,-1.9693246997181204
16.35,81.58285125185844,30.52243791480958,28.083852944470234,4.923486323122063,0.5693440052964149,-1.8720216070093159,,,,0.1132706663822577,0.13939488066352118,1,track_to_track_ci,81.75000000000001,30.88596723364555,28.136623049946778,5.0,1.292810485840528,-1.979423802942793
16.400000000000002,81.83454267498136,30.605872417515165,27.994454714555257,4.91050086743207,0.6335943743417687,-1.8794691711431568,,,,0.11230044013441547,0.13860658351873179,1,track_to_track_ci,82.0,30.951729475339803,28.03740192468495,5.0,1.3376250944314987,-1.9894008059833805
16.45,82.07237011794145,30.651851796393935,27.889521544750238,4.903324046675138,0.6564717474774255,-1.8930055265377348,,,,0.11451603370693916,0.13975948011354486,1,track_to_track_ci,82.25,31.019724242393842,27.93768501461286,5.0,1.3821096640457349,-1.9992550934113407
16.5,82.33703292339294,30.748197603520964,27.796907601507243,4.899323250666441,0.7242544734242671,-1.910420593225922,,,,0.11356005917491667,0.13897514915860473,1,track_to_track_ci,82.5,31.08993475811632,27.837478470739235,5.0,1.4262532187813186,-2.0089860573678076
16.55,82.59758294009652,30.818521892196493,27.70356560095341,4.902558562021156,0.7587067188588605,-1.9199473907884936,,,,0.115796236704345,0.1400724514780958,1,track_to_track_ci,82.75,31.162343699113066,27.736788474275713,5.0,1.4700448668766528,-2.018593097601086
16.6,82.84286127188906,30.895540372219585,27.60091216739282,4.890615766214744,0.8057939866009747,-1.936700382601984,,,,0.11485003299671621,0.13931498114359964,1,track_to_track_ci,83.0,31.236933199561367,27.635621236255567,5.0,1.5134738033978414,-2.0280756215036826
16.650000000000002,83.10551341813758,30.984729686907755,27.51266071396751,4.888460969646218,0.8556231579826914,-1.942231584679206,,,,0.11710108512202366,0.14037298055765673,1,track_to_track_ci,83.25000000000001,31.313684855618092,27.533982997150584,5.0,1.5565293129046338,-2.0374330441488557
16.7,83.34694510974484,31.06276003013531,27.406870373344066,4.875382643921839,0.898732844550679,-1.9604775417723772,,,,0.11614776707914767,0.13959474712219158,1,track_to_track_ci,83.5,31.39257972996056,27.431880026486116,5.0,1.5992007720943124,-2.046664788326698
16.75,83.5863812050419,31.13524793582925,27.30093860445191,4.8641359898518886,0.9343657493495954,-1.9748691898815736,,,,0.11846688601470672,0.1406718180978342,1,track_to_track_ci,83.75,31.473598356459078,27.329318622454323,5.0,1.6414776524228365,-2.055770284579746
16.8,83.84025306221197,31.231647554315217,27.2033087592656,4.855450034002416,0.988593146535635,-1.9875857659339218,,,,0.11751741719471141,0.13988801917770188,1,track_to_track_ci,84.00000000000001,31.55672074497985,27.22630511152573,5.0,1.6833495227025805,-2.0647489712380973
16.85,84.09064726804911,31.32236599380726,27.10928776357047,4.8468371371749726,1.0335128591469527,-1.991839901430339,,,,0.11988304060508558,0.14092982572705035,1,track_to_track_ci,84.25,31.641926386317298,27.12284584805892,5.0,1.7248060516760968,-2.0736002944540672
16.900000000000002,84.336113906007,31.40500941351337,26.991225279789504,4.842406560592735,1.070382886862987,-2.023395816859633,,,,0.11893564752801607,0.14017403344954962,1,track_to_track_ci,84.50000000000001,31.72919425725438,27.0189472139086,5.0,1.7658370105651893,-2.0823237082363457
16.95,84.55866703912284,31.477927977554636,26.877952134731927,4.821687762600575,1.1031520431862276,-2.0364007208659416,,,,0.12119610840719837,0.1412613495155446,1,track_to_track_ci,84.74999999999999,31.81850282574976,26.91461561803194,5.0,1.8064322755947089,-2.090918674483679
17.0,84.78585426218554,31.562214685259157,26.76286080454106,4.8029917036817125,1.1445650293219671,-2.0546975807798376,,,,0.12022089329030126,0.1405265223572978,1,track_to_track_ci,85.0,31.909830056250524,26.8098574960932,5.0,1.846581830490456,-2.0993846630180646
17.05,85.01566270657887,31.64657043415292,26.651967473540743,4.783568194307236,1.18076391033226,-2.0691435973765877,,,,0.12249960479799377,0.1416274628278679,1,track_to_track_ci,85.25,32.00315341512909,26.70467931006682,5.0,1.8862757689505247,-2.10772115161745
17.1,85.2355542583897,31.73209654858278,26.538027949408114,4.760607610632775,1.2218606782179222,-2.081759802258638,,,,0.12149202343221298,0.14087309487409877,1,track_to_track_ci,85.50000000000001,32.0984498762431,26.599087547838725,5.0,1.9255042970895575,-2.1159276260479514
17.150000000000002,85.49481394304046,31.822843145866166,26.443425478441306,4.768626547162839,1.246869487827965,-2.081940958287106,,,,0.12391049334100464,0.14187877276166772,1,track_to_track_ci,85.75000000000001,32.19569592661671,26.493088722806206,5.0,1.9642577358552202,-2.1240035800955686
17.2,85.71470773929079,31.903912696272243,26.317659819174175,4.752110761721781,1.2792236374271084,-2.107277851653194,,,,0.12289272996793807,0.14112691086646315,1,track_to_track_ci,86.0,32.294867572242104,26.386689373476095,5.0,2.002526523416378,-2.1319485155974145
17.25,85.95514533082599,31.99809624912978,26.218378083805007,4.744662110404278,1.3129921965815896,-2.10569067411069,,,,0.1253400055531532,0.1420742909961651,1,track_to_track_ci,86.25,32.39594034399969,26.27989606306142,5.0,2.0403012175223347,-2.1397619424724454
17.3,86.2275421867306,32.12123334271671,26.115880010729466,4.7524483644352244,1.3649411031175163,-2.1259307065491626,,,,0.12435681417978453,0.14136150696888844,1,track_to_track_ci,86.5,32.49888930369541,26.17271537907663,5.0,2.0775724978325476,-2.1474433787516856
17.35,86.47368644749807,32.22294485139422,26.010427291299155,4.747951198088813,1.3997214209425266,-2.1342002531548445,,,,0.1268544353808738,0.14230295194195747,1,track_to_track_ci,86.75,32.6036890502139,26.065153932931175,5.0,2.1143311682163053,-2.1549923506079627
17.400000000000002,86.72108554216426,32.335920374847696,25.89522427475301,4.74154936523189,1.446140771619497,-2.1573552010450143,,,,0.12586460495003465,0.14157494874931414,1,track_to_track_ci,87.00000000000001,32.710313725785895,25.957218359521704,5.0,2.150568159021724,-2.1624083923851347
17.45,86.93149498722298,32.420468596906616,25.770568905868576,4.719452300645486,1.4728871759699302,-2.1726152119680933,,,,0.12839264958646568,0.14252766032371378,1,track_to_track_ci,87.25,32.818737022368104,25.848915316822833,5.0,2.18627452931354,-2.16969104662681
17.5,87.2058971381784,32.56170946018434,25.678782226515743,4.7223489868151916,1.5325270664501573,-2.176928649864905,,,,0.12735144139448645,0.14179197476863806,1,track_to_track_ci,87.5,32.928932188134524,25.74025148547635,5.0,2.2214414690791826,-2.176839864104573
17.55,87.43449237876328,32.6511320874498,25.550349489215964,4.7160536473009245,1.5514634277711394,-2.20232064087336,,,,0.1298908228514352,0.142697510548946,1,track_to_track_ci,87.75,33.04087203407686,25.631233568379244,5.0,2.2560603014024716,-2.183854403845687
17.6,87.64816155505508,32.73636485968961,25.408642852272706,4.70142328190078,1.5719792077214976,-2.23778257577856,,,,0.12885995058054278,0.14200910025986546,1,track_to_track_ci,88.00000000000001,33.15452894071312,25.521868290270167,5.0,2.2901224846045425,-2.1907342331602986
17.650000000000002,87.9236502501164,32.85639670970256,25.310711224070882,4.717420582300456,1.6001928230618745,-2.240174440365685,,,,0.13138324995076858,0.14289003544678386,1,track_to_track_ci,88.25,33.26987486490227,25.412162397314624,5.0,2.323619614351376,-2.1974789276681292
17.7,88.183408758177,32.98044314679993,25.178284311516045,4.722068528874864,1.641025801470846,-2.283423293776522,,,,0.13036410780914962,0.14219504880461895,1,track_to_track_ci,88.5,33.386881346763474,25.302122656688862,5.0,2.3565434257274323,-2.204088071324651
17.75,88.42247128852013,33.08578908345057,25.061775970336477,4.715977478134825,1.6643602188230489,-2.2919926595846434,,,,0.13303485670400678,0.14302491058297936,1,track_to_track_ci,88.75,33.50551951669816,25.1917558561624,5.0,2.3888857952749087,-2.210561256446752
17.8,88.63989254109029,33.183138950444494,24.939686315633065,4.697638251907982,1.6881223655655475,-2.298696508514162,,,,0.13200158900065428,0.14233024596777583,1,track_to_track_ci,89.0,33.625760102513105,25.08106880367937,5.0,2.4206387429980687,-2.2168980837378824
17.85,88.86681803526663,33.282971597828265,24.81261305821706,4.689087098273738,1.70898910570304,-2.3145389771047533,,,,0.13461781227450523,0.1432240622986207,1,track_to_track_ci,89.25,33.74757343664295,24.970068326938566,5.0,2.4517944343321867,-2.2230981623126858
17.900000000000002,89.12742842854908,33.428618993521745,24.718890313784403,4.68228399742538,1.763466523489015,-2.3061263309720132,,,,0.13359780717412092,0.1425679571396468,1,track_to_track_ci,89.50000000000001,33.87092946347024,24.858761272972234,5.0,2.4823451820766222,-2.22916110972111
17.95,89.37494306006533,33.53761985134833,24.61043282177528,4.685545198445126,1.779408899517847,-2.304871712270689,,,,0.1362099919306438,0.1434356219779886,1,track_to_track_ci,89.75,33.99579774674116,24.747154507723792,5.0,2.512283448291506,-2.235086551972
18.0,89.67077234064469,33.70899208612457,24.51742993195679,4.695815038976903,1.843388230547248,-2.311443581232311,,,,0.13522736184006715,0.14279544151586493,1,track_to_track_ci,90.0,34.122147477075266,24.635254915624213,5.0,2.5416018461576297,-2.240874123556167
18.05,89.92135671268022,33.82018417482439,24.405789610749114,4.700586323871221,1.8555935933534613,-2.314934218250386,,,,0.137875962286936,0.14368383179188055,1,track_to_track_ci,90.25000000000001,34.24994747956722,24.523069399167433,5.0,2.5702931417990196,-2.2465234674689336
18.1,90.15544879640154,33.94487412585139,24.28609123295602,4.686425843179336,1.8908307023888682,-2.32712184660636,,,,0.13686432113369792,0.14302364777333082,1,track_to_track_ci,90.5,34.37916622147869,24.410604878484563,5.0,2.59835025606779,-2.2520342352321556
18.150000000000002,90.42745340811697,34.06544239033924,24.173147760940996,4.705098732390276,1.9014739771833575,-2.3391400376269686,,,,0.13954534179685332,0.14391966986760582,1,track_to_track_ci,90.75000000000001,34.509771820018685,24.297868290916973,5.0,2.625766266290828,-2.257406086915721
18.2,90.65078124318889,34.169699955674794,24.05545900070906,4.691840473264975,1.9153776205753559,-2.339398499970443,,,,0.13855063426882594,0.14327174223836395,1,track_to_track_ci,90.99999999999999,34.64173205021003,24.18486659058844,5.0,2.6525344079778397,-2.2626386911585126
18.25,90.9045241340805,34.28714705592768,23.95072523735992,4.69736602595669,1.9286086359650767,-2.3332067514942167,,,,0.14123517538775568,0.14413186291344152,1,track_to_track_ci,91.25,34.77501435284051,24.07160674797612,5.0,2.6786480764904086,-2.267731725188854
18.3,91.1657232784955,34.4089123933783,23.849442267245774,4.7051980414602355,1.9413395348120588,-2.325971108745925,,,,0.14550468586902318,0.145698660679884,1,track_to_track_ci,91.5,34.909585842496284,23.95809574948059,5.0,2.704100828671577,-2.272684874844416
18.35,91.43480577596237,34.53766062496552,23.75044835238365,4.715976187097155,1.956485471856297,-2.3196310781259086,,,,0.150038460674836,0.14714600374300932,1,track_to_track_ci,91.75000000000001,35.04541331567592,23.84434059699495,5.0,2.728886384435598,-2.2774978345915953
18.400000000000002,91.72622180498733,34.697634916766184,23.663128483413928,4.726135616293909,1.9939772151121815,-2.3109817618203863,,,,0.152694344518921,0.1477013684755434,1,track_to_track_ci,92.00000000000001,35.18246325898286,23.730348307472816,5.0,2.7529986283174646,-2.282170307544365
18.45,92.00201395399536,34.83720777651524,23.564226404137514,4.739195008963193,2.013218915066389,-2.308181193458381,,,,0.15771521107866102,0.14908801298270982,1,track_to_track_ci,92.25,35.32070185739426,23.61612591249558,5.0,2.7764316109817937,-2.286702005482583
18.5,92.28464190832803,34.991447140602986,23.463668878693042,4.750660664276964,2.043785627698881,-2.311763814737816,,,,0.1609343704902465,0.14954217376918122,1,track_to_track_ci,92.5,35.46009500260453,23.50168045783858,5.0,2.7991795506907526,-2.2910926488697743
18.55,92.5513672229905,35.11666653246867,23.354949967552226,4.76807062127866,2.046659271863959,-2.3143623194193665,,,,0.1658465086690608,0.1510367110774255,1,track_to_track_ci,92.75,35.60060830144084,23.387019003036556,5.0,2.821236834730601,-2.295341966870374
18.6,92.83351860537553,35.267697076046005,23.266883843318894,4.787147820579676,2.0677971788814986,-2.298995989835582,,,,0.1689901716150826,0.15168903088454683,1,track_to_track_ci,93.0,35.742207084349275,23.272148620948133,5.0,2.8425980207965535,-2.299449697366431
18.650000000000002,93.10622011330486,35.41108393818689,23.154520140828996,4.801145417831513,2.0853042194885134,-2.3102511350093913,,,,0.17331216339827304,0.15333093305908316,1,track_to_track_ci,93.25000000000001,35.88485641394892,23.15707639731958,5.0,2.8632578383355813,-2.303415586973779
18.7,93.40676348671288,35.573198200810126,23.0675937759203,4.836197339539694,2.105456022678709,-2.298732910987958,,,,0.17567138402884278,0.1542679096008591,1,track_to_track_ci,93.5,36.02852109365219,23.04180943034769,5.0,2.883211189846845,-2.3072393910576663
18.75,93.64862882771666,35.692473795831596,22.948101765324722,4.846566529586454,2.103457648811741,-2.3055005981562573,,,,0.17890865135821515,0.15627749866133547,1,track_to_track_ci,93.75,36.17316567634909,22.92635483024193,5.0,2.9024531521394303,-2.3109208737478455
18.8,93.93123274099793,35.86653587961152,22.868354177302518,4.8682574888368855,2.1389590080186913,-2.282852226902339,,,,0.1805377284989224,0.15704732269500804,1,track_to_track_ci,94.0,36.31875447315322,22.81071971878587,5.0,2.920978977547065,-2.314459807953123
18.85,94.22393374364283,36.01858665614455,22.764023436974224,4.904562893809937,2.1482846711350945,-2.287040640291881,,,,0.18290767915850828,0.1588768092522038,1,track_to_track_ci,94.25000000000001,36.465251562207435,22.69491122889788,5.0,2.938784095099536,-2.317855975375366
18.900000000000002,94.48411807916169,36.20262634878545,22.652092384604188,4.91794016691032,2.192243162791023,-2.2922606621228665,,,,0.18368076912578,0.1595106373630696,1,track_to_track_ci,94.5,36.61262079754709,22.578936504191145,5.0,2.95586411165051,-2.3211091665229717
18.95,94.76366041806753,36.35263446168194,22.5400623698874,4.949913077912049,2.1975730466848375,-2.298905714598262,,,,0.1851843145912856,0.16118728969067792,1,track_to_track_ci,94.75,36.7608258180185,22.462802698532947,5.0,2.9722148129614796,-2.324219180723786
19.0,94.97545335158921,36.509696422409085,22.406184720857244,4.94630458328999,2.221778266306315,-2.3124516272334494,,,,0.1850173898873038,0.16177024838650356,1,track_to_track_ci,95.0,36.90983005625052,22.346516975603464,5.0,2.9878321647415556,-2.3271858261374834
19.05,95.24728982703172,36.657254436317665,22.286461332094635,4.962415277024486,2.2309932088135267,-2.3253155332043263,,,,0.1864824368075186,0.16282041817150078,1,track_to_track_ci,95.25,37.059596747676956,22.230086508453848,5.0,3.002712313642874,-2.3300089197674008
19.1,95.55944385145024,36.86491501827775,22.17797021342299,4.984765687945871,2.2846244128658277,-2.3354605985084382,,,,0.18686545473912772,0.16244051457196734,1,track_to_track_ci,95.5,37.210088939607715,22.113518479063735,5.0,3.0168515882113507,-2.332688287471825
19.150000000000002,95.86804433807036,37.02297577776626,22.07020688349541,5.012670374885625,2.293832796847844,-2.3439008871867717,,,,0.18854430841685665,0.16330149670099842,1,track_to_track_ci,95.75000000000001,37.361269500346275,21.99682007789828,5.0,3.030246499792555,-2.3352237639747346
19.200000000000003,96.1324082972469,37.18861283326534,21.945368336157674,5.015394087526764,2.318429759582167,-2.360457729364107,,,,0.1889185287603502,0.16298547672787428,1,track_to_track_ci,96.00000000000001,37.513101128351465,21.879998503464556,5.0,3.0428937433924874,-2.3376151928759965
19.25,96.39499459661053,37.34398849642159,21.825497996411688,5.01803051144838,2.3361958059183507,-2.3702571227362306,,,,0.19059591731535588,0.16380860326013255,1,track_to_track_ci,96.25,37.665546361440946,21.763060961867563,5.0,3.054790198493033,-2.339862426661011
19.3,96.62653121447575,37.516767060716326,21.696094592972486,5.0017166095575,2.3739627038958373,-2.383300606676496,,,,0.19114303779924796,0.16354825907758033,1,track_to_track_ci,96.50000000000001,37.818567586034575,21.64601466636568,5.0,3.065932929821908,-2.341965326709813
19.35,96.9026279556982,37.69120219475426,21.589314581806644,5.008626758346178,2.4025002842150984,-2.38231592762514,,,,0.19289938024360404,0.1643716534713662,1,track_to_track_ci,96.75,37.97212704643488,21.52886683692575,5.0,3.0763191880768885,-2.343923763305622
19.400000000000002,97.12980301947243,37.86099303811296,21.458569026146733,4.991148337026331,2.4355028628947704,-2.395956808452892,,,,0.19352194683349738,0.16409962088056315,1,track_to_track_ci,97.00000000000001,38.12618685414275,21.411624699777715,5.0,3.085946410604164,-2.345737615642843
19.450000000000003,97.38452118144126,37.99957807716041,21.333210286481947,4.993638233381561,2.43470717201439,-2.408395229553772,,,,0.19541269054595645,0.1649589642028961,1,track_to_track_ci,97.25000000000001,38.28070899720591,21.294295486968846,5.0,3.0948122220306296,-2.347406771834521
19.5,97.63435540867336,38.18535077518257,21.211227641864138,4.9859234589516905,2.4744722312329097,-2.416626860619864,,,,0.19603836449823078,0.16466193398204781,1,track_to_track_ci,97.5,38.43565534959769,21.176886435917677,5.0,3.102914434849978,-2.348931128919239
19.55,97.91710692294771,38.350085255485034,21.08337179340827,4.999438243667346,2.4873069832364845,-2.435171009033302,,,,0.19791858628718037,0.16549259952705234,1,track_to_track_ci,97.75,38.59098768062417,21.059404788967502,5.0,3.110251049962433,-2.350310592867472
19.6,98.16867183815535,38.52240507784258,20.952542636433947,4.9952664081459,2.512425247361471,-2.4505543354174137,,,,0.19867421032856325,0.1652336533835595,1,track_to_track_ci,98.00000000000001,38.74666766435696,20.941857792939697,5.0,3.1168202571679955,-2.3515450785873853
19.650000000000002,98.47761814508401,38.69496497505353,20.850507855049514,5.019983340269923,2.5243669154960413,-2.4479892944913306,,,,0.2005946159012711,0.1660547449614136,1,track_to_track_ci,98.25000000000001,38.90265688908955,20.824252698686685,5.0,3.1226204356130842,-2.352634509930085
19.700000000000003,98.70939053184561,38.86600101713111,20.72890741987403,5.004622585210102,2.5533865089790435,-2.451112908909418,,,,0.20133433220111432,0.1657788617587449,1,track_to_track_ci,98.50000000000001,39.05891686681486,20.706596760644636,5.0,3.1276501541904578,-2.353578819694314
19.75,98.96124084350436,39.013139343669444,20.615832848119833,5.003602277720914,2.556876760394603,-2.449528163254546,,,,0.2033788442616773,0.16664003360362548,1,track_to_track_ci,98.75,39.215409042721554,20.58889723638603,5.0,3.1319081718923187,-2.354377949630598
19.8,99.25498449399458,39.21129115055835,20.524165426653468,5.015724556925908,2.5918172993897652,-2.4360892042437854,,,,0.2041769565047814,0.16636149616218962,1,track_to_track_ci,99.0,39.37209480470687,20.471161386171925,5.0,3.1353934381165134,-2.3550318504448393
19.85,99.48103459988181,39.37277943426388,20.399771746786925,4.999264437983031,2.6128881639995214,-2.4419420532009135,,,,0.2062052440835577,0.16721281490802614,1,track_to_track_ci,99.25,39.52893549290357,20.35339647250415,5.0,3.138105092925752,-2.355540481801354
19.900000000000002,99.72345794556739,39.554637143345616,20.270714496528516,4.98940749255592,2.6432774414024944,-2.455951138345825,,,,0.2071342658041153,0.16696443081774,1,track_to_track_ci,99.50000000000001,39.685892409218724,20.235609759677303,5.0,3.1400424672597853,-2.355903812325365
19.950000000000003,99.95890012859392,39.71234017909177,20.139710779380724,4.979634521679767,2.655029443117966,-2.46913401108406,,,,0.20914805818298562,0.16786434219565616,1,track_to_track_ci,99.75000000000001,39.8429268268818,20.117808513330665,5.0,3.1412050831004863,-2.3561218196049336
20.0,100.19874008020814,39.8906550955253,20.0244890762534,4.969159416287603,2.6820082101290854,-2.4684457452308175,,,,0.21007600595925668,0.16761305745633895,1,track_to_track_ci,100.0,40.0,20.000000000000004,5.0,3.141592653589793,-2.356194490192345
