timestamp,x,y,z,vx,vy,vz,speed,course_over_ground,vertical_speed,pos_uncertainty,vel_uncertainty,scenario_id,sensor_mode,ground_truth_x,ground_truth_y,ground_truth_z,ground_truth_vx,ground_truth_vy,ground_truth_vz
1.0,8.35456090397502,41.629240528550525,21.645200258709348,8.450705740806587,1.5588971716679079,1.5478982173923632,8.731585010806576,79.54817610398794,1.5478982173923632,7.135560535852756,13.506114678173775,1,camera_only,5.0,43.09016994374947,22.346516975603464,5.0,2.9878321647415556,2.327185826137484
1.0,7.487068195973207,40.66793433219851,21.368667260668712,7.12574830495215,0.09065452104855831,1.125537950114708,7.214661656991505,89.27111637563642,1.125537950114708,3.9099601172489584,9.965045708781608,1,camera_only,5.0,43.09016994374947,22.346516975603464,5.0,2.9878321647415556,2.327185826137484
1.0,5.286506220626658,42.88740172609812,22.379091074369388,3.764739128275766,3.4805387241761823,2.6687999660120667,5.780130082709778,47.24630997002282,2.6687999660120667,0.48058247181185143,8.01111704868395,1,camera_only,5.0,43.09016994374947,22.346516975603464,5.0,2.9878321647415556,2.327185826137484
1.0333333333333332,5.514302903008074,42.99726503912736,22.440854325539547,4.947265256689489,4.416803600393317,2.5155007136748173,7.09304810395311,48.24226206901685,2.5155007136748173,0.5187553525642743,6.126369327483346,1,camera_only,5.166666666666666,43.1895930929807,22.424057316550417,5.0,2.977502274190593,2.3252240016125385
1.0333333333333332,5.660486201506468,42.83146050943108,22.372885895865284,5.065446619097325,3.218260490713287,2.199987754892385,6.391861713044729,57.570736198410344,2.199987754892385,0.3853856391392537,5.7615638659445425,1,camera_only,5.166666666666666,43.1895930929807,22.424057316550417,5.0,2.977502274190593,2.3252240016125385
1.0666666666666667,5.672588765596295,42.981866618667425,22.30316578247273,3.246537582269727,3.263914015051103,-0.5379992355842349,4.634930867685731,44.8470775978564,-0.5379992355842349,0.44429627864704146,4.972091636307116,1,camera_only,5.333333333333333,43.28866646738583,22.501531200741535,5.0,2.966845866961865,2.323198429897011
1.0666666666666667,5.6575912169926745,42.979963802554146,22.355461817312044,3.1925403404232116,3.0675365279726363,0.26835805523483547,4.43555072358387,46.143953869859885,0.26835805523483547,0.35347544592546093,4.594998036096243,1,camera_only,5.333333333333333,43.28866646738583,22.501531200741535,5.0,2.966845866961865,2.323198429897011
1.1,5.779044039470719,43.08178711769891,22.388592273236483,3.3581157598489684,3.080178592752895,0.578139522773445,4.593330700874032,47.47188843293586,0.578139522773445,0.42259013433273,4.285123673733107,1,camera_only,5.500000000000001,43.38737920245291,22.578936504191145,5.0,2.95586411165051,2.3211091665229717
1.1,5.846983408964246,43.000820452856814,22.362959167212694,3.773121829017213,2.422213313032547,0.42485722541243576,4.5037838905106735,57.30094468994488,0.42485722541243576,0.3443941090498773,3.8920158997002696,1,camera_only,5.500000000000001,43.38737920245291,22.578936504191145,5.0,2.95586411165051,2.3211091665229717
1.1333333333333333,6.050116254109741,43.02849522545211,22.449075993654084,4.373967818219163,2.0301696087708616,1.1916797033233046,4.967220916217282,65.10170986333603,1.1916797033233046,0.41203754299451933,3.700364827864252,1,camera_only,5.666666666666666,43.48572047321815,22.65627110479375,5.0,2.9445582125297523,2.3189562687686327
1.1333333333333333,5.857397772337344,43.2155917511584,22.595861853847794,3.1317035159789723,3.3395739752882916,2.3829372458878955,5.16127030548272,43.16017684613808,2.3829372458878955,0.3393576979110311,3.3177685320593238,1,camera_only,5.666666666666666,43.48572047321815,22.65627110479375,5.0,2.9445582125297523,2.3189562687686327
1.1666666666666667,6.110616041686079,43.30598699452796,22.59190786529554,4.137514816877699,3.332196624985231,1.7844170800541848,5.6041687628973635,51.15335675705967,1.7844170800541848,0.39954890655776426,3.167274127009141,1,camera_only,5.833333333333333,43.583679495453005,22.733532882382214,5.0,2.932929409418835,2.316739795656773
1.1666666666666667,5.980149303434744,43.43178378472342,22.683047705580545,3.3334235688504363,4.146285822317783,2.425562894928109,5.84694400238048,38.79768495890899,2.425562894928109,0.333711461761176,2.832302882103068,1,camera_only,5.833333333333333,43.583679495453005,22.733532882382214,5.0,2.932929409418835,2.316739795656773
1.2,6.145064307262527,43.57382044762872,22.693436818769634,3.6552072003545613,4.213204361529939,1.958446225529546,5.911610803142376,40.94359695885706,1.958446225529546,0.38500526670717466,2.705406048840393,1,camera_only,6.0,43.68124552684678,22.81071971878587,5.0,2.920978977547065,2.314459807953123
1.2,6.108171280967527,43.60320480232863,22.731561040298224,3.4461582255930954,4.379011540424107,2.2040160268958653,5.992448183656183,38.20174482837851,2.2040160268958653,0.32593856314339203,2.4255189889664273,1,camera_only,6.0,43.68124552684678,22.81071971878587,5.0,2.920978977547065,2.314459807953123
1.2333333333333334,6.014943217183996,43.82867691828767,22.897784092702395,2.3226110821045225,4.750250019765709,2.712477971734466,5.942805249723701,26.056090844127024,2.712477971734466,0.3694088865883935,2.319777858840987,1,camera_only,6.166666666666667,43.77840786818467,22.88782949788861,5.0,2.908708227413965,2.312116368164696
1.2333333333333334,5.928437215956215,43.91753684917215,22.94138690989838,1.8749317002955095,5.226019598802704,2.946886137025028,6.2857607043565755,19.736392222614672,2.946886137025028,0.31690944747466343,2.091352581004534,1,camera_only,6.166666666666667,43.77840786818467,22.88782949788861,5.0,2.908708227413965,2.312116368164696
1.2666666666666666,6.1611465924367135,43.957215508258365,22.975645780750742,2.6921266872998646,4.583332508737425,2.6411790351483315,5.935512587959739,30.42883456310564,2.6411790351483315,0.13084703677907744,1.240252010687432,1,camera_only,6.333333333333332,43.87515586452103,22.964860105686892,5.0,2.896118504645567,2.309709540538079
1.2666666666666666,6.16222969533003,43.95383452717806,23.011778763872208,2.7023002181163136,4.561515280556592,2.8340270669680296,6.011784888025367,30.64304496586418,2.8340270669680296,0.12411464895362757,1.2212879029816686,1,camera_only,6.333333333333332,43.87515586452103,22.964860105686892,5.0,2.896118504645567,2.309709540538079
1.2666666666666666,6.159037032044542,43.962986071497205,23.019697359756716,2.6899861019471984,4.606864501578228,2.8747749853727167,6.059996450584389,30.281007423008862,2.8747749853727167,0.11711415081276523,1.2040819842104267,1,camera_only,6.333333333333332,43.87515586452103,22.964860105686892,5.0,2.896118504645567,2.309709540538079
1.3,6.348850990314998,44.03633040712416,23.084953300365374,3.3695780018240273,4.072987761882798,2.6596896507371675,5.917536164406758,39.600914405808304,2.6596896507371675,0.11229344084210889,1.0713539703689523,1,camera_only,6.5,43.971478906347805,23.041809430347687,5.0,2.8832111898468455,2.3072393910576663
1.3,6.349769903582209,44.06076424498838,23.068696614235716,3.383745126655954,4.18675782625742,2.573284179815952,5.966612409733577,38.9452051254712,2.573284179815952,0.10603841915376205,1.0581119195973843,1,camera_only,6.5,43.971478906347805,23.041809430347687,5.0,2.8832111898468455,2.3072393910576663
1.3,6.340011562700525,44.105738077436456,23.071486017273813,3.3343998193847924,4.408507869029561,2.5848347586443645,6.1020106945420025,37.10224464609999,2.5848347586443645,0.10041936840102676,1.0447699254071898,1,camera_only,6.5,43.971478906347805,23.041809430347687,5.0,2.8832111898468455,2.3072393910576663
1.3333333333333333,6.598195017961966,44.12661943577297,23.126542498169016,4.507357797283831,3.45532129130767,2.2722701359341606,6.117085180832264,52.52637990955159,2.2722701359341606,0.10427788479114543,0.9259243850589978,1,camera_only,6.666666666666667,44.067366430758,23.11867536226639,5.0,2.8699876984503203,2.3047059874438545
1.3333333333333333,6.600335084864115,44.155401179104906,23.152393244095464,4.547002418377565,3.5606826844535746,2.3808742578509703,6.246779522585726,51.93608932649722,2.3808742578509703,0.09888526131899796,0.9158808694392337,1,camera_only,6.666666666666667,44.067366430758,23.11867536226639,5.0,2.8699876984503203,2.3047059874438545
1.3333333333333333,6.609374227078738,44.11946421692784,23.129288589657893,4.599076556249114,3.3913534281387197,2.27161495691673,6.1492290376336,53.594982090536504,2.27161495691673,0.09402361090040659,0.9041424116184201,1,camera_only,6.666666666666667,44.067366430758,23.11867536226639,5.0,2.8699876984503203,2.3047059874438545
1.3666666666666667,6.768752429495298,44.22921948148757,23.20109888215475,4.647821636349983,3.3607713617578825,2.2461407307251364,6.159722257663685,54.12986244518101,2.2461407307251364,0.09926158817902891,0.7950897127694941,1,camera_only,6.833333333333333,44.16280792260401,23.195455794124648,5.0,2.8564494805608387,2.3021093991511825
1.3666666666666667,6.768622557791315,44.23898445988723,23.191643615111154,4.649424525890383,3.4029349419247152,2.200111012331016,6.167463263571449,53.799433507551186,2.200111012331016,0.09461772954614853,0.7866959302327666,1,camera_only,6.833333333333333,44.16280792260401,23.195455794124648,5.0,2.8564494805608387,2.3021093991511825
1.3666666666666667,6.775891283987555,44.20754914218879,23.175999147312602,4.691354318686778,3.262473382589855,2.130361092946218,6.098440481131826,55.184379409191884,2.130361092946218,0.09030711265592832,0.7761985367377098,1,camera_only,6.833333333333333,44.16280792260401,23.195455794124648,5.0,2.8564494805608387,2.3021093991511825
1.4,6.918888271427457,44.317309716534645,23.27176626942875,4.592182346352617,3.294146752674767,2.256543106402358,6.0853535904959815,54.346689548774684,2.256543106402358,0.09542955258299696,0.6861339054545716,1,camera_only,6.999999999999999,44.257792915650725,23.272148620948137,5.0,2.8425980207965535,2.299449697366431
1.4,6.918892749339806,44.317861884731585,23.265988182540628,4.591259578250152,3.2984869687032967,2.2309460803188776,6.0775654016118486,54.30549562341977,2.2309460803188776,0.09135004093461745,0.6786004210036087,1,camera_only,6.999999999999999,44.257792915650725,23.272148620948137,5.0,2.8425980207965535,2.299449697366431
1.4,6.919070563513586,44.318910421025805,23.260917994351896,4.5920663615303745,3.303930137957312,2.2080281231677947,6.072760164694579,54.26549087853418,2.2080281231677947,0.08746462175101334,0.6691777313979005,1,camera_only,6.999999999999999,44.257792915650725,23.272148620948137,5.0,2.8425980207965535,2.299449697366431
1.4333333333333333,7.073973934666698,44.42503129050159,23.34106593380372,4.604695932711469,3.2822750824702527,2.2358417886616806,6.08075183292827,54.51833392050913,2.2358417886616806,0.09215498135383506,0.6000017551070195,1,camera_only,7.166666666666667,44.35231099372328,23.34875174016427,5.0,2.8284348381261193,2.296726955006667
1.4333333333333333,7.077173945457429,44.46014429474556,23.361523648399125,4.645526409126432,3.3945487052326593,2.3056721823456,6.198386946821743,53.84389741802835,2.3056721823456,0.08849460348272119,0.5929492734274527,1,camera_only,7.166666666666667,44.35231099372328,23.34875174016427,5.0,2.8284348381261193,2.296726955006667
1.4333333333333333,7.06959014036091,44.498097426425694,23.37061358883825,4.608776060520893,3.547153107084385,2.33741893579051,6.267905489277972,52.41625306338717,2.33741893579051,0.08495277511923761,0.5844785054783709,1,camera_only,7.166666666666667,44.35231099372328,23.34875174016427,5.0,2.8284348381261193,2.296726955006667
1.4666666666666666,7.265322296250355,44.570209880224176,23.46208334268599,4.86486050985971,3.297626888923917,2.377006327749733,6.3396663919412015,55.86876932745149,2.377006327749733,0.08927408506172192,0.5339409781522656,1,camera_only,7.333333333333333,44.446351791849274,23.425263051659837,5.0,2.8139614857021216,2.293941246717248
1.4666666666666666,7.263128463308991,44.553215907089324,23.45388269155519,4.842919856010991,3.244658276065129,2.351570332312002,6.285822387563415,56.17871522246776,2.351570332312002,0.08593417722101485,0.5271873312967026,1,camera_only,7.333333333333333,44.446351791849274,23.425263051659837,5.0,2.8139614857021216,2.293941246717248
1.4666666666666666,7.267580027679915,44.53484146725046,23.438233394632242,4.861955350368163,3.1774974740920925,2.28916005696533,6.243024410751631,56.83365277507912,2.28916005696533,0.0826621459654478,0.5195053538060648,1,camera_only,7.333333333333333,44.446351791849274,23.425263051659837,5.0,2.8139614857021216,2.293941246717248
1.5,7.454465185014123,44.612320775819335,23.52631986978653,4.999619095630167,3.0362576603968865,2.333741426868466,6.297729807572778,58.729782393963106,2.333741426868466,0.08665561237032288,0.48361250070830214,1,camera_only,7.5,44.53990499739547,23.50168045783858,5.0,2.799179550690753,2.2910926488697743
1.5,7.454267042169955,44.60977202669643,23.520367058145485,4.996543692442702,3.030281512567267,2.3100615975156704,6.283664496152906,58.76421320809033,2.3100615975156704,0.08353120244691892,0.47699542031023084,1,camera_only,7.5,44.53990499739547,23.50168045783858,5.0,2.799179550690753,2.2910926488697743
1.5,7.455487741038081,44.60216131197413,23.521202743580677,5.001109875505684,3.0014609021524885,2.3161057092340047,6.275684280648355,59.02954706848309,2.3161057092340047,0.08048075856854289,0.46998428053290564,1,camera_only,7.5,44.53990499739547,23.50168045783858,5.0,2.799179550690753,2.2910926488697743
1.5333333333333332,7.656095991206449,44.6777650664887,23.582824992921367,5.174075939005972,2.886680322712935,2.244298698907331,6.335681633262181,60.84231709476027,2.244298698907331,0.0843007902907268,0.44566472796144097,1,camera_only,7.666666666666666,44.63296035119862,23.578001863678715,5.0,2.7840906540977644,2.2881812395599948
1.5333333333333332,7.6555059503520475,44.67319630454474,23.578184891097102,5.168462759680834,2.873698955845305,2.2274232019777944,6.319222033426506,60.92565558688391,2.2274232019777944,0.0813431310414005,0.43913499123506256,1,camera_only,7.666666666666666,44.63296035119862,23.578001863678715,5.0,2.7840906540977644,2.2881812395599948
1.5333333333333332,7.653719268373783,44.68053292766007,23.58888901624377,5.163147927538298,2.8960752698670733,2.2695179347209953,6.340036289044323,60.711379364418,2.2695179347209953,0.07847716578643683,0.4326874390643059,1,camera_only,7.666666666666666,44.63296035119862,23.578001863678715,5.0,2.7840906540977644,2.2881812395599948
1.5666666666666667,7.848198239734539,44.762125123703726,23.65272238349079,5.269521390685843,2.8326922262474685,2.218882901184607,6.380865322564637,61.73923319340595,2.218882901184607,0.0822061482686083,0.4171435549162419,1,camera_only,7.833333333333334,44.72550764869054,23.654225176790337,5.0,2.7686964505907037,2.285207098605666
1.5666666666666667,7.846449480167903,44.755670790117215,23.634217486741115,5.255162731361528,2.8208309001531413,2.1461477328187497,6.33875164298405,61.774285381621674,2.1461477328187497,0.07937779993411784,0.4106709340299442,1,camera_only,7.833333333333334,44.72550764869054,23.654225176790337,5.0,2.7686964505907037,2.285207098605666
1.5666666666666667,7.845821125734891,44.757103274476684,23.640858481211097,5.2536025014820416,2.823080145442996,2.1731624761306105,6.3476575127234875,61.74815773907625,2.1731624761306105,0.07666696805627364,0.40469491817147696,1,camera_only,7.833333333333334,44.72550764869054,23.654225176790337,5.0,2.7686964505907037,2.285207098605666
1.6,7.996349091619374,44.85850985860508,23.74602095963523,5.1435214390669906,2.8453079131400534,2.3109952566415957,6.316034277213759,61.04938325735335,2.3109952566415957,0.08036314456375032,0.3957359854294451,1,camera_only,8.0,44.81753674101715,23.730348307472823,5.0,2.7529986283174632,2.282170307544365
1.6,7.994811761335776,44.8408853918251,23.752389529948708,5.130530107880548,2.7834569516465204,2.3460968145439214,6.290798204739305,61.51892322656734,2.3460968145439214,0.07763321900845521,0.38929862739350607,1,camera_only,8.0,44.81753674101715,23.730348307472823,5.0,2.7529986283174632,2.282170307544365
1.6,7.99365481704889,44.84743605787857,23.754838793054912,5.127863275937583,2.805050367894805,2.3533374157149938,6.300911547969883,61.32040190502598,2.3533374157149938,0.07505387323346993,0.3837162038503082,1,camera_only,8.0,44.81753674101715,23.730348307472823,5.0,2.7529986283174632,2.282170307544365
1.6333333333333333,8.161376539906694,44.94816618873683,23.824268383448953,5.114288127058499,2.8348386940921833,2.313353485920218,6.288390717736377,61.00049282731089,2.313353485920218,0.07877260697370216,0.3797180740372452,1,camera_only,8.166666666666666,44.90903753615141,23.806369168772083,5.0,2.736998908721153,2.2790709496312522
1.6333333333333333,8.159901986283598,44.939775120251,23.816664910695057,5.102785848386619,2.810946125099009,2.2865435843391237,6.258444143378311,61.151169610746,2.2865435843391237,0.076116959795597,0.3732990224781382,1,camera_only,8.166666666666666,44.90903753615141,23.806369168772083,5.0,2.736998908721153,2.2790709496312522
1.6333333333333333,8.164253928239605,44.911848051509416,23.803698514208172,5.109485587097501,2.722249761930217,2.246348296308429,6.209957117357091,61.95204403183263,2.246348296308429,0.07364590535359401,0.3680362387008482,1,camera_only,8.166666666666666,44.90903753615141,23.806369168772083,5.0,2.736998908721153,2.2790709496312522
1.6666666666666667,8.313838710200297,45.01230678390176,23.898891943181333,5.024718117822615,2.747415197592959,2.3263775796862673,6.18127131541777,61.33104520262511,2.3263775796862673,0.07738395834919395,0.3676580051234803,1,camera_only,8.333333333333334,45.0,23.882285676537812,5.0,2.7206990463513265,2.2759091098367907
1.6666666666666667,8.314626740849532,45.02374416226472,23.89207031654444,5.031679093552677,2.7888791879328294,2.2926500897377577,6.192889960216839,61.001969309965695,2.2926500897377577,0.07478099849984182,0.3612422692915451,1,camera_only,8.333333333333334,45.0,23.882285676537812,5.0,2.7206990463513265,2.2759091098367907
1.6666666666666667,8.316299196897425,45.012311392944746,23.88458247456741,5.033011130647509,2.7543276028259234,2.2676010319282662,6.169241122286651,61.31020927336102,2.2676010319282662,0.07240111451323342,0.35624413850514314,1,camera_only,8.333333333333334,45.0,23.882285676537812,5.0,2.7206990463513265,2.2759091098367907
1.7,8.489563000348392,45.10122798272032,23.954645421828733,5.054641897998711,2.7475902244860744,2.2464321129154348,6.176173086680226,61.47248669620518,2.2464321129154348,0.07618209021235033,0.35858837033720387,1,camera_only,8.5,45.090414157503716,23.95809574948059,5.0,2.7041008286715766,2.272684874844416
1.7,8.491032532797211,45.11637083750999,23.94970445512464,5.066594638871308,2.8003092578514925,2.2184678656998083,6.199492950668701,61.07055036468948,2.2184678656998083,0.07362361869620604,0.35218103244418164,1,camera_only,8.5,45.090414157503716,23.95809574948059,5.0,2.7041008286715766,2.272684874844416
1.7,8.49141312950799,45.11091943561986,23.955257524779388,5.067000142317994,2.7793736615637457,2.243943958649893,6.1995719918721965,61.254153089046376,2.243943958649893,0.07132046742448055,0.3474011053683031,1,camera_only,8.5,45.090414157503716,23.95809574948059,5.0,2.7041008286715766,2.272684874844416
1.7333333333333334,8.642140869991653,45.220898835467416,24.026974526379234,4.99625055438502,2.8359824808273624,2.221559057563479,6.159597460873128,60.419796003906704,2.221559057563479,0.07513679903093144,0.35173708891143984,1,camera_only,8.666666666666668,45.1802700937313,24.033797309228987,5.0,2.6872060758635166,2.2693983330481586
1.7333333333333334,8.644468083504323,45.232916919748384,24.036837526564238,5.01358896746167,2.870637478135444,2.255636494606146,6.201977899132526,60.20578323460965,2.255636494606146,0.072616797010339,0.34534601659086456,1,camera_only,8.666666666666668,45.1802700937313,24.033797309228987,5.0,2.6872060758635166,2.2693983330481586
1.7333333333333334,8.644720410903004,45.230433698824505,24.037042522167216,5.013604994545855,2.8623786770488593,2.257779166054152,6.198952612726387,60.276992326796844,2.257779166054152,0.07038112353347761,0.34075176670022655,1,camera_only,8.666666666666668,45.1802700937313,24.033797309228987,5.0,2.6872060758635166,2.2693983330481586
1.7666666666666666,8.797983894240922,45.32528548186031,24.1373272013027,4.959961759874773,2.8442071342021733,2.3588723577132154,6.185063757282547,60.16860575497019,2.3588723577132154,0.0742437542953296,0.34658305128510064,1,camera_only,8.833333333333334,45.26955795496678,24.109388280386487,5.0,2.6700166406271775,2.2660495745502223
1.7666666666666666,8.799158790797422,45.3310868687753,24.140638387237356,4.968287713265511,2.8616867619701014,2.3693923497035043,6.203801579052433,60.058464121460155,2.3693923497035043,0.071754538518882,0.3402074405196493,1,camera_only,8.833333333333334,45.26955795496678,24.109388280386487,5.0,2.6700166406271775,2.2660495745502223
1.7666666666666666,8.798332293538293,45.3394782033548,24.14122241744653,4.968756584898062,2.8886978569610853,2.3672468434478424,6.215864777051798,59.82746340155663,2.3672468434478424,0.06957556138008049,0.3357660636038699,1,camera_only,8.833333333333334,45.26955795496678,24.109388280386487,5.0,2.6700166406271775,2.2660495745502223
1.8,9.005734621349342,45.4061128704412,24.211570112735874,5.128467921366188,2.8083811612336405,2.3534764781445414,6.302938957378032,61.29461090605578,2.3534764781445414,0.07347828903598493,0.34269262620916324,1,camera_only,9.0,45.35826794978997,24.184866590588438,5.0,2.6525344079778406,2.2626386911585126
1.8,9.002296649923853,45.39557696993128,24.191308211094782,5.104757362307502,2.784097332227808,2.276239524025618,6.2442783453403985,61.392271962159526,2.276239524025618,0.07101299102954138,0.3363281500757775,1,camera_only,9.0,45.35826794978997,24.184866590588438,5.0,2.6525344079778406,2.2626386911585126
1.8,9.004791194851407,45.3676416555106,24.184402248766805,5.100693258506716,2.6974622513735818,2.2634856648842727,6.198124044426499,62.12822092893523,2.2634856648842727,0.0688795348940108,0.332008870892331,1,camera_only,9.0,45.35826794978997,24.184866590588438,5.0,2.6525344079778406,2.2626386911585126
1.8333333333333333,9.173234151246064,45.46275756691412,24.250977204638918,5.094618168482879,2.7187182438529782,2.2243162960156484,6.1882264144757695,61.91360580922725,2.2243162960156484,0.07279193509464636,0.3396860192479342,1,camera_only,9.166666666666666,45.44639035015027,24.260230170558838,5.0,2.6347612950393238,2.2591657763841213
1.8333333333333333,9.174242209486554,45.46986927037193,24.24932641439052,5.101835850872274,2.7430551974243524,2.2138650389551686,6.201151447599901,61.73483978613825,2.2138650389551686,0.07034223096235594,0.3333303073784709,1,camera_only,9.166666666666666,45.44639035015027,24.260230170558838,5.0,2.6347612950393238,2.2591657763841213
1.8333333333333333,9.174161355196938,45.46909188071812,24.253270377555136,5.101989841860087,2.738327264614732,2.23031823148999,6.205083075051659,61.776765950156204,2.23031823148999,0.0682510587941635,0.3291201645590157,1,camera_only,9.166666666666666,45.44639035015027,24.260230170558838,5.0,2.6347612950393238,2.2591657763841213
1.8666666666666667,9.351226801511388,45.55617233569737,24.326115530428513,5.128825491975935,2.728187703087745,2.2277170871226537,6.221782902888818,61.99004799397394,2.2277170871226537,0.07219542670499277,0.3374072699387525,1,camera_only,9.333333333333334,45.533915492433444,24.335476954167074,5.0,2.616699250833744,2.2556309254387608
1.8666666666666667,9.349042523152646,45.5509349927565,24.31235356609471,5.114206359249099,2.7181202982709767,2.1743358903615393,6.186357668690919,62.010057800615236,2.1743358903615393,0.0697664025679556,0.33107712991160443,1,camera_only,9.333333333333334,45.533915492433444,24.335476954167074,5.0,2.616699250833744,2.2556309254387608
1.8666666666666667,9.348547773504478,45.55769841418219,24.31669323379283,5.1163187959270875,2.7373885486019622,2.188144762133596,6.2014507647506685,61.85184322519632,2.188144762133596,0.0677124977650857,0.3269595192862994,1,camera_only,9.333333333333334,45.533915492433444,24.335476954167074,5.0,2.616699250833744,2.2556309254387608
1.9,9.552543708148953,45.629138103966945,24.376534447071656,5.243218123978139,2.6941868669017235,2.1520557083796374,6.275454002808717,62.80398718007066,2.1520557083796374,0.0716813928282148,0.33568548054928476,1,camera_only,9.5,45.6208337785213,24.41060487848456,5.0,2.5983502560677905,2.2520342352321556
1.9,9.552105827171474,45.62475777943094,24.379854859967928,5.240041005631192,2.678021600446417,2.1679005713124475,6.271333376583546,62.92984077584065,2.1679005713124475,0.06926942483608851,0.3293773640390682,1,camera_only,9.5,45.6208337785213,24.41060487848456,5.0,2.5983502560677905,2.2520342352321556
1.9,9.552314102986871,45.61992665523081,24.383892047712074,5.2394961507526565,2.6602555920410906,2.187022629890048,6.2699559577710735,63.081674366006155,2.187022629890048,0.06724768271769194,0.32533666237234554,1,camera_only,9.5,45.6208337785213,24.41060487848456,5.0,2.5983502560677905,2.2520342352321556
1.9333333333333333,9.72502429313685,45.712277077952194,24.451571933297505,5.232021573097823,2.6742345446517732,2.1634169001836794,6.2614657090149635,62.927136713174505,2.1634169001836794,0.07122788747531066,0.33436604024864347,1,camera_only,9.666666666666666,45.70713567684432,24.4856118838413,5.0,2.5797163229155133,2.2483758043693847
1.9333333333333333,9.724462874410149,45.71124791918176,24.446780062157753,5.228145342586279,2.673413225808103,2.144457656483188,6.251347105990968,62.91705889086232,2.144457656483188,0.06883307841491355,0.32808579834967816,1,camera_only,9.666666666666666,45.70713567684432,24.4856118838413,5.0,2.5797163229155133,2.2483758043693847
1.9333333333333333,9.72495562418144,45.705426169764294,24.43455769000979,5.224750979569262,2.6618345508611774,2.0982602798983976,6.227847314832598,63.00269057184699,2.0982602798983976,0.06684082599674239,0.32411214867228927,1,camera_only,9.666666666666666,45.70713567684432,24.4856118838413,5.0,2.5797163229155133,2.2483758043693847
1.9666666666666666,9.882820979894044,45.80161675268369,24.515611826698485,5.1628720987284265,2.6725710828969147,2.1359216536148575,6.193548725193504,62.63156615907965,2.1359216536148575,0.07084131144564662,0.33338181317226373,1,camera_only,9.833333333333332,45.79281172342679,24.560495913882356,5.0,2.5607994947976676,2.244655733148178
1.9666666666666666,9.879426303999331,45.784759231369506,24.518009552480372,5.141341210222018,2.6156797007795247,2.154526826691177,6.1576907671568915,63.035085750472284,2.154526826691177,0.06846287358938632,0.32713064232220623,1,camera_only,9.833333333333332,45.79281172342679,24.560495913882356,5.0,2.5607994947976676,2.244655733148178
1.9666666666666666,9.879515199113847,45.78137993398561,24.523628757609238,5.141348462050116,2.6016673347233756,2.17922716743121,6.16045192953098,63.1593030401535,2.17922716743121,0.06649594704184078,0.3232121197878792,1,camera_only,9.833333333333332,45.79281172342679,24.560495913882356,5.0,2.5607994947976676,2.244655733148178
2.0,10.040602198635115,45.86712543188676,24.614431902300403,5.1019593087035675,2.5837582317812604,2.2513191476154173,6.146074624700241,63.141219521746166,2.2513191476154173,0.07051633648971221,0.33265745855979223,1,camera_only,10.0,45.877852522924734,24.63525491562421,5.0,2.5416018461576297,2.240874123556167
2.0,10.042416667362454,45.8720706768869,24.621542115104116,5.113351313953526,2.5963027014105102,2.277653326052242,6.170482481211547,63.08083004461579,2.277653326052242,0.06815223330307432,0.3264317719499329,1,camera_only,10.0,45.877852522924734,24.63525491562421,5.0,2.5416018461576297,2.240874123556167
2.0,10.043822952212404,45.84009632170804,24.600346206695054,5.099763466341847,2.506589590580847,2.210276585599663,6.097204389971962,63.82537789840784,2.210276585599663,0.06620818807212543,0.3225597418355533,1,camera_only,10.0,45.877852522924734,24.63525491562421,5.0,2.5416018461576297,2.240874123556167
2.033333333333333,10.192826901823778,45.94161064434967,24.66846118890279,5.01934350251724,2.5583542711387843,2.173426976646385,6.038441073301151,62.99210715538522,2.173426976646385,0.07024070508991896,0.3321203100423914,1,camera_only,10.166666666666666,45.962248749656155,24.70988683951107,5.0,2.5221254822339114,2.2370310792680894
2.033333333333333,10.198049603991176,45.95668913500465,24.684301085122105,5.051412648065852,2.5997522914722166,2.2299528607525674,6.103128007770545,62.76700104649101,2.2299528607525674,0.0678897235818455,0.32591843096799183,1,camera_only,10.166666666666666,45.962248749656155,24.70988683951107,5.0,2.5221254822339114,2.2370310792680894
2.033333333333333,10.198199387595988,45.95106815551684,24.67841619837497,5.048200699650441,2.5852003667593046,2.2093720503841427,6.086782080645099,62.882863239876144,2.2093720503841427,0.06596473496175241,0.322083049456123,1,camera_only,10.166666666666666,45.962248749656155,24.70988683951107,5.0,2.5221254822339114,2.2370310792680894
2.0666666666666664,10.374860499725457,46.02853999167041,24.758321044086397,5.080568994357064,2.557307928568825,2.2412902144231657,6.113541279259703,63.28157026583064,2.2412902144231657,0.0700162569256007,0.33174806434010135,1,camera_only,10.333333333333332,46.04599114862375,24.784389639471048,5.0,2.5023725388292957,2.233126705642945
2.0666666666666664,10.368091919264872,46.004312073464845,24.748085074542807,5.0392181838152545,2.4827998345162077,2.212403497161303,6.037610798703373,63.77074235706814,2.212403497161303,0.06768106592285209,0.325571699969966,1,camera_only,10.333333333333332,46.04599114862375,24.784389639471048,5.0,2.5023725388292957,2.233126705642945
2.0666666666666664,10.368147542582266,46.00288535644845,24.747660045631505,5.0387150923984905,2.4785023234469774,2.2115099049127607,6.03509731563822,63.80780823245498,2.2115099049127607,0.06576985833866462,0.32176054417199057,1,camera_only,10.333333333333332,46.04599114862375,24.784389639471048,5.0,2.5023725388292957,2.233126705642945
2.1,10.523475306913953,46.099168857341986,24.813092329852726,4.990372833434493,2.5216935507717495,2.167767877894167,5.996830575655329,63.19199818273393,2.167767877894167,0.06982624742142565,0.3314718398437381,1,camera_only,10.500000000000002,46.12907053652977,24.85876127297224,5.0,2.482345182076621,2.22916110972111
2.1,10.522157306847461,46.0959952551116,24.810280332249196,4.982871429207657,2.512602704584642,2.1579586311749632,5.983223669976122,63.240568160534465,2.1579586311749632,0.06750205176927837,0.3253132118409944,1,camera_only,10.500000000000002,46.12907053652977,24.85876127297224,5.0,2.482345182076621,2.22916110972111
2.1,10.52225602391606,46.09606206112874,24.794425710590296,4.98001219121308,2.521976079953348,2.0938547404423438,5.961972194380031,63.14144953043049,2.0938547404423438,0.06560465921728345,0.3215242754765081,1,camera_only,10.500000000000002,46.12907053652977,24.85876127297224,5.0,2.482345182076621,2.22916110972111
2.1333333333333333,10.708445335860157,46.16563255989422,24.86450477846877,5.058009866704712,2.483818310930927,2.1071624496459465,6.016057745949243,63.84589987637144,2.1071624496459465,0.06967322072755112,0.33128698064643186,1,camera_only,10.666666666666666,46.2114778027831,24.93299970107875,5.0,2.4620456082012443,2.225134400221399
2.1333333333333333,10.707806507074073,46.160917870519945,24.86780013812636,5.053947330443177,2.466569245265248,2.123044462584778,6.011128450689935,63.98539962132238,2.123044462584778,0.06735982804843874,0.3251418780221629,1,camera_only,10.666666666666666,46.2114778027831,24.93299970107875,5.0,2.4620456082012443,2.225134400221399
2.1333333333333333,10.707434673715133,46.17455449463502,24.88533103341195,5.061990743722649,2.4999782685247123,2.1860105225600583,6.054112952148555,63.71649832782066,2.1860105225600583,0.06547202803308619,0.32136572741135694,1,camera_only,10.666666666666666,46.2114778027831,24.93299970107875,5.0,2.4620456082012443,2.225134400221399
2.1666666666666665,10.862266799583452,46.27036248520007,24.951643221017306,5.007990390404162,2.5379615078204583,2.14977298463132,6.011883253275082,63.124909582827,2.14977298463132,0.06954383589698471,0.33115553630774613,1,camera_only,10.833333333333332,46.29320391049838,25.007102888506562,5.0,2.4414760432801965,2.221046687538087
2.1666666666666665,10.869589138491898,46.290864053169386,24.96904035265994,5.050999838015674,2.5966221846219484,2.209724679220676,6.094089701609432,62.79317284609109,2.209724679220676,0.06724410174359852,0.3250304790706976,1,camera_only,10.833333333333332,46.29320391049838,25.007102888506562,5.0,2.4414760432801965,2.221046687538087
2.1666666666666665,10.86983554754848,46.278692128216676,24.958630993010022,5.044640822266859,2.5637326243488956,2.1746819923114864,6.06220815895627,63.059905991388526,2.1746819923114864,0.06536739318320701,0.3212679549682349,1,camera_only,10.833333333333332,46.29320391049838,25.007102888506562,5.0,2.4414760432801965,2.221046687538087
2.2,11.024975609440714,46.37558542091946,25.027297747793458,4.994372292364789,2.5972510933640636,2.150275542945166,6.026039557396721,62.52396551022389,2.150275542945166,0.06944971535163663,0.33109056217116123,1,camera_only,11.000000000000002,46.374239897486895,25.081068803679372,5.0,2.420638742998068,2.2168980837378824
2.2,11.02460359803281,46.37470473122287,25.02747424893621,4.992476232839038,2.594177156501247,2.1514193893948703,6.023552062017872,62.54282984043351,2.1514193893948703,0.06716162633893262,0.32497938674249477,1,camera_only,11.000000000000002,46.374239897486895,25.081068803679372,5.0,2.420638742998068,2.2168980837378824
2.2,11.024459646195746,46.384598033448874,25.030541019742323,4.996721199042934,2.6240494303654986,2.1581329941857263,6.042383319068693,62.29359885319523,2.1581329941857263,0.06529069939750452,0.3212205075049966,1,camera_only,11.000000000000002,46.374239897486895,25.081068803679372,5.0,2.420638742998068,2.2168980837378824
2.2333333333333334,11.180061111266138,46.47842424699765,25.106261299643517,4.954358013491936,2.6378356224110613,2.1677197821922873,6.016880350382603,61.96794263599656,2.1677197821922873,0.06938334360097743,0.33106837210768514,1,camera_only,11.166666666666666,46.454576877239504,25.154895418784243,5.0,2.3995359923996515,2.2126887025568545
2.2333333333333334,11.181449517194313,46.48299991175869,25.107758384714934,4.962391554142972,2.6522027948106714,2.171416293415576,6.031132424407681,61.877251875940296,2.171416293415576,0.06710523881326608,0.32496725571263635,1,camera_only,11.166666666666666,46.454576877239504,25.154895418784243,5.0,2.3995359923996515,2.2126887025568545
2.2333333333333334,11.181444473236795,46.48420630915592,25.10809843401398,4.962947475177747,2.655872271021262,2.1721007515947197,6.033450657495356,61.84697773431527,2.1721007515947197,0.0652394824590687,0.3212102159129321,1,camera_only,11.166666666666666,46.454576877239504,25.154895418784243,5.0,2.3995359923996515,2.2126887025568545
2.2666666666666666,11.35275769259623,46.56113265560484,25.196691796318174,4.985870137931708,2.6117631548593887,2.245069077632582,6.059747764778847,62.35297057696472,2.245069077632582,0.06933952485071068,0.33107358140613824,1,camera_only,11.333333333333332,46.53420603990105,25.228580709827227,5.0,2.3781701056393545,2.208418659397314
2.2666666666666666,11.35600488355526,46.56609848687289,25.209210176890615,5.003975542546393,2.6218244167177795,2.293328961009345,6.096974022078837,62.34778619206734,2.293328961009345,0.06706893159769504,0.3249757992068943,1,camera_only,11.333333333333332,46.53420603990105,25.228580709827227,5.0,2.3781701056393545,2.208418659397314
2.2666666666666666,11.35603250373565,46.55942386806021,25.206589580518013,5.000790171801409,2.6019332806502082,2.2865594457365908,6.08328145314911,62.51184010757615,2.2865594457365908,0.06520559625350429,0.3212155630500226,1,camera_only,11.333333333333332,46.53420603990105,25.228580709827227,5.0,2.3781701056393545,2.208418659397314
2.3,11.520561117810184,46.641924264093596,25.29600569702344,4.992559671791835,2.579966974443903,2.3417453766719163,6.088156787960352,62.67178076391544,2.3417453766719163,0.06930587299046292,0.33108064777330226,1,camera_only,11.5,46.61311865323652,25.302122656688855,5.0,2.3565434257274336,2.2040880713246516
2.3,11.513834792051187,46.6273344261334,25.276442582994214,4.9546103982381275,2.541671046152698,2.269938654120755,6.013391505519317,62.84258001508001,2.269938654120755,0.06704171840328269,0.32498457744069914,1,camera_only,11.5,46.61311865323652,25.302122656688855,5.0,2.3565434257274336,2.2040880713246516
2.3,11.51387587367561,46.59734202543052,25.26805876418169,4.940765297953278,2.450270870822332,2.253174082397881,5.9574980080105195,63.621834076192236,2.253174082397881,0.06517838982936404,0.32121756747487606,1,camera_only,11.5,46.61311865323652,25.302122656688855,5.0,2.3565434257274336,2.2040880713246516
2.3333333333333335,11.695115139885672,46.668458535334544,25.340301728925763,5.005070946135177,2.424539476053648,2.250667632281692,5.999552619803368,64.15368168142484,2.250667632281692,0.06927618717227187,0.33107514864623566,1,camera_only,11.666666666666666,46.691306063588584,25.375519243179504,5.0,2.3346583242730508,2.1996970570641263
2.3333333333333335,11.691452666027487,46.65055064262895,25.34922405168807,4.9841570830296575,2.3605464235966274,2.2960769237732097,5.973773554977907,64.65729889944431,2.2960769237732097,0.067011447618258,0.3249672153738898,1,camera_only,11.666666666666666,46.691306063588584,25.375519243179504,5.0,2.3346583242730508,2.1996970570641263
2.3333333333333335,11.691515372394921,46.68690144283184,25.370784970150325,5.00343814808238,2.464914285569925,2.3623336225712563,6.0572944357380685,63.77310949777143,2.3623336225712563,0.06514625395821626,0.3211910902417039,1,camera_only,11.666666666666666,46.691306063588584,25.375519243179504,5.0,2.3346583242730508,2.1996970570641263
2.3666666666666667,11.845402888291787,46.778623433883496,25.450145442336183,4.953527286228975,2.4901993820890156,2.3570453955365522,6.024465829813592,63.3107584279961,2.3570453955365522,0.06924581838134511,0.33106738597106755,1,camera_only,11.833333333333334,46.768759696826606,25.448768457094673,5.0,2.3125172012242037,2.1952457369976126
2.3666666666666667,11.849247726798671,46.791142613246706,25.4524600732702,4.975114995067777,2.5305684090580183,2.3599794531436795,6.06011952904652,63.04005346392946,2.3599794531436795,0.06699024216067634,0.3249689516878604,1,camera_only,11.833333333333334,46.768759696826606,25.448768457094673,5.0,2.3125172012242037,2.1952457369976126
2.3666666666666667,11.849218438743994,46.79308074740982,25.45002499041849,4.975312080323818,2.5381655294430105,2.349074715648494,6.059221614297326,62.97150640465093,2.349074715648494,0.06512819483476939,0.3211920052798925,1,camera_only,11.833333333333334,46.768759696826606,25.448768457094673,5.0,2.3125172012242037,2.1952457369976126
2.4,12.016108988962785,46.8766026208605,25.53058041154834,4.979680736676348,2.5338100180325918,2.3589419361155586,6.064818258173318,63.03165110955741,2.3589419361155586,0.06923495307740615,0.33109187117227956,1,camera_only,12.0,46.845471059286886,25.52186829027017,5.0,2.2901224846045416,2.1907342331602986
2.4,12.02044294557769,46.888576947634284,25.536591717649202,5.003748980059329,2.5705161717942415,2.3771409222605153,6.107033339452641,62.80961600607141,2.3771409222605153,0.06698561050089011,0.32499492342491015,1,camera_only,12.0,46.845471059286886,25.52186829027017,5.0,2.2901224846045416,2.1907342331602986
2.4,12.020386575104544,46.871592085025824,25.538540068079723,4.997061678136078,2.514851963614885,2.3945770747800137,6.085154491141191,63.28543546840068,2.3945770747800137,0.06512295186464075,0.32121072638137066,1,camera_only,12.0,46.845471059286886,25.52186829027017,5.0,2.2901224846045416,2.1907342331602986
2.433333333333333,12.209490074623348,46.928674217024096,25.638579796105255,5.084421398173409,2.4261519323964684,2.495080589936325,6.161410658570954,64.49075312763021,2.495080589936325,0.06923004127534407,0.3311170514795201,1,camera_only,12.166666666666666,46.921431738704065,25.594816738637135,5.0,2.267476630247108,2.186162669237341
2.433333333333333,12.212028317076973,46.934896894009796,25.645387448822007,5.0987949241281285,2.4432387929810173,2.519392513807452,6.189867859370758,64.39720723051232,2.519392513807452,0.06698312307130566,0.3250123908730993,1,camera_only,12.166666666666666,46.921431738704065,25.594816738637135,5.0,2.267476630247108,2.186162669237341
2.433333333333333,12.211895581666324,46.92921057540501,25.63184496649731,5.093419563538931,2.432637582122972,2.4681350775887894,6.160546990115605,64.47067222527883,2.4681350775887894,0.06511732319678588,0.3212170419429549,1,camera_only,12.166666666666666,46.921431738704065,25.594816738637135,5.0,2.267476630247108,2.186162669237341
2.466666666666667,12.368593861753146,47.018818885400236,25.716727022228923,5.042593235938104,2.453495224303097,2.471448736854108,6.128249686305591,64.0545645617139,2.471448736854108,0.0692185723336747,0.3311217029181584,1,camera_only,12.333333333333334,46.99663340513365,25.66761180227701,5.0,2.244582121525029,2.181531170560474
2.466666666666667,12.368518096616897,47.02377507678054,25.70630617864627,5.042280496192124,2.475316968169192,2.426762313471146,6.118902027428584,63.85301561575972,2.426762313471146,0.06697591179802312,0.3250165106981943,1,camera_only,12.333333333333334,46.99663340513365,25.66761180227701,5.0,2.244582121525029,2.181531170560474
2.466666666666667,12.368337545294679,47.01002278546056,25.697624581854093,5.03446163544159,2.436022375410148,2.399622262001811,6.085901410023563,64.1790767104039,2.399622262001811,0.06510856113995375,0.3212136992251947,1,camera_only,12.333333333333334,46.99663340513365,25.66761180227701,5.0,2.244582121525029,2.181531170560474
2.5,12.536567133138806,47.09267773911333,25.772937075011466,5.035891154460719,2.443513690873781,2.3801032304486442,6.082421414589374,64.11642401074616,2.3801032304486442,0.06921352973601494,0.3311355293460291,1,camera_only,12.5,47.071067811865476,25.740251485476346,5.0,2.221441469079183,2.176839864104573
2.5,12.53134405974129,47.077739003997806,25.767417621838963,5.007170301160474,2.3966820691576487,2.365449543879908,6.034168617969415,64.42189240205994,2.365449543879908,0.06697303253388288,0.32502516133549697,1,camera_only,12.5,47.071067811865476,25.740251485476346,5.0,2.221441469079183,2.176839864104573
2.5,12.531268526310315,47.074493925630975,25.770956486456967,5.006241991057316,2.3842146523761962,2.3814804115349584,6.034764894522038,64.5339504649657,2.3814804115349584,0.06510228620549516,0.3212122006316164,1,camera_only,12.5,47.071067811865476,25.740251485476346,5.0,2.221441469079183,2.176839864104573
2.533333333333333,12.713924946622857,47.14792096756603,25.837185019212775,5.067411446350579,2.3782673682612625,2.3349396480357845,6.065208784659493,64.85811925653329,2.3349396480357845,0.06920701677677575,0.33114298790980634,1,camera_only,12.666666666666664,47.14472679632803,25.812733796781544,5.0,2.198057210542883,2.172088878484175
2.533333333333333,12.709833826299057,47.133309011805686,25.840066418929602,5.045157342669704,2.328139476822279,2.354034352861904,6.034511063067687,65.22855465094628,2.354034352861904,0.06696767267447123,0.32502522283115226,1,camera_only,12.666666666666664,47.14472679632803,25.812733796781544,5.0,2.198057210542883,2.172088878484175
2.533333333333333,12.709611217055485,47.128888395767454,25.83011731726336,5.040659659055035,2.319524210968317,2.3165724982826537,6.012898677301369,65.28987014935318,2.3165724982826537,0.06509382073503324,0.32120294494659063,1,camera_only,12.666666666666664,47.14472679632803,25.812733796781544,5.0,2.198057210542883,2.172088878484175
2.5666666666666664,12.876304073329909,47.210244203321544,25.901688312004325,5.035622283538871,2.3352156495503316,2.2914013335899006,6.005101496557371,65.12099477930501,2.2914013335899006,0.06919416416718674,0.33113722480981483,1,camera_only,12.833333333333332,47.21760228098362,25.88505674905342,5.0,2.174431910263593,2.167278343949951
2.5666666666666664,12.874933882340482,47.206386417502486,25.900590507222653,5.028201347310547,2.32293346855936,2.288937940660598,5.993168242644653,65.20396022303116,2.288937940660598,0.0669565600534624,0.32501489282704876,1,camera_only,12.833333333333332,47.21760228098362,25.88505674905342,5.0,2.174431910263593,2.167278343949951
2.5666666666666664,12.875217357210046,47.22375854478875,25.906976514779704,5.03727965477513,2.375202448280253,2.304767076187139,6.027248482201823,64.75495839871253,2.304767076187139,0.0650807239333138,0.3211857913723426,1,camera_only,12.833333333333332,47.21760228098362,25.88505674905342,5.0,2.174431910263593,2.167278343949951
2.6,13.025635595216844,47.31233996956132,25.992847784828594,4.969438447532938,2.393717258059257,2.3325923499046044,5.988838607458277,64.28045626656525,2.3325923499046044,0.06918521014970813,0.33114539143158506,1,camera_only,13.0,47.28968627421412,25.95721835952171,5.0,2.1505681590217223,2.1624083923851343
2.6,13.027476828560511,47.31579524985107,25.997514370987126,4.979317881793309,2.402843169554749,2.3496647933066526,6.00734438053349,64.23968266289165,2.3496647933066526,0.06695363033241256,0.3250278395435327,1,camera_only,13.0,47.28968627421412,25.95721835952171,5.0,2.1505681590217223,2.1624083923851343
2.6,13.027504133272382,47.319875326030576,25.994399557683547,4.980425764601431,2.417736472525116,2.3348762831589323,6.008472160619704,64.10584967264312,2.3348762831589323,0.06507764985337351,0.3211948183788488,1,camera_only,13.0,47.28968627421412,25.95721835952171,5.0,2.1505681590217223,2.1624083923851343
2.6333333333333333,13.159955897260284,47.421086262824325,26.08546190609891,4.850405856937019,2.4639373079897586,2.3702754265673205,5.9342758305038075,63.07007709992382,2.3702754265673205,0.06918826217185414,0.3311771479182447,1,camera_only,13.166666666666666,47.360970871197345,26.0292166498394,5.0,2.1264685737465148,2.1574791573019074
2.6333333333333333,13.155426370541367,47.41333294106331,26.074130522474913,4.826447332711423,2.443817424357077,2.3284828206820243,5.889708796302223,63.14513812879379,2.3284828206820243,0.06696224790981857,0.325063924600086,1,camera_only,13.166666666666666,47.360970871197345,26.0292166498394,5.0,2.1264685737465148,2.1574791573019074
2.6333333333333333,13.155514139545915,47.41405401103636,26.077767500430063,4.82775344343696,2.444090043064457,2.342657068278666,5.896509271491078,63.14881013307296,2.342657068278666,0.06508481227497505,0.32122492328395064,1,camera_only,13.166666666666666,47.360970871197345,26.0292166498394,5.0,2.1264685737465148,2.1574791573019074
2.6666666666666665,13.354727160146856,47.483164954707256,26.118525428915277,4.976337320589091,2.4398580777531813,2.2069595669070616,5.965526891887076,63.88165918673691,2.2069595669070616,0.06920391804142441,0.3312276822160205,1,camera_only,13.333333333333334,47.43144825477394,26.101049646137003,5.0,2.1021357972290726,2.1524907738377403
2.6666666666666665,13.351601852974193,47.4725935805057,26.121345401688377,4.959786211174288,2.4031403141810954,2.2236907992374872,5.9430096248290285,64.14865264039746,2.2236907992374872,0.06697895964821496,0.32510533526806595,1,camera_only,13.333333333333334,47.43144825477394,26.101049646137003,5.0,2.1021357972290726,2.1524907738377403
2.6666666666666665,13.351500585853282,47.46696355788408,26.122116104276564,4.957372814217259,2.384580338617772,2.229949314657762,5.9358607258261555,64.31165698580983,2.229949314657762,0.06509676166335156,0.3212542215973552,1,camera_only,13.333333333333334,47.43144825477394,26.101049646137003,5.0,2.1021357972290726,2.1524907738377403
2.7,13.519182690062864,47.535004671606494,26.21600218699061,4.966790355872277,2.3375479578055685,2.315088514850286,5.95758102973166,64.7966584081601,2.315088514850286,0.06920582442224271,0.3312453294743665,1,camera_only,13.5,47.50111069630459,26.17271537907663,5.0,2.077572497832547,2.1474433787516856
2.7,13.519396817309103,47.53624843842631,26.21496667158614,4.967965568832425,2.3422123665668684,2.3102782451630843,5.958525508318067,64.75785291007932,2.3102782451630843,0.06698216908967386,0.32511713354344524,1,camera_only,13.5,47.50111069630459,26.17271537907663,5.0,2.077572497832547,2.1474433787516856
2.7,13.519408941837693,47.53857915002433,26.21061563798143,4.968105526062953,2.352187635136996,2.2915533458085777,5.955340118387456,64.66442644631191,2.2915533458085777,0.06509723296753135,0.32125822997748626,1,camera_only,13.5,47.50111069630459,26.17271537907663,5.0,2.077572497832547,2.1474433787516856
2.7333333333333334,13.699243624843836,47.60705697174032,26.285127479817113,5.023542596961847,2.326570071493807,2.2921746965020855,5.991908991326996,65.14957244827441,2.2921746965020855,0.06920555977366606,0.33126122289240084,1,camera_only,13.666666666666666,47.56995055651756,26.24421188390602,5.0,2.0527813691995207,2.142337110420629
2.7333333333333334,13.703390528014014,47.620075950493856,26.282227303148044,5.045213254723431,2.3715421971943678,2.2739143041619667,6.020720508492558,64.82375973785048,2.2739143041619667,0.06698509221198876,0.32513047459934213,1,camera_only,13.666666666666666,47.56995055651756,26.24421188390602,5.0,2.0527813691995207,2.142337110420629
2.7333333333333334,13.703871198948331,47.636546468681864,26.288946529170083,5.054579218169129,2.4207606927481953,2.29151364208266,6.054740966891392,64.40910820639174,2.29151364208266,0.06509770009626391,0.3212640752909159,1,camera_only,13.666666666666666,47.56995055651756,26.24421188390602,5.0,2.0527813691995207,2.142337110420629
2.7666666666666666,13.859413536982057,47.72668651012514,26.36731749201171,5.004341278335542,2.44526490861985,2.291846756363494,6.022899107409531,63.95853661543282,2.291846756363494,0.06920654633981962,0.33128567942207837,1,camera_only,13.833333333333334,47.63796028634642,26.315537200512367,5.0,2.027765129956618,2.1371721088354962
2.7666666666666666,13.845781346768065,47.69734049848891,26.344289007174062,4.932363396923549,2.359283396181426,2.2141407492985827,5.898885155731807,64.4369435950338,2.2141407492985827,0.06699328297789435,0.3251618739765398,1,camera_only,13.833333333333334,47.63796028634642,26.315537200512367,5.0,2.027765129956618,2.1371721088354962
2.7666666666666666,13.845444604392485,47.687351781461544,26.338253806953343,4.926171980795417,2.33054554355728,2.195641087254181,5.875325752586598,64.68141997315354,2.195641087254181,0.06510306729727211,0.3212875160710435,1,camera_only,13.833333333333334,47.63796028634642,26.315537200512367,5.0,2.027765129956618,2.1371721088354962
2.8,14.032373407903988,47.737512981927324,26.4313975330562,5.014550772514991,2.2389629532608226,2.2948750204701547,5.951901033769212,65.93956177207917,2.2948750204701547,0.06921228492210094,0.3313130417541567,1,camera_only,13.999999999999998,47.70513242775789,26.386689373476088,5.0,2.0025265234163796,2.131948515597415
2.8,14.028657263843542,47.72888388915054,26.429052411478388,4.995424578645135,2.211268907649738,2.289772903297776,5.923431172179442,66.12299917395161,2.289772903297776,0.06699566048272193,0.3251732680880993,1,camera_only,13.999999999999998,47.70513242775789,26.386689373476088,5.0,2.0025265234163796,2.131948515597415
2.8,14.028564557283213,47.73266607291032,26.419010700684513,4.994642799395637,2.2291210714620613,2.247512555218677,5.913268988525419,65.94867857071533,2.247512555218677,0.06510110531438734,0.3212886350309639,1,camera_only,13.999999999999998,47.70513242775789,26.386689373476088,5.0,2.0025265234163796,2.131948515597415
2.8333333333333335,14.19809950860448,47.8124764804886,26.475665964811203,5.006156587664341,2.2583363049923824,2.1720297583148374,5.905878420494866,65.71930259282101,2.1720297583148374,0.06920372698480834,0.33131503997052086,1,camera_only,14.166666666666666,47.77145961456971,26.45766645212443,5.0,1.9770683172764252,2.1266664739138323
2.8333333333333335,14.186395865118214,47.78800250697712,26.457869040348868,4.9451403086589005,2.1857911274208317,2.1129140128158395,5.804868745336815,66.1541922441091,2.1129140128158395,0.06699004828855394,0.32517419118119917,1,camera_only,14.166666666666666,47.77145961456971,26.45766645212443,5.0,1.9770683172764252,2.1266664739138323
2.8333333333333335,14.18562682496091,47.77132721546902,26.443337123918084,4.933251950899225,2.140317372801405,2.064270069031022,5.760134042300045,66.54613475966966,2.064270069031022,0.06509227062212919,0.3212816335860784,1,camera_only,14.166666666666666,47.77145961456971,26.45766645212443,5.0,1.9770683172764252,2.1266664739138323
2.8666666666666667,14.348116209958231,47.848432182996454,26.502546767253357,4.925495699236598,2.1636083854609027,2.0223739935605054,5.747321610860561,66.28569434694295,2.0223739935605054,0.06919165125831335,0.3313118488068724,1,camera_only,14.333333333333334,47.8369345732584,26.52846649058491,5.0,1.9513933033159465,2.1213261285945895
2.8666666666666667,14.338870996272723,47.823685108784844,26.50030468572127,4.8774703027575015,2.0821936103352074,2.025929741197971,5.677115297532065,66.8823487332937,2.025929741197971,0.06697665244906247,0.325162222437386,1,camera_only,14.333333333333334,47.8369345732584,26.52846649058491,5.0,1.9513933033159465,2.1213261285945895
2.8666666666666667,14.339593330677562,47.83857466044188,26.50952321138282,4.887524366646757,2.1249512490955063,2.054351048875369,5.711713444984235,66.50201941786446,2.054351048875369,0.06507562025183936,0.32126215434988153,1,camera_only,14.333333333333334,47.8369345732584,26.52846649058491,5.0,1.9513933033159465,2.1213261285945895
2.9,14.48914889785893,47.91181683397515,26.595631642788977,4.835640938510003,2.1178663958912156,2.120992195649083,5.6892345048383675,66.34801615777566,2.120992195649083,0.06917723119729348,0.33131291039907285,1,camera_only,14.499999999999998,47.901550123756905,26.599087547838728,5.0,1.9255042970895564,2.115927626047951
2.9,14.496997669636707,47.92542825615884,26.613662145457997,4.8765164900959626,2.1539815109490026,2.186456209331816,5.761999668779377,66.16871473338121,2.186456209331816,0.06696581479769302,0.32516498111527325,1,camera_only,14.499999999999998,47.901550123756905,26.599087547838728,5.0,1.9255042970895564,2.115927626047951
2.9,14.497702244351586,47.94438449577475,26.616967777636734,4.8868839356486875,2.2131619280318575,2.18896444783103,5.794073323151779,65.63527664933835,2.18896444783103,0.06506561289413472,0.3212637281499382,1,camera_only,14.499999999999998,47.901550123756905,26.599087547838728,5.0,1.9255042970895564,2.115927626047951
2.933333333333333,14.667815060166182,48.012665936501094,26.688190640196083,4.91477341291535,2.1990749161650074,2.186367001751263,5.811293216965785,65.89426383340913,2.186367001751263,0.06917482469396993,0.33134630716609725,1,camera_only,14.666666666666666,47.96529918024196,26.66952768777391,5.0,1.8994041376185287,2.1104711142765913
2.933333333333333,14.660641788940389,47.996253893105,26.679723003671445,4.877430879869667,2.1487542760908176,2.1607615094331662,5.7511187805132895,66.22408880917794,2.1607615094331662,0.0669710606026647,0.325204972274823,1,camera_only,14.666666666666666,47.96529918024196,26.66952768777391,5.0,1.8994041376185287,2.1104711142765913
2.933333333333333,14.660698993153883,47.998660904489874,26.678971498124834,4.878402185350033,2.1569282365830205,2.156405788059339,5.753367120441118,66.14794481021575,2.156405788059339,0.06506826038410832,0.3212957620876821,1,camera_only,14.666666666666666,47.96529918024196,26.66952768777391,5.0,1.8994041376185287,2.1104711142765913
2.966666666666667,14.818920526003707,48.06903211357652,26.761872397333683,4.8614128268018275,2.144179909729825,2.200429701763883,5.750889759879511,66.1995917559017,2.200429701763883,0.06917565482656797,0.33137973249224556,1,camera_only,14.833333333333334,48.028174751911145,26.73978497923845,5.0,1.8730956870794713,2.1049567428735365
2.966666666666667,14.820519631057326,48.071682381491875,26.765574848179217,4.869682650961539,2.1511166182596564,2.2139340593496932,5.765640974391076,66.16720208422649,2.2139340593496932,0.06697340479203664,0.3252338124291934,1,camera_only,14.833333333333334,48.028174751911145,26.73978497923845,5.0,1.8730956870794713,2.1049567428735365
2.966666666666667,14.820057973616843,48.060096039833184,26.766935596926196,4.8638614425747475,2.113001976397803,2.225878418661308,5.751213804014635,66.51848060019402,2.225878418661308,0.06506875594386391,0.32131817269506385,1,camera_only,14.833333333333334,48.028174751911145,26.73978497923845,5.0,1.8730956870794713,2.1049567428735365
3.0,14.982816424971524,48.12505107400575,26.85148970649074,4.866341610756033,2.089700823168521,2.2703395664791484,5.762167296256465,66.76038266333471,2.2703395664791484,0.06917668492370825,0.3314113012754701,1,camera_only,15.0,48.09016994374947,26.8098574960932,5.0,1.8465818304904567,2.0993846630180646
3.0,14.986333075111729,48.13884921813019,26.843700840602377,4.884579608369843,2.1396543987230827,2.2320559436787684,5.780943922249137,66.34452895502164,2.2320559436787684,0.06697683612430679,0.3252619516859837,1,camera_only,15.0,48.09016994374947,26.8098574960932,5.0,1.8465818304904567,2.0993846630180646
3.0,14.98564859590157,48.12411100585229,26.838480686502074,4.875602643177347,2.095129774593508,2.219564700552147,5.752176750281872,66.745976744933,2.219564700552147,0.06506965814627544,0.3213386741849106,1,camera_only,15.0,48.09016994374947,26.8098574960932,5.0,1.8465818304904567,2.0993846630180646
3.033333333333333,15.129630926062159,48.19900789252112,26.934604162509626,4.8036965978947395,2.092275988409195,2.301669400900941,5.722831628428611,66.46420659347594,2.301669400900941,0.0691772731850441,0.3314404956752431,1,camera_only,15.166666666666668,48.151277957285544,26.879743317264726,5.0,1.8198654753946426,2.0937550274715595
3.033333333333333,15.134041570588757,48.207629133835844,26.94158432196727,4.826360823581714,2.117442910491557,2.32525609999125,5.760567611715171,66.31175976397155,2.32525609999125,0.06698083988581245,0.32529126020358057,1,camera_only,15.166666666666668,48.151277957285544,26.879743317264726,5.0,1.8198654753946426,2.0937550274715595
3.033333333333333,15.133647469992118,48.19534633426615,26.948890160171995,4.821649588059118,2.0737092104695436,2.36126338899396,5.75535745473903,66.72828495184807,2.36126338899396,0.06507165782473359,0.32136143624475677,1,camera_only,15.166666666666668,48.151277957285544,26.879743317264726,5.0,1.8198654753946426,2.0937550274715595
3.0666666666666664,15.296369099263753,48.26258522521221,27.027394058860345,4.829316019760783,2.068463934463056,2.361855648706281,5.760138745917348,66.81386875730391,2.361855648706281,0.06918348940791298,0.3314799610060321,1,camera_only,15.333333333333332,48.211492091337036,26.949440526797925,5.0,1.7929495515414322,2.0880679905733235
3.0666666666666664,15.287769962702678,48.2524661867509,27.00117319733627,4.785361925688594,2.048126703708837,2.2619468842579757,5.675466100813186,66.82915822383966,2.2619468842579757,0.06699023971726537,0.32532874741840623,1,camera_only,15.333333333333332,48.211492091337036,26.949440526797925,5.0,1.7929495515414322,2.0880679905733235
3.0666666666666664,15.287260709116588,48.247676815930106,26.988630742317397,4.7794190487363695,2.0397932813109687,2.214724434049869,5.6487704319332135,66.88784707819306,2.214724434049869,0.06507694187681747,0.3213886816360288,1,camera_only,15.333333333333332,48.211492091337036,26.949440526797925,5.0,1.7929495515414322,2.0880679905733235
3.1,15.46058264845696,48.30989276429509,27.04913291964347,4.833701842657648,2.0336722372862814,2.167393560608294,5.6743361831131605,67.18216155133106,2.167393560608294,0.069187503784412,0.3315098133877211,1,camera_only,15.5,48.27080574274562,27.0189472139086,5.0,1.7658370105651893,2.0823237082363457
3.1,15.463067469806484,48.31599991649813,27.050446511084594,4.846429532546597,2.0533516096368793,2.1695356085642103,5.6930674336043365,67.0384342426635,2.1695356085642103,0.066994313763395,0.32535075248324064,1,camera_only,15.5,48.27080574274562,27.0189472139086,5.0,1.7658370105651893,2.0823237082363457
3.1,15.46311413467002,48.313374961715866,27.055459451297402,4.846566048909144,2.042065453435955,2.1909625795073007,5.697328392093673,67.15222802552152,2.1909625795073007,0.06507789117755138,0.3214022874423634,1,camera_only,15.5,48.27080574274562,27.0189472139086,5.0,1.7658370105651893,2.0823237082363457
3.1333333333333333,15.618205131617195,48.39456695239515,27.112437497716922,4.8213659320761595,2.0912176559286606,2.1186470936085953,5.666341521891222,66.55170943694087,2.1186470936085953,0.06918653468136444,0.33153238267681273,1,camera_only,15.666666666666668,48.329212407101,27.08826147303581,5.0,1.7385308256615641,2.076522337943028
3.1333333333333333,15.616424583881262,48.39496719400402,27.10297236680198,4.8124604578494266,2.097345262991849,2.0805361956784716,5.646880879927157,66.45167742446334,2.0805361956784716,0.06699800310518698,0.32537586761649995,1,camera_only,15.666666666666668,48.329212407101,27.08826147303581,5.0,1.7385308256615641,2.076522337943028
3.1333333333333333,15.616299938128611,48.39700228005976,27.09600257257003,4.811461834688451,2.10784035459442,2.0516729136910423,5.6393721008542945,66.34238428189425,2.0516729136910423,0.06507939143459526,0.32142069883468627,1,camera_only,15.666666666666668,48.329212407101,27.08826147303581,5.0,1.7385308256615641,2.076522337943028
3.1666666666666665,15.789960816947637,48.456049562602054,27.16502484058504,4.863232891244045,2.075952786595121,2.0627645976400206,5.675879835930898,66.8839717845671,2.0627645976400206,0.06919182731976854,0.3315681732290904,1,camera_only,15.833333333333332,48.38670567945424,27.157381403894128,5.0,1.7110339912614436,2.070664038740868
3.1666666666666665,15.784999488769639,48.447402340033236,27.15576560326277,4.83797656139367,2.051881154261729,2.030146770690451,5.63362488903493,67.01724265679697,2.030146770690451,0.06700582073451654,0.32540817793879134,1,camera_only,15.833333333333332,48.38670567945424,27.157381403894128,5.0,1.7110339912614436,2.070664038740868
3.1666666666666665,15.783654490133168,48.42872363774979,27.141516970091562,4.823562018507747,1.9997139908725408,1.9840503855462832,5.585880639976858,67.48247041736569,1.9840503855462832,0.06508350240433203,0.3214434886949886,1,camera_only,15.833333333333332,48.38670567945424,27.157381403894128,5.0,1.7110339912614436,2.070664038740868
3.2,15.966045970077964,48.485931724631165,27.18822374543834,4.907403037792686,1.9877848937443794,1.915893216212105,5.630678482657556,67.9491773098515,1.915893216212105,0.06919005293835953,0.3315856854431677,1,camera_only,16.0,48.44327925502015,27.22630511152573,5.0,1.6833495227025799,2.0647489712380973
3.2,15.96410414753726,48.4826988982051,27.183758530940175,4.897439301074308,1.97933988227768,1.8997133144939091,5.61352017494795,67.99350357362144,1.8997133144939091,0.06700325895940232,0.32541546010434313,1,camera_only,16.0,48.44327925502015,27.22630511152573,5.0,1.6833495227025799,2.0647489712380973
3.2,15.965173248353974,48.4941104313786,27.198913728650762,4.9083272898829495,2.0075730999214603,1.953480649443224,5.6513815287845395,67.7547660555646,1.953480649443224,0.06507662494845837,0.32144060774522215,1,camera_only,16.0,48.44327925502015,27.22630511152573,5.0,1.6833495227025799,2.0647489712380973
3.2333333333333334,16.13279227384746,48.55500023200285,27.269959130874767,4.924030791122356,1.9861449882399538,1.9810897002838888,5.667059867938811,68.03294365939725,1.9810897002838888,0.06918115759361748,0.3315953452303845,1,camera_only,16.166666666666668,48.49892692986864,27.295030706352357,5.0,1.6554804558989273,2.05877729759928
3.2333333333333334,16.13265207382768,48.546413212549105,27.286355500217624,4.923274762480715,1.9491115511475685,2.050994682394252,5.678402012265944,68.40151738526438,2.050994682394252,0.06699898204975076,0.325427124574566,1,camera_only,16.166666666666668,48.49892692986864,27.295030706352357,5.0,1.6554804558989273,2.05877729759928
3.2333333333333334,16.13191467139694,48.53829417388913,27.279789629707807,4.916354780114736,1.9266084711269404,2.029487274928161,5.656958822907449,68.60090821349674,2.029487274928161,0.06507075533636231,0.321446498202985,1,camera_only,16.166666666666668,48.49892692986864,27.295030706352357,5.0,1.6554804558989273,2.05877729759928
3.2666666666666666,16.29604854954006,48.60385984413653,27.34365321088588,4.917246475816787,1.9331890618359344,2.013752724123144,5.654355214049441,68.53799541995022,2.013752724123144,0.06917370533663544,0.33160925302475885,1,camera_only,16.333333333333332,48.55364260160506,27.36355630422711,5.0,1.627429847007717,2.0527491815408645
3.2666666666666666,16.301306137585094,48.61625905286498,27.343250817674782,4.943318998859722,1.9749167197454436,2.0059042117547867,5.688615866900593,68.22268371897049,2.0059042117547867,0.06699359498387258,0.3254376467959423,1,camera_only,16.333333333333332,48.55364260160506,27.36355630422711,5.0,1.627429847007717,2.0527491815408645
3.2666666666666666,16.299628119265932,48.59182698665057,27.334870225895088,4.926712691212395,1.900834030875733,1.9864078638521232,5.6419397512081,68.9022895267433,1.9864078638521232,0.06506333142760123,0.32145050165688227,1,camera_only,16.333333333333332,48.55364260160506,27.36355630422711,5.0,1.627429847007717,2.0527491815408645
3.3,16.462890290025232,48.65098915362547,27.41050869847412,4.92284647398085,1.881620125817942,2.0259976977428096,5.646200348511199,69.08204501780463,2.0259976977428096,0.06916585784189593,0.33162407722174014,1,camera_only,16.499999999999996,48.607420270039434,27.431880026486112,5.0,1.5992007720943144,2.0466647883266984
3.3,16.46591904741201,48.64987675466611,27.426885083259773,4.937835625050651,1.869601085865553,2.091997395578696,5.679267733026596,69.26194878347418,2.091997395578696,0.06698768484273632,0.32544858140349847,1,camera_only,16.499999999999996,48.607420270039434,27.431880026486112,5.0,1.5992007720943144,2.0466647883266984
3.3,16.46630467999679,48.655481106943334,27.42845721368969,4.941576181489855,1.8867948845742888,2.095076773040565,5.689333597079505,69.10212064159458,2.095076773040565,0.06505420956216183,0.32145293201438985,1,camera_only,16.499999999999996,48.607420270039434,27.431880026486112,5.0,1.5992007720943144,2.0466647883266984
3.3333333333333335,16.65100977735348,48.6990294549423,27.501605861773847,5.019255334796914,1.8293248936257978,2.122464744967886,5.748409369204485,69.975153477735,2.122464744967886,0.0691588708656232,0.33164389410075923,1,camera_only,16.666666666666668,48.66025403784439,27.5,5.0,1.5707963267948961,2.040524284763495
3.3333333333333335,16.648300470761342,48.69273774918274,27.500082392606974,5.005595149240479,1.8091462408711754,2.119606874363806,5.729024892667899,70.12888736270669,2.119606874363806,0.06698418810666111,0.32546609473508376,1,camera_only,16.666666666666668,48.66025403784439,27.5,5.0,1.5707963267948961,2.040524284763495
3.3333333333333335,16.64804475992086,48.6880619554295,27.499614105873345,5.002900073318165,1.794337357803384,2.120391858977115,5.722300003742565,70.26914861348146,2.120391858977115,0.06504743884285358,0.32146136635378036,1,camera_only,16.666666666666668,48.66025403784439,27.5,5.0,1.5707963267948961,2.040524284763495
3.3666666666666667,16.79860927452431,48.7595458134605,27.576808620194946,4.940085536172307,1.822796331953894,2.1369196364529097,5.682733242475969,69.7469113226687,2.1369196364529097,0.0691474457853129,0.3316534968845619,1,camera_only,16.833333333333332,48.712138111201895,27.567914357225288,5.0,1.5422196259769807,2.034327839196261
3.3666666666666667,16.800394945828426,48.76476811172618,27.573499544760118,4.9487296166392145,1.8420301710952893,2.1211091974856573,5.690527585161651,69.58358427545315,2.1211091974856573,0.06697555758515239,0.32547515577654385,1,camera_only,16.833333333333332,48.712138111201895,27.567914357225288,5.0,1.5422196259769807,2.034327839196261
3.3666666666666667,16.800726997309162,48.77180089559371,27.569424412315822,4.951767757846342,1.8670443849176046,2.100998003016102,5.693860840552445,69.34124786559907,2.100998003016102,0.06503750219314744,0.32146518827532106,1,camera_only,16.833333333333332,48.712138111201895,27.567914357225288,5.0,1.5422196259769807,2.034327839196261
3.4,16.97091051358188,48.83472395008561,27.627435049417567,4.971466679405765,1.8778328420035864,2.0538434840179214,5.697368707025369,69.30734092249084,2.0538434840179214,0.06914485808476703,0.33168356815945854,1,camera_only,17.0,48.76306680043864,27.635621236255567,5.0,1.5134738033978403,2.0280756215036826
3.4,16.97268691847719,48.83683738835654,27.631079632513117,4.9801759262073855,1.8830755745173962,2.0673300054448736,5.711565391968502,69.28767952759563,2.0673300054448736,0.06697719785841964,0.32550564688669215,1,camera_only,17.0,48.76306680043864,27.635621236255567,5.0,1.5134738033978403,2.0280756215036826
3.4,16.97215004221696,48.82879984559248,27.630611339098888,4.975227893852938,1.8573944011184444,2.0700049645841525,5.699800620239406,69.5279631868326,2.0700049645841525,0.06503676492525234,0.3214879662848814,1,camera_only,17.0,48.76306680043864,27.635621236255567,5.0,1.5134738033978403,2.0280756215036826
3.433333333333333,17.139373564442334,48.886732350227916,27.70483226787473,4.98055918547204,1.8420493739589963,2.0931526087913936,5.707924626322851,69.70319179085514,2.0931526087913936,0.06914409392788708,0.33171394396353987,1,camera_only,17.166666666666668,48.81303452064992,27.70311878087255,5.0,1.484562011360858,2.021767803093465
3.433333333333333,17.14190821053102,48.89084852295152,27.70716179429347,4.992869203704615,1.8547117499341423,2.100398475059455,5.725414597623285,69.62137174153222,2.100398475059455,0.06697886870783556,0.3255326249124881,1,camera_only,17.166666666666668,48.81303452064992,27.70311878087255,5.0,1.484562011360858,2.021767803093465
3.433333333333333,17.14248690824874,48.89540437585677,27.717963281412082,4.998511658581483,1.8632687411353928,2.1405880215954953,5.747956704853073,69.55632019033159,2.1405880215954953,0.06503551658184592,0.321506419539578,1,camera_only,17.166666666666668,48.81303452064992,27.70311878087255,5.0,1.484562011360858,2.021767803093465
3.466666666666667,17.318444472871807,48.95264361184356,27.782318585248188,5.034873347946741,1.854639638318638,2.1171820614028327,5.768197092594276,69.77828383584627,2.1171820614028327,0.06914494471850435,0.33174630522560333,1,camera_only,17.333333333333336,48.86203579231215,27.770405140596953,5.0,1.4554874203698365,2.0154045568976375
3.466666666666667,17.321898887092566,48.95873833483864,27.78509178895855,5.051727679134799,1.8736764843433844,2.1251803619701897,5.791977873146771,69.65027557322455,2.1251803619701897,0.06698376842533203,0.32556444652708577,1,camera_only,17.333333333333336,48.86203579231215,27.770405140596953,5.0,1.4554874203698365,2.0154045568976375
3.466666666666667,17.320323014417525,48.94184687779247,27.772180087019063,5.037618934020137,1.8264599060389344,2.0836039177123418,5.749344797337532,70.07117198936471,2.0836039177123418,0.06503779179447447,0.3215299250912406,1,camera_only,17.333333333333336,48.86203579231215,27.770405140596953,5.0,1.4554874203698365,2.0154045568976375
3.5,17.49145060133865,48.99660210498987,27.847962668730005,5.050077966669673,1.8041505303902785,2.112625208781426,5.763803594721874,70.3406293385112,2.112625208781426,0.0691447798916518,0.3317723870066551,1,camera_only,17.5,48.91006524188368,27.83747847073923,5.0,1.426253218781319,2.0089860573678076
3.5,17.48602249556342,48.98136703937677,27.854422182729703,5.023534429561562,1.7498429299128553,2.146058507799511,5.736149890236053,70.79528896022265,2.146058507799511,0.06698501098145927,0.32558488509786515,1,camera_only,17.5,48.91006524188368,27.83747847073923,5.0,1.426253218781319,2.0089860573678076
3.5,17.48618511259457,48.98660300218217,27.846991267988553,5.024703835755117,1.7709875969366617,2.11371865349113,5.731653535557783,70.58468237230719,2.11371865349113,0.06503452045844908,0.3215393745693944,1,camera_only,17.5,48.91006524188368,27.83747847073923,5.0,1.426253218781319,2.0089860573678076
3.533333333333333,17.644062588543473,49.05340400238845,27.919449091009128,4.9872956758664,1.7917591167704257,2.115669396694679,5.706099884085106,70.23843011404236,2.115669396694679,0.06914121483888366,0.33179039251443354,1,camera_only,17.666666666666668,48.95711760239413,27.904336932450164,5.0,1.3968626124549495,2.002512480470383
3.533333333333333,17.6364135754663,49.04399830949748,27.90327908097353,4.949750424718005,1.7685643790550674,2.0560528000839406,5.64404131333139,70.33800078668752,2.0560528000839406,0.06698392116249724,0.32560143078223536,1,camera_only,17.666666666666668,48.95711760239413,27.904336932450164,5.0,1.3968626124549495,2.002512480470383
3.533333333333333,17.636425921351886,49.04631090056671,27.897894743375122,4.949681763177927,1.7791027649392575,2.0334651464530435,5.639107793506874,70.2296443421692,2.0334651464530435,0.06503092923300599,0.32154872795448725,1,camera_only,17.666666666666668,48.95711760239413,27.904336932450164,5.0,1.3968626124549495,2.002512480470383
3.5666666666666664,17.83454502468389,49.066777613159225,27.98293739723188,5.078686860325559,1.6547497999877931,2.1290034349452105,5.750122846671332,71.95323167450722,2.1290034349452105,0.06914103619462755,0.3318146362611129,1,camera_only,17.833333333333332,49.003187714021934,27.97097869277124,5.0,1.367318824401914,1.9959840036817442
3.5666666666666664,17.83932675089426,49.07446075159066,27.98886355269613,5.102045417521783,1.6774434175311723,2.148702904967294,5.7846009400207175,71.80024083446096,2.148702904967294,0.06698367615493056,0.325615646900524,1,camera_only,17.833333333333332,49.003187714021934,27.97097869277124,5.0,1.367318824401914,1.9959840036817442
3.5666666666666664,17.84038456260284,49.084539726186314,27.997173066752403,5.1109647944724585,1.7052927716407478,2.175858900799547,5.8107096402707725,71.5485280590985,2.175858900799547,0.0650268202651322,0.3215528062416243,1,camera_only,17.833333333333332,49.003187714021934,27.97097869277124,5.0,1.367318824401914,1.9959840036817442
3.6,18.01422436886781,49.14051426425843,28.064972604699065,5.1244780787834845,1.70631218685861,2.1582350184260224,5.816335208162873,71.58364077357346,2.1582350184260224,0.06913093296327331,0.33182190750903956,1,camera_only,18.0,49.0482705246602,28.03740192468495,5.0,1.337625094431499,1.9894008059833805
3.6,18.005736049646462,49.12423823802566,28.059707594460658,5.083048135500215,1.6545406393843907,2.1455427783134278,5.760055285217289,71.96984482715075,2.1455427783134278,0.06697918796153791,0.32562676957907316,1,camera_only,18.0,49.0482705246602,28.03740192468495,5.0,1.337625094431499,1.9894008059833805
3.6,18.005324081101627,49.12270375773181,28.049687991462473,5.07926835386429,1.6552967475718816,2.106841563225927,5.742626202847053,71.94958622557371,2.106841563225927,0.0650195127787854,0.32155585308999834,1,camera_only,18.0,49.0482705246602,28.03740192468495,5.0,1.337625094431499,1.9894008059833805
3.6333333333333333,18.159603475363628,49.197187159784605,28.10943033798658,5.020783728084819,1.7187450581594,2.0521013079607378,5.689769204219344,71.10258868008742,2.0521013079607378,0.06912321855163704,0.33183339461184386,1,camera_only,18.166666666666668,49.09236109047069,28.103604807164825,5.0,1.3077846787958152,1.982763067856982
3.6333333333333333,18.161325750603563,49.19755119322954,28.116145134211056,5.029150605072406,1.7165443162021627,2.0786257053327604,5.706098931919794,71.15425534908324,2.0786257053327604,0.06697319151192821,0.32563592403474323,1,camera_only,18.166666666666668,49.09236109047069,28.103604807164825,5.0,1.3077846787958152,1.982763067856982
3.6333333333333333,18.16027422992658,49.19007374387426,28.103326920950334,5.020418689720863,1.6996645680037084,2.032237997819155,5.676570685158936,71.2964511513833,2.032237997819155,0.06501191052388909,0.3215593125590017,1,camera_only,18.166666666666668,49.09236109047069,28.103604807164825,5.0,1.3077846787958152,1.982763067856982
3.6666666666666665,18.3206662657215,49.25347820266037,28.17030144916282,4.993295899665634,1.7196620654616863,2.02427754650648,5.655788286905361,70.99659015012604,2.02427754650648,0.06912070283845545,0.33185707767707284,1,camera_only,18.333333333333332,49.13545457642601,28.169585525225404,5.0,1.2778008498327083,1.9760709712794928
3.6666666666666665,18.303051255465572,49.221706375728694,28.15757402116305,4.907814626681823,1.6197682919749838,1.989780451028243,5.538006859227763,71.73511540876439,1.989780451028243,0.06697344169554008,0.32565807403505953,1,camera_only,18.333333333333332,49.13545457642601,28.169585525225404,5.0,1.2778008498327083,1.9760709712794928
3.6666666666666665,18.303704265698293,49.22431011441446,28.168384994011998,4.91303351625198,1.6220478448958227,2.030979261008595,5.558220425783193,71.72925668545423,2.030979261008595,0.06500783357043714,0.32157120013708207,1,camera_only,18.333333333333332,49.13545457642601,28.169585525225404,5.0,1.2778008498327083,1.9760709712794928
3.6999999999999997,18.477142945901218,49.26807239044933,28.238606814211735,4.950710419263649,1.5904148936796412,2.048308885887922,5.588785420952489,72.19039356475548,2.048308885887922,0.06911788727870719,0.3318763020572168,1,camera_only,18.5,49.17754625683981,28.235342269971976,5.0,1.2476768956069093,1.9693246997181204
3.6999999999999997,18.477931408131568,49.26169755594029,28.256208936909587,4.954775380166905,1.5599746570341517,2.1214324405047598,5.611042291599921,72.52377423990869,2.1214324405047598,0.0669701591945967,0.3256688799666662,1,camera_only,18.5,49.17754625683981,28.235342269971976,5.0,1.2476768956069093,1.9693246997181204
3.6999999999999997,18.4788875297922,49.27284723982403,28.257998656119845,4.96247541512925,1.5950030015392342,2.1221947095655658,5.627957640742284,72.1819313274289,2.1221947095655658,0.06500206785742912,0.32157467943866574,1,camera_only,18.5,49.17754625683981,28.235342269971976,5.0,1.2476768956069093,1.9693246997181204
3.7333333333333334,18.656781203995912,49.30168614079707,28.353576437163838,5.011076134231109,1.506217721005957,2.235878805550363,5.690231091901478,73.27039402144462,2.235878805550363,0.06911165368125104,0.33189107765591974,1,camera_only,18.666666666666668,49.21863151588501,28.300873238650162,5.0,1.217416119549467,1.962524438125308
3.7333333333333334,18.64917422611385,49.2868421281988,28.35049776271682,4.974254657797773,1.4580974059543585,2.231189548780628,5.643355761287921,73.66261835077147,2.231189548780628,0.06696744776582528,0.32568235459249645,1,camera_only,18.666666666666668,49.21863151588501,28.300873238650162,5.0,1.217416119549467,1.962524438125308
3.7333333333333334,18.646738845448244,49.26553322694178,28.3337052342627,4.954983121871103,1.3987384771874967,2.177013277858183,5.589965463002712,74.23619721678541,2.177013277858183,0.06499601349265242,0.3215791860772693,1,camera_only,18.666666666666668,49.21863151588501,28.300873238650162,5.0,1.217416119549467,1.962524438125308
3.7666666666666666,18.798687959584672,49.31708229086372,28.42281877078347,4.9037176913333465,1.4010094687056864,2.237317359259686,5.569099001970011,74.05517369471374,2.237317359259686,0.06909833469155255,0.331887858175719,1,camera_only,18.833333333333332,49.25870584809995,28.36617663469535,5.0,1.187021840095484,1.9556703729336626
3.7666666666666666,18.795509013944322,49.31576402259548,28.411404208381402,4.888270792349763,1.4024724858291666,2.192690494798659,5.538051283513725,73.99151579373472,2.192690494798659,0.06695365776062587,0.32567232896527243,1,camera_only,18.833333333333332,49.25870584809995,28.36617663469535,5.0,1.187021840095484,1.9556703729336626
3.7666666666666666,18.794972194645226,49.31162108092284,28.40567410793994,4.883892280139095,1.3923469233935817,2.1724552712404126,5.523639711696092,74.08769984866244,2.1724552712404126,0.0649795191066748,0.3215621439399097,1,camera_only,18.833333333333332,49.25870584809995,28.36617663469535,5.0,1.187021840095484,1.9556703729336626
3.8,18.97735474470928,49.34556822724685,28.4631256522434,4.959808356554523,1.3668020725395764,2.12369755927227,5.565782798718034,74.59309351194055,2.12369755927227,0.06908559791249258,0.3318907439246083,1,camera_only,19.0,49.297764858882516,28.43125066778196,5.0,1.1564973903202134,1.948762692050843
3.8,18.978631692679755,49.34983735434232,28.459544371689006,4.965889282497089,1.3829670968995336,2.107333498580577,5.5689773595666585,74.43783415634994,2.107333498580577,0.06694270918778185,0.32567070497939415,1,camera_only,19.0,49.297764858882516,28.43125066778196,5.0,1.1564973903202134,1.948762692050843
3.8,18.97711398741018,49.33805249568036,28.4478421665195,4.954210027316638,1.3514964521345258,2.0678931737067856,5.535966205890355,74.74113251951465,2.0678931737067856,0.06496547656496249,0.32155209631214127,1,camera_only,19.0,49.297764858882516,28.43125066778196,5.0,1.1564973903202134,1.948762692050843
3.8333333333333335,19.13027345030577,49.39262177583673,28.521043213548694,4.907567681734997,1.3760740808242984,2.0774182607330443,5.50395013210997,74.33658908529881,2.0774182607330443,0.06906731825564782,0.3318851525452018,1,camera_only,19.166666666666668,49.33580426497202,28.49609355387249,5.0,1.1258461175735526,1.9418015848544103
3.8333333333333335,19.117626156913456,49.37112276677817,28.51237414971756,4.84690497394105,1.308392612982232,2.0539117860622476,5.424290984179073,74.89341881404637,2.0539117860622476,0.0669274909576944,0.32566530988099507,1,camera_only,19.166666666666668,49.33580426497202,28.49609355387249,5.0,1.1258461175735526,1.9418015848544103
3.8333333333333335,19.117151063196577,49.36573667184855,28.512306061267825,4.843297231486668,1.2909984242573362,2.056689283093408,5.417949410169185,75.0746299143855,2.056689283093408,0.06494736490345619,0.32153918357986927,1,camera_only,19.166666666666668,49.33580426497202,28.49609355387249,5.0,1.1258461175735526,1.9418015848544103
3.8666666666666667,19.280448648293707,49.413574272919845,28.568020246388873,4.850544756746441,1.3144541732311787,2.0037146917240993,5.410216888125304,74.83751380053599,2.0037146917240993,0.06905167866741897,0.3318856215115887,1,camera_only,19.333333333333332,49.37281989491891,28.560703515266475,5.0,1.0950713831129686,1.934787242186635
3.8666666666666667,19.272136943580584,49.39998105296838,28.561045633071597,4.810671323026656,1.272448853534062,1.9829589902525353,5.356660435390182,75.18425172640688,1.9829589902525353,0.0669124133138609,0.3256602404449486,1,camera_only,19.333333333333332,49.37281989491891,28.560703515266475,5.0,1.0950713831129686,1.934787242186635
3.8666666666666667,19.26898258920755,49.376059500428916,28.539414657484986,4.7871047607060815,1.207312708124661,1.9113414029400126,5.294072338357951,75.84512711527405,1.9113414029400126,0.06492974532078159,0.32152699301047105,1,camera_only,19.333333333333332,49.37281989491891,28.560703515266475,5.0,1.0950713831129686,1.934787242186635
3.9,19.453744350074537,49.401802454152175,28.582078360945328,4.885119694272148,1.1802724024567197,1.8407311247398679,5.352170442442268,76.41731321829008,1.8407311247398679,0.06903135488361492,0.3318758644421649,1,camera_only,19.5,49.40880768954226,28.62507878064918,5.0,1.064176561734893,1.9277198563492643
3.9,19.458808689977708,49.40549014041443,28.596482469288766,4.909569900462332,1.185174593311685,1.895912278234095,5.394719528475602,76.42839672073418,1.895912278234095,0.06689025536747496,0.3256380713589868,1,camera_only,19.5,49.40880768954226,28.62507878064918,5.0,1.064176561734893,1.9277198563492643
3.9,19.458395914071133,49.40034864277601,28.598733112343627,4.9066648256464145,1.1672246734126108,1.9076711778797808,5.3923077130642465,76.61887234492224,1.9076711778797808,0.06490401197595352,0.32149578001399326,1,camera_only,19.5,49.40880768954226,28.62507878064918,5.0,1.064176561734893,1.9277198563492643
3.933333333333333,19.6503624582309,49.41096091128923,28.663398266092745,5.01749353528993,1.083807682262758,1.9324159690465847,5.484898535637123,77.81104954530242,1.9324159690465847,0.06900147991932631,0.3318538103943103,1,camera_only,19.666666666666664,49.44376370237481,28.689217585140184,5.0,1.033165041404643,1.9205996210982506
3.933333333333333,19.64369912470087,49.4033220073138,28.6523104647616,4.985701118427911,1.0638270006921362,1.8923404766691838,5.437820887941741,77.95510822806146,1.8923404766691838,0.06686343066553493,0.32561273627767556,1,camera_only,19.666666666666664,49.44376370237481,28.689217585140184,5.0,1.033165041404643,1.9205996210982506
3.933333333333333,19.646492461475386,49.426570712228425,28.66602109995384,5.006252874826493,1.1313293629211014,1.9331048628658214,5.484466098441258,77.26600558532871,1.9331048628658214,0.06487386105358904,0.32146152102933534,1,camera_only,19.666666666666664,49.44376370237481,28.689217585140184,5.0,1.033165041404643,1.9205996210982506
3.966666666666667,19.814712611025172,49.46039776876222,28.7351084794911,5.011447996769852,1.1165089074077037,1.953808680101109,5.493502664337912,77.44010404874008,1.953808680101109,0.06896894199766337,0.33183209399340147,1,camera_only,19.833333333333332,49.47768410009586,28.753118170341764,5.0,1.0020402228848915,1.9134267316384408
3.966666666666667,19.82203093427579,49.46243791063165,28.760383630206707,5.046449287708162,1.110375594014059,2.052900436577747,5.56003458403753,77.59088394667505,2.052900436577747,0.0668359721356937,0.32559457605013686,1,camera_only,19.833333333333332,49.47768410009586,28.753118170341764,5.0,1.0020402228848915,1.9134267316384408
3.966666666666667,19.820854264115663,49.451728624249924,28.75707899077475,5.037915369040941,1.0775474101077835,2.0459721101060753,5.543257306131551,77.92705590474694,2.0459721101060753,0.06484695578718289,0.3214405997021918,1,camera_only,19.833333333333332,49.47768410009586,28.753118170341764,5.0,1.0020402228848915,1.9134267316384408
4.0,19.98703130023655,49.49400095980485,28.816508783596323,5.031107722025401,1.1026138312480236,2.007615595873686,5.527958262530418,77.63853674144526,2.007615595873686,0.06894285361533428,0.331825319941472,1,camera_only,20.0,49.510565162951536,28.816778784387097,5.0,0.9708055193627333,1.9062013846182224
4.0,19.988139246051087,49.49813471828845,28.81320909540363,5.036454274920333,1.1181495831811838,1.9924242381585358,5.530450659623786,77.48271098207027,1.9924242381585358,0.06681326893814847,0.32558641712511016,1,camera_only,20.0,49.510565162951536,28.816778784387097,5.0,0.9708055193627333,1.9062013846182224
4.0,19.988957249159412,49.500718409831705,28.824130844227817,5.042243584644255,1.1202995395667417,2.033903606077405,5.551221064239315,77.47334754032063,2.033903606077405,0.06482230092179786,0.32142526666624077,1,camera_only,20.0,49.510565162951536,28.816778784387097,5.0,0.9708055193627333,1.9062013846182224
4.033333333333333,20.17575729603325,49.52727822182598,28.877056335679335,5.115416423281324,1.0995730693166577,1.9844968922360264,5.595960510371495,77.86870487962946,1.9844968922360264,0.06892279057031536,0.3318304496295785,1,camera_only,20.166666666666664,49.54240328516277,28.880197681988292,5.0,0.9394643560753935,1.8989237781241337
4.033333333333333,20.16847567044756,49.51630950803054,28.87151808067385,5.0809467291279775,1.065489946631509,1.968105045361869,5.552001977682281,78.15651806557634,1.968105045361869,0.066796438648909,0.3255883928305565,1,camera_only,20.166666666666664,49.54240328516277,28.880197681988292,5.0,0.9394643560753935,1.8989237781241337
4.033333333333333,20.168567671533037,49.52121840117421,28.865194502823442,5.081808959620462,1.085008338836421,1.9404559841414637,5.546836469900098,77.94783730198556,1.9404559841414637,0.06480222140242516,0.32141739132190245,1,camera_only,20.166666666666664,49.54240328516277,28.880197681988292,5.0,0.9394643560753935,1.8989237781241337
4.066666666666666,20.322354390878953,49.56799921390256,28.93992609593869,5.0208985575103195,1.1089260844721869,1.971484249090994,5.506894726617343,77.54547689768418,1.971484249090994,0.06890078113340455,0.3318272731288256,1,camera_only,20.333333333333332,49.573194975320675,28.943373124484236,5.0,0.9080201699346095,1.8915941116754336
4.066666666666666,20.32911540420234,49.57945833878187,28.9422077883838,5.052828994387805,1.1463449548677376,1.9747271917052267,5.544793511370536,77.21757311747722,1.9747271917052267,0.06677687766519384,0.3255836910402066,1,camera_only,20.333333333333332,49.573194975320675,28.943373124484236,5.0,0.9080201699346095,1.8915941116754336
4.066666666666666,20.325892797274967,49.55528867016972,28.927459805797312,5.0302823058949215,1.0763164281672848,1.9304861043978774,5.494449356379182,77.92268140850882,1.9304861043978774,0.06478230222304444,0.3214082474569507,1,camera_only,20.333333333333332,49.573194975320675,28.943373124484236,5.0,0.9080201699346095,1.8915941116754336
4.1,20.496900027966145,49.58539634498918,28.998045476572965,5.043522573090421,1.0550096879079058,1.9587630728462213,5.512433052872218,78.18516507132746,1.9587630728462213,0.06888435371747811,0.3318324094396878,1,camera_only,20.5,49.60293685676943,29.00630337988826,5.0,0.8764764091497343,1.8842125862186299
4.1,20.503294628710314,49.593896984872636,29.006311945547832,5.073932336736558,1.0792922417507107,1.9871270130027114,5.555027890721095,77.99141504684253,1.9871270130027114,0.06676161942336298,0.3255822224177999,1,camera_only,20.5,49.60293685676943,29.00630337988826,5.0,0.8764764091497343,1.8842125862186299
4.1,20.501380740554602,49.582650968774864,28.990711103950172,5.060459681218303,1.0517117481692844,1.9322374477969244,5.517960795542327,78.25939203451357,1.9322374477969244,0.0647637314162532,0.3213970937760047,1,camera_only,20.5,49.60293685676943,29.00630337988826,5.0,0.8764764091497343,1.8842125862186299
4.133333333333333,20.67280590754002,49.61892595871478,29.047082552433114,5.071137875090617,1.061100899456925,1.9004160341124294,5.518510267247719,78.18175951904793,1.9004160341124294,0.06886567058189898,0.33183060287617183,1,camera_only,20.666666666666664,49.63162566797658,29.06898672293562,5.0,0.8448365328496045,1.8767794041219716
4.133333333333333,20.672658671790156,49.626674863151884,29.03116969888649,5.070390056966753,1.095346869461927,1.8335167134867183,5.50185638061032,77.8098270610581,1.8335167134867183,0.0667455682028675,0.3255774649403808,1,camera_only,20.666666666666664,49.63162566797658,29.06898672293562,5.0,0.8448365328496045,1.8767794041219716
4.133333333333333,20.675476018249803,49.64430878467786,29.05124260114964,5.090055476483674,1.1411207894082678,1.9023124662877426,5.5524421770149885,77.36399840582855,1.9023124662877426,0.06474474070340454,0.32138348289269514,1,camera_only,20.666666666666664,49.63162566797658,29.06898672293562,5.0,0.8448365328496045,1.8767794041219716
4.166666666666667,20.858499116648968,49.677164166994785,29.096142566028895,5.141944018356791,1.1389334343593804,1.834672186669692,5.576986613607405,77.51070740614134,1.834672186669692,0.0688516573051935,0.33183898759820224,1,camera_only,20.833333333333336,49.65925826289068,29.13142143513081,5.0,0.8131040107032045,1.8692947691699007
4.166666666666667,20.85266268855074,49.66619472697276,29.09537056467636,5.1143054166348,1.1024673415216366,1.837226343307327,5.544993667289824,77.83515917359853,1.837226343307327,0.06673660838611994,0.3255875126835114,1,camera_only,20.833333333333336,49.65925826289068,29.13142143513081,5.0,0.8131040107032045,1.8692947691699007
4.166666666666667,20.854098068336857,49.6743394006076,29.106268531881994,5.124161451177959,1.1226926522304939,1.8753768554333765,5.570862385574223,77.64189503030806,1.8753768554333765,0.0647332269680954,0.32138477932611065,1,camera_only,20.833333333333336,49.65925826289068,29.13142143513081,5.0,0.8131040107032045,1.8692947691699007
4.2,21.023869998713188,49.70624764290294,29.18164906904156,5.120145068213157,1.0970887086689058,1.9288457685868219,5.580316761012013,77.90615484894107,1.9288457685868219,0.0688395626330046,0.3318466951500372,1,camera_only,21.000000000000004,49.68583161128631,29.193605804794647,5.0,0.7812823225391823,1.861758886557466
4.2,21.019016830246343,49.69476946998368,29.18609820775446,5.097256273748316,1.0561857128019312,1.9522904703061095,5.559585223795166,78.29359047503314,1.9522904703061095,0.0667268870951389,0.32559199879884154,1,camera_only,21.000000000000004,49.68583161128631,29.193605804794647,5.0,0.7812823225391823,1.861758886557466
4.2,21.017309715296854,49.679408618722135,29.18458989868166,5.085634973068526,1.0071233877804437,1.9551027833201695,5.540794842877539,78.79847632129362,1.9551027833201695,0.06472103163286509,0.32138101588481255,1,camera_only,21.000000000000004,49.68583161128631,29.193605804794647,5.0,0.7812823225391823,1.861758886557466
4.233333333333333,21.180918755132844,49.72114959413093,29.245734296427205,5.062507077166127,1.0342307937332007,1.933761919921714,5.517068642313818,78.45379666782591,1.933761919921714,0.06882572824407002,0.33184553002740685,1,camera_only,21.166666666666668,49.71134279909636,29.25553812711123,5.0,0.7493749579642421,1.8541719628846947
4.233333333333333,21.169540157806352,49.70393426344951,29.237645265378468,5.008907592094583,0.9804576257556609,1.9105688143410398,5.449837210080473,78.92479613776472,1.9105688143410398,0.06671349788762578,0.3255843630134125,1,camera_only,21.166666666666668,49.71134279909636,29.25553812711123,5.0,0.7493749579642421,1.8541719628846947
4.233333333333333,21.171846208549702,49.72311768948356,29.240536144718106,5.02425495507059,1.0411939150224956,1.9110136076446713,5.475326075297648,78.2921190942056,1.9110136076446713,0.06470395257250641,0.32136372552371867,1,camera_only,21.166666666666668,49.71134279909636,29.25553812711123,5.0,0.7493749579642421,1.8541719628846947
4.266666666666667,21.348841868443806,49.75724039539637,29.285851684127056,5.0614313344101145,1.0526550047415746,1.8407079802424628,5.487656656577953,78.25134794634731,1.8407079802424628,0.06881301122077313,0.33184690922332555,1,camera_only,21.333333333333332,49.7357890287316,29.317216704174655,5.0,0.7173854159804736,1.8465342061509333
4.266666666666667,21.333888865070108,49.73103984955665,29.284742112041226,4.9914133328350445,0.9648774911381073,1.8496108647883693,5.409829570628967,79.05924297579621,1.8496108647883693,0.06670337475733362,0.3255835943306649,1,camera_only,21.333333333333332,49.7357890287316,29.317216704174655,5.0,0.7173854159804736,1.8465342061509333
4.266666666666667,21.32944196167787,49.69289938765018,29.281154855930065,4.961863708529024,0.8428685759756407,1.8572246019499974,5.364680989627709,80.35923012836211,1.8572246019499974,0.06469078533149976,0.3213541818337328,1,camera_only,21.333333333333332,49.7357890287316,29.317216704174655,5.0,0.7173854159804736,1.8465342061509333
4.3,21.480092547968408,49.73386968585466,29.348037749945927,4.9041848126072365,0.8775534444588414,1.867162921859569,5.3204723569299945,79.8548803357021,1.867162921859569,0.06879250814407885,0.33182697945327205,1,camera_only,21.5,49.75916761938747,29.378639845035575,5.0,0.6853172046016434,1.83884582574914
4.3,21.48291781299157,49.730544897701506,29.36563530472903,4.917614221075513,0.8572303319050497,1.938331885000425,5.354895327237636,80.11165473976983,1.938331885000425,0.06667990135084677,0.32555164916525714,1,camera_only,21.5,49.75916761938747,29.378639845035575,5.0,0.6853172046016434,1.83884582574914
4.3,21.48383846334487,49.73763072487702,29.368856209800317,4.923845655287037,0.8784236052618493,1.946919502869992,5.367157498902542,79.88473964251067,1.946919502869992,0.06466470485545261,0.3213152186073453,1,camera_only,21.5,49.75916761938747,29.378639845035575,5.0,0.6853172046016434,1.83884582574914
4.333333333333333,21.66053286412941,49.75539272788416,29.430685953217317,4.973053371687387,0.8463786755743409,1.9433552540217662,5.405945462493333,80.34120974837742,1.9433552540217662,0.06877198238345555,0.3318144404372572,1,camera_only,21.666666666666664,49.78147600733806,29.43980586574756,5.0,0.6531738404685056,1.8311070324601473
4.333333333333333,21.665141800323838,49.76723878113265,29.42459696552163,4.994720988597635,0.8893737273936749,1.9132442081361114,5.422059274932563,79.90357561474184,1.9132442081361114,0.06666327755571716,0.32553916592838683,1,camera_only,21.666666666666664,49.78147600733806,29.43980586574756,5.0,0.6531738404685056,1.8311070324601473
4.333333333333333,21.66758055682765,49.78567294650178,29.43045828207084,5.010722412850679,0.9460119948265046,1.925723798571946,5.450751318982193,79.30854372345989,1.925723798571946,0.0646462478411834,0.3212960397578039,1,camera_only,21.666666666666664,49.78147600733806,29.43980586574756,5.0,0.6531738404685056,1.8311070324601473
4.366666666666666,21.82514772783538,49.8201424711193,29.508456855796943,4.97373626607908,0.9448864445619775,1.9767133914944734,5.43491110044505,79.24340542686447,1.9767133914944734,0.06875519366034268,0.33181311648121214,1,camera_only,21.833333333333332,49.80271174621722,29.500713089413253,5.0,0.6209588484631603,1.8233180384468826
4.366666666666666,21.82190156225888,49.81846937442242,29.50018464497687,4.958515626427167,0.9435158771025579,1.9449157211404664,5.409232532458404,79.22644365429615,1.9449157211404664,0.06665293489163732,0.3255446058133468,1,camera_only,21.833333333333332,49.80271174621722,29.500713089413253,5.0,0.6209588484631603,1.8233180384468826
4.366666666666666,21.82026032262785,49.807598883888424,29.49344483509014,4.947792445788946,0.9119909341882645,1.9247033915850977,5.3867300560012215,79.55630334900853,1.9247033915850977,0.06463474583742931,0.3212957382728621,1,camera_only,21.833333333333332,49.80271174621722,29.500713089413253,5.0,0.6209588484631603,1.8233180384468826
4.4,21.97728433582235,49.846856552863564,29.557459008753707,4.916945633977375,0.9386144234581297,1.9179043415747676,5.360569789382855,79.19261450491595,1.9179043415747676,0.06874528505095792,0.3318214847962425,1,camera_only,22.000000000000004,49.82287250728689,29.561359846230346,5.0,0.5886757613225101,1.8154790572485509
4.4,21.981943815765806,49.854137318472844,29.561407373006013,4.938977496056684,0.9609863829791393,1.9296974339473034,5.388944768821489,78.98942104711777,1.9296974339473034,0.06664447395262467,0.32554870329028207,1,camera_only,22.000000000000004,49.82287250728689,29.561359846230346,5.0,0.5886757613225101,1.8154790572485509
4.4,21.981339067905243,49.85226232148687,29.55440531855587,4.934973876361721,0.9589067295057903,1.9033504090939066,5.375519701020736,79.00397179986821,1.9033504090939066,0.06462389513620283,0.32129204883720236,1,camera_only,22.000000000000004,49.82287250728689,29.561359846230346,5.0,0.5886757613225101,1.8154790572485509
4.433333333333334,22.14570065546098,49.88198618820643,29.622752954208117,4.934482678613677,0.9487505041307172,1.923795062709883,5.380542190888724,79.11658332604988,1.923795062709883,0.06873800883658493,0.33183367958405946,1,camera_only,22.166666666666668,49.84195607969242,29.62174447353737,5.0,0.5563281192508593,1.8075903037747827
4.433333333333334,22.14211555473762,49.87533140163387,29.624192162803094,4.917880864300597,0.9255007483681241,1.9328365491835007,5.364509386378546,79.34210465106352,1.9328365491835007,0.06664042992726789,0.32555948987811395,1,camera_only,22.166666666666668,49.84195607969242,29.62174447353737,5.0,0.5563281192508593,1.8075903037747827
4.433333333333334,22.14118655667165,49.87071846376511,29.61667329476046,4.911733736165063,0.9148075047592991,1.9060425670747874,5.347429226576729,79.44958045039638,1.9060425670747874,0.06461646948622506,0.3212932393226293,1,camera_only,22.166666666666668,49.84195607969242,29.62174447353737,5.0,0.5563281192508593,1.8075903037747827
4.466666666666667,22.31321632899016,49.898992397305804,29.666920028546944,4.944208371097609,0.9176022604942726,1.856556446924735,5.360409701311428,79.48602521055275,1.856556446924735,0.06873016822965387,0.3318403984205976,1,camera_only,22.333333333333332,49.859960370705046,29.681865315859255,5.0,0.523919469531684,1.7996519942997384
4.466666666666667,22.310228244602833,49.89340902753148,29.667706087406064,4.930312662086422,0.8983497606242128,1.8625015676130114,5.3463938620068205,79.67345211398268,1.8625015676130114,0.06663376201295032,0.32556029848599904,1,camera_only,22.333333333333332,49.859960370705046,29.681865315859255,5.0,0.523919469531684,1.7996519942997384
4.466666666666667,22.31163760016963,49.90545373534587,29.666666106596495,4.93923062505055,0.9382105000133201,1.8515697358858467,5.357662605709777,79.24475712514804,1.8515697358858467,0.06460605438969239,0.3212840055264383,1,camera_only,22.333333333333332,49.859960370705046,29.681865315859255,5.0,0.523919469531684,1.7996519942997384
4.5,22.49020714719118,49.920601892305406,29.731765033201302,4.99400431584078,0.8876670523832274,1.8760531167523682,5.408105694177892,79.92113626402463,1.8760531167523682,0.06872028923144752,0.3318429312102671,1,camera_only,22.5,49.876883405951375,29.741720724952756,5.0,0.49145336613863877,1.7916643464561826
4.5,22.485081332069768,49.91540376942083,29.724558104389327,4.97015075492905,0.8738382744813902,1.850294934812035,5.374903087727396,80.02832682412463,1.850294934812035,0.06662656162018932,0.3255597862159508,1,camera_only,22.5,49.876883405951375,29.741720724952756,5.0,0.49145336613863877,1.7916643464561826
4.5,22.486723432384288,49.92501041432738,29.73241188458361,4.980605087854553,0.9006393693625552,1.875533948102292,5.3977037622763815,79.75000831561287,1.875533948102292,0.06459555644085661,0.3212741476494893,1,camera_only,22.5,49.876883405951375,29.741720724952756,5.0,0.49145336613863877,1.7916643464561826
4.533333333333333,22.656511736235466,49.95693255470019,29.782313398583014,4.995211649060116,0.9151832928447146,1.8256870008727861,5.3965575048880785,79.6178617602751,1.8256870008727861,0.06870822363031259,0.3318407353977435,1,camera_only,22.666666666666664,49.89272332962988,29.801309059851583,5.0,0.45893336934582035,1.783627579229516
4.533333333333333,22.662730615964385,49.96689805736338,29.783228676218542,5.024019077718222,0.948397086213929,1.8242265084188605,5.428446101826359,79.30992336198915,1.8242265084188605,0.06661762238680623,0.3255567384988794,1,camera_only,22.666666666666664,49.89272332962988,29.801309059851583,5.0,0.45893336934582035,1.783627579229516
4.533333333333333,22.66092571628629,49.95302406759495,29.782217976223464,5.0127315758787265,0.9037252819093856,1.8281866019721755,5.4116969139637146,79.78015521642588,1.8281866019721755,0.06458484087349431,0.3212643362728931,1,camera_only,22.666666666666664,49.89272332962988,29.801309059851583,5.0,0.45893336934582035,1.783627579229516
4.566666666666666,22.83950625085383,49.9667562339008,29.849639905034874,5.057677772188702,0.8498025672952335,1.8645921833303805,5.457011348788822,80.46212255459739,1.8645921833303805,0.06869744262362582,0.3318417104983262,1,camera_only,22.833333333333332,49.90747840471444,29.860628686911436,5.0,0.42636304533734415,1.7755419129517718
4.566666666666666,22.828066945624325,49.95079280363899,29.84276581446204,5.004621400019676,0.7994333694893836,1.8456619653576487,5.393681225300204,80.92430290609755,1.8456619653576487,0.06660857280192546,0.3255520557515573,1,camera_only,22.833333333333332,49.90747840471444,29.860628686911436,5.0,0.42636304533734415,1.7755419129517718
4.566666666666666,22.83033964836919,49.96651432068034,29.849131766104325,5.019042902085814,0.8470309166081351,1.8615569521980193,5.419746056130747,80.42082867078415,1.8615569521980193,0.0645706631376367,0.3212473481988863,1,camera_only,22.833333333333332,49.90747840471444,29.860628686911436,5.0,0.42636304533734415,1.7755419129517718
4.6,23.012239211836373,49.97835909490814,29.911549175403557,5.0762612810362135,0.7974724461983905,1.8745048039761072,5.469749460068767,81.07189660917173,1.8745048039761072,0.0686821679772679,0.33183366235465084,1,camera_only,23.0,49.921147013144775,29.919677979854775,5.0,0.39374596581627264,1.7674075692955753
4.6,23.004945123997878,49.96527476580716,29.91418434379835,5.042650537611214,0.7518196626892517,1.8915203879621818,5.43795978541157,81.52011193858911,1.8915203879621818,0.06659506707517945,0.3255395516594291,1,camera_only,23.0,49.921147013144775,29.919677979854775,5.0,0.39374596581627264,1.7674075692955753
4.6,23.003700522056,49.9591579378545,29.90689846793943,5.034893614682865,0.736054811067142,1.8665459938159172,5.419956120034517,81.68280473905658,1.8665459938159172,0.06455411078690505,0.32122612893738045,1,camera_only,23.0,49.921147013144775,29.919677979854775,5.0,0.39374596581627264,1.7674075692955753
4.633333333333333,23.173189293972303,49.98711740408743,29.957212730355838,5.041141404023343,0.75458110037607,1.8183508970255946,5.411921957781448,81.48691013595769,1.8183508970255946,0.06866140261783879,0.3318150662742068,1,camera_only,23.166666666666664,49.93372765600397,29.97845531981541,5.0,0.3610857076129349,1.7592247712680666
4.633333333333333,23.1803875883346,49.9852119498439,29.984279724034984,5.074512796332383,0.7341684881391317,1.9258937506715497,5.477111485810137,81.7677036577138,1.9258937506715497,0.06657516827269147,0.3255156883851085,1,camera_only,23.166666666666664,49.93372765600397,29.97845531981541,5.0,0.3610857076129349,1.7592247712680666
4.633333333333333,23.17977281441763,49.97933616381267,29.986055709012074,5.070685580769351,0.7139723614156108,1.936191079747501,5.474526891812788,81.98521932691565,1.936191079747501,0.06453186257786735,0.3211949833249015,1,camera_only,23.166666666666664,49.93372765600397,29.97845531981541,5.0,0.3610857076129349,1.7592247712680666
4.666666666666667,23.337382477904157,50.01578075684508,30.050860934567996,5.025919673177537,0.7519101174208849,1.9283208046242635,5.435407851436693,81.49128692730937,1.9283208046242635,0.06864006405003492,0.33180055956398197,1,camera_only,23.333333333333332,49.94521895368273,30.036959095382873,5.0,0.3283858522926906,1.750993743204788
4.666666666666667,23.341480512630998,50.02053870003739,30.054768812247588,5.044850208446689,0.7659810329686997,1.9412727712313955,5.459467056486083,81.36648012952827,1.9412727712313955,0.0665576923041252,0.32550255675382556,1,camera_only,23.333333333333332,49.94521895368273,30.036959095382873,5.0,0.3283858522926906,1.750993743204788
4.666666666666667,23.338508872470292,49.998966298252384,30.05156598401263,5.026539875441334,0.6974009001220174,1.9411061840481592,5.433264612794299,82.10099695201315,1.9411061840481592,0.06451276079152689,0.321175739271315,1,camera_only,23.333333333333332,49.94521895368273,30.036959095382873,5.0,0.3283858522926906,1.750993743204788
4.7,23.51664929865276,50.00381425979592,30.128986897448712,5.0681561864294515,0.6329216953849975,2.002823548655665,5.4861734542011895,82.88163824803136,2.002823548655665,0.06862345006337547,0.3317962158933503,1,camera_only,23.5,49.9556196460308,30.095187702646598,5.0,0.295649985763171,1.742714710763531
4.7,23.515030774907487,50.008860893905876,30.114790955819704,5.060736111573218,0.6572705940396125,1.9443540924562572,5.4610958114303205,82.60004752104386,1.9443540924562572,0.06654161520819443,0.32549006282854565,1,camera_only,23.5,49.9556196460308,30.095187702646598,5.0,0.295649985763171,1.742714710763531
4.7,23.512101183941475,49.99253228678326,30.104356393501472,5.042991545277597,0.6099350934878904,1.9129548690280207,5.4279997121359,83.10373930709206,1.9129548690280207,0.06449232407031903,0.32115224088550476,1,camera_only,23.5,49.9556196460308,30.095187702646598,5.0,0.295649985763171,1.742714710763531
4.733333333333333,23.684853896607745,50.01362397856994,30.15772544829451,5.061379972489004,0.6196885829478855,1.8726196872020666,5.432152948752963,83.01974817329605,1.8726196872020666,0.0685996139299347,0.3317766793899792,1,camera_only,23.666666666666668,49.96492859249504,30.15313954523991,5.0,0.26288169788104054,1.7343879009181526
4.733333333333333,23.70324488290654,50.03157868251375,30.18077720654814,5.146149666513697,0.6685296415718356,1.954121154221688,5.5451219785678205,82.59823178892347,1.954121154221688,0.06651901362762619,0.3254656697778905,1,camera_only,23.666666666666668,49.96492859249504,30.15313954523991,5.0,0.26288169788104054,1.7343879009181526
4.733333333333333,23.70250448876782,50.02911911935982,30.174009061799406,5.1415436168381525,0.6644109891024047,1.9291252687679659,5.531585399222203,82.63681309543233,1.9291252687679659,0.0644676178193625,0.3211206742091614,1,camera_only,23.666666666666668,49.96492859249504,30.15313954523991,5.0,0.26288169788104054,1.7343879009181526
4.766666666666667,23.84730843737671,50.08264092462879,30.234865891341276,5.036989369569347,0.7616525896445229,1.8938500468387554,5.4348914042856435,81.40133927838637,1.8938500468387554,0.06857722053400349,0.33176613927225196,1,camera_only,23.833333333333336,49.97314477224458,30.21081303438377,5.0,0.23008458205832863,1.7260135419523503
4.766666666666667,23.84033661136222,50.07413987315695,30.230277843826716,5.004991545683781,0.7351954191036881,1.8801283092204097,5.396789335870835,81.64344538618698,1.8801283092204097,0.06650349976997115,0.32546396408343786,1,camera_only,23.833333333333336,49.97314477224458,30.21081303438377,5.0,0.23008458205832863,1.7260135419523503
4.766666666666667,23.843756620961834,50.092411622147274,30.243262920028425,5.025537816786593,0.7874385884644027,1.9203213626503886,5.437253352052524,81.0948770774324,1.9203213626503886,0.06445059109680282,0.3211130082428635,1,camera_only,23.833333333333336,49.97314477224458,30.21081303438377,5.0,0.23008458205832863,1.7260135419523503
4.8,24.003492953771254,50.125299579046604,30.310697825363185,4.994861944701963,0.8050551782825057,1.9287494037620712,5.414502188495623,80.84400018853142,1.9287494037620712,0.06857120834748219,0.3317876373404463,1,camera_only,24.0,49.98026728428272,30.26820658893033,5.0,0.19726223486837782,1.7175918634534062
4.8,23.998811160405474,50.11481828643204,30.316644129088335,4.973393376006813,0.7664701108319706,1.9574857426041983,5.399432241986737,81.2388403706574,1.9574857426041983,0.06650132353042974,0.3254863375277007,1,camera_only,24.0,49.98026728428272,30.26820658893033,5.0,0.19726223486837782,1.7175918634534062
4.8,23.995213590650266,50.09273950107333,30.308870743788695,4.951891590863989,0.6987498441013279,1.939824367496928,5.363991074660357,81.96815473610877,1.939824367496928,0.0644464479690368,0.3211278518964961,1,camera_only,24.0,49.98026728428272,30.26820658893033,5.0,0.19726223486837782,1.7175918634534062
4.833333333333333,24.168213599685718,50.10711559619013,30.37373878860409,4.983160611807625,0.6716184560993687,1.946885186651901,5.391968375616538,82.3240667824372,1.946885186651901,0.06856647668257496,0.33180224260711705,1,camera_only,24.166666666666664,49.986295347545735,30.32531863540631,5.0,0.16441825565142965,1.70912309630589
4.833333333333333,24.15946225486712,50.093837299657075,30.374082117368445,4.943187133834236,0.6263455127520289,1.9549745233357212,5.352507181530975,82.7786009320609,1.9549745233357212,0.06649536472275741,0.32548912691210813,1,camera_only,24.166666666666664,49.986295347545735,30.32531863540631,5.0,0.16441825565142965,1.70912309630589
4.833333333333333,24.155712614391444,50.074435503538275,30.35976315261206,4.920892054071831,0.5711428688642567,1.9102793534975093,5.30947737474044,83.37959272125552,1.9102793534975093,0.06443508428907714,0.3211177203427554,1,camera_only,24.166666666666664,49.986295347545735,30.32531863540631,5.0,0.16441825565142965,1.70912309630589
4.866666666666666,24.308456085416495,50.09980904959834,30.43649278239387,4.876589356848351,0.5812572368372038,1.9558849446327666,5.28625289286687,83.20278999140507,1.9558849446327666,0.06855043193464332,0.33178905042217843,1,camera_only,24.333333333333332,49.99122830098858,30.3821476080561,5.0,0.13155624611992395,1.7006074726853313
4.866666666666666,24.303481395487918,50.09345148897033,30.43364854916029,4.8537720565698965,0.5611901514734364,1.9479699084510114,5.2600973686311345,83.4047809919542,1.9479699084510114,0.06647900494630221,0.3254691380191128,1,camera_only,24.333333333333332,49.99122830098858,30.3821476080561,5.0,0.13155624611992395,1.7006074726853313
4.866666666666666,24.298954435194613,50.06722759472585,30.423721029803804,4.827179172603453,0.4810798500819908,1.9243165212260371,5.2188208112977925,84.30865789927269,1.9243165212260371,0.0644155703356195,0.3210896025110165,1,camera_only,24.333333333333332,49.99122830098858,30.3821476080561,5.0,0.13155624611992395,1.7006074726853313
4.9,24.462177607879692,50.08243409347006,30.484694237779724,4.836330478642244,0.48081885209453024,1.9127708300472095,5.223023216055325,84.32241831003468,1.9127708300472095,0.06853041635666764,0.33176884646554483,1,camera_only,24.500000000000004,49.995065603657316,30.438691948884717,5.0,0.09867980996352638,1.6920452260518526
4.9,24.4750448952078,50.09870845686135,30.49147216904613,4.895210315437895,0.5325107936268733,1.9310672747943338,5.289203399140584,83.79166225674358,1.9310672747943338,0.06645860769993435,0.32544110941477394,1,camera_only,24.500000000000004,49.995065603657316,30.438691948884717,5.0,0.09867980996352638,1.6920452260518526
4.9,24.474601433152937,50.09578910613082,30.490634780414318,4.8925441367317415,0.5234451362316452,1.9294854500269292,5.2852527888813725,83.89324973502382,1.9294854500269292,0.0643924656115899,0.32105394383852626,1,camera_only,24.500000000000004,49.995065603657316,30.438691948884717,5.0,0.09867980996352638,1.6920452260518526
4.933333333333334,24.627537496994343,50.12517698217858,30.554089516407675,4.852529070891865,0.5603340980593339,1.9178279391139965,5.247768734361764,83.41308106807422,1.9178279391139965,0.06850896695835858,0.33175243944895705,1,camera_only,24.666666666666668,49.99780683474846,30.49495010770048,5.0,0.06579255245394733,1.6834365911437716
4.933333333333334,24.630131070768517,50.137547882958,30.53875037442264,4.864420552024933,0.6101934371764585,1.85123355846436,5.240418783429469,82.85015663590882,1.85123355846436,0.06644281397305,0.3254305190534268,1,camera_only,24.666666666666668,49.99780683474846,30.49495010770048,5.0,0.06579255245394733,1.6834365911437716
4.933333333333334,24.635172006467094,50.16540285809394,30.552589015043655,4.893959589162346,0.6934139924620077,1.8891185685686047,5.291543479119006,81.93557111403507,1.8891185685686047,0.06437526992706094,0.32103767189365384,1,camera_only,24.666666666666668,49.99780683474846,30.49495010770048,5.0,0.06579255245394733,1.6834365911437716
4.966666666666667,24.816966166921908,50.170387774971985,30.608475991339194,4.967399547138189,0.6431088377317308,1.8746242852594441,5.348164493446497,82.62318319955908,1.8746242852594441,0.06850071977373162,0.33176625009514776,1,camera_only,24.833333333333336,49.99945169365512,30.55092054215756,5.0,0.032898080049575604,1.6747818039711624
4.966666666666667,24.810737861487098,50.15665117545345,30.61588632191977,4.938894157678277,0.5927037886147527,1.9107815296635524,5.328701468077404,83.15680928244727,1.9107815296635524,0.06644027676121948,0.3254474244389081,1,camera_only,24.833333333333336,49.99945169365512,30.55092054215756,5.0,0.032898080049575604,1.6747818039711624
4.966666666666667,24.809596430092395,50.15033311689401,30.612410186945937,4.932171716066708,0.574025207092885,1.900887223952204,5.31687831470038,83.3615612327142,1.900887223952204,0.06436953045454448,0.32104455386218134,1,camera_only,24.833333333333336,49.99945169365512,30.55092054215756,5.0,0.032898080049575604,1.6747818039711624
5.0,24.98716480849933,50.15257774194813,30.679106277089122,4.984094618004161,0.5202212944831547,1.925434676227784,5.368345000917151,84.04125571654944,1.925434676227784,0.06848980401560083,0.33176776155550775,1,camera_only,25.0,50.0,30.606601717798213,5.0,1.9236706937217898e-16,1.6660811018093873
5.0,24.988024397925365,50.16414263637176,30.659371626977563,4.987930064365846,0.5697336553038294,1.8420746470970917,5.3476426367576595,83.4837756033341,1.8420746470970917,0.06642922733202127,0.3254392533572344,1,camera_only,25.0,50.0,30.606601717798213,5.0,1.9236706937217898e-16,1.6660811018093873
5.0,24.983207903409905,50.13737245943553,30.647011110650862,4.959877531049859,0.4891654065083534,1.809383256995115,5.3022198830897205,84.36744788775194,1.809383256995115,0.06435462783169664,0.3210259048747759,1,camera_only,25.0,50.0,30.606601717798213,5.0,1.9236706937217898e-16,1.6660811018093873
5.033333333333333,25.160259301974865,50.1416781925052,30.70386947336869,5.006051969171102,0.4549260331321557,1.8045112962407883,5.340765397574006,84.80749631548404,1.8045112962407883,0.06847022169520134,0.33174962046884054,1,camera_only,25.166666666666664,49.99945169365512,30.661992108094886,5.0,-0.03289808004957522,1.6573347231925912
5.033333333333333,25.15044945945764,50.12221266094658,30.71369282226128,4.961465149085492,0.383658526701807,1.8529994370800567,5.310078832232147,85.5782503950816,1.8529994370800567,0.06640961969022177,0.32541244180410456,1,camera_only,25.166666666666664,49.99945169365512,30.661992108094886,5.0,-0.03289808004957522,1.6573347231925912
5.033333333333333,25.148333701657098,50.10937139250974,30.711677663661618,4.949339503177023,0.3427066731753783,1.8525450597927027,5.295784415939707,86.03899583424968,1.8525450597927027,0.06432953960902149,0.32098641765921626,1,camera_only,25.166666666666664,49.99945169365512,30.661992108094886,5.0,-0.03289808004957522,1.6573347231925912
5.066666666666666,25.338326965306415,50.09386115557604,30.768879647387298,5.047992823587985,0.2635779646151357,1.8538889049932148,5.384107071974275,87.01104903533648,1.8538889049932148,0.06844078428984411,0.3317138488462554,1,camera_only,25.33333333333333,49.99780683474846,30.717090194492048,5.0,-0.06579255245394623,1.6485429079071623
5.066666666666666,25.347749665996623,50.106038823104235,30.77097346910129,5.090739195115164,0.3039748766401781,1.8559076463097783,5.427008335164163,86.5828493957806,1.8559076463097783,0.06637900494499596,0.3253648300356536,1,camera_only,25.33333333333333,49.99780683474846,30.717090194492048,5.0,-0.06579255245394623,1.6485429079071623
5.066666666666666,25.346152302406086,50.09629657884288,30.7695410226088,5.08160024081774,0.2728419640044998,1.8559454535811926,5.416792156938407,86.92661838985835,1.8559454535811926,0.06429553591987247,0.3209296145666762,1,camera_only,25.33333333333333,49.99780683474846,30.717090194492048,5.0,-0.06579255245394623,1.6485429079071623
5.1,25.517018717454942,50.11283981513174,30.81433435765662,5.087426898715147,0.30759315084681665,1.785489313511757,5.400416473280832,86.54002669902009,1.785489313511757,0.06840227269788128,0.3316676649575357,1,camera_only,25.5,49.995065603657316,30.771894466447833,5.0,-0.0986798099635267,1.639705896985157
5.1,25.504893190476388,50.105532736396896,30.794094792661376,5.032172737495802,0.29328641128586846,1.7098977837999525,5.322830995822141,86.66444569785564,1.7098977837999525,0.06634462721826105,0.3253205058928459,1,camera_only,25.5,49.995065603657316,30.771894466447833,5.0,-0.0986798099635267,1.639705896985157
5.1,25.50075525251347,50.0837215223758,30.782940230340667,5.00839939370377,0.22819850931559418,1.6791120568072566,5.287301423772021,87.39122743129847,1.6791120568072566,0.06425848551802087,0.3208777007274674,1,camera_only,25.5,49.995065603657316,30.771894466447833,5.0,-0.0986798099635267,1.639705896985157
5.133333333333333,25.668762139331154,50.09004314504559,30.8387577996171,5.012559932077943,0.22434798251855584,1.6794096378363996,5.291172443002701,87.43731350323239,1.6794096378363996,0.0683648184918757,0.3316274431965533,1,camera_only,25.666666666666664,49.99122830098858,30.826403421475433,5.0,-0.13155624611992286,1.630823932697695
5.133333333333333,25.671807682498734,50.09120622614038,30.84563396759522,5.026503157238035,0.22467655710963721,1.7057379952012015,5.312791700538577,87.44067492999007,1.7057379952012015,0.06630644779494126,0.3252716540048045,1,camera_only,25.666666666666664,49.99122830098858,30.826403421475433,5.0,-0.13155624611992286,1.630823932697695
5.133333333333333,25.66896816071148,50.07670943365599,30.83767041236949,5.010284835513886,0.1817123731808082,1.6831517124947264,5.288570053126018,87.92291434072915,1.6831517124947264,0.06421790811627917,0.32082163420642773,1,camera_only,25.666666666666664,49.99122830098858,30.826403421475433,5.0,-0.13155624611992286,1.630823932697695
5.166666666666667,25.863514010388233,50.05448063421308,30.885128263713852,5.119011275959293,0.10095746014027478,1.6697190044218602,5.385390459928035,88.87015553031398,1.6697190044218602,0.06832459384840225,0.33158702196826484,1,camera_only,25.833333333333336,49.986295347545735,30.880615565184314,5.0,-0.16441825565142923,1.6218972585483122
5.166666666666667,25.85101158876415,50.030949290895485,30.896138695738856,5.0623585457595635,0.015098371403473504,1.7249425198235817,5.348189292025783,89.8291171227516,1.7249425198235817,0.06626701328120778,0.3252226779954535,1,camera_only,25.833333333333336,49.986295347545735,30.880615565184314,5.0,-0.16441825565142923,1.6218972585483122
5.166666666666667,25.84717860385881,50.01301431572848,30.884000255929184,5.0406986063769414,-0.03677180207082933,1.6881198063623442,5.315989379822989,90.41796422597072,1.6881198063623442,0.06417363820895612,0.3207607341424597,1,camera_only,25.833333333333336,49.986295347545735,30.880615565184314,5.0,-0.16441825565142923,1.6218972585483122
5.2,25.997224835918963,50.023498874354395,30.95817099680733,4.969634236140437,-0.013332625454910204,1.7484127760755361,5.268243486729218,90.15371379449078,1.7484127760755361,0.0682718489795571,0.3315227683294498,1,camera_only,26.0,49.98026728428272,30.934529411321172,5.0,-0.1972622348683774,1.6129261192662916
5.2,25.999637444809178,50.019599757901794,30.973147148376867,4.980757724126306,-0.03449121428438735,1.8090637514906107,5.299230963759171,90.39676080029042,1.8090637514906107,0.06621427483844741,0.3251530268747433,1,camera_only,26.0,49.98026728428272,30.934529411321172,5.0,-0.1972622348683774,1.6129261192662916
5.2,25.998015550053058,50.014523763074344,30.962876910132557,4.971543795424672,-0.04518759293735586,1.772094786583087,5.278125572683543,90.52076119086541,1.772094786583087,0.06412065633393582,0.32068794593486627,1,camera_only,26.0,49.98026728428272,30.934529411321172,5.0,-0.1972622348683774,1.6129261192662916
5.233333333333333,26.174115958694273,50.00155766448841,31.02075389374354,5.012687276084723,-0.07954047188870253,1.7755172349368986,5.318441676473281,90.9090834222197,1.7755172349368986,0.06822442344474185,0.3314766348432423,1,camera_only,26.166666666666664,49.97314477224458,30.98814348181068,5.0,-0.23008458205832824,1.6039107607999477
5.233333333333333,26.169746244255343,49.99466482456101,31.02198820732311,4.992874087735484,-0.10366372503052346,1.7839056666046538,5.303004549424019,91.18942328491808,1.7839056666046538,0.06616910356200184,0.32510312804471936,1,camera_only,26.166666666666664,49.97314477224458,30.98814348181068,5.0,-0.23008458205832824,1.6039107607999477
5.233333333333333,26.169932816398216,49.99870390907607,31.0182171428836,4.994098751015789,-0.08820655162968379,1.7669032148928376,5.298183622850996,91.01186179200013,1.7669032148928376,0.064073260565303,0.3206304104667408,1,camera_only,26.166666666666664,49.97314477224458,30.98814348181068,5.0,-0.23008458205832824,1.6039107607999477
5.266666666666667,26.32203840635574,50.01035834670156,31.083445236190073,4.937403669107021,-0.04754250490203808,1.7810593748577888,5.249036842912483,90.55168685357347,1.7810593748577888,0.06817717862099808,0.33143260732170654,1,camera_only,26.333333333333332,49.96492859249504,31.041456306796015,5.0,-0.2628816978810395,1.5948514303098862
5.266666666666667,26.320116464560872,50.00630780870038,31.086509800308644,4.92876920240167,-0.0629936918016028,1.795131141604126,5.245877416725149,90.73224694101704,1.795131141604126,0.06612540162592465,0.3250606916662815,1,camera_only,26.333333333333332,49.96492859249504,31.041456306796015,5.0,-0.2628816978810395,1.5948514303098862
5.266666666666667,26.31953068892081,50.00435223100194,31.082775833067352,4.925421348162202,-0.06724175036108111,1.7817632343668481,5.238222707490108,90.78215220753735,1.7817632343668481,0.06402968415148852,0.3205843669392788,1,camera_only,26.333333333333332,49.96492859249504,31.041456306796015,5.0,-0.2628816978810395,1.5948514303098862
5.3,26.48974022222378,49.99219709675069,31.147124271316,4.949323049967248,-0.10127002646812483,1.8075830998531697,5.270048475495528,91.17218769104787,1.8075830998531697,0.06813930721021169,0.33140708533606716,1,camera_only,26.5,49.9556196460308,31.094466424679148,5.0,-0.29564998576317125,1.5857483761622289
5.3,26.488415515499035,49.99046181151901,31.14651033554822,4.943277982982612,-0.10683794315188315,1.8060899336872718,5.2639692639399085,91.23812789852185,1.8060899336872718,0.06608930729439051,0.3250300097939403,1,camera_only,26.5,49.9556196460308,31.094466424679148,5.0,-0.29564998576317125,1.5857483761622289
5.3,26.49221347989126,50.00454621285734,31.16395474705692,4.964451807949331,-0.07062921911746804,1.8656885783814567,5.303919693165381,90.81509164040799,1.8656885783814567,0.06399142791497398,0.32054539881513955,1,camera_only,26.5,49.9556196460308,31.094466424679148,5.0,-0.29564998576317125,1.5857483761622289
5.333333333333333,26.686943097957958,49.97441466100877,31.21059915804625,5.080221483853844,-0.14572463387719592,1.8254293073465213,5.40019241787257,91.6430617545296,1.8254293073465213,0.0681037385276359,0.33138357215162395,1,camera_only,26.666666666666668,49.94521895368273,31.14717238216091,5.0,-0.32838585229269024,1.5766018479218045
5.333333333333333,26.671406559198683,49.95392345233076,31.207587376953285,5.009801954728434,-0.21402400064237714,1.8242511193080286,5.335898616423329,92.44624838833064,1.8242511193080286,0.0660565558215436,0.325001615597786,1,camera_only,26.666666666666668,49.94521895368273,31.14717238216091,5.0,-0.32838585229269024,1.5766018479218045
5.333333333333333,26.665974909096278,49.922472915432294,31.203237170539882,4.979562954406313,-0.31514548831227784,1.8255977316116165,5.313019007434924,93.62129304246052,1.8255977316116165,0.06395489091665943,0.3205053752652164,1,camera_only,26.666666666666668,49.94521895368273,31.14717238216091,5.0,-0.32838585229269024,1.5766018479218045
5.366666666666666,26.83018924181964,49.9022483385017,31.286716793586404,4.972657847000449,-0.36090771225751933,1.9188389810138156,5.342239556137504,94.15115915876403,1.9188389810138156,0.06805704472285254,0.33132946449338213,1,camera_only,26.833333333333332,49.93372765600397,31.19957273428087,5.0,-0.3610857076129338,1.5674120963453047
5.366666666666666,26.816996360070778,49.89186222735807,31.272007106607195,4.912940924682355,-0.38868533880160244,1.866598097573718,5.269938640998001,94.52351044679814,1.866598097573718,0.06600685661783329,0.3249327429135913,1,camera_only,26.833333333333332,49.93372765600397,31.19957273428087,5.0,-0.3610857076129338,1.5674120963453047
5.366666666666666,26.81629921440096,49.89039051988301,31.266413436014417,4.909022303438295,-0.3902582201913553,1.8457383685028965,5.259044740163872,94.54534942366347,1.8457383685028965,0.06390187744073945,0.3204273322495897,1,camera_only,26.833333333333332,49.93372765600397,31.19957273428087,5.0,-0.3610857076129338,1.5674120963453047
5.4,26.97510938553807,49.89182149291402,31.312111670047635,4.889832717508774,-0.33451225428364895,1.7752664693946458,5.212862312668742,93.91349288208995,1.7752664693946458,0.06800480332658615,0.3312664409519675,1,camera_only,27.0,49.921147013144775,31.251666044456893,5.0,-0.3937459658162723,1.5581793733744105
5.4,26.98997311750712,49.90786770407783,31.31828577801331,4.956814808273899,-0.28274237688904863,1.7912293950142975,5.278111313791664,93.26467900365543,1.7912293950142975,0.06595626750551639,0.3248673972215901,1,camera_only,27.0,49.921147013144775,31.251666044456893,5.0,-0.3937459658162723,1.5581793733744105
5.4,26.987923487118426,49.899716097274855,31.309767583405375,4.945424291372039,-0.304651467616155,1.762903274626997,5.259074243068252,93.525119822711,1.762903274626997,0.06385182581510374,0.3203589569369651,1,camera_only,27.0,49.921147013144775,31.251666044456893,5.0,-0.3937459658162723,1.5581793733744105
5.433333333333334,27.182477917710468,49.86241354028985,31.349820339333096,5.063237817266526,-0.37600780935505007,1.7100835812260426,5.35743827978193,94.24712174074895,1.7100835812260426,0.06795922895034916,0.3312221453136246,1,camera_only,27.166666666666668,49.90747840471444,31.303450884524565,5.0,-0.4263630453373438,1.5489039321288869
5.433333333333334,27.170771631939036,49.85698139281107,31.330237610773732,5.010292181251468,-0.38432277749675714,1.6362280723307818,5.284692426574675,94.3863782993712,1.6362280723307818,0.0659131747400685,0.32481703589942146,1,camera_only,27.166666666666668,49.90747840471444,31.303450884524565,5.0,-0.4263630453373438,1.5489039321288869
5.433333333333334,27.17157941197035,49.86608304629895,31.321497885180587,5.01460811461352,-0.34910713745760186,1.597028643323252,5.274340795224225,93.98239380028073,1.597028643323252,0.06380422658517089,0.32029606896547014,1,camera_only,27.166666666666668,49.90747840471444,31.303450884524565,5.0,-0.4263630453373438,1.5489039321288869
5.466666666666667,27.327277989334487,49.85904079584485,31.392888071621293,4.969172352917156,-0.3473983128824112,1.6632632319738043,5.2516477451963315,93.99908129032514,1.6632632319738043,0.06790774127468241,0.3311642914988716,1,camera_only,27.333333333333332,49.89272332962988,31.354925834776346,5.0,-0.45893336934582,1.5395860268996406
5.466666666666667,27.31129343042595,49.84140888083979,31.38655975246132,4.897102944970293,-0.4045191826298189,1.6475778220351311,5.182640803915919,94.7221267745905,1.6475778220351311,0.06586414701182082,0.3247582591819118,1,camera_only,27.333333333333332,49.89272332962988,31.354925834776346,5.0,-0.45893336934582,1.5395860268996406
5.466666666666667,27.31289678026453,49.85238022771602,31.383716301698392,4.905849094098672,-0.36656597448499434,1.630165154102235,5.182582790208764,94.27321071716277,1.630165154102235,0.06375444526909879,0.32023213977593723,1,camera_only,27.333333333333332,49.89272332962988,31.354925834776346,5.0,-0.45893336934582,1.5395860268996406
5.5,27.47519492052448,49.840414708651146,31.440683022323057,4.9009933186407135,-0.36757758381710204,1.6400458594837795,5.181177396180874,94.28918919178567,1.6400458594837795,0.06786252832269074,0.331119068704137,1,camera_only,27.500000000000004,49.876883405951375,31.406089484000468,5.0,-0.49145336613863916,1.5302259131417502
5.5,27.479924409299304,49.853534960043234,31.428633177989663,4.922352737404291,-0.31634667969570124,1.5860574958240043,5.181236346012939,93.67719217082853,1.5860574958240043,0.06582029035902423,0.32470854968965124,1,camera_only,27.500000000000004,49.876883405951375,31.406089484000468,5.0,-0.49145336613863916,1.5302259131417502
5.5,27.478185262600054,49.84368794386108,31.42754471908238,4.9128267635139995,-0.3482885408214137,1.5875695997864407,5.174702788579556,94.05512617104966,1.5875695997864407,0.0637104948478014,0.32017775353215844,1,camera_only,27.500000000000004,49.876883405951375,31.406089484000468,5.0,-0.49145336613863916,1.5302259131417502
5.533333333333333,27.647735516023126,49.82692775821045,31.477074930373846,4.93591204671035,-0.3619561409556582,1.5781909788528237,5.194701795730753,94.19405875741877,1.5781909788528237,0.06782078316022917,0.33107945713520776,1,camera_only,27.666666666666668,49.85996037070505,31.456940429519634,5.0,-0.5239194695316837,1.5208238474674636
5.533333333333333,27.64880252684086,49.834162762273216,31.466087805639745,4.940663931190394,-0.3313619645954266,1.5314479196231832,5.183174081879214,93.83698468563696,1.5314479196231832,0.06578080253033593,0.32466478274680705,1,camera_only,27.666666666666668,49.85996037070505,31.456940429519634,5.0,-0.5239194695316837,1.5208238474674636
5.533333333333333,27.65139401754743,49.846208811765585,31.471130232588504,4.954688275794952,-0.29441960219059765,1.5439987543511111,5.198033374834353,93.40065543570798,1.5439987543511111,0.06366863881030178,0.32012506547695374,1,camera_only,27.666666666666668,49.85996037070505,31.456940429519634,5.0,-0.5239194695316837,1.5208238474674636
5.566666666666666,27.801918283608668,49.84730634482986,31.53602720131528,4.89641200829878,-0.26968675740257864,1.587792462714444,5.1544802266362035,93.1525770682131,1.587792462714444,0.06778188471999531,0.33104406362426714,1,camera_only,27.833333333333332,49.84195607969242,31.50747727722949,5.0,-0.556328119250859,1.5113800876391594
5.566666666666666,27.807980539449304,49.848399731546614,31.54856383644471,4.92374849385743,-0.2725094068174297,1.6362945948771277,5.195673258471072,93.16785589838082,1.6362945948771277,0.06574649961237507,0.3246325916038272,1,camera_only,27.833333333333332,49.84195607969242,31.50747727722949,5.0,-0.556328119250859,1.5113800876391594
5.566666666666666,27.80581306160694,49.84324133510509,31.53521360676901,4.912000765889942,-0.2817535582105182,1.5875160575239677,5.16984949728366,93.2829025311506,1.5875160575239677,0.06363432982835465,0.320087934313937,1,camera_only,27.833333333333332,49.84195607969242,31.50747727722949,5.0,-0.556328119250859,1.5113800876391594
5.6,27.988386013195086,49.81780189793642,31.5728190148569,4.986920050995093,-0.32141740406162184,1.5399949723336008,5.229174433642789,93.68773183234461,1.5399949723336008,0.06775168630247694,0.3310216259511484,1,camera_only,27.999999999999996,49.82287250728689,31.557698641636836,5.0,-0.5886757613225096,1.5018948925622848
5.6,27.98621526443406,49.81519521390423,31.57352552044234,4.977269850607121,-0.3308296840886415,1.544062096163927,5.221761312282185,93.80274815372346,1.544062096163927,0.06571714069822268,0.3246008421398423,1,camera_only,27.999999999999996,49.82287250728689,31.557698641636836,5.0,-0.5886757613225096,1.5018948925622848
5.6,27.985932327658467,49.812536372093085,31.575081499646636,4.975708911273299,-0.34055774780354,1.5516509759361747,5.223148427953893,93.91544962631122,1.5516509759361747,0.06360057160067002,0.32004329779466617,1,camera_only,27.999999999999996,49.82287250728689,31.557698641636836,5.0,-0.5886757613225096,1.5018948925622848
5.633333333333333,28.172276591593914,49.78002264508784,31.616727194600504,5.0572438882134,-0.39993774824765205,1.527639636064511,5.298051415852861,94.52166327996763,1.527639636064511,0.06771487741368361,0.3309805503523193,1,camera_only,28.16666666666666,49.80271174621722,31.607603145897592,5.0,-0.6209588484631585,1.4923685222782537
5.633333333333333,28.18108402148822,49.78164582078301,31.634946409736003,5.09696053717699,-0.40396152797649265,1.5980710509677711,5.356866875102077,94.53152630401789,1.5980710509677711,0.06568094697154886,0.3245506512383423,1,camera_only,28.16666666666666,49.80271174621722,31.607603145897592,5.0,-0.6209588484631585,1.4923685222782537
5.633333333333333,28.181807643865586,49.78519865052077,31.636181349231155,5.10087860408207,-0.39290210795387004,1.6007842329324713,5.360582501969543,94.40458814146254,1.6007842329324713,0.06356102680248998,0.31998218511093035,1,camera_only,28.16666666666666,49.80271174621722,31.607603145897592,5.0,-0.6209588484631585,1.4923685222782537
5.666666666666667,28.357610070373592,49.766498821235544,31.6854433408852,5.123806744239093,-0.4077065876966697,1.5889358035980508,5.379994163743773,94.5494986417615,1.5889358035980508,0.06767279867742426,0.3309293781734979,1,camera_only,28.333333333333332,49.78147600733806,31.65718942185456,5.0,-0.6531738404685045,1.482801237957319
5.666666666666667,28.36136243667787,49.7766233436666,31.67588958568117,5.14067692379002,-0.36789655752888306,1.546289258215378,5.380791538602948,94.09343831134763,1.546289258215378,0.06564212703995527,0.32449749321703,1,camera_only,28.333333333333332,49.78147600733806,31.65718942185456,5.0,-0.6531738404685045,1.482801237957319
5.666666666666667,28.3610589685206,49.775998465761084,31.673084296066047,5.138953896747479,-0.3683028986559778,1.5357858887371334,5.376163360064369,94.09931341870103,1.5357858887371334,0.06352021939844288,0.3199208379745119,1,camera_only,28.333333333333332,49.78147600733806,31.65718942185456,5.0,-0.6531738404685045,1.482801237957319
5.7,28.528429885752676,49.758876208468656,31.742961828851264,5.123389416133344,-0.3963612299733733,1.6105330513520704,5.385168339380914,94.42376703037623,1.6105330513520704,0.06763340418755527,0.3308845436993545,1,camera_only,28.500000000000004,49.759167619387476,31.706456110074946,5.0,-0.6853172046016429,1.4731933018914143
5.7,28.520561298260038,49.760117382786554,31.721793370457558,5.087901522893647,-0.38090924503503476,1.5271045209846894,5.325775246631098,94.2815007535248,1.5271045209846894,0.06560544823099,0.32445037825699463,1,camera_only,28.500000000000004,49.759167619387476,31.706456110074946,5.0,-0.6853172046016429,1.4731933018914143
5.7,28.51611147669607,49.73744305137326,31.718501865529884,5.064187507576851,-0.45432520285742173,1.527587703548746,5.309042351863678,95.12647200686341,1.527587703548746,0.06348104758138212,0.31986495865891457,1,camera_only,28.500000000000004,49.759167619387476,31.706456110074946,5.0,-0.6853172046016429,1.4731933018914143
5.733333333333333,28.67971941526603,49.72657023108957,31.77291448172956,5.043331314298969,-0.44338644838242236,1.5379631633478614,5.291229817368804,95.02426310450602,1.5379631633478614,0.06759362236152815,0.3308363710476789,1,camera_only,28.666666666666668,49.7357890287316,31.7554018598876,5.0,-0.7173854159804732,1.46354497748696
5.733333333333333,28.68045186234024,49.73229272232165,31.762726850253276,5.046443088138077,-0.4182137632652012,1.495202589258474,5.2798789168432885,94.7374461408404,1.495202589258474,0.06556515860706284,0.3243933052276885,1,camera_only,28.666666666666668,49.7357890287316,31.7554018598876,5.0,-0.7173854159804732,1.46354497748696
5.733333333333333,28.674012166292012,49.69902927953078,31.75856683613463,5.012150645733121,-0.5263621919524712,1.4985277098925704,5.25778437651791,95.99506955566072,1.4985277098925704,0.06343794340560666,0.31979893277419036,1,camera_only,28.666666666666668,49.7357890287316,31.7554018598876,5.0,-0.7173854159804732,1.46354497748696
5.766666666666667,28.84483717522351,49.66812362243821,31.824097053098917,5.027201193924702,-0.579136886265101,1.567210319803402,5.297574875707664,96.57154294646847,1.567210319803402,0.06754958807577764,0.330779711324866,1,camera_only,28.833333333333332,49.71134279909636,31.804025329420057,5.0,-0.7493749579642417,1.453856529257644
5.766666666666667,28.8302156213377,49.650497376267595,31.82306450614108,4.961569325740005,-0.6393045969314092,1.572339436628361,5.243866116307561,97.34218009797706,1.572339436628361,0.06552015515556445,0.3243253548100906,1,camera_only,28.833333333333332,49.71134279909636,31.804025329420057,5.0,-0.7493749579642417,1.453856529257644
5.766666666666667,28.83403261613612,49.67030139618494,31.824421052478126,4.981763546341805,-0.5742025526568701,1.5660151475153987,5.253577832809315,96.57494934998262,1.5660151475153987,0.06338816863885166,0.31971904353428565,1,camera_only,28.833333333333332,49.71134279909636,31.804025329420057,5.0,-0.7493749579642417,1.453856529257644
5.8,28.96404821610244,49.69227032847862,31.88896438809788,4.837823150868226,-0.45301974023050484,1.5851066913897822,5.11100019049146,95.34964756583352,1.5851066913897822,0.06750085874894456,0.3307166900111532,1,camera_only,28.999999999999996,49.68583161128631,31.852325185635355,5.0,-0.7812823225391818,1.4441282228171672
5.8,28.96597885871696,49.69184863034119,31.893742021036907,4.846462183524522,-0.45696104371882573,1.6040263551809684,5.125417996605254,95.38635450186172,1.6040263551809684,0.06547601688319964,0.3242696475772082,1,camera_only,28.999999999999996,49.68583161128631,31.852325185635355,5.0,-0.7812823225391818,1.4441282228171672
5.8,28.965192238256027,49.689465803793,31.889439308113232,4.8421975927343235,-0.46233602925272166,1.588757121640074,5.117106733554548,95.45410246711805,1.588757121640074,0.0633465624411802,0.3196642906070171,1,camera_only,28.999999999999996,49.68583161128631,31.852325185635355,5.0,-0.7812823225391818,1.4441282228171672
5.833333333333333,29.131686885957144,49.669461729452706,31.93892799254836,4.862581645093991,-0.4744190603753537,1.5786541945373975,5.134386308604266,95.57244117581432,1.5786541945373975,0.06746931385969264,0.3306907841753521,1,camera_only,29.166666666666664,49.65925826289069,31.900300104368526,5.0,-0.8131040107032035,1.434360324871966
5.833333333333333,29.124682729204494,49.66948298402316,31.92299435910697,4.831101829655873,-0.46592556721391476,1.516349724183169,5.0848744339185314,95.508735086659,1.516349724183169,0.06544620008575092,0.32423836350598795,1,camera_only,29.166666666666664,49.65925826289069,31.900300104368526,5.0,-0.8131040107032035,1.434360324871966
5.833333333333333,29.12236385187644,49.661491991124386,31.91423052085267,4.818783865386079,-0.48735636243795116,1.4870825586655236,5.066518400400925,95.77507459806543,1.4870825586655236,0.0633135326962567,0.319622837982005,1,camera_only,29.166666666666664,49.65925826289069,31.900300104368526,5.0,-0.8131040107032035,1.434360324871966
5.866666666666666,29.296877528039854,49.639488846009286,31.940532521993706,4.874280135039913,-0.4895934943856808,1.4021029510142293,5.095507954054463,95.73579461460164,1.4021029510142293,0.0674351224945535,0.33065401122795957,1,camera_only,29.333333333333332,49.63162566797658,31.94794877036294,5.0,-0.8448365328496034,1.4245531032138965
5.866666666666666,29.29007679774276,49.6342320983783,31.93539568161128,4.84381945445125,-0.505051854488632,1.3847439057740134,5.063119588516657,95.95256554377987,1.3847439057740134,0.06541216714755616,0.32419280814082585,1,camera_only,29.333333333333332,49.63162566797658,31.94794877036294,5.0,-0.8448365328496034,1.4245531032138965
5.866666666666666,29.291667489191454,49.640594465384346,31.939083786387712,4.852177473913352,-0.4860189306059478,1.3953021852065253,5.072150315921405,95.71995989592064,1.3953021852065253,0.06327555405897313,0.3195660531971205,1,camera_only,29.333333333333332,49.63162566797658,31.94794877036294,5.0,-0.8448365328496034,1.4245531032138965
5.9,29.43746618176551,49.638200680119006,31.999687519273397,4.788434923915317,-0.4519527353269474,1.4397512155270626,5.020583019745122,95.39184492343317,1.4397512155270626,0.06739624877283468,0.3306072215101321,1,camera_only,29.500000000000004,49.60293685676943,31.99526987730636,5.0,-0.8764764091497338,1.4147068267128942
5.9,29.45096996563648,49.64974986433456,32.007722674917055,4.848896322266329,-0.41626838268842004,1.4651646105877705,5.082497638625401,94.90670164020675,1.4651646105877705,0.06537638406020291,0.32414686205750476,1,camera_only,29.500000000000004,49.60293685676943,31.99526987730636,5.0,-0.8764764091497338,1.4147068267128942
5.9,29.456188899304937,49.67357604436512,32.014898630763795,4.876317571134679,-0.34103586244881795,1.4789745199530446,5.107068057575048,94.00059071916922,1.4789745199530446,0.06324012140612284,0.3195165007124516,1,camera_only,29.500000000000004,49.60293685676943,31.99526987730636,5.0,-0.8764764091497338,1.4147068267128942
5.933333333333334,29.637985563196086,49.65019019088455,32.038992691213274,4.95337706746678,-0.36184617184341367,1.3908643635349736,5.157652634904282,94.17805823307543,1.3908643635349736,0.06736959182087898,0.3305877854743422,1,camera_only,29.666666666666668,49.573194975320675,32.04226212786672,5.0,-0.9080201699346092,1.4048217653096036
5.933333333333334,29.619637052978273,49.6317313034332,32.03292077879092,4.871223086855539,-0.4224360559412134,1.376752777596524,5.079637269913406,94.95633236664517,1.376752777596524,0.0653549959332939,0.32412879965444397,1,camera_only,29.666666666666668,49.573194975320675,32.04226212786672,5.0,-0.9080201699346092,1.4048217653096036
5.933333333333334,29.613692044439315,49.60308444989956,32.02748645070137,4.840033279563804,-0.5148300615567903,1.3725374649194324,5.057156437384075,96.07167102133917,1.3725374649194324,0.06321473656703219,0.3194862224478505,1,camera_only,29.666666666666668,49.573194975320675,32.04226212786672,5.0,-0.9080201699346092,1.4048217653096036
5.966666666666667,29.78186351771218,49.573868455434194,32.07863945177387,4.867484581977728,-0.5567565615164599,1.4013997928099944,5.095714415454464,96.52529311084047,1.4013997928099944,0.06733649440608802,0.3305459490839335,1,camera_only,29.833333333333336,49.54240328516277,32.08892423372774,5.0,-0.9394643560753931,1.3948981900079767
5.966666666666667,29.785258006954123,49.584492847976826,32.065064993272195,4.882475965848843,-0.5127232652189954,1.3428745579323178,5.089672757862763,95.99482754235869,1.3428745579323178,0.06531826418001935,0.32406941116750704,1,camera_only,29.833333333333336,49.54240328516277,32.08892423372774,5.0,-0.9394643560753931,1.3948981900079767
5.966666666666667,29.78511080445531,49.583481914637865,32.06589296363948,4.881749522235001,-0.5165979334524262,1.346670546429705,5.090370652841526,96.04068917117431,1.346670546429705,0.06317393600751002,0.3194157392271946,1,camera_only,29.833333333333336,49.54240328516277,32.08892423372774,5.0,-0.9394643560753931,1.3948981900079767
6.0,29.95458473126462,49.55206325633231,32.120486293482166,4.908904126934294,-0.5682993126295361,1.3934362025145637,5.134390741523862,96.60368245821326,1.3934362025145637,0.06729554754160426,0.3304907418759365,1,camera_only,30.0,49.510565162951536,32.135254915624216,5.0,-0.970805519362733,1.3849363728678425
6.0,29.950302925342804,49.534512689500644,32.14442544854159,4.889943553428433,-0.6417643641259008,1.4960974431156402,5.153806070670041,97.47686118361217,1.4960974431156402,0.06527985859673148,0.3240114682069546,1,camera_only,30.0,49.510565162951536,32.135254915624216,5.0,-0.970805519362733,1.3849363728678425
6.0,29.953917401678275,49.54945156573014,32.152193639102364,4.9088707901940145,-0.5964645535103489,1.5173786574042463,5.172544865765808,96.92790469870943,1.5173786574042463,0.06313241753073749,0.3193482171004967,1,camera_only,30.0,49.510565162951536,32.135254915624216,5.0,-0.970805519362733,1.3849363728678425
6.033333333333333,30.12717063547936,49.517260760884604,32.20170409937585,4.9475334814100895,-0.6348461143121489,1.5216878565938106,5.215040850409145,97.3119910707284,1.5216878565938106,0.06725399643983039,0.33043761557671775,1,camera_only,30.166666666666664,49.47768410009586,32.18125290337709,5.0,-1.0020402228848904,1.3749365869974508
6.033333333333333,30.14231354474892,49.52210371464437,32.22506695011801,5.0153310302943925,-0.6304525834668683,1.6104403726060916,5.305142222141976,97.16478943453457,1.6104403726060916,0.0652406474833546,0.32395468816318945,1,camera_only,30.166666666666664,49.47768410009586,32.18125290337709,5.0,-1.0020402228848904,1.3749365869974508
6.033333333333333,30.14393732033075,49.528065516022835,32.229862364435526,5.023822937108661,-0.6133718971720936,1.6254910171089785,5.315754230056311,96.96094242240758,1.6254910171089785,0.06309197152352991,0.3192845608431348,1,camera_only,30.166666666666664,49.47768410009586,32.18125290337709,5.0,-1.0020402228848904,1.3749365869974508
6.066666666666666,30.32653403754196,49.49749003783867,32.265305268176974,5.084597418139539,-0.632779309685167,1.5608060893577376,5.356272603956327,97.09399926632395,1.5608060893577376,0.06721412461826766,0.3303912058890864,1,camera_only,30.333333333333336,49.44376370237481,32.226916935928315,5.0,-1.0331650414046427,1.3648991065459821
6.066666666666666,30.327356923731656,49.49446168728949,32.27162646431188,5.088206690007071,-0.6465388492856572,1.5871293112345664,5.369063163574093,97.24154713709903,1.5871293112345664,0.06520450031078617,0.3239063617551106,1,camera_only,30.333333333333336,49.44376370237481,32.226916935928315,5.0,-1.0331650414046427,1.3648991065459821
6.066666666666666,30.323659827343675,49.48154482937473,32.2599121963429,5.068929573106021,-0.6827832322958198,1.549404279314438,5.344239289194582,97.67154846834372,1.549404279314438,0.06305253278002065,0.3192254799844295,1,camera_only,30.333333333333336,49.44376370237481,32.226916935928315,5.0,-1.0331650414046427,1.3648991065459821
6.1,30.502073177878977,49.4504655083567,32.30346645293472,5.106914673352254,-0.7037483148087831,1.524161340656382,5.375770360036617,97.84611597457643,1.524161340656382,0.06717162290864388,0.33033849899611134,1,camera_only,30.5,49.40880768954226,32.27224576137535,5.0,-1.0641765617348926,1.3548242066960334
6.1,30.506218921878247,49.45937234879357,32.29579415915313,5.125400329947347,-0.6688038683820252,1.4895344994314947,5.379195123955234,97.43441300097771,1.4895344994314947,0.06516207216868951,0.3238440523978943,1,camera_only,30.5,49.40880768954226,32.27224576137535,5.0,-1.0641765617348926,1.3548242066960334
6.1,30.508542832948102,49.4654861076568,32.30566226898917,5.13740139521281,-0.6541933678787949,1.5241249420264287,5.398501541818636,97.25695108415186,1.5241249420264287,0.06300654203756138,0.3191524787421376,1,camera_only,30.5,49.40880768954226,32.27224576137535,5.0,-1.0641765617348926,1.3548242066960334
6.133333333333333,30.676016982386503,49.46105052669663,32.33459537797997,5.122172242468081,-0.5838041861742129,1.4287799603120297,5.349662417788086,96.5022788935221,1.4287799603120297,0.06712755380922367,0.3302859307006578,1,camera_only,30.666666666666664,49.37281989491892,32.31723813700556,5.0,-1.0950713831129677,1.3447121636560742
6.133333333333333,30.666866194925504,49.45920856486916,32.31942080822625,5.081280275447768,-0.5821703685684094,1.370458591228106,5.294949322322599,96.53596961496933,1.370458591228106,0.06512237322686412,0.32379402588973893,1,camera_only,30.666666666666664,49.37281989491892,32.31723813700556,5.0,-1.0950713831129677,1.3447121636560742
6.133333333333333,30.668697582200917,49.46545778545691,32.32524491874511,5.090784566472504,-0.5647068086246279,1.3893027039382453,5.307084254570656,96.3297863880021,1.3893027039382453,0.06296515800031074,0.3190951145632277,1,camera_only,30.666666666666664,49.37281989491892,32.31723813700556,5.0,-1.0950713831129677,1.3447121636560742
6.166666666666667,30.84292975146114,49.44232026805334,32.367086080603755,5.108954136540903,-0.5755021773741512,1.3751291063959776,5.321991655827562,96.42703537867318,1.3751291063959776,0.06709137162185067,0.33024997759825575,1,camera_only,30.833333333333336,49.33580426497202,32.36189282933024,5.0,-1.125846117573553,1.334563254652871
6.166666666666667,30.826877012327568,49.421810543640916,32.37234829527267,5.037380238714227,-0.6495422730698002,1.4063905822651497,5.270202966089388,97.34743121015534,1.4063905822651497,0.0650877787731818,0.3237529217458,1,camera_only,30.833333333333336,49.33580426497202,32.36189282933024,5.0,-1.125846117573553,1.334563254652871
6.166666666666667,30.825044265650376,49.41328474524014,32.37101407155983,5.027931695040096,-0.6773297706488219,1.4062651973876745,5.264641920736847,97.67232006956316,1.4062651973876745,0.06292708942056637,0.3190433189615706,1,camera_only,30.833333333333336,49.33580426497202,32.36189282933024,5.0,-1.125846117573553,1.334563254652871
6.2,30.995526597061396,49.38466168340753,32.42176451156164,5.039583070044244,-0.6993024861662486,1.425177714620569,5.283706370085866,97.90002841140358,1.425177714620569,0.06705162791227959,0.3302026924523785,1,camera_only,31.0,49.297764858882516,32.40620861411843,5.0,-1.1564973903202131,1.324377757923892
6.2,31.014645698278084,49.398549892821364,32.43563166666589,5.124999656234062,-0.6584775361128236,1.4720232026191085,5.372714998119059,97.32144666617255,1.4720232026191085,0.06504696114909186,0.3236944090303446,1,camera_only,31.0,49.297764858882516,32.40620861411843,5.0,-1.1564973903202131,1.324377757923892
6.2,31.016229748851064,49.40569863821179,32.437036552819485,5.133143127226597,-0.6353329174601913,1.4732315878761373,5.3780310144250905,97.0556579744302,1.4732315878761373,0.06288424709276497,0.3189766697600193,1,camera_only,31.0,49.297764858882516,32.40620861411843,5.0,-1.1564973903202131,1.324377757923892
6.233333333333333,31.19129842655585,49.37837704060709,32.4873016814484,5.149131291775786,-0.6557994573373994,1.4818237506676433,5.398094813564442,97.25818196074103,1.4818237506676433,0.0670118202452418,0.330158156273374,1,camera_only,31.166666666666664,49.25870584809995,32.45018427643051,5.0,-1.1870218400954828,1.314155952709675
6.233333333333333,31.184180955624193,49.366376581497065,32.49658487356342,5.117581928684543,-0.7025877575918845,1.524282724178836,5.385787981080081,97.81721166060605,1.524282724178836,0.06501198164205688,0.32365149625210454,1,camera_only,31.166666666666664,49.25870584809995,32.45018427643051,5.0,-1.1870218400954828,1.314155952709675
6.233333333333333,31.179656070795605,49.3483191893607,32.48960648401188,5.0944606484326975,-0.759060037763549,1.5079658887289482,5.366904374118192,98.47456179139284,1.5079658887289482,0.06284615694167456,0.3189234615181882,1,camera_only,31.166666666666664,49.25870584809995,32.45018427643051,5.0,-1.1870218400954828,1.314155952709675
6.266666666666667,31.34737437091605,49.32657442015261,32.53852578042248,5.08597445503403,-0.7467485394815008,1.5004029169734578,5.354995653755371,98.35277592880452,1.5004029169734578,0.06697148723666904,0.33010919528580124,1,camera_only,31.333333333333336,49.21863151588501,32.493818610651495,5.0,-1.217416119549467,1.3038981192461732
6.266666666666667,31.333548727835307,49.30839394953536,32.54614274323804,5.024543654686647,-0.8141964129712662,1.5395876497762124,5.317827081439425,99.20442148419895,1.5395876497762124,0.06497104870956152,0.3235925406329793,1,camera_only,31.333333333333336,49.21863151588501,32.493818610651495,5.0,-1.217416119549467,1.3038981192461732
6.266666666666667,31.326592078582514,49.28316399008332,32.529324183087766,4.98887133891627,-0.8888940338287425,1.4894939773015192,5.281814285645989,100.10267932896082,1.4894939773015192,0.06280116132316667,0.31885338682852044,1,camera_only,31.333333333333336,49.21863151588501,32.493818610651495,5.0,-1.217416119549467,1.3038981192461732
6.3,31.50561578715957,49.232385472966705,32.58403038112532,5.040201302319426,-0.9603039250917749,1.5231134710810232,5.352166611965438,100.78721120796209,1.5231134710810232,0.06692411442656515,0.3300444054309056,1,camera_only,31.5,49.17754625683981,32.53711042052405,5.0,-1.2476768956069089,1.2936045387570727
6.3,31.51178852963032,49.239941439139564,32.582551193093494,5.06772136036023,-0.9332309821240302,1.5133645476358153,5.370567205266915,100.43423160408854,1.5133645476358153,0.06492065731417078,0.3235110462187416,1,camera_only,31.5,49.17754625683981,32.53711042052405,5.0,-1.2476768956069089,1.2936045387570727
6.3,31.513432626132843,49.24888205763372,32.580928492250976,5.076101958758695,-0.9022055584750774,1.5017927625105794,5.3699317935134285,100.07827215235824,1.5017927625105794,0.0627466843573513,0.3187608226964704,1,camera_only,31.5,49.17754625683981,32.53711042052405,5.0,-1.2476768956069089,1.2936045387570727
6.333333333333333,31.698363821559553,49.19915058169746,32.626195778366856,5.139617329843665,-0.9621616087510263,1.496806643119997,5.438920056911283,100.60332130376865,1.496806643119997,0.0668695655384285,0.32997112542114654,1,camera_only,31.666666666666664,49.135454576426014,32.58005851918136,5.0,-1.2778008498327074,1.2832754934460826
6.333333333333333,31.710197228965132,49.21172376658479,32.62611902575347,5.192325130619014,-0.9183102463297715,1.4899096010565123,5.479358045418494,100.02956934110846,1.4899096010565123,0.06486957412952908,0.3234364710294647,1,camera_only,31.666666666666664,49.135454576426014,32.58005851918136,5.0,-1.2778008498327074,1.2832754934460826
6.333333333333333,31.70916246301073,49.20500089596983,32.629832492853424,5.187132357103541,-0.9431624657421225,1.5082457112736145,5.483676016366261,100.30535426314471,1.5082457112736145,0.06269380657195459,0.31867839602540765,1,camera_only,31.666666666666664,49.135454576426014,32.58005851918136,5.0,-1.2778008498327074,1.2832754934460826
6.366666666666666,31.896574593203322,49.15683097890607,32.67262682211484,5.245723392852667,-0.9919736478708406,1.4909940744142243,5.542985563965525,100.70826691670895,1.4909940744142243,0.06681546714176126,0.3299037533715758,1,camera_only,31.83333333333333,49.09236109047069,32.62266172917959,5.0,-1.3077846787958147,1.2729112664891977
6.366666666666666,31.88714041172062,49.14920371593129,32.66900540934493,5.203741152986146,-1.016683406847646,1.4808407760376645,5.505039195229836,101.05493268039902,1.4808407760376645,0.06481813926470344,0.3233647624670992,1,camera_only,31.83333333333333,49.09236109047069,32.62266172917959,5.0,-1.3077846787958147,1.2729112664891977
6.366666666666666,31.884588412241516,49.14260540072829,32.658402725399895,5.190711799815989,-1.03253971696012,1.4437778140618815,5.485810936609676,101.25045598461175,1.4437778140618815,0.06263858062339371,0.3185952853256582,1,camera_only,31.83333333333333,49.09236109047069,32.62266172917959,5.0,-1.3077846787958147,1.2729112664891977
6.4,32.073308232487705,49.0886231899323,32.700666551088666,5.254144011095562,-1.091680363644746,1.4346119111629305,5.554809325381875,101.73763226367117,1.4346119111629305,0.06675785519852467,0.329830183338142,1,camera_only,32.0,49.0482705246602,32.66491888253023,5.0,-1.337625094431499,1.2625121420269347
6.4,32.058669398822275,49.07869777812832,32.691924053469265,5.189006170344013,-1.1217274502550796,1.4056675881760212,5.491808343066298,102.1981498055659,1.4056675881760212,0.06476014497230795,0.3232801447505467,1,camera_only,32.0,49.0482705246602,32.66491888253023,5.0,-1.337625094431499,1.2625121420269347
6.4,32.05633231098545,49.063613100625446,32.6991741561509,5.177209860836799,-1.1769137571792578,1.4426505763763446,5.5018059417342755,102.80716156034256,1.4426505763763446,0.06257665504572416,0.3184993823699941,1,camera_only,32.0,49.0482705246602,32.66491888253023,5.0,-1.337625094431499,1.2625121420269347
6.433333333333334,32.24052983227798,49.01638738954425,32.730529692391165,5.22412820586384,-1.191414047840923,1.384118979907506,5.534145669860438,102.84714409805393,1.384118979907506,0.06669247578186231,0.3297428157815813,1,camera_only,32.166666666666664,49.003187714021934,32.706828820732056,5.0,-1.367318824401913,1.2520784051565454
6.433333333333334,32.235698743014595,49.01892514672088,32.71693274356569,5.202563483733127,-1.1752849388100748,1.329720042681802,5.496918853464809,102.7297263150043,1.329720042681802,0.06469426302961166,0.3231823508899294,1,camera_only,32.166666666666664,49.003187714021934,32.706828820732056,5.0,-1.367318824401913,1.2520784051565454
6.433333333333334,32.23269477312181,49.00580561819279,32.715351394981184,5.187410081033205,-1.2185937157228701,1.3314072990663168,5.492434741424905,103.21986546357364,1.3314072990663168,0.06250825954915927,0.31839289790329456,1,camera_only,32.166666666666664,49.003187714021934,32.706828820732056,5.0,-1.367318824401913,1.2520784051565454
6.466666666666667,32.392658593080505,48.98090501091466,32.76520248447904,5.134944558866039,-1.1714683297786517,1.3416723348643653,5.435078502141686,102.85131756556737,1.3416723348643653,0.06662324572476552,0.32965248696624205,1,camera_only,32.333333333333336,48.95711760239413,32.74839039480296,5.0,-1.39686261245495,1.2416103419241955
6.466666666666667,32.392914661810465,48.98193731738617,32.76423577511435,5.136118254480694,-1.1673782336484617,1.3373352848359732,5.4342385233327155,102.80510013818555,1.3373352848359732,0.06462713492102914,0.32309003737513087,1,camera_only,32.333333333333336,48.95711760239413,32.74839039480296,5.0,-1.39686261245495,1.2416103419241955
6.466666666666667,32.3907628410622,48.973047246809465,32.76242256212572,5.125291540051175,-1.1963088758120597,1.3356167954151064,5.429884024641942,103.13834264589276,1.3356167954151064,0.06244085672841058,0.31829593856932287,1,camera_only,32.333333333333336,48.95711760239413,32.74839039480296,5.0,-1.39686261245495,1.2416103419241955
6.5,32.55304387434079,48.95253507974862,32.79438404369043,5.090493199302575,-1.1250467909643262,1.2745435356697181,5.366871762798358,102.46257062222695,1.2745435356697181,0.06656095342890156,0.3295802922413747,1,camera_only,32.5,48.91006524188368,32.78960246531138,5.0,-1.426253218781319,1.231108239317127
6.5,32.556202761482524,48.94878941742543,32.80666907150615,5.104583880769478,-1.1447131023160995,1.3244743646725023,5.39642261364882,102.63958437214772,1.3244743646725023,0.0645673769909171,0.32301580549330006,1,camera_only,32.5,48.91006524188368,32.78960246531138,5.0,-1.426253218781319,1.231108239317127
6.5,32.5568809139448,48.94901340456168,32.811740971004454,5.107998765510739,-1.1470055002987916,1.3439439548497898,5.404947581610038,102.65588714646347,1.3439439548497898,0.06238029552295534,0.31821533306542593,1,camera_only,32.5,48.91006524188368,32.78960246531138,5.0,-1.426253218781319,1.231108239317127
6.533333333333333,32.724105536358195,48.927476869745796,32.83461366392331,5.095565418813378,-1.0779297279824154,1.2488972297813676,5.355974582317449,101.94441029197867,1.2488972297813676,0.06650589878627441,0.32952278597557066,1,camera_only,32.666666666666664,48.86203579231215,32.8304639024076,5.0,-1.4554874203698356,1.2205723852557877
6.533333333333333,32.71294089403893,48.9170960237432,32.83370603377392,5.045925086832458,-1.1138500232041393,1.2508056433063415,5.316628312515744,102.44798930216751,1.2508056433063415,0.06451539841761605,0.32295640818079036,1,camera_only,32.666666666666664,48.86203579231215,32.8304639024076,5.0,-1.4554874203698356,1.2205723852557877
6.533333333333333,32.71628244027143,48.93152001585706,32.83585383645229,5.062743286774074,-1.0663583258210523,1.2504991401700358,5.322803562634059,101.89426743832448,1.2504991401700358,0.06232662954529161,0.3181476276427351,1,camera_only,32.666666666666664,48.86203579231215,32.8304639024076,5.0,-1.4554874203698356,1.2205723852557877
6.566666666666666,32.88904802842787,48.891020389973896,32.87661717455282,5.079093127109577,-1.081788100032871,1.2503552115159813,5.341426835798619,102.02367284015058,1.2503552115159813,0.06645766078932705,0.32947488153417787,1,camera_only,32.83333333333333,48.81303452064992,32.87097358585467,5.0,-1.4845620113608575,1.2100030685859386
6.566666666666666,32.880595302201996,48.88147856681252,32.879227504783316,5.041540808373837,-1.1166850662695633,1.2655553127824986,5.3165542891463256,102.48919296053434,1.2655553127824986,0.06446901708740227,0.32290329537775914,1,camera_only,32.83333333333333,48.81303452064992,32.87097358585467,5.0,-1.4845620113608575,1.2100030685859386
6.566666666666666,32.88124699972317,48.88960324637429,32.86975806765182,5.044747025251539,-1.083461397263898,1.2241121267286754,5.303000249570943,102.12129549714395,1.2241121267286754,0.06227825261517491,0.31808527447909546,1,camera_only,32.83333333333333,48.81303452064992,32.87097358585467,5.0,-1.4845620113608575,1.2100030685859386
6.6,33.044136287285845,48.85269170571376,32.92630112528651,5.023408985640665,-1.096713256454831,1.284805729468207,5.299824861858499,102.31560145298036,1.284805729468207,0.06641059630592212,0.3294231535538649,1,camera_only,32.99999999999999,48.76306680043864,32.911130405059154,5.0,-1.5134738033978394,1.1994005790707358
6.6,33.043077484579,48.84195215386791,32.944198643595826,5.0188142175577175,-1.144041137263553,1.3603102737322597,5.324262419803546,102.84118603274739,1.3603102737322597,0.06442345735533114,0.3228463084361518,1,camera_only,32.99999999999999,48.76306680043864,32.911130405059154,5.0,-1.5134738033978394,1.1994005790707358
6.6,33.04443848765193,48.84983957744522,32.94092789531317,5.025587759233678,-1.1153346784870322,1.3429609260095583,5.320154868007473,102.5129165862172,1.3429609260095583,0.06223087117601124,0.3180195612301849,1,camera_only,32.99999999999999,48.76306680043864,32.911130405059154,5.0,-1.5134738033978394,1.1994005790707358
6.633333333333333,33.22412904062737,48.801642155297266,32.97170928571462,5.074960966834178,-1.1418321791640933,1.296909451253671,5.361061803879546,102.68001771884046,1.296909451253671,0.06636598795175337,0.32937216993141627,1,camera_only,33.166666666666664,48.712138111201895,32.950933259101575,5.0,-1.5422196259769803,1.1887652073827844
6.633333333333333,33.231825865392715,48.80960653531342,32.970686345112796,5.109175720766102,-1.1133006039404068,1.288715272605362,5.3855270711645495,102.29272170405551,1.288715272605362,0.06438019503365293,0.3227877530733361,1,camera_only,33.166666666666664,48.712138111201895,32.950933259101575,5.0,-1.5422196259769803,1.1887652073827844
6.633333333333333,33.22919964794537,48.79904653041702,32.967360903548766,5.0959690848148815,-1.1470893333442829,1.2821873276593043,5.378542478708462,102.68569446288895,1.2821873276593043,0.06218481821928569,0.3179501048898877,1,camera_only,33.166666666666664,48.712138111201895,32.950933259101575,5.0,-1.5422196259769803,1.1887652073827844
6.666666666666667,33.41195849998888,48.74106992552677,33.01091631117336,5.148491299474671,-1.2120514080053122,1.2986105880357568,5.446321762049376,103.24728626084975,1.2986105880357568,0.06631846645783879,0.3293115021654782,1,camera_only,33.333333333333336,48.66025403784438,32.99038105676658,5.0,-1.5707963267948972,1.1780972450961722
6.666666666666667,33.41189665117573,48.74040559442978,33.011876319564465,5.148209710221266,-1.214891246531472,1.3027148447386465,5.447668301945132,103.27792709387441,1.3027148447386465,0.06433356847202251,0.3227179652191922,1,camera_only,33.333333333333336,48.66025403784438,32.99038105676658,5.0,-1.5707963267948972,1.1780972450961722
6.666666666666667,33.40974024056516,48.72918072424066,33.013621649324875,5.137385770862094,-1.254027178824088,1.3161846981510148,5.449555842775876,103.71755291896748,1.3161846981510148,0.06213377841948001,0.31786690562538783,1,camera_only,33.333333333333336,48.66025403784438,32.99038105676658,5.0,-1.5707963267948972,1.1780972450961722
6.7,33.57485838313885,48.70216837796945,33.0478559872307,5.11239387782751,-1.1991660167660678,1.2693938318481497,5.402400484798302,103.2006889767703,1.2693938318481497,0.06626471180652169,0.32923656311533966,1,camera_only,33.5,48.60742027003944,33.02947271657287,5.0,-1.5992007720943142,1.1673969846784744
6.7,33.55753394303903,48.68861208409792,33.04274417559979,5.035360852763877,-1.244118641553211,1.2566063676174464,5.336829552734834,103.87847687964661,1.2566063676174464,0.06428153822185623,0.3226389334487141,1,camera_only,33.5,48.60742027003944,33.02947271657287,5.0,-1.5992007720943142,1.1673969846784744
6.7,33.55194057232559,48.67166198863039,33.02744875009265,5.007395761481259,-1.2924324463746741,1.2076623422795278,5.310634827730351,104.47245339126373,1.2076623422795278,0.06207890649981309,0.31777832174331727,1,camera_only,33.5,48.60742027003944,33.02947271657287,5.0,-1.5992007720943142,1.1673969846784744
6.733333333333333,33.725892527357985,48.61747730341937,33.067891356359404,5.036059547596627,-1.32891881713432,1.21583384956666,5.348473888804629,104.7822863189917,1.21583384956666,0.06621047923221002,0.3291605028823726,1,camera_only,33.666666666666664,48.55364260160506,33.06820716680284,5.0,-1.6274298470077162,1.1566647194827355
6.733333333333333,33.72119268340973,48.61272139739109,33.06841324801781,5.015163973010415,-1.3459374134246442,1.220390907729573,5.334113906236615,105.0226833449363,1.220390907729573,0.06422518010264884,0.32254840199873636,1,camera_only,33.666666666666664,48.55364260160506,33.06820716680284,5.0,-1.6274298470077162,1.1566647194827355
6.733333333333333,33.71743238720759,48.60163644663843,33.05783866307062,4.996400794530122,-1.3772147106305224,1.1861805052350343,5.31674387663709,105.41040924830308,1.1861805052350343,0.06201869848696246,0.3176765004176514,1,camera_only,33.666666666666664,48.55364260160506,33.06820716680284,5.0,-1.6274298470077162,1.1566647194827355
6.766666666666667,33.87633016871929,48.56257365907014,33.10539302855258,4.965158569619182,-1.3602424661644588,1.2121966282904808,5.288901573470505,105.32070556625193,1.2121966282904808,0.06614823545975437,0.3290703595769584,1,camera_only,33.83333333333333,48.49892692986864,33.10658334553198,5.0,-1.6554804558989278,1.1459007437394262
6.766666666666667,33.877895724026786,48.560819443185736,33.111505857290375,4.972172611413438,-1.369743020351308,1.2369647930591101,5.30365707024491,105.40191189969053,1.2369647930591101,0.0641640349412118,0.32245328047942456,1,camera_only,33.83333333333333,48.49892692986864,33.10658334553198,5.0,-1.6554804558989278,1.1459007437394262
6.766666666666667,33.87354555077098,48.54406672812796,33.10730537421731,4.950599702717781,-1.424204905547559,1.2307796679115037,5.296377594212809,106.04964383517273,1.2307796679115037,0.06195612438545686,0.31757463151811954,1,camera_only,33.83333333333333,48.49892692986864,33.10658334553198,5.0,-1.6554804558989278,1.1459007437394262
6.8,34.023899587074155,48.513465220058045,33.158461541283415,4.8907277445912545,-1.3756935456725303,1.2581650155611133,5.233997498060313,105.7105525315667,1.2581650155611133,0.06608701673676864,0.3289863846161859,1,camera_only,34.0,48.44327925502015,33.144600200657955,5.0,-1.6833495227025794,1.13510535254838
6.8,34.01218755410334,48.50818109119483,33.14870343819694,4.838641601201004,-1.3890875903251414,1.2228738306763847,5.1804862015279465,106.01782713224438,1.2228738306763847,0.0641045803759349,0.32236601723971453,1,camera_only,34.0,48.44327925502015,33.144600200657955,5.0,-1.6833495227025794,1.13510535254838
6.8,34.01569601938679,48.51525549567184,33.16449977009327,4.856152433695421,-1.374586516761566,1.2796489357943317,5.20665016591553,105.80473964392807,1.2796489357943317,0.06189517269750129,0.31748066515709095,1,camera_only,34.0,48.44327925502015,33.144600200657955,5.0,-1.6833495227025794,1.13510535254838
6.833333333333333,34.17125151529781,48.48377033704168,33.199345141068754,4.83032364691417,-1.3221944403600414,1.2401645344834764,5.159286069278174,105.30846875432186,1.2401645344834764,0.0660323479046058,0.32891811433647616,1,camera_only,34.166666666666664,48.38670567945424,33.18225668992948,5.0,-1.7110339912614432,1.1242788418706993
6.833333333333333,34.14085424757815,48.459336427228635,33.19271311341627,4.695143811959873,-1.4048188832259219,1.2272686144729685,5.052136158272421,106.65753982056927,1.2272686144729685,0.06405267215514875,0.32229697699218973,1,camera_only,34.166666666666664,48.38670567945424,33.18225668992948,5.0,-1.7110339912614432,1.1242788418706993
6.833333333333333,34.14824458440027,48.48153312138819,33.211811783994754,4.731849896875013,-1.3407654745095448,1.2877115062547042,5.08392136323268,105.82003090399031,1.2877115062547042,0.06184161563004473,0.3174042195069762,1,camera_only,34.166666666666664,48.38670567945424,33.18225668992948,5.0,-1.7110339912614432,1.1242788418706993
6.866666666666666,34.31065064187735,48.427851734872604,33.258034843914935,4.751023735451315,-1.3725588136151838,1.3063735014858662,5.114954150042689,106.11387287354425,1.3063735014858662,0.06598391655139688,0.32886061259502697,1,camera_only,34.333333333333336,48.329212407101,33.21955178097488,5.0,-1.7385308256615637,1.1134215085206434
6.866666666666666,34.3144031366271,48.41938961059656,33.27991532334128,4.76784979781716,-1.4143155886956154,1.3962273895116242,5.165474925134668,106.522249125397,1.3962273895116242,0.06400507625577291,0.322233012214753,1,camera_only,34.333333333333336,48.329212407101,33.21955178097488,5.0,-1.7385308256615637,1.1134215085206434
6.866666666666666,34.317846409203824,48.43306857060516,33.28267131572696,4.784898271139527,-1.3693292049803663,1.3986456551133688,5.169770169488553,105.96991879598,1.3986456551133688,0.061793237818533846,0.3173333106735276,1,camera_only,34.333333333333336,48.329212407101,33.21955178097488,5.0,-1.7385308256615637,1.1134215085206434
6.8999999999999995,34.46679542221188,48.39863180342079,33.33932315375369,4.741793843726759,-1.3391429756915894,1.4294935485959532,5.130435124940824,105.77035555067967,1.4294935485959532,0.06593685176803944,0.32880343375139226,1,camera_only,34.5,48.27080574274562,33.2564844513304,5.0,-1.7658370105651886,1.1025336501574905
6.8999999999999995,34.45990115588901,48.39815369558269,33.328566054807915,4.711062410931093,-1.334979479725969,1.387793150731862,5.089425221004388,105.82120310010885,1.387793150731862,0.06396171572287425,0.3221764720616795,1,camera_only,34.5,48.27080574274562,33.2564844513304,5.0,-1.7658370105651886,1.1025336501574905
6.8999999999999995,34.454438571894535,48.375607816136316,33.326099653525326,4.684075293363222,-1.41045823774518,1.3918375311391846,5.085977340433853,106.7579808759996,1.3918375311391846,0.06174901698520295,0.31727007179494626,1,camera_only,34.5,48.27080574274562,33.2564844513304,5.0,-1.7658370105651886,1.1025336501574905
6.933333333333334,34.62807932842558,48.30543595087799,33.36490659036744,4.755800666672513,-1.4817283781071824,1.3783711858065568,5.168468447564775,107.30506726241705,1.3783711858065568,0.06589368063841608,0.32874873646410135,1,camera_only,34.66666666666667,48.21149209133704,33.29305368846822,5.0,-1.7929495515414315,1.0916155652773774
6.933333333333334,34.63217038502924,48.307304487370565,33.36787887646614,4.773980623632234,-1.4767045959648462,1.3889866755560418,5.186601145589656,107.18806934530521,1.3889866755560418,0.06391633815953109,0.32210493222212394,1,camera_only,34.66666666666667,48.21149209133704,33.29305368846822,5.0,-1.7929495515414315,1.0916155652773774
6.933333333333334,34.63101229678684,48.302304392444555,33.367076922422825,4.7682093505189105,-1.4932906863625464,1.3889086998378022,5.186020136948779,107.38932527759987,1.3889086998378022,0.06169830664532906,0.3171835726603966,1,camera_only,34.66666666666667,48.21149209133704,33.29305368846822,5.0,-1.7929495515414315,1.0916155652773774
6.966666666666667,34.81131020254329,48.21622892013909,33.418059856901955,4.855844202273222,-1.6163647284885185,1.431188359288556,5.314146965601846,108.4110517699265,1.431188359288556,0.06583958908737411,0.32866998795758934,1,camera_only,34.833333333333336,48.151277957285544,33.32925848982423,5.0,-1.819865475394642,1.0806675532051169
6.966666666666667,34.81679563861374,48.21560545938694,33.42777490157758,4.8802644831500155,-1.6238243197397284,1.4694285400431288,5.349112737750716,108.4039787027006,1.4694285400431288,0.06386253215294509,0.3220152056341137,1,camera_only,34.833333333333336,48.151277957285544,33.32925848982423,5.0,-1.819865475394642,1.0806675532051169
6.966666666666667,34.81914342844821,48.223326800444845,33.43195351394751,4.891830037591373,-1.5999566401927565,1.4809129428783168,5.355648001088442,108.11121758537317,1.4809129428783168,0.06164018400455563,0.317080846660581,1,camera_only,34.833333333333336,48.151277957285544,33.32925848982423,5.0,-1.819865475394642,1.0806675532051169
7.0,34.979956505780564,48.17832712202601,33.472479249346435,4.8825355518321505,-1.566446748748854,1.4415193826516421,5.326432855310495,107.78761709374228,1.4415193826516421,0.06577848119334423,0.3285799636459292,1,camera_only,35.0,48.09016994374947,33.365097862825515,5.0,-1.8465818304904564,1.0696899140859892
7.0,34.98306167131429,48.17299907065656,33.486567013984015,4.896380647511931,-1.5929432060712228,1.4993309079697688,5.362835506958168,108.02130027740407,1.4993309079697688,0.06380502568186576,0.32192575788759986,1,camera_only,35.0,48.09016994374947,33.365097862825515,5.0,-1.8465818304904564,1.0696899140859892
7.0,34.980487566724015,48.16860556650797,33.474599922313196,4.883664822064665,-1.6006863324229714,1.4557716093831834,5.341502579589727,108.14724750111974,1.4557716093831834,0.061581630235548225,0.3169845916978406,1,camera_only,35.0,48.09016994374947,33.365097862825515,5.0,-1.8465818304904564,1.0696899140859892
7.033333333333333,35.149078157118446,48.111083048256134,33.51465385577706,4.907512574517126,-1.6087457847356184,1.4261910186316362,5.357775983612405,108.1498096508297,1.4261910186316362,0.06572193373858624,0.32850285040698374,1,camera_only,35.16666666666667,48.028174751911145,33.400570824917565,5.0,-1.873095687079472,1.0586829488775171
7.033333333333333,35.149210647928356,48.10985003672955,33.51689374823386,4.908099205394704,-1.6143220213245693,1.435593800431971,5.362499693087942,108.2065430931726,1.435593800431971,0.0637493115299774,0.3218405803678149,1,camera_only,35.16666666666667,48.028174751911145,33.400570824917565,5.0,-1.873095687079472,1.0586829488775171
7.033333333333333,35.14407293637645,48.09562023165624,33.5024937529179,4.882756663760948,-1.654285313564624,1.3885970516049675,5.339117371617106,108.71645767201481,1.3885970516049675,0.06152279647161727,0.31688873777438303,1,camera_only,35.16666666666667,48.028174751911145,33.400570824917565,5.0,-1.873095687079472,1.0586829488775171
7.066666666666666,35.328050307296245,48.01095183634018,33.54099887616527,4.970009807674307,-1.746981008240578,1.3786553303322748,5.445514727864177,109.36680638390192,1.3786553303322748,0.06566208675257836,0.32841931458091506,1,camera_only,35.333333333333336,47.96529918024196,33.435676403591195,5.0,-1.8994041376185282,1.047646959341212
7.066666666666666,35.33546952390978,48.024203209575255,33.528955128839506,5.002955547399896,-1.6933871846335549,1.324602558399931,5.44533711574042,108.69979612227493,1.324602558399931,0.06368820353823323,0.3217420218495219,1,camera_only,35.333333333333336,47.96529918024196,33.435676403591195,5.0,-1.8994041376185282,1.047646959341212
7.066666666666666,35.324240723433945,47.991286989651954,33.501592264349455,4.947685195042955,-1.789560601210743,1.238881376338082,5.4052699284393135,109.88488185090293,1.238881376338082,0.061457150882026725,0.3167768210684973,1,camera_only,35.333333333333336,47.96529918024196,33.435676403591195,5.0,-1.8994041376185282,1.047646959341212
7.1,35.499832473828164,47.927393803417964,33.520370940562145,4.991545062597963,-1.788436296451529,1.1556487088497285,5.426743999552347,109.71225304784774,1.1556487088497285,0.06558985200031943,0.3283117924639488,1,camera_only,35.5,47.901550123756905,33.47041363640923,5.0,-1.9255042970895555,1.0365822480343017
7.1,35.49452208442558,47.92638141743769,33.5140721194178,4.967898851634707,-1.7886076977805345,1.1316247207160546,5.3999732411530434,109.80055191007844,1.1316247207160546,0.06361515138968357,0.3216223990785753,1,camera_only,35.5,47.901550123756905,33.47041363640923,5.0,-1.9255042970895555,1.0365822480343017
7.1,35.48452189354593,47.89289585620733,33.49750716015822,4.918767166938866,-1.8934412155474172,1.0879602786101263,5.381732773663415,111.05382298097356,1.0879602786101263,0.061379557561573574,0.316644824247511,1,camera_only,35.5,47.901550123756905,33.47041363640923,5.0,-1.9255042970895555,1.0365822480343017
7.133333333333333,35.65478605098708,47.82741542282975,33.51882979031556,4.9446095189473365,-1.8912757360754369,1.0323848515901854,5.393691285800958,110.93147442945005,1.0323848515901854,0.06550860273245182,0.3281915503381461,1,camera_only,35.666666666666664,47.836934573258404,33.5047815710329,5.0,-1.9513933033159456,1.0254891183014356
7.133333333333333,35.64466121571176,47.8147110646031,33.52575022266309,4.8995753234735595,-1.9402225616557751,1.066189611674471,5.376528826965563,111.60347205744806,1.066189611674471,0.06353232462063724,0.32148877327470216,1,camera_only,35.666666666666664,47.836934573258404,33.5047815710329,5.0,-1.9513933033159456,1.0254891183014356
7.133333333333333,35.64707672035471,47.82304310103582,33.52892252758306,4.911403111565984,-1.913522930372016,1.073386442617709,5.379182929084587,111.28629623862261,1.073386442617709,0.061293211768670725,0.3165010326124177,1,camera_only,35.666666666666664,47.836934573258404,33.5047815710329,5.0,-1.9513933033159456,1.0254891183014356
7.166666666666667,35.8083052729467,47.758576561030814,33.572084855086985,4.901110514153813,-1.9208235451293882,1.1020524899567454,5.378193660895111,111.40100667723227,1.1020524899567454,0.06542425345756303,0.3280734725707371,1,camera_only,35.833333333333336,47.77145961456971,33.53877926524791,5.0,-1.9770683172764245,1.0143678742663684
7.166666666666667,35.79225776267786,47.74310610288106,33.57584634743963,4.8297474549001125,-1.9780084152097606,1.1249971943307497,5.338969606207438,112.27140410984329,1.1249971943307497,0.06345030832411674,0.32136821895733314,1,camera_only,35.833333333333336,47.77145961456971,33.53877926524791,5.0,-1.9770683172764245,1.0143678742663684
7.166666666666667,35.7907526789189,47.73777481125135,33.57409759500899,4.822380920164487,-1.9952823403849675,1.1214813144812055,5.337998660148679,112.47755132498125,1.1214813144812055,0.06121120270274296,0.3163761501118883,1,camera_only,35.833333333333336,47.77145961456971,33.53877926524791,5.0,-1.9770683172764245,1.0143678742663684
7.2,35.966742036013706,47.65625982794099,33.594261824717705,4.8852880392916065,-2.0337410072658066,1.0656874443946203,5.39794696533974,112.60191790799803,1.0656874443946203,0.0653437194720466,0.3279667943281671,1,camera_only,36.0,47.70513242775789,33.572405786990295,5.0,-2.002526523416379,1.0032188208236241
7.2,35.977203035077046,47.66796138002383,33.58904208267416,4.931824828449072,-1.9891660165148126,1.039046269752188,5.418421793331529,111.96582976851138,1.039046269752188,0.06336896071560782,0.32124885305359985,1,camera_only,36.0,47.70513242775789,33.572405786990295,5.0,-2.002526523416379,1.0032188208236241
7.2,35.97756431694757,47.672963992883105,33.583118855168195,4.933582466824071,-1.9682957434095345,1.0131360064509805,5.407482654437777,111.7499591477443,1.0131360064509805,0.06112843970430051,0.3162487371711012,1,camera_only,36.0,47.70513242775789,33.572405786990295,5.0,-2.002526523416379,1.0032188208236241
7.233333333333333,36.14858913157295,47.60434347191944,33.6035135485241,4.960727119629924,-1.9693193047440498,0.9639831074788604,5.423679148970189,111.65218603118042,0.9639831074788604,0.06526213300985233,0.3278612378357105,1,camera_only,36.16666666666667,47.63796028634642,33.60566021437197,5.0,-2.0277651299566184,0.9920422636301345
7.233333333333333,36.13965878342944,47.59927014658619,33.59994942780212,4.920993399749986,-1.9855261483608728,0.9527757527273882,5.391314474336748,111.97312765647236,0.9527757527273882,0.06329077044190468,0.3211415505870037,1,camera_only,36.16666666666667,47.63796028634642,33.60566021437197,5.0,-2.0277651299566184,0.9920422636301345
7.233333333333333,36.14819935905153,47.620014654612255,33.62596893111126,4.962771942058112,-1.9299716867707772,1.0406333636178176,5.4255703716835715,111.25055384848223,1.0406333636178176,0.06104893577283242,0.31613333609083577,1,camera_only,36.16666666666667,47.63796028634642,33.60566021437197,5.0,-2.0277651299566184,0.9920422636301345
7.266666666666667,36.304311570443836,47.5672598780664,33.66708695496099,4.924226658640052,-1.8955460345502881,1.0574756156243372,5.381389934988986,111.05385571408671,1.0574756156243372,0.06518781928428605,0.32777182344381334,1,camera_only,36.333333333333336,47.56995055651756,33.63854163570603,5.0,-2.0527813691995207,0.9808385090968613
7.266666666666667,36.30872707167581,47.56459808042307,33.67808228484837,4.9439296621774655,-1.9110705923633122,1.1018200573904564,5.413745353488836,111.13395486009016,1.1018200573904564,0.06322060696351417,0.32105392434975594,1,camera_only,36.333333333333336,47.56995055651756,33.63854163570603,5.0,-2.0527813691995207,0.9808385090968613
7.266666666666667,36.30691260083332,47.561192653534,33.67098663649172,4.935065565164049,-1.9184650939871755,1.076487374246,5.403166249175221,111.24317280798999,1.076487374246,0.060980274328012285,0.31604183240009454,1,camera_only,36.333333333333336,47.56995055651756,33.63854163570603,5.0,-2.0527813691995207,0.9808385090968613
7.3,36.45558710017463,47.52730307934304,33.70015006929704,4.869446969375298,-1.813098839449293,1.0306184383464705,5.297264912634667,110.42240414941847,1.0306184383464705,0.065123846706128,0.32769918976811835,1,camera_only,36.5,47.50111069630459,33.671049149531676,5.0,-2.0775724978325467,0.9696078643803943
7.3,36.46023277191437,47.53529556477715,33.69272096950604,4.890108808938686,-1.7804350152962563,0.9973192013324778,5.298845024748239,110.0060104953289,0.9973192013324778,0.06315891739159832,0.3209780051722771,1,camera_only,36.5,47.50111069630459,33.671049149531676,5.0,-2.0775724978325467,0.9696078643803943
7.3,36.46246014774546,47.54381621939451,33.69372012559448,4.900947739257309,-1.7515891374888273,0.9959877142377926,5.298994694884381,109.66679018368814,0.9959877142377926,0.06091818835075227,0.3159587483481266,1,camera_only,36.5,47.50111069630459,33.671049149531676,5.0,-2.0775724978325467,0.9696078643803943
7.333333333333333,36.60810092564086,47.509092051491905,33.737492580888414,4.827482879878255,-1.6792115447129046,1.0206267445537278,5.21210334885189,109.1799298387967,1.0206267445537278,0.06507076474363575,0.32764286620567157,1,camera_only,36.666666666666664,47.43144825477395,33.703181864639014,5.0,-2.1021357972290717,0.9583506373745312
7.333333333333333,36.623422265117064,47.51074176861963,33.75595471452262,4.895791447589294,-1.683399743388109,1.091820448758788,5.290999951488892,108.97534183606531,1.091820448758788,0.06310939638287506,0.3209220793462563,1,camera_only,36.666666666666664,47.43144825477395,33.703181864639014,5.0,-2.1021357972290717,0.9583506373745312
7.333333333333333,36.61889776659363,47.49565349757516,33.75030814010362,4.873792942043768,-1.732146911688818,1.079204777125129,5.2838313293062695,109.56522244268955,1.079204777125129,0.06086845331211413,0.31589527600571493,1,camera_only,36.666666666666664,47.43144825477395,33.703181864639014,5.0,-2.1021357972290717,0.9583506373745312
7.366666666666666,36.80032572972299,47.418553997814485,33.7642633059486,4.9524490596750415,-1.7824599391202887,1.0078396917983232,5.359072304756584,109.79455702490036,1.0078396917983232,0.06502593942997277,0.3275940569319559,1,camera_only,36.83333333333333,47.360970871197345,33.73493890009341,5.0,-2.1264685737465143,0.9470671367018366
7.366666666666666,36.809509906551376,47.43234357246667,33.75227169818607,4.993276787643953,-1.7264024963930178,0.9536224370309105,5.368675293774502,109.07259135785485,0.9536224370309105,0.06306375682370044,0.3208570947775776,1,camera_only,36.83333333333333,47.360970871197345,33.73493890009341,5.0,-2.1264685737465143,0.9470671367018366
7.366666666666666,36.80102377077004,47.409547794295854,33.731970484555504,4.952001584803273,-1.7928612973683413,0.8890998487867753,5.341083211166821,109.90267757078787,0.8890998487867753,0.06081689661413105,0.31581225265057167,1,camera_only,36.83333333333333,47.360970871197345,33.73493890009341,5.0,-2.1264685737465143,0.9470671367018366
7.3999999999999995,36.97159620697542,47.34435323914149,33.754876154048574,4.974856829579537,-1.8066309528301636,0.8669544676057594,5.3632756710279,109.95860958659974,0.8669544676057594,0.06497003800506924,0.32751266957368036,1,camera_only,37.0,47.28968627421411,33.76631938525972,5.0,-2.1505681590217223,0.9357576717051819
7.3999999999999995,36.97392808473141,47.34868819649705,33.75077304276496,4.985250277208478,-1.7888510696385254,0.848583190905224,5.364028514804987,109.73944526563926,0.848583190905224,0.06300730755676506,0.3207635635128041,1,camera_only,37.0,47.28968627421411,33.76631938525972,5.0,-2.1505681590217223,0.9357576717051819
7.3999999999999995,36.972499331071745,47.34899559839407,33.739938285113766,4.978266353259998,-1.7810966605372867,0.80653777243896,5.348452521669092,109.68591319187293,0.80653777243896,0.06075548637991285,0.31570392347726883,1,camera_only,37.0,47.28968627421411,33.76631938525972,5.0,-2.1505681590217223,0.9357576717051819
7.433333333333334,37.16375909601068,47.26523289113909,33.73411949210602,5.083430992664856,-1.8413907535323188,0.6975661416092628,5.4514758631309705,109.91210109087575,0.6975661416092628,0.0649096143927762,0.32742181269818865,1,camera_only,37.16666666666667,47.21760228098362,33.79732245982606,5.0,-2.1744319102635936,0.9244225524392627
7.433333333333334,37.1656247001759,47.25951433641016,33.747130807270786,5.091824747420687,-1.8691041519625473,0.7514305191335405,5.475844904159967,110.15714775785618,0.7514305191335405,0.06294694233364209,0.3206609915974866,1,camera_only,37.16666666666667,47.21760228098362,33.79732245982606,5.0,-2.1744319102635936,0.9244225524392627
7.433333333333334,37.161975899257705,47.24101281618128,33.75366899454478,5.074159686959042,-1.937352635829572,0.7879987307424926,5.488294249032923,110.89723539712271,0.7879987307424926,0.06068986568656387,0.3155856816976251,1,camera_only,37.16666666666667,47.21760228098362,33.79732245982606,5.0,-2.1744319102635936,0.9244225524392627
7.466666666666667,37.33594302526097,47.165663742033054,33.78398420147277,5.094250150256115,-1.9764730191252426,0.8107017344129785,5.5240444866867895,111.20531429056935,0.8107017344129785,0.06483865297239859,0.3273107647292893,1,camera_only,37.333333333333336,47.14472679632803,33.827947273827505,5.0,-2.1980572105428826,0.9130620896621002
7.466666666666667,37.35299075331537,47.171385712942254,33.79694160887232,5.1702755299669905,-1.9630209869827975,0.8582069689107995,5.596581068169872,110.79048504884662,0.8582069689107995,0.06287594520382739,0.3205390763078359,1,camera_only,37.333333333333336,47.14472679632803,33.827947273827505,5.0,-2.1980572105428826,0.9130620896621002
7.466666666666667,37.36167172395789,47.19919457986498,33.809289825570154,5.212352258964914,-1.8740484649127334,0.8889123319008131,5.609887597286041,109.77553424444132,0.8889123319008131,0.060615991437698066,0.3154530116532156,1,camera_only,37.333333333333336,47.14472679632803,33.827947273827505,5.0,-2.1980572105428826,0.9130620896621002
7.5,37.522187103486715,47.15104889256466,33.85379131280644,5.157291727099064,-1.8355886718107284,0.9363411899350744,5.553717543632676,109.59171455599592,0.9363411899350744,0.06477027330596921,0.3272124749594915,1,camera_only,37.5,47.071067811865476,33.8581929876693,5.0,-2.221441469079183,0.9016765948265195
7.5,37.49613001989202,47.13734587355001,33.842803862394526,5.041082656561589,-1.8788270184680704,0.9008521670837396,5.4547263856724415,110.44057934709079,0.9008521670837396,0.0628143834936642,0.3204499617591663,1,camera_only,37.5,47.071067811865476,33.8581929876693,5.0,-2.221441469079183,0.9016765948265195
7.5,37.492344319959486,47.13214583650191,33.82552081491447,5.022713592250207,-1.8862245491458667,0.8372428057910658,5.430144601704857,110.58311251847014,0.8372428057910658,0.06055420779095316,0.3153581070968959,1,camera_only,37.5,47.071067811865476,33.8581929876693,5.0,-2.221441469079183,0.9016765948265195
7.533333333333333,37.66617517251671,47.05767984470556,33.853484038983815,5.049380768422257,-1.9255579759569457,0.8451772727107575,5.469766383090849,110.87411847727594,0.8451772727107575,0.06471203618125644,0.3271336428726571,1,camera_only,37.666666666666664,46.99663340513366,33.88805877214992,5.0,-2.244582121525028,0.890266380071613
7.533333333333333,37.665821222970095,47.04584499268508,33.874844398595165,5.047956115466845,-1.9800093974412885,0.934956688115699,5.502403308217893,111.417088917266,0.934956688115699,0.0627536393938036,0.32035456887449854,1,camera_only,37.666666666666664,46.99663340513366,33.88805877214992,5.0,-2.244582121525028,0.890266380071613
7.533333333333333,37.66711156517071,47.046315136730755,33.88249824825105,5.054185914768619,-1.9831000839782786,0.9642554735308229,5.514278721859669,111.423446342825,0.9642554735308229,0.06048918884397369,0.31524913019245876,1,camera_only,37.666666666666664,46.99663340513366,33.88805877214992,5.0,-2.244582121525028,0.890266380071613
7.566666666666666,37.85038365114592,46.9611518661296,33.902842700675194,5.115920830837436,-2.03983430470503,0.9317424168384018,5.585849431320515,111.73829734297786,0.9317424168384018,0.06464728759175631,0.3270405031928553,1,camera_only,37.83333333333333,46.92143173870407,33.9175438084838,5.0,-2.2674766302471068,0.8788317582141818
7.566666666666666,37.83922247681184,46.956389334847074,33.896704524432664,5.066132629938384,-2.053626106870532,0.9103413630397139,5.54182293187067,112.06584572246098,0.9103413630397139,0.06268935902700827,0.3202506817174935,1,camera_only,37.83333333333333,46.92143173870407,33.9175438084838,5.0,-2.2674766302471068,0.8788317582141818
7.566666666666666,37.84148574124219,46.96317931009109,33.90030589142324,5.0770581350811845,-2.0322004850095383,0.9200996891226305,5.545533478051557,111.81480682882867,0.9200996891226305,0.060420762492591144,0.31513202114068667,1,camera_only,37.83333333333333,46.92143173870407,33.9175438084838,5.0,-2.2674766302471068,0.8788317582141818
7.6,38.00289699760835,46.90271942603018,33.94069309205629,5.044299381854288,-2.014046549237025,0.9524757810461729,5.514394787258946,111.76543307943523,0.9524757810461729,0.06457855689711144,0.3269395633665897,1,camera_only,38.0,46.845471059286886,33.946647288323774,5.0,-2.2901224846045407,0.86737304274016
7.6,38.00086878248043,46.89762919731553,33.946915947274164,5.0352715370643715,-2.035830263061078,0.9795497094816159,5.5188841213882585,112.0141680121768,0.9795497094816159,0.06262262358089843,0.3201467557701117,1,camera_only,38.0,46.845471059286886,33.946647288323774,5.0,-2.2901224846045407,0.86737304274016
7.6,37.999361931350016,46.89340337301018,33.94432931095794,5.02802142773991,-2.0489684961977153,0.9721407728821454,5.515825328862609,112.17138195506197,0.9721407728821454,0.060352976851398295,0.31502083303149725,1,camera_only,38.0,46.845471059286886,33.946647288323774,5.0,-2.2901224846045407,0.86737304274016
7.633333333333333,38.16157773026253,46.82417005470111,33.994608864198476,5.005538097428892,-2.0641521551525783,1.0413208628453994,5.513663473937285,112.40996194221107,1.0413208628453994,0.064514084710274,0.32684948899897337,1,camera_only,38.166666666666664,46.768759696826606,33.97536841378323,5.0,-2.3125172012242032,0.8558905477960213
7.633333333333333,38.18089358462429,46.826086656170524,34.01622907640053,5.091818272663729,-2.0691847553973015,1.124729396535316,5.610094035685277,112.11556752508557,1.124729396535316,0.06255912746730581,0.3200493421217937,1,camera_only,38.166666666666664,46.768759696826606,33.97536841378323,5.0,-2.3125172012242032,0.8558905477960213
7.633333333333333,38.176289430905314,46.812051004411245,34.00989914058867,5.069656447039034,-2.1142587464351053,1.1088755266037102,5.6036694648580445,112.63817747302197,1.1088755266037102,0.06028762586815232,0.3149139452737375,1,camera_only,38.166666666666664,46.768759696826606,33.97536841378323,5.0,-2.3125172012242032,0.8558905477960213
7.666666666666667,38.36076959264811,46.71592386279314,34.04396565944554,5.134537113309895,-2.1996965807015427,1.1148779679759044,5.696059102448363,113.19086600756692,1.1148779679759044,0.06445049939594218,0.3267612082958531,1,camera_only,38.333333333333336,46.691306063588584,34.003706397458025,5.0,-2.334658324273051,0.8443845881801645
7.666666666666667,38.35259300678252,46.7094466351924,34.0441146668112,5.097992635350273,-2.223115764708757,1.1190234808895458,5.6730931742889945,113.56089383421663,1.1190234808895458,0.06249575982089942,0.3199480172637594,1,camera_only,38.333333333333336,46.691306063588584,34.003706397458025,5.0,-2.334658324273051,0.8443845881801645
7.666666666666667,38.353939520979566,46.715836073667454,34.042097213326976,5.104464767884986,-2.199537931574311,1.1072950080175255,5.667418275881343,113.31143784888886,1.1072950080175255,0.06021836440487104,0.314795834610044,1,camera_only,38.333333333333336,46.691306063588584,34.003706397458025,5.0,-2.334658324273051,0.8443845881801645
7.7,38.510442931443265,46.66729954181655,34.07945952400281,5.047337813369065,-2.115247323146254,1.092533832101942,5.5806379935120285,112.73766985750837,1.092533832101942,0.0643802175281737,0.32665786923808604,1,camera_only,38.5,46.61311865323652,34.03166046244801,5.0,-2.356543425727433,0.8328554793342855
7.7,38.49713012405696,46.65467652290208,34.08544853632731,4.987960857715626,-2.1642724024363273,1.1227729030178448,5.551976903932673,113.45598503988576,1.1227729030178448,0.062428105058739226,0.3198440795440166,1,camera_only,38.5,46.61311865323652,34.03166046244801,5.0,-2.356543425727433,0.8328554793342855
7.7,38.49430517236155,46.650019488236964,34.07467117238298,4.974350105358363,-2.173866379849234,1.0839721208831425,5.535779038849859,113.60605693145908,1.0839721208831425,0.0601499050829021,0.3146853263970163,1,camera_only,38.5,46.61311865323652,34.03166046244801,5.0,-2.356543425727433,0.8328554793342855
7.733333333333333,38.653816628209896,46.586773707607435,34.11402828437427,4.947894695260896,-2.1445485819444725,1.0901943299816064,5.5017519221458,113.4331858532267,1.0901943299816064,0.06431645653609969,0.3265694440321005,1,camera_only,38.666666666666664,46.53420603990106,34.05922984237837,5.0,-2.378170105639354,0.8213035373347265
7.733333333333333,38.63900968766847,46.58452577334996,34.099867003089024,4.8817287758963905,-2.1448630818520833,1.0360853119060673,5.431867658076214,113.71902857981914,1.0360853119060673,0.0623642557517191,0.31974622268694997,1,camera_only,38.666666666666664,46.53420603990106,34.05922984237837,5.0,-2.378170105639354,0.8213035373347265
7.733333333333333,38.63903417931588,46.576859021052464,34.11340652494824,4.881895467825881,-2.180136298564741,1.093150648965357,5.45718571980392,114.0643820842595,1.093150648965357,0.060083457727826015,0.31457757186926505,1,camera_only,38.666666666666664,46.53420603990106,34.05922984237837,5.0,-2.378170105639354,0.8213035373347265
7.766666666666667,38.8185707107054,46.48355143217343,34.133772873290134,4.9525018174793916,-2.2399571695729827,1.0452446958116481,5.535089777752523,114.33666902372764,1.0452446958116481,0.0642532154823597,0.3264805038820732,1,camera_only,38.83333333333333,46.45457687723951,34.08641378142064,5.0,-2.39953599239965,0.809729078883813
7.766666666666667,38.81935791127829,46.487531419115555,34.12756471301773,4.955982122157097,-2.2220672373678183,1.0188330041903497,5.526062096371317,114.1495857161996,1.0188330041903497,0.062300039986270844,0.3196432404068492,1,camera_only,38.83333333333333,46.45457687723951,34.08641378142064,5.0,-2.39953599239965,0.809729078883813
7.766666666666667,38.81644640594272,46.47862740701888,34.12354535750169,4.941987336194763,-2.2507775993923023,1.0087863763746032,5.523304136673499,114.48640714034207,1.0087863763746032,0.060014984123465155,0.31446071082553273,1,camera_only,38.83333333333333,46.45457687723951,34.08641378142064,5.0,-2.39953599239965,0.809729078883813
7.8,38.98592373063938,46.39587639967216,34.156216205269715,4.961975383483354,-2.2765979276736203,1.010277390149236,5.552004884330467,114.64607326529959,1.010277390149236,0.06418243318203985,0.32637531746913157,1,camera_only,39.0,46.3742398974869,34.11321153431338,5.0,-2.420638742998068,0.7981324213011697
7.8,38.979334643359046,46.399684243276155,34.14244485591083,4.932528045219853,-2.2552001373788646,0.9543608543155743,5.506956075434412,114.57034355872617,0.9543608543155743,0.06222995229952641,0.31952942214903657,1,camera_only,39.0,46.3742398974869,34.11321153431338,5.0,-2.420638742998068,0.7981324213011697
7.8,38.981998881932434,46.40920558214006,34.143812014610624,4.945326184114427,-2.222638537481303,0.9537670752622482,5.505092621331551,114.20116463547062,0.9537670752622482,0.05994167184018673,0.31433562232901247,1,camera_only,39.0,46.3742398974869,34.11321153431338,5.0,-2.420638742998068,0.7981324213011697
7.833333333333333,39.14369816546329,46.34479583569163,34.169157068744866,4.932084177614613,-2.185074576586881,0.9225852927874614,5.472766107078804,113.89490884995112,0.9225852927874614,0.06411194924991268,0.3262734408959791,1,camera_only,39.166666666666664,46.29320391049838,34.139622366382675,5.0,-2.4414760432801965,0.7865138825150226
7.833333333333333,39.13620136720689,46.3387623412219,34.170082815215785,4.898533329275413,-2.207455820873811,0.9295315225691879,5.452753325667825,114.25804519130158,0.9295315225691879,0.06216212487167081,0.31942605197230023,1,camera_only,39.166666666666664,46.29320391049838,34.139622366382675,5.0,-2.4414760432801965,0.7865138825150226
7.833333333333333,39.136609148349756,46.3416617174281,34.16801268258799,4.900497087036089,-2.195979367910892,0.9197355351250838,5.448220859960739,114.13779995575288,0.9197355351250838,0.059872510537796166,0.31422413115817377,1,camera_only,39.166666666666664,46.29320391049838,34.139622366382675,5.0,-2.4414760432801965,0.7865138825150226
7.866666666666666,39.29054308673704,46.2754197495264,34.21577363594723,4.86081202494246,-2.183557124788794,0.9807344036555727,5.418233589423289,114.1904043463219,0.9807344036555727,0.06404647110509905,0.32618317894389615,1,camera_only,39.33333333333333,46.21147780278311,34.165645553562214,5.0,-2.4620456082012443,0.7748737810534823
7.866666666666666,39.306750823500494,46.28413721667791,34.21891625219068,4.933263837577718,-2.1535355653347508,0.9882804828640257,5.472796893282597,113.58288760286955,0.9882804828640257,0.06209808152511322,0.3193303510687346,1,camera_only,39.33333333333333,46.21147780278311,34.165645553562214,5.0,-2.4620456082012443,0.7748737810534823
7.866666666666666,39.30322391680338,46.27263045247363,34.215488152962386,4.916345511745983,-2.191868086565962,0.9821463522059964,5.471686244378669,114.02888052153331,0.9821463522059964,0.05980763977815575,0.3141206447809667,1,camera_only,39.33333333333333,46.21147780278311,34.165645553562214,5.0,-2.4620456082012443,0.7748737810534823
7.8999999999999995,39.480905917815306,46.18490913028977,34.230796423958175,4.974621305535376,-2.2306129566823802,0.9250200983377153,5.529751665159523,114.15139474409635,0.9250200983377153,0.06398528221620542,0.32610046537237103,1,camera_only,39.49999999999999,46.12907053652977,34.19128038241318,5.0,-2.4823451820766205,0.7632124360358096
7.8999999999999995,39.50260429088468,46.200075507836836,34.23006133515925,5.071717389255333,-2.17501676316827,0.9138223580942554,5.593575466433868,113.21217610022008,0.9138223580942554,0.06203741563026589,0.3192361160928414,1,camera_only,39.49999999999999,46.12907053652977,34.19128038241318,5.0,-2.4823451820766205,0.7632124360358096
7.8999999999999995,39.50273845021784,46.20253854504142,34.22694706656367,5.072365359251867,-2.164398346739151,0.9002561841958073,5.587841420288186,113.10813413854616,0.9002561841958073,0.05974243518213197,0.3140108986084163,1,camera_only,39.49999999999999,46.12907053652977,34.19128038241318,5.0,-2.4823451820766205,0.7632124360358096
7.933333333333334,39.688917140671954,46.10936634739437,34.237885690613076,5.144519821349796,-2.2241281088689795,0.8410273879343775,5.667464786320049,113.38025637933602,0.8410273879343775,0.06392147218573897,0.3260108439209981,1,camera_only,39.666666666666664,46.04599114862375,34.216526150143785,5.0,-2.502372538829295,0.7515301671636686
7.933333333333334,39.680615830450556,46.10046911657096,34.24256195100162,5.107312286540192,-2.259060131403221,0.8642372788242171,5.651097021256088,113.86070644221996,0.8642372788242171,0.06197565251088253,0.3191390203733078,1,camera_only,39.666666666666664,46.04599114862375,34.216526150143785,5.0,-2.502372538829295,0.7515301671636686
7.933333333333334,39.68221654049063,46.10697450695708,34.24192673746308,5.114979691810452,-2.235730961730244,0.8577490352202465,5.647764477055842,113.60988780662696,0.8577490352202465,0.05967514586504772,0.3138968054187146,1,camera_only,39.666666666666664,46.04599114862375,34.216526150143785,5.0,-2.502372538829295,0.7515301671636686
7.966666666666667,39.860961999436164,46.0179398087693,34.26934417508463,5.14987442516829,-2.2850430289458514,0.8629038917022742,5.699757132146193,113.92726789409198,0.8629038917022742,0.0638536835840289,0.32591156880416433,1,camera_only,39.83333333333333,45.96224874965616,34.241382164628554,5.0,-2.522125482233911,0.7398272947123623
7.966666666666667,39.847052670726306,46.01253325805606,34.26310027158239,5.08758792752925,-2.3012952212800557,0.8414670903587007,5.646908665808623,114.3389149221384,0.8414670903587007,0.06190821293028557,0.3190295041971926,1,camera_only,39.83333333333333,45.96224874965616,34.241382164628554,5.0,-2.522125482233911,0.7398272947123623
7.966666666666667,39.842784020250214,45.99662002541211,34.2625566306037,5.067155549590553,-2.3571085920480095,0.8492384724147306,5.652719014906206,114.94662022962368,0.8492384724147306,0.05960387580279437,0.3137742125114338,1,camera_only,39.83333333333333,45.96224874965616,34.241382164628554,5.0,-2.522125482233911,0.7398272947123623
8.0,40.012412832103394,45.908613023523166,34.30403738939869,5.070217039197679,-2.3985993039897857,0.9060976149962963,5.681671614373075,115.31771957980962,0.9060976149962963,0.06378123409247012,0.32580203354333065,1,camera_only,40.0,45.877852522924734,34.265847744427305,5.0,-2.5416018461576297,0.72810413952205
8.0,40.01782044737103,45.90603728886439,34.31383202554249,5.0944287196469515,-2.4134182483714537,0.9458230659712578,5.715975235535865,115.34863584176229,0.9458230659712578,0.06183459697324916,0.31890647352782014,1,camera_only,40.0,45.877852522924734,34.265847744427305,5.0,-2.5416018461576297,0.72810413952205
8.0,40.01365773754539,45.90118310148528,34.29581333560993,5.074508757368628,-2.419268656246557,0.8791632643250805,5.690028822866072,115.48944075722989,0.8791632643250805,0.05952672407993999,0.3136389000250334,1,camera_only,40.0,45.877852522924734,34.265847744427305,5.0,-2.5416018461576297,0.72810413952205
8.033333333333333,40.20000930385697,45.80361916044858,34.29891090803398,5.147388180179457,-2.460288748050419,0.7897552817895603,5.75954331578027,115.54632446795411,0.7897552817895603,0.06370526515842048,0.3256880009406288,1,camera_only,40.166666666666664,45.79281172342679,34.289922218803795,5.0,-2.560799494797668,0.7163610229889535
8.033333333333333,40.1925999139733,45.797736285531975,34.30090457460292,5.114195348759594,-2.482909502479794,0.8007837347827872,5.741174814676121,115.89627992132571,0.8007837347827872,0.06175845871904184,0.31877990825288294,1,camera_only,40.166666666666664,45.79281172342679,34.289922218803795,5.0,-2.560799494797668,0.7163610229889535
8.033333333333333,40.19435981931602,45.80558460580888,34.29964416050178,5.1226493948974445,-2.4543747897086803,0.7910236202656553,5.735085945233852,115.60011315075307,0.7910236202656553,0.05944546384789524,0.3134970106157837,1,camera_only,40.166666666666664,45.79281172342679,34.289922218803795,5.0,-2.560799494797668,0.7163610229889535
8.066666666666666,40.36552402482065,45.72227849268089,34.326689911618146,5.124358054085422,-2.4600259768160924,0.7946144064718702,5.739528319300529,115.64404192646914,0.7946144064718702,0.06362442850057563,0.3255675150155523,1,camera_only,40.33333333333333,45.70713567684432,34.31360492774415,5.0,-2.5797163229155133,0.7045982670565452
8.066666666666666,40.36914557037709,45.72673427933383,34.32271278806867,5.140567935340469,-2.441474264785877,0.7766254366876564,5.743638424585291,115.40503073753098,0.7766254366876564,0.06167935844118697,0.3186544492453265,1,camera_only,40.33333333333333,45.70713567684432,34.31360492774415,5.0,-2.5797163229155133,0.7045982670565452
8.066666666666666,40.3754046211762,45.74202111480441,34.33587804781944,5.170451071593141,-2.3956174278096745,0.8180337935659385,5.7568851327414885,114.85963459033101,0.8180337935659385,0.05936499547010417,0.3133630479356122,1,camera_only,40.33333333333333,45.70713567684432,34.31360492774415,5.0,-2.5797163229155133,0.7045982670565452
8.1,40.5372880173657,45.674464515443326,34.37597083696312,5.1259897542101225,-2.361501856685719,0.8591388030216153,5.708816117397254,114.73514018875132,0.8591388030216153,0.06355009505052456,0.3254652728872139,1,camera_only,40.5,45.62083377852131,34.336895221974956,5.0,-2.59835025606779,0.69281619420672
8.1,40.54303640333705,45.67377522716714,34.38281099143486,5.151763011599008,-2.3678178704741426,0.8862848872726559,5.738704078171681,114.68413222877544,0.8862848872726559,0.06160931359066083,0.3185546172001794,1,camera_only,40.5,45.62083377852131,34.336895221974956,5.0,-2.59835025606779,0.69281619420672
8.1,40.54275452124756,45.67238160224108,34.38351843719577,5.15042600304295,-2.3732046743381154,0.8898885066903814,5.7402865776423475,114.73922590477633,0.8898885066903814,0.059294761327235275,0.3132559814520916,1,camera_only,40.5,45.62083377852131,34.336895221974956,5.0,-2.59835025606779,0.69281619420672
8.133333333333333,40.7239642435262,45.56530928070446,34.42884161278167,5.19096755498668,-2.481033980068281,0.9686746988896544,5.834381238781608,115.54556675535939,0.9686746988896544,0.06348588438432651,0.32538297133616817,1,camera_only,40.666666666666664,45.533915492433444,34.359792462981005,5.0,-2.616699250833743,0.6810151274509572
8.133333333333333,40.7202047051324,45.56512376356266,34.425671395082134,5.17411582591531,-2.4799760478843895,0.9563582062302693,5.816904399823976,115.60860127122399,0.9563582062302693,0.061545148518003266,0.3184588477705392,1,camera_only,40.666666666666664,45.533915492433444,34.359792462981005,5.0,-2.616699250833743,0.6810151274509572
8.133333333333333,40.71027953858224,45.54135060110215,34.40475270580805,5.126798899755705,-2.551181666730436,0.8902487720692241,5.795268564214134,116.45571285361149,0.8902487720692241,0.05922548696952591,0.31314345318967574,1,camera_only,40.666666666666664,45.533915492433444,34.359792462981005,5.0,-2.616699250833743,0.6810151274509572
8.166666666666666,40.871939814954295,45.479458450713196,34.42559660371316,5.087451598556656,-2.4645897734741338,0.8409073172248895,5.715198302362948,115.84762946851315,0.8409073172248895,0.06341356623828164,0.32527671607506803,1,camera_only,40.833333333333336,45.446390350150274,34.382296023022896,5.0,-2.6347612950393233,0.6691953903214624
8.166666666666666,40.86919214939404,45.47166478708733,34.43599728151244,5.075139863193475,-2.499033554037429,0.885892136004097,5.7259949538760795,116.2159500962854,0.885892136004097,0.06147223442550097,0.3183417240702802,1,camera_only,40.833333333333336,45.446390350150274,34.382296023022896,5.0,-2.6347612950393233,0.6691953903214624
8.166666666666666,40.86489945877853,45.46077359242074,34.428157765975406,5.05469326418331,-2.532793245513774,0.8623558307488416,5.719145320616259,116.6144204931416,0.8623558307488416,0.05914891354973569,0.3130137720640519,1,camera_only,40.833333333333336,45.446390350150274,34.382296023022896,5.0,-2.6347612950393233,0.6691953903214624
8.2,41.0284656372326,45.38005876531297,34.46728874120341,5.033734770945983,-2.526788012290621,0.8998353759091644,5.703757279813351,116.65531605757208,0.8998353759091644,0.0633412354415753,0.3251712511309947,1,camera_only,41.0,45.35826794978997,34.40440528515414,5.0,-2.65253440797784,0.6573573068623008
8.2,41.014349281432665,45.38062771845783,34.452303070387515,4.970324366986241,-2.5163119217134113,0.8408961951706095,5.634097657253256,116.85159517486382,0.8408961951706095,0.06140004426918601,0.31822619653779904,1,camera_only,41.0,45.35826794978997,34.40440528515414,5.0,-2.65253440797784,0.6573573068623008
8.2,41.00947513127892,45.36771019416869,34.44369789323129,4.947082899411409,-2.5568269329597832,0.8156731497189883,5.62817162726314,117.33151568888835,0.8156731497189883,0.05907355022467953,0.31288674377929937,1,camera_only,41.0,45.35826794978997,34.40440528515414,5.0,-2.65253440797784,0.6573573068623008
8.233333333333333,41.176468233895186,45.28433905467938,34.46071597960706,4.9559855356413935,-2.543523395979334,0.7753171867324806,5.6242706758675585,117.16791602044226,0.7753171867324806,0.06326811965398119,0.32506284427472143,1,camera_only,41.166666666666664,45.26955795496678,34.42611964323817,5.0,-2.6700166406271766,0.6455012016205093
8.233333333333333,41.18633939274627,45.28453614648698,34.46927590980814,5.000303673503223,-2.547526316772895,0.8087367485492136,5.6698308872799945,116.99767426666115,0.8087367485492136,0.06132616135902416,0.31810595226002975,1,camera_only,41.166666666666664,45.26955795496678,34.42611964323817,5.0,-2.6700166406271766,0.6455012016205093
8.233333333333333,41.186835244879624,45.28632712113915,34.469469380246,5.0026723800392805,-2.541272620513997,0.8083641634869937,5.6690607771122,116.92979618145503,0.8083641634869937,0.05899626700578825,0.31275393111973776,1,camera_only,41.166666666666664,45.26955795496678,34.42611964323817,5.0,-2.6700166406271766,0.6455012016205093
8.266666666666666,41.36619678657105,45.18498892388811,34.483108009108435,5.056582945790635,-2.5905680193617915,0.7682266570464995,5.733257882495572,117.12678664377468,0.7682266570464995,0.06319411272897785,0.3249547568462186,1,camera_only,41.33333333333333,45.18027009373131,34.44743850196487,5.0,-2.6872060758635152,0.6336273996372033
8.266666666666666,41.37398265024917,45.19091909159461,34.48092101557362,5.091586775201124,-2.567508657831068,0.7563712994750436,5.752256439008091,116.76020756217184,0.7563712994750436,0.06125338572264279,0.3179888733539171,1,camera_only,41.33333333333333,45.18027009373131,34.44743850196487,5.0,-2.6872060758635152,0.6336273996372033
8.266666666666666,41.36928921756848,45.17696124932171,34.47591111469832,5.069262752979904,-2.6141112343936452,0.7457181302881815,5.75213855312726,117.27919754235751,0.7457181302881815,0.05891968490707855,0.31262280082026056,1,camera_only,41.33333333333333,45.18027009373131,34.44743850196487,5.0,-2.6872060758635152,0.6336273996372033
8.3,41.52693224337354,45.10353583614937,34.51467718010988,5.020721673959416,-2.575365592962559,0.7901182929891499,5.697757539742923,117.1554328444179,0.7901182929891499,0.06311686538757541,0.3248398433775067,1,camera_only,41.5,45.09041415750371,34.46836127686697,5.0,-2.704100828671577,0.6217362264386606
8.3,41.50865078596401,45.10133807887629,34.50154949547146,4.938520120351296,-2.576154029399419,0.7399384531853151,5.618990966072798,117.54856939641202,0.7399384531853151,0.061177805668900964,0.3178687886689742,1,camera_only,41.5,45.09041415750371,34.46836127686697,5.0,-2.704100828671577,0.6217362264386606
8.3,41.50878867297733,45.1040485492533,34.497675074305214,4.939161595428285,-2.564024664971046,0.7232465853322217,5.611829057582589,117.43479367533358,0.7232465853322217,0.058841567620712965,0.3124924113082166,1,camera_only,41.5,45.09041415750371,34.46836127686697,5.0,-2.704100828671577,0.6217362264386606
8.333333333333334,41.672012314577735,45.02118112961049,34.52147032857536,4.933060391302715,-2.5546985879316035,0.7203057985221957,5.601822037766294,117.37841739133309,0.7203057985221957,0.06304455501930013,0.32473581419238445,1,camera_only,41.66666666666667,45.0,34.488887394336025,5.0,-2.720699046351327,0.6098280080274033
8.333333333333334,41.66668878115211,45.01470531130979,34.52702632585811,4.909101121760698,-2.581714340307748,0.7456613358217692,5.596475103702537,117.74004721813724,0.7456613358217692,0.06110587103805246,0.3177563983661338,1,camera_only,41.66666666666667,45.0,34.488887394336025,5.0,-2.720699046351327,0.6098280080274033
8.333333333333334,41.66703147230262,45.019406894767705,34.52219092778859,4.9107708778361765,-2.5618609712108604,0.7239889112938706,5.585961170120486,117.55024038688155,0.7239889112938706,0.058767028335212336,0.3123687426283636,1,camera_only,41.66666666666667,45.0,34.488887394336025,5.0,-2.720699046351327,0.6098280080274033
8.366666666666667,41.82225509087031,44.955506218611006,34.53892770233705,4.874414126574193,-2.481286824733535,0.6812483932113585,5.511877788666521,116.97805473986645,0.6812483932113585,0.06297358713401088,0.3246339165763685,1,camera_only,41.833333333333336,44.90903753615141,34.50901629163815,5.0,-2.7369989087211524,0.5979030708732536
8.366666666666667,41.82824292196356,44.96284785234702,34.5324624647468,4.901374469517428,-2.45052734463163,0.6518463193374099,5.518465328445792,116.56355589871268,0.6518463193374099,0.06103674008539502,0.3176506039697777,1,camera_only,41.833333333333336,44.90903753615141,34.50901629163815,5.0,-2.7369989087211524,0.5979030708732536
8.366666666666667,41.82955645498929,44.965588688651614,34.535618235667656,4.907610554584477,-2.4427180134278745,0.6623438860366253,5.52179428011983,116.46140361830363,0.6623438860366253,0.05869680935448062,0.31225429778302555,1,camera_only,41.833333333333336,44.90903753615141,34.50901629163815,5.0,-2.7369989087211524,0.5979030708732536
8.4,42.000742561080926,44.87325221066379,34.55114800439777,4.9403033289332186,-2.4767591962715776,0.6443845517742717,5.563826430501746,116.62632370806423,0.6443845517742717,0.06291013971505281,0.32454697684460604,1,camera_only,42.00000000000001,44.81753674101715,34.52874741692946,5.0,-2.7529986283174632,0.5859617419043867
8.4,42.0029874930537,44.87448645124946,34.55101327163081,4.950408516922058,-2.4721050261693414,0.6431757435901638,5.570594472941728,116.53634770439338,0.6431757435901638,0.06097445602839752,0.3175550415138994,1,camera_only,42.00000000000001,44.81753674101715,34.52874741692946,5.0,-2.7529986283174632,0.5859617419043867
8.4,42.00432413961029,44.8711442919532,34.564849542075876,4.956784667014874,-2.492858399916627,0.6988432538529562,5.592176600452138,116.69866627832478,0.6988432538529562,0.05863026197188993,0.3121432346974332,1,camera_only,42.00000000000001,44.81753674101715,34.52874741692946,5.0,-2.7529986283174632,0.5859617419043867
8.433333333333334,42.17753490190889,44.77738412591602,34.57892091026984,4.991134072913958,-2.5243096765859425,0.6703986273321207,5.633204505131772,116.82840385396281,0.6703986273321207,0.06284542155981772,0.32445321215486894,1,camera_only,42.16666666666667,44.72550764869054,34.5480802292712,5.0,-2.7686964505907037,0.5740043484983696
8.433333333333334,42.18800877832165,44.78050693875545,34.582930230642155,5.038326773632106,-2.5149839615123013,0.6843624371514745,5.67258609013086,116.52701587065303,0.6843624371514745,0.06091028242556065,0.31745078384718756,1,camera_only,42.16666666666667,44.72550764869054,34.5480802292712,5.0,-2.7686964505907037,0.5740043484983696
8.433333333333334,42.17758585285731,44.75490310587289,34.564294565986515,4.988874641486473,-2.5949875557582973,0.6282947375565913,5.658408334527344,117.4814169516785,0.6282947375565913,0.058561740037123895,0.3120232812927359,1,camera_only,42.16666666666667,44.72550764869054,34.5480802292712,5.0,-2.7686964505907037,0.5740043484983696
8.466666666666667,42.349612926358034,44.658059482273714,34.58311869585286,5.013571781288248,-2.6301140065642263,0.6269967164914573,5.696185265258339,117.68145198147582,0.6269967164914573,0.06277526376961054,0.32434488251851123,1,camera_only,42.333333333333336,44.63296035119862,34.56701419864454,5.0,-2.7840906540977644,0.5620312184731816
8.466666666666667,42.33833238989924,44.64979434600983,34.58775628004531,4.962759655729982,-2.6634538727096344,0.6497264527136266,5.66966616265446,118.22192439335589,0.6497264527136266,0.060838654009547334,0.3173260752204442,1,camera_only,42.333333333333336,44.63296035119862,34.56701419864454,5.0,-2.7840906540977644,0.5620312184731816
8.466666666666667,42.35322556209698,44.68699674704377,34.61302291470737,5.033386458209615,-2.545927009988217,0.7241711682806474,5.6869277697931455,116.83065018062148,0.7241711682806474,0.05848356611029565,0.31188027700869686,1,camera_only,42.333333333333336,44.63296035119862,34.56701419864454,5.0,-2.7840906540977644,0.5620312184731816
8.5,42.51841883175651,44.611631076603615,34.63016736583731,5.022220895331139,-2.5076360338259898,0.6909187871660194,5.655820892682353,116.53333224866839,0.6909187871660194,0.06270373492248027,0.3242360525452829,1,camera_only,42.5,44.53990499739547,34.585548805965146,5.0,-2.7991795506907526,0.5500426800782316
8.5,42.51276616189685,44.60831280778773,34.63128972292841,4.9967484145626075,-2.5206324629928516,0.6971426475963116,5.6397775313415455,116.76886859057447,0.6971426475963116,0.06077174334166589,0.31722183036987006,1,camera_only,42.5,44.53990499739547,34.585548805965146,5.0,-2.7991795506907526,0.5500426800782316
8.5,42.512608738257995,44.61465577085,34.61950018254408,4.9959755659657095,-2.490334850207593,0.6474858629057716,5.619677701127325,116.49479473049708,0.6474858629057716,0.05841662190346164,0.3117689675377261,1,camera_only,42.5,44.53990499739547,34.585548805965146,5.0,-2.7991795506907526,0.5500426800782316
8.533333333333333,42.686396358513186,44.52273236697596,34.630979231888304,5.027302754100605,-2.515154169117279,0.6144569820387654,5.654850206556469,116.5787513023776,0.6144569820387654,0.06264156822389982,0.32414745489023983,1,camera_only,42.666666666666664,44.44635179184928,34.603683543097404,5.0,-2.813961485702121,0.5380390619853552
8.533333333333333,42.68194964292448,44.52398443431771,34.62551705445367,5.007248692490335,-2.507449162456148,0.5923437565047879,5.631226500205654,116.6000530513011,0.5923437565047879,0.06070946859324861,0.3171217122798819,1,camera_only,42.666666666666664,44.44635179184928,34.603683543097404,5.0,-2.813961485702121,0.5380390619853552
8.533333333333333,42.68052245795016,44.51762218860088,34.62750945887296,5.000477634182328,-2.5316067721794657,0.6040743789954568,5.637261327476434,116.85186187402374,0.6040743789954568,0.05834945681062884,0.31165258891621156,1,camera_only,42.666666666666664,44.44635179184928,34.603683543097404,5.0,-2.813961485702121,0.5380390619853552
8.566666666666666,42.844463589233534,44.43873531290524,34.64821277462982,4.988632515530478,-2.51246468439789,0.6026179683780422,5.618014024650225,116.73156003631263,0.6026179683780422,0.06257588160642553,0.3240483882568375,1,camera_only,42.833333333333336,44.35231099372328,34.621417912868324,5.0,-2.8284348381261193,0.5260206932798055
8.566666666666666,42.84253220842795,44.43403481110352,34.65416268050076,4.979907336942522,-2.5332974847528686,0.628567077216002,5.62247008007593,116.96261070489238,0.628567077216002,0.06064429525034877,0.31701410186449136,1,camera_only,42.833333333333336,44.35231099372328,34.621417912868324,5.0,-2.8284348381261193,0.5260206932798055
8.566666666666666,42.840461003438314,44.431431793484364,34.646495894592924,4.9700938836502875,-2.537792613069115,0.6005071311917345,5.612738491490433,117.04942961985581,0.6005071311917345,0.05828036312841466,0.31153103071270133,1,camera_only,42.833333333333336,44.35231099372328,34.621417912868324,5.0,-2.8284348381261193,0.5260206932798055
8.6,43.00657159850431,44.34477839646283,34.66742500012275,4.971960917250983,-2.545743326431252,0.6053785259812046,5.618512935507016,117.11335339740738,0.6053785259812046,0.06251024416137824,0.3239488412582911,1,camera_only,43.0,44.257792915650725,34.63875142908121,5.0,-2.8425980207965527,0.5139879034512326
8.6,43.014901989461514,44.35396501948244,34.658920582168605,5.009578381689264,-2.5067072945862967,0.5669197591850913,5.630351235613552,116.58259874826686,0.5669197591850913,0.060578788415771315,0.31690432164767596,1,camera_only,43.0,44.257792915650725,34.63875142908121,5.0,-2.8425980207965527,0.5139879034512326
8.6,43.01165421258445,44.34506117261807,34.654868504777625,4.994200371388298,-2.5362310655603477,0.5568432460668636,5.62890573452591,116.92306650553226,0.5568432460668636,0.05821095122423167,0.3114072290212171,1,camera_only,43.0,44.257792915650725,34.63875142908121,5.0,-2.8425980207965527,0.5139879034512326
8.633333333333333,43.181955523268144,44.25376417805655,34.672033280308646,5.010828627255761,-2.5593237692902258,0.5559433668531294,5.653991043053374,117.05606354955341,0.5559433668531294,0.06244365751553863,0.3238471781658398,1,camera_only,43.166666666666664,44.16280792260401,34.655683616528954,5.0,-2.8564494805608387,0.5019410223846468
8.633333333333333,43.18611103057397,44.26068095714443,34.66330779626346,5.029575646833106,-2.5285446655879618,0.5179076102793754,5.6531758866919475,116.6902858098764,0.5179076102793754,0.060512725557456605,0.31679315357832605,1,camera_only,43.166666666666664,44.16280792260401,34.655683616528954,5.0,-2.8564494805608387,0.5019410223846468
8.633333333333333,43.18171989824882,44.24768095729514,34.66022502950851,5.008825802971774,-2.573512352509046,0.5141750106808934,5.654704032453085,117.19389660405497,0.5141750106808934,0.05814000521313683,0.31128014683582594,1,camera_only,43.166666666666664,44.16280792260401,34.655683616528954,5.0,-2.8564494805608387,0.5019410223846468
8.666666666666666,43.360465733260845,44.13784713002794,34.675917210015,5.0599890587735175,-2.6582465525667844,0.5245306028325235,5.739764486670926,117.71502514918947,0.5245306028325235,0.06237439657043197,0.3237402884266793,1,camera_only,43.33333333333333,44.06736643075801,34.672214011007085,5.0,-2.86998769845032,0.48988038035137915
8.666666666666666,43.37043319843941,44.14455061637286,34.67249871449585,5.105047972771388,-2.6312746376699696,0.5073798242551419,5.765635724636414,117.26775712068019,0.5073798242551419,0.06044259489705263,0.31667156013129283,1,camera_only,43.33333333333333,44.06736643075801,34.672214011007085,5.0,-2.86998769845032,0.48988038035137915
8.666666666666666,43.35894389530299,44.11586021179781,34.6549787024947,5.0507347492742385,-2.7237743907840457,0.45762853182560675,5.756586863112392,118.3372216532525,0.45762853182560675,0.05806377691674077,0.31114015639529885,1,camera_only,43.33333333333333,44.06736643075801,34.672214011007085,5.0,-2.86998769845032,0.48988038035137915
8.7,43.52222140310422,44.02820893082595,34.68324505568711,5.028671836715583,-2.7212563163070245,0.5057571989744726,5.740084208853721,118.41995285684034,0.5057571989744726,0.06229565255114463,0.32361428099275646,1,camera_only,43.49999999999999,43.97147890634781,34.68834215932649,5.0,-2.883211189846845,0.47780630800002294
8.7,43.518994782854634,44.02186689825435,34.69114307134478,5.0140757405191545,-2.749422147708588,0.5402810632637951,5.743882076200266,118.73775456280477,0.5402810632637951,0.06036344043147492,0.3165339484165197,1,camera_only,43.49999999999999,43.97147890634781,34.68834215932649,5.0,-2.883211189846845,0.47780630800002294
8.7,43.51990645308629,44.02374343677875,34.69263321201722,5.018361532606763,-2.743579069723113,0.5448725762207843,5.745264546397103,118.66578632653155,0.5448725762207843,0.057979707826754226,0.3109877528302288,1,camera_only,43.49999999999999,43.97147890634781,34.68834215932649,5.0,-2.883211189846845,0.47780630800002294
8.733333333333333,43.68874691774968,43.92679596621075,34.71444344244584,5.025166421626913,-2.765653079364539,0.562593141897754,5.763475129100114,118.8266491740386,0.562593141897754,0.06221651368470453,0.32349260615518227,1,camera_only,43.666666666666664,43.875155864521034,34.704067619325826,5.0,-2.8961185046455666,0.4657191363473702
8.733333333333333,43.679696022762734,43.92621004635322,34.708125161765174,4.984173172388768,-2.764223372381109,0.5381775488516229,5.724731272196613,119.01275858318151,0.5381775488516229,0.060285347994673354,0.3164047864819991,1,camera_only,43.666666666666664,43.875155864521034,34.704067619325826,5.0,-2.8961185046455666,0.4657191363473702
8.733333333333333,43.68250249996165,43.93316956664592,34.71259141167988,4.997439614741949,-2.741875576976037,0.5510798444004883,5.726776875129177,118.75164192987621,0.5510798444004883,0.0578984272259852,0.3108464382914241,1,camera_only,43.666666666666664,43.875155864521034,34.704067619325826,5.0,-2.8961185046455666,0.4657191363473702
8.766666666666666,43.846381257266295,43.848553907792585,34.72928130271413,4.985652981259781,-2.716486492423804,0.540103424291217,5.703310110979117,118.5842312106865,0.540103424291217,0.06213977652193747,0.3233788951618685,1,camera_only,43.83333333333333,43.77840786818467,34.71938995988368,5.0,-2.9087082274139644,0.45361919676933865
8.766666666666666,43.8531111440173,43.84778825277946,34.73623072152018,5.0161685710582065,-2.723358991034735,0.5677465179844717,5.735936491629362,118.49825042681417,0.5677465179844717,0.060210357956434084,0.31628685843407883,1,camera_only,43.83333333333333,43.77840786818467,34.71938995988368,5.0,-2.9087082274139644,0.45361919676933865
8.766666666666666,43.84981168332753,43.837433832942175,34.73437536570074,5.000568797196365,-2.7597114328693064,0.5671258204785785,5.739627791456251,118.89340582366587,0.5671258204785785,0.057821371315693045,0.31071760848170027,1,camera_only,43.83333333333333,43.77840786818467,34.71938995988368,5.0,-2.9087082274139644,0.45361919676933865
8.8,44.0182008358531,43.74925179151274,34.74051167002069,5.0079833776663145,-2.7375338294586946,0.5152917935195261,5.73057716210867,118.66251469345791,0.5152917935195261,0.062066741758919894,0.3232741227757462,1,camera_only,44.00000000000001,43.68124552684678,34.73430876093033,5.0,-2.920978977547065,0.44150682099188254
8.8,44.019619387488454,43.748693348637374,34.742797836817424,5.014427183224463,-2.7409552592785724,0.5245550558242003,5.73868222816162,118.6616263807837,0.5245550558242003,0.06013767863361777,0.3161717232871347,1,camera_only,44.00000000000001,43.68124552684678,34.73430876093033,5.0,-2.920978977547065,0.44150682099188254
8.8,44.014367996468906,43.732953831009894,34.73987958002955,4.989651892887436,-2.796229557159595,0.5232321647358704,5.743631050715419,119.26652055095944,0.5232321647358704,0.05774421996547715,0.3105868633679384,1,camera_only,44.00000000000001,43.68124552684678,34.73430876093033,5.0,-2.920978977547065,0.44150682099188254
8.833333333333334,44.179393548936346,43.645162484726136,34.752523120275335,4.983962471362199,-2.7735861309560432,0.5011078485405169,5.725711398389498,119.09603446685468,0.5011078485405169,0.061992135418938006,0.3231642803233185,1,camera_only,44.16666666666667,43.583679495453005,34.74882361345932,5.0,-2.932929409418835,0.42938234108190443
8.833333333333334,44.165720393999614,43.641355791051524,34.74919581586772,4.921952975539116,-2.785989369034801,0.4902039037960877,5.676940877364341,119.51130681207367,0.4902039037960877,0.06006291560604247,0.3160505204821674,1,camera_only,44.16666666666667,43.583679495453005,34.74882361345932,5.0,-2.932929409418835,0.42938234108190443
8.833333333333334,44.1707079545317,43.65131300118484,34.760582698521176,4.945499418376493,-2.757101337973385,0.5280415574994513,5.68668622059133,119.13953776688058,0.5280415574994513,0.05766485528355214,0.3104505105624212,1,camera_only,44.16666666666667,43.583679495453005,34.74882361345932,5.0,-2.932929409418835,0.42938234108190443
8.866666666666667,44.339682924629386,43.554986013127824,34.77112229493348,4.963577157254799,-2.768281660840722,0.5036890526581835,5.705627416116163,119.14924164901811,0.5036890526581835,0.061918780175668105,0.3230566623220476,1,camera_only,44.333333333333336,43.48572047321815,34.76293411953863,5.0,-2.944558212529752,0.4172460894381445
8.866666666666667,44.326687737791154,43.549183480041286,34.7711763272317,4.904584997099241,-2.790077876793357,0.5072067222691403,5.665399121991115,119.63430749881171,0.5072067222691403,0.059990565560254915,0.3159356268596521,1,camera_only,44.333333333333336,43.48572047321815,34.76293411953863,5.0,-2.944558212529752,0.4172460894381445
8.866666666666667,44.32547459915998,43.54680910327725,34.76771192225253,4.898835450697197,-2.7964877736231775,0.4952814227401895,5.662529145950868,119.71977552792886,0.4952814227401895,0.05758911018636691,0.3103221239272201,1,camera_only,44.333333333333336,43.48572047321815,34.76293411953863,5.0,-2.944558212529752,0.4172460894381445
8.9,44.49898227384746,43.436224954176986,34.775808906089274,4.943616380081957,-2.8534173501393094,0.4742646499769674,5.727674959851375,119.9932116697059,0.4742646499769674,0.06184567351235376,0.32294800684074837,1,camera_only,44.5,43.38737920245291,34.77663989232161,5.0,-2.95586411165051,0.4050983987820719
8.9,44.50289855520814,43.427121700510654,34.79410873762166,4.961432567657638,-2.898157222544231,0.5511792024895175,5.772254925352494,120.29078887491086,0.5511792024895175,0.05991620587657098,0.3158117457837621,1,camera_only,44.5,43.38737920245291,34.77663989232161,5.0,-2.95586411165051,0.4050983987820719
8.9,44.495670836846195,43.408378430746644,34.785633479634086,4.927358735212018,-2.9610077235473917,0.5302290735443033,5.7730038727519615,121.00300642120736,0.5302290735443033,0.05750933092813074,0.31018053585310146,1,camera_only,44.5,43.38737920245291,34.77663989232161,5.0,-2.95586411165051,0.4050983987820719
8.933333333333334,44.65154915918815,43.320230933131896,34.81623259821919,4.890614668211941,-2.9315796444705327,0.5732104251156924,5.730692910657932,120.93972384043725,0.5732104251156924,0.06176496079767326,0.3228220016714529,1,camera_only,44.666666666666664,43.28866646738584,34.78994055605757,5.0,-2.9668458669618647,0.39293960214876306
8.933333333333334,44.66523076812686,43.31962968744434,34.82632613070125,4.952790032300349,-2.9396094829486246,0.6131538018162327,5.792010928941422,120.6902311227602,0.6131538018162327,0.05983551796409916,0.31567528740476897,1,camera_only,44.666666666666664,43.28866646738584,34.78994055605757,5.0,-2.9668458669618647,0.39293960214876306
8.933333333333334,44.66472053573487,43.31560289893585,34.83077568921633,4.950408336398179,-2.9571666940079955,0.6329849578821397,5.801038485489975,120.85232703092039,0.6329849578821397,0.057425447157992006,0.31003138058504437,1,camera_only,44.666666666666664,43.28866646738584,34.78994055605757,5.0,-2.9668458669618647,0.39293960214876306
8.966666666666667,44.83768193235404,43.205127163458286,34.84211814974026,4.985350952138836,-2.9936581075134683,0.6031294229397813,5.8463217565823715,120.98443522302343,0.6031294229397813,0.061687081838864684,0.32270466187956376,1,camera_only,44.833333333333336,43.1895930929807,34.802835746102105,5.0,-2.9775022741905937,0.3807700328777687
8.966666666666667,44.827489362948974,43.20315694718451,34.83832556045381,4.938986677165166,-2.998885750255462,0.589385289655033,5.808121913317764,121.26555631077528,0.589385289655033,0.05975837239176403,0.31554784431959054,1,camera_only,44.833333333333336,43.1895930929807,34.802835746102105,5.0,-2.9775022741905937,0.3807700328777687
8.966666666666667,44.8263957192917,43.204300590211695,34.83121880694338,4.933854310704756,-2.990140935891971,0.5610673399755455,5.796434916027613,121.21777598281567,0.5610673399755455,0.05734323343574067,0.3098871318027891,1,camera_only,44.833333333333336,43.1895930929807,34.802835746102105,5.0,-2.9775022741905937,0.3807700328777687
9.0,44.98883163844666,43.11490349958873,34.841279383913246,4.924953860365995,-2.947178144109266,0.520851483303829,5.763012737059415,120.897036740068,0.520851483303829,0.06160732168219044,0.3225830344864906,1,camera_only,45.0,43.09016994374947,34.81532510892707,5.0,-2.9878321647415556,0.3685900246039791
9.0,45.00950079350452,43.12248868297066,34.84281973445738,5.019041866837975,-2.919493627254012,0.5225419541528715,5.829860581051585,120.18585567961357,0.5225419541528715,0.059679314065338135,0.3154190325269843,1,camera_only,45.0,43.09016994374947,34.81532510892707,5.0,-2.9878321647415556,0.3685900246039791
9.0,45.01444158835843,43.13208659860722,34.8534169730367,5.042314737607885,-2.891214127406795,0.5575524061010552,5.839085692911467,119.82953908226686,0.5575524061010552,0.057261656704394814,0.3097459245981332,1,camera_only,45.0,43.09016994374947,34.81532510892707,5.0,-2.9878321647415556,0.3685900246039791
9.033333333333333,45.190110323982054,43.02992533023825,34.85408872118858,5.0758216270218375,-2.9002179537193693,0.49208256802188866,5.866632306713094,119.74274073317437,0.49208256802188866,0.061533524312036264,0.3224770549368048,1,camera_only,45.166666666666664,42.99040792256087,34.82740830213025,5.0,-2.997834405825846,0.356399911248473
9.033333333333333,45.191634391107925,43.040714283385256,34.83809916128533,5.082782319739816,-2.8503318392172536,0.42314469554839074,5.842783509328924,119.28291521199169,0.42314469554839074,0.05960796155434419,0.31530836488615416,1,camera_only,45.166666666666664,42.99040792256087,34.82740830213025,5.0,-2.997834405825846,0.356399911248473
9.033333333333333,45.19166560639984,43.04303942516898,34.834251069298496,5.082921480742215,-2.839332611962377,0.406719814424214,5.836379140202339,119.18783444950586,0.406719814424214,0.05718613221481879,0.3096188230595094,1,camera_only,45.166666666666664,42.99040792256087,34.82740830213025,5.0,-2.997834405825846,0.356399911248473
9.066666666666666,45.35832973504598,42.95293457245113,34.850646488779226,5.070698278722322,-2.824747206377107,0.41470043758435093,5.819205638805475,119.12098264890393,0.41470043758435093,0.06146251118749263,0.32237457277065623,1,camera_only,45.33333333333333,42.890317969444716,34.839084994444825,5.0,-3.0075079005850145,0.34420002700936525
9.066666666666666,45.355400980427554,42.94418572350077,34.863050350412074,5.057349396893096,-2.8649622501158363,0.4683861638320264,5.831310077102145,119.53132894430402,0.4683861638320264,0.05953815193250615,0.31519936989487707,1,camera_only,45.33333333333333,42.890317969444716,34.839084994444825,5.0,-3.0075079005850145,0.34420002700936525
9.066666666666666,45.350504768222216,42.93562960085516,34.85055658773498,5.034275298431505,-2.8882684626878294,0.42534889460666986,5.819531267645003,119.84379003052383,0.42534889460666986,0.05711191360410101,0.3094933326368001,1,camera_only,45.33333333333333,42.890317969444716,34.839084994444825,5.0,-3.0075079005850145,0.34420002700936525
9.1,45.5180642819841,42.84047840324726,34.86341478314111,5.03315729567927,-2.8833036840858104,0.41949266984338673,5.815675936446648,119.80674854241133,0.41949266984338673,0.06139218701060009,0.32227037279234194,1,camera_only,45.49999999999999,42.7899110603923,34.850354865748365,5.0,-3.01685158821135,0.33199070635264627
9.1,45.527885836265746,42.841095161945795,34.86840016558186,5.077954832761279,-2.883849274100569,0.43870175955930624,5.856165225908029,119.59291452221765,0.43870175955930624,0.05946676496555719,0.3150806515376726,1,camera_only,45.49999999999999,42.7899110603923,34.850354865748365,5.0,-3.01685158821135,0.33199070635264627
9.1,45.536490168975625,42.86320443825044,34.878545591315365,5.118486703656799,-2.809236584231347,0.46394302902256246,5.8571289430807205,118.75979597010907,0.46394302902256246,0.05703522137465445,0.30935662757795374,1,camera_only,45.49999999999999,42.7899110603923,34.850354865748365,5.0,-3.01685158821135,0.33199070635264627
9.133333333333333,45.70848694430115,42.77175987219227,34.8853361411269,5.124606333371599,-2.795445474163876,0.4289072087706548,5.853209962472817,118.61223173981625,0.4289072087706548,0.06132347479233118,0.3221681784527204,1,camera_only,45.666666666666664,42.68919820615266,34.86121760707165,5.0,-3.025864444064211,0.3197722840030081
9.133333333333333,45.702734261978,42.764621121895445,34.89343184993067,5.09834775815529,-2.8271541163851137,0.4647889697611834,5.848245809410889,119.00940226999614,0.4647889697611834,0.059401049048966766,0.31497719007182845,1,camera_only,45.666666666666664,42.68919820615266,34.86121760707165,5.0,-3.025864444064211,0.3197722840030081
9.133333333333333,45.69479418146133,42.74420037233539,34.88448828121508,5.060963690226269,-2.8964313579572014,0.4431386305483706,5.847994522144389,119.78286288005904,0.4431386305483706,0.05696585957305329,0.30923782597616,1,camera_only,45.666666666666664,42.68919820615266,34.86121760707165,5.0,-3.025864444064211,0.3197722840030081
9.166666666666666,45.876263194248885,42.6326200442874,34.87674074485604,5.117674249726893,-2.936218943592089,0.3658685602228523,5.9114999124068595,119.84465564977323,0.3658685602228523,0.06125620554945744,0.3220657075124528,1,camera_only,45.83333333333333,42.58819045102521,34.87167292060715,5.0,-3.034545479782387,0.30754509493467275
9.166666666666666,45.8554934941297,42.61828997710734,34.887348764168046,5.022799258925621,-2.996630382196961,0.41578905430422064,5.863547269413702,120.82054065478943,0.41578905430422064,0.05933053262625836,0.31485231040788936,1,camera_only,45.83333333333333,42.58819045102521,34.87167292060715,5.0,-3.034545479782387,0.30754509493467275
9.166666666666666,45.85065478635158,42.604315127068375,34.884134235328645,5.000015208183319,-3.045973557823947,0.4122672932728466,5.869247934627542,121.349474570939,0.4122672932728466,0.05688629341013415,0.30908849312378356,1,camera_only,45.83333333333333,42.58819045102521,34.87167292060715,5.0,-3.034545479782387,0.30754509493467275
9.2,46.01979194923698,42.50046358869214,34.89252724062942,5.011001397288959,-3.050873527313287,0.3930786229700381,5.879836314654425,121.3345222058441,0.3930786229700381,0.06117625716483901,0.32193324813609864,1,camera_only,46.0,42.48689887164855,34.88172051971716,5.0,-3.042893743392486,0.2953094743622045
9.2,46.012210862900936,42.50053178250991,34.888134681707974,4.976354765519644,-3.0480657135875235,0.37579855814732854,5.847737673918307,121.48787476027472,0.37579855814732854,0.05924875701879991,0.3147041665546447,1,camera_only,46.0,42.48689887164855,34.88172051971716,5.0,-3.042893743392486,0.2953094743622045
9.2,46.008498646835015,42.486756896790496,34.891578599246564,4.958906364337675,-3.101050941118893,0.398019600609672,5.862225590349842,122.01979186695412,0.398019600609672,0.05679942953884114,0.30892450507220504,1,camera_only,46.0,42.48689887164855,34.88172051971716,5.0,-3.042893743392486,0.2953094743622045
9.233333333333333,46.17973196962335,42.37114337093821,34.9017599225798,4.985327532530882,-3.1437950588479904,0.39414592099303813,5.906969526388548,122.23592161949286,0.39414592099303813,0.06109213730064753,0.32179581345076147,1,camera_only,46.166666666666664,42.38533457578581,34.891360128941685,5.0,-3.050908319413326,0.2830657577313215
9.233333333333333,46.18830416479688,42.36581979253978,34.91544295731644,5.024541609457061,-3.171990357507071,0.4509228694054629,5.959099986360025,122.26419524838236,0.4509228694054629,0.05916381238393499,0.31455356712870525,1,camera_only,46.166666666666664,42.38533457578581,34.891360128941685,5.0,-3.050908319413326,0.2830657577313215
9.233333333333333,46.19449564965816,42.38269003760727,34.92058475649434,5.053667542318095,-3.113094994629176,0.46006237700391606,5.9533665656163945,121.6333634415764,0.46006237700391606,0.056709191069277146,0.30875681680074474,1,camera_only,46.166666666666664,42.38533457578581,34.891360128941685,5.0,-3.050908319413326,0.2830657577313215
9.266666666666666,46.358547598866245,42.28761885735706,34.938579702582835,5.034025849705176,-3.0829942011464713,0.4646267450929328,5.9213298769835765,121.48460032249544,0.4646267450929328,0.06100721989037256,0.3216626836909793,1,camera_only,46.33333333333333,42.28350870110656,34.90059148400594,5.0,-3.058588328956331,0.2708142807097012
9.266666666666666,46.36348545204905,42.29892254805934,34.923472640983185,5.056642626768229,-3.031269077966163,0.39873836123368334,5.909079383339054,120.9411187545521,0.39873836123368334,0.0590822846357031,0.314421231350209,1,camera_only,46.33333333333333,42.28350870110656,34.90059148400594,5.0,-3.058588328956331,0.2708142807097012
9.266666666666666,46.367186315389915,42.31527973342468,34.91652281279787,5.07405520955741,-2.9663458141896415,0.36120292648905133,5.888608605867889,120.3110034770339,0.36120292648905133,0.0566263866936672,0.3086145387310052,1,camera_only,46.33333333333333,42.28350870110656,34.90059148400594,5.0,-3.058588328956331,0.2708142807097012
9.3,46.537789731796046,42.22060574806943,34.91592920866333,5.080610055184547,-2.942491654150611,0.3094403621545371,5.879337463126152,120.07775324999359,0.3094403621545371,0.06093304066630665,0.3215561324294097,1,camera_only,46.5,42.181432413965425,34.9094143318277,5.0,-3.065932929821908,0.25855537917777327
9.3,46.52696519035797,42.21922843546246,34.91262644584754,5.031027157406364,-2.9458114696381172,0.2972699131934607,5.837585877269977,120.35020337682369,0.2972699131934607,0.059010221029567655,0.31431158312631097,1,camera_only,46.5,42.181432413965425,34.9094143318277,5.0,-3.065932929821908,0.25855537917777327
9.3,46.53292876406637,42.22951308096692,34.92639080295119,5.059055241768757,-2.9167129702390624,0.3441591303567646,5.849760678612129,119.9648737487432,0.3441591303567646,0.056550288267308034,0.3084888629584334,1,camera_only,46.5,42.181432413965425,34.9094143318277,5.0,-3.065932929821908,0.25855537917777327
9.333333333333334,46.71367080257572,42.11171502925759,34.92573071108912,5.113265518819654,-2.984248045385907,0.31069216674591404,5.928553810569396,120.26905836139397,0.31069216674591404,0.06086403989466989,0.32145882626829336,1,camera_only,46.666666666666664,42.079116908177596,34.9178284305241,5.0,-3.0729413165918062,0.24628938921951798
9.333333333333334,46.70428621091515,42.1132519088004,34.91921891105142,5.07026171779929,-2.9746373918568425,0.2841986598090366,5.885302913041191,120.39943263338243,0.2841986598090366,0.05894085010501794,0.3142011610971803,1,camera_only,46.666666666666664,42.079116908177596,34.9178284305241,5.0,-3.0729413165918062,0.24628938921951798
9.333333333333334,46.702957157589665,42.11237689957749,34.913868749900196,5.064016351720936,-2.9743996775073986,0.26395952661660416,5.878859556388875,120.42826407539467,0.26395952661660416,0.05647482909125202,0.308357896623285,1,camera_only,46.666666666666664,42.079116908177596,34.9178284305241,5.0,-3.0729413165918062,0.24628938921951798
9.366666666666667,46.860403558152186,42.0345138189785,34.93215189575014,5.013119378796357,-2.902357630407912,0.2867107504883643,5.79976282060708,120.06879989040893,0.2867107504883643,0.060791101243154046,0.32134777743293436,1,camera_only,46.833333333333336,41.97657340379126,34.9258335494184,5.0,-3.0796127207174386,0.2340166471132445
9.366666666666667,46.85513401462563,42.03512619826781,34.92856288322075,4.988943910251986,-2.8979182497393827,0.27226113876429214,5.775951666132099,120.15093634245095,0.27226113876429214,0.05886889441193704,0.3140846410772626,1,camera_only,46.833333333333336,41.97657340379126,34.9258335494184,5.0,-3.0796127207174386,0.2340166471132445
9.366666666666667,46.85503858833513,42.03832807611397,34.92218422285515,4.988478586608845,-2.8818917975567144,0.24539242208189546,5.766319136389771,120.0154372262646,0.24539242208189546,0.05639975591305204,0.3082278702450394,1,camera_only,46.833333333333336,41.97657340379126,34.9258335494184,5.0,-3.0796127207174386,0.2340166471132445
9.4,47.01949162416984,41.9489616293138,34.92656630591885,4.980262103020538,-2.854668661919302,0.22623562545060474,5.744852160182167,119.8211826195982,0.22623562545060474,0.060724099820386956,0.32124829306601,1,camera_only,47.0,41.87381314585725,34.9334294690462,5.0,-3.085946410604164,0.22173748932237822
9.4,46.99672639665716,41.93392684885125,34.939575444037075,4.875736226846838,-2.919632536270732,0.2861436992988262,5.690249213987532,120.91353521832436,0.2861436992988262,0.05880209385431939,0.31397618503666547,1,camera_only,47.0,41.87381314585725,34.9334294690462,5.0,-3.085946410604164,0.22173748932237822
9.4,46.992515567663766,41.92507398296562,34.93219839729202,4.855948925249581,-2.94768844299715,0.26316456483531564,5.686682926785744,121.25884961928674,0.26316456483531564,0.056327613228796904,0.30810154451372307,1,camera_only,47.0,41.87381314585725,34.9334294690462,5.0,-3.085946410604164,0.22173748932237822
9.433333333333334,47.15673100718789,41.822159084841196,34.93914007249332,4.866515448457433,-2.9636745179698094,0.2591300209440566,5.703813428426012,121.34112799862045,0.2591300209440566,0.060655423285874116,0.3211409539736525,1,camera_only,47.16666666666667,41.77084740319584,34.94061598116154,5.0,-3.09194169169151,0.2094522524862323
9.433333333333334,47.15101343745482,41.81500931438872,34.94726906035614,4.840230824144699,-2.995700727299297,0.2952814232688985,5.699934069572183,121.7540657216197,0.2952814232688985,0.05873101838238322,0.3138509175130009,1,camera_only,47.16666666666667,41.77084740319584,34.94061598116154,5.0,-3.09194169169151,0.2094522524862323
9.433333333333334,47.151688814411365,41.81262008267564,34.95458685777921,4.8434030499359,-3.0093477260781065,0.3252944261527728,5.711439687527648,121.8538911738756,0.3252944261527728,0.05625035586529523,0.3079571108683331,1,camera_only,47.16666666666667,41.77084740319584,34.94061598116154,5.0,-3.09194169169151,0.2094522524862323
9.466666666666667,47.33006430857703,41.68353313625516,34.945463314096045,4.919656656805573,-3.1024752530712143,0.26672980888806197,5.822329354109071,122.23669550365355,0.26672980888806197,0.0605818816273861,0.32102143587659165,1,camera_only,47.333333333333336,41.667687467161024,34.94739288874257,5.0,-3.0975979065293475,0.1971612734107804
9.466666666666667,47.32448827955682,41.67761716908178,34.95271032786725,4.89402576654484,-3.1293648400824607,0.2986648758535091,5.816666847432275,122.59588510103622,0.2986648758535091,0.0586557604805621,0.31371426285360365,1,camera_only,47.333333333333336,41.667687467161024,34.94739288874257,5.0,-3.0975979065293475,0.1971612734107804
9.466666666666667,47.3304667586768,41.69652706854295,34.95306185037085,4.922110322342146,-3.059246098391434,0.2878046494742489,5.802498447400853,121.86224881014329,0.2878046494742489,0.056167563168506913,0.30779824036876124,1,camera_only,47.333333333333336,41.667687467161024,34.94739288874257,5.0,-3.0975979065293475,0.1971612734107804
9.5,47.49025177405368,41.598402917544036,34.97290248222042,4.902766410853245,-3.0518066081451733,0.32506973423180113,5.7841431850381175,121.90086999031148,0.32506973423180113,0.060501866358256884,0.32088992569092084,1,camera_only,47.5,41.56434465040231,34.95376000599692,5.0,-3.102914434849978,0.18486488905942214
9.5,47.500078113447884,41.60346036227153,34.969916071127074,4.94799459434232,-3.03076687835307,0.3103200350107891,5.810722579911377,121.48848141554993,0.3103200350107891,0.0585780853888908,0.3135817217826761,1,camera_only,47.5,41.56434465040231,34.95376000599692,5.0,-3.102914434849978,0.18486488905942214
9.5,47.49921134744916,41.59966918041006,34.971792250845034,4.943928029666773,-3.0461134144368986,0.3200750091321826,5.815812867313404,121.63856126507827,0.3200750091321826,0.05608794946354551,0.3076543011953978,1,camera_only,47.5,41.56434465040231,34.95376000599692,5.0,-3.102914434849978,0.18486488905942214
9.533333333333333,47.67284641376828,41.48446555140269,34.96858891129826,4.983851344253655,-3.0875854827413285,0.2751743165567044,5.869214533423226,121.7789590013778,0.2751743165567044,0.06042843278916094,0.3207768782154784,1,camera_only,47.66666666666667,41.46083028562411,34.95971715836687,5.0,-3.10789069363616,0.17256343654374648
9.533333333333333,47.658379468868155,41.47928973760846,34.970920389934136,4.917239344339811,-3.1087720834735673,0.2873940276050829,5.824628912094836,122.30185151864247,0.2873940276050829,0.05850434458169176,0.31345653187284694,1,camera_only,47.66666666666667,41.46083028562411,34.95971715836687,5.0,-3.10789069363616,0.17256343654374648
9.533333333333333,47.65219337371851,41.46649495615565,34.96038408068379,4.888201091226956,-3.1496068348661597,0.2546652168427706,5.820600269317384,122.7948335985507,0.2546652168427706,0.05600719998618798,0.3075076186009892,1,camera_only,47.66666666666667,41.46083028562411,34.95971715836687,5.0,-3.10789069363616,0.17256343654374648
9.566666666666666,47.82241158841691,41.33972792171009,34.97420099355492,4.921136004631799,-3.2340768716122734,0.28972307116766505,5.895826680419606,123.3121554066649,0.28972307116766505,0.060349145104644585,0.3206502284434022,1,camera_only,47.833333333333336,41.357155724343045,34.96526418253408,5.0,-3.1125261371850397,0.16025725311428865
9.566666666666666,47.83226243584088,41.35132357798529,34.96091289583468,4.9665573892637465,-3.1818671648909715,0.23059921963169844,5.902893100502192,122.64600066466058,0.23059921963169844,0.058422488281211264,0.31331058615405194,1,camera_only,47.833333333333336,41.357155724343045,34.96526418253408,5.0,-3.1125261371850397,0.16025725311428865
9.566666666666666,47.829326809542394,41.34439277838876,34.95775847604548,4.952786780878721,-3.2056867144357803,0.2228088884032071,5.903911246682876,122.91292627702022,0.2228088884032071,0.055918691449550605,0.3073411593113966,1,camera_only,47.833333333333336,41.357155724343045,34.96526418253408,5.0,-3.1125261371850397,0.16025725311428865
9.6,47.99007680959712,41.241739420842336,34.976059074063464,4.933095074122149,-3.197277986231288,0.26231820814059564,5.884456166366566,122.94840990837177,0.26231820814059564,0.06026391325909667,0.3205130060201083,1,camera_only,48.0,41.253332335643044,34.97040092642408,5.0,-3.116820257167995,0.14794667615128335
9.6,47.990109090746316,41.23901529907178,34.98017620109066,4.933238934298842,-3.2101548532830715,0.28012004422592807,5.892402549394939,123.05283887122887,0.28012004422592807,0.05833854684905008,0.313168307091357,1,camera_only,48.0,41.253332335643044,34.97040092642408,5.0,-3.116820257167995,0.14794667615128335
9.6,47.986568570326995,41.233471178077636,34.971480626564876,4.9166245605774455,-3.2251940288230183,0.24985377226468067,5.885363242888573,123.26396480972221,0.24985377226468067,0.05583061562888765,0.30718338503417214,1,camera_only,48.0,41.253332335643044,34.97040092642408,5.0,-3.116820257167995,0.14794667615128335
9.633333333333333,48.14851161654412,41.12871898017176,34.98216140862582,4.907772891316556,-3.216497972898737,0.2571851969030882,5.873520084915811,123.24037315366338,0.2571851969030882,0.060181570881627164,0.3203861968331635,1,camera_only,48.166666666666664,41.14937150492867,34.97512724921042,5.0,-3.1207725826863806,0.13563204315541663
9.633333333333333,48.14954997150056,41.13783959915731,34.968991225177085,4.912584887821867,-3.1737095350158935,0.19997268999049278,5.852000646740278,122.86393875590043,0.19997268999049278,0.05825604042493345,0.3130308977797345,1,camera_only,48.166666666666664,41.14937150492867,34.97512724921042,5.0,-3.1207725826863806,0.13563204315541663
9.633333333333333,48.1477562256473,41.137641204913244,34.96053517079389,4.904170112084232,-3.168914608844905,0.16716381815649245,5.841305336011086,122.86922478329011,0.16716381815649245,0.05574370648853917,0.30702967904704337,1,camera_only,48.166666666666664,41.14937150492867,34.97512724921042,5.0,-3.1207725826863806,0.13563204315541663
9.666666666666666,48.321269682371344,41.01094117500372,34.9591888252211,4.949871758860067,-3.2429819368486608,0.1541210792997745,5.919621236107229,123.23140743214006,0.1541210792997745,0.06010111341152976,0.3202643505765192,1,camera_only,48.33333333333333,41.045284632676534,34.97944302131861,5.0,-3.1243826803231642,0.12331369173857222
9.666666666666666,48.30404430072423,41.01136822645699,34.95156416001089,4.870270890771688,-3.236714776010738,0.1239495013142895,5.849036208609103,123.6074634385807,0.1239495013142895,0.058174692381216316,0.31289540232870733,1,camera_only,48.33333333333333,41.045284632676534,34.97944302131861,5.0,-3.1243826803231642,0.12331369173857222
9.666666666666666,48.31332106718564,41.03695551955858,34.957085229441056,4.9138099474405434,-3.144413990772121,0.12882789983804357,5.835191871113217,122.61573251595745,0.12882789983804357,0.05565550309302922,0.3068728067968893,1,camera_only,48.33333333333333,41.045284632676534,34.97944302131861,5.0,-3.1243826803231642,0.12331369173857222
9.7,48.47074408314662,40.937367540066205,34.977910387009224,4.884745017407033,-3.1358656705406314,0.18972329081879588,5.8077863524614255,122.69929483236865,0.18972329081879588,0.06001934523171613,0.3201398877720892,1,camera_only,48.5,40.941083133185145,34.983348124429554,5.0,-3.1276501541904578,0.11099195961457735
9.7,48.491912930882876,40.946214796402316,34.9713352256183,4.982647929288101,-3.0979587249041303,0.15855995287875402,5.869350041282726,121.87126106188894,0.15855995287875402,0.05809536679088815,0.31277073831556973,1,camera_only,48.5,40.941083133185145,34.983348124429554,5.0,-3.1276501541904578,0.11099195961457735
9.7,48.49667577661476,40.95895334545784,34.97489050005086,5.005001597550115,-3.0524742039904367,0.1641271270802091,5.864689034497043,121.37837869813634,0.1641271270802091,0.055575025207643416,0.3067366288092108,1,camera_only,48.5,40.941083133185145,34.983348124429554,5.0,-3.1276501541904578,0.11099195961457735
9.733333333333333,48.65890634995511,40.86777989900365,34.98222132891745,4.983974398571291,-3.0140932327734817,0.16440789800163227,5.8268163501512795,121.16374339525322,0.16440789800163227,0.059948418861737116,0.3200397441581074,1,camera_only,48.666666666666664,40.836778433323154,34.98684245148287,5.0,-3.1305746459729304,0.09866718458994296
9.733333333333333,48.684011023867626,40.86801031740328,34.990260194266796,5.10017687298351,-3.0180908865390856,0.19582538142890757,5.929504558994614,120.61543426702555,0.19582538142890757,0.05802680755587051,0.3126686253598768,1,camera_only,48.666666666666664,40.836778433323154,34.98684245148287,5.0,-3.1305746459729304,0.09866718458994296
9.733333333333333,48.691069470129506,40.88392684334482,34.999693640087514,5.133293395938578,-2.9644595801540397,0.22223324597781735,5.931956617067552,120.00628851850473,0.22223324597781735,0.05550246376884417,0.3066160839183555,1,camera_only,48.666666666666664,40.836778433323154,34.98684245148287,5.0,-3.1305746459729304,0.09866718458994296
9.766666666666666,48.86664868441707,40.77294649473484,35.00732778845641,5.153736261560725,-3.0102558588804267,0.23111663800235543,5.9729433858032985,120.2888566658862,0.23111663800235543,0.059886005402371316,0.31995425765678664,1,camera_only,48.83333333333333,40.73238197127632,34.989925906679844,5.0,-3.1331558349671025,0.08633970455460167
9.766666666666666,48.844226196029545,40.774332710117896,34.997307892487356,5.0498574681092805,-2.9987892452685316,0.19096209947971268,5.876245732540036,120.7033830108324,0.19096209947971268,0.05796543041848666,0.31257490300451374,1,camera_only,48.83333333333333,40.73238197127632,34.989925906679844,5.0,-3.1331558349671025,0.08633970455460167
9.766666666666666,48.841729856742504,40.76875113768908,34.99384897735437,5.038146605985809,-3.0175215935552124,0.18111344993714026,5.875471034115176,120.91886157289666,0.18111344993714026,0.05543433475621984,0.30649928269508797,1,camera_only,48.83333333333333,40.73238197127632,34.989925906679844,5.0,-3.1331558349671025,0.08633970455460167
9.8,49.0083797255867,40.67167553962188,35.00002594350017,5.03224510920764,-3.004429602656367,0.17935197787332366,5.863638393389311,120.8387062830178,0.17935197787332366,0.059822499683664945,0.31985729621602216,1,camera_only,49.00000000000001,40.62790519529313,34.99259840548598,5.0,-3.1353934381165134,0.07400985747264478
9.8,49.00202732735766,40.66691393984779,35.00525795883144,5.002791410317343,-3.025895283322434,0.20281186428734954,5.850221945625111,121.16728485610517,0.20281186428734954,0.05790018705167226,0.3124634800573591,1,camera_only,49.00000000000001,40.62790519529313,34.99259840548598,5.0,-3.1353934381165134,0.07400985747264478
9.8,48.99804377013504,40.652658889866565,35.00820868522368,4.984108596745953,-3.0815453686245062,0.2236122523541221,5.864065381836302,121.72742919132668,0.2236122523541221,0.0553620828576003,0.30636543053610554,1,camera_only,49.00000000000001,40.62790519529313,34.99259840548598,5.0,-3.1353934381165134,0.07400985747264478
9.833333333333334,49.1694713751143,40.53145799778666,35.021769652137046,5.00839219605839,-3.15515618799269,0.2595576478521539,5.9250631332269945,122.20985573820037,0.2595576478521539,0.05975513259926885,0.3197477354295496,1,camera_only,49.16666666666667,40.52335956242944,34.99485987463336,5.0,-3.137287210042762,0.06167798137306051
9.833333333333334,49.145180696374496,40.52677104480588,35.02219525803414,4.895700677942955,-3.173402506462981,0.26411948537351987,5.840216408540921,122.95138396533716,0.26411948537351987,0.0578303008847806,0.31233489931230707,1,camera_only,49.16666666666667,40.52335956242944,34.99485987463336,5.0,-3.137287210042762,0.06167798137306051
9.833333333333334,49.15008020460711,40.5345004404073,35.033251126587125,4.918663277556858,-3.1515200918218396,0.3021959975862342,5.849499957098919,122.64878130444228,0.3021959975862342,0.05528359335193232,0.3062125091900691,1,camera_only,49.16666666666667,40.52335956242944,34.99485987463336,5.0,-3.137287210042762,0.06167798137306051
9.866666666666667,49.320495060708026,40.420199262774325,35.03185639981651,4.948387677783083,-3.1787759949044787,0.26357130513771315,5.8873276848081435,122.71612980581082,0.26357130513771315,0.05968162902589468,0.31962313577002816,1,camera_only,49.333333333333336,40.418756537292,34.99671025212268,5.0,-3.1388369430724166,0.04934441434046049
9.866666666666667,49.32261882698677,40.42995329686867,35.01737507165154,4.958250052107405,-3.132383619056471,0.20072798205367662,5.8682503728910325,122.28272530383725,0.20072798205367662,0.05775629580231775,0.31220035860236395,1,camera_only,49.333333333333336,40.418756537292,34.99671025212268,5.0,-3.1388369430724166,0.04934441434046049
9.866666666666667,49.32746371456314,40.44169539046033,35.02227550501187,4.9809554836909005,-3.091266312343197,0.21217682460337164,5.866077390321162,121.82444688184866,0.21217682460337164,0.05520418626779838,0.30605939352052436,1,camera_only,49.333333333333336,40.418756537292,34.99671025212268,5.0,-3.1388369430724166,0.04934441434046049
9.9,49.48604037166564,40.356846060367424,35.032371962818665,4.9465971983614505,-3.0245964144404964,0.21202136888681836,5.8018928268237,121.4436970033113,0.21202136888681836,0.059608538848281885,0.31950332744834464,1,camera_only,49.5,40.31410759078128,34.99814948722491,5.0,-3.1400424672597853,0.037009494505814644
9.9,49.48961191528715,40.350206981768515,35.04321277763142,4.963190337160753,-3.0568118193685225,0.25866741247151603,5.834746408558959,121.62877241865682,0.25866741247151603,0.05768579583694599,0.31208241228248246,1,camera_only,49.5,40.31410759078128,34.99814948722491,5.0,-3.1400424672597853,0.037009494505814644
9.9,49.48797847238397,40.344969279299285,35.04408938768171,4.955541476039463,-3.077194633296686,0.2655087605923156,5.839264768263945,121.838640334874,0.2655087605923156,0.05513035043456071,0.30592649344176,1,camera_only,49.5,40.31410759078128,34.99814948722491,5.0,-3.1400424672597853,0.037009494505814644
9.933333333333334,49.664535179747176,40.23437218648654,35.01943815310068,5.008060865719901,-3.085324604622541,0.14011873602808905,5.8838367423672215,121.63604754849003,0.14011873602808905,0.05954204474677435,0.3194006630966658,1,camera_only,49.66666666666667,40.20942419883357,34.999177540482684,5.0,-3.1409036504055567,0.024673560037181706
9.933333333333334,49.66675799058071,40.2312455317692,35.02423748121733,5.018394244836432,-3.1003097354221403,0.1608967080133105,5.901024402831278,121.70732420192361,0.1608967080133105,0.0576173922042287,0.3119631409979257,1,camera_only,49.66666666666667,40.20942419883357,34.999177540482684,5.0,-3.1409036504055567,0.024673560037181706
9.933333333333334,49.65878087596671,40.21102353733624,35.018041748134515,4.981029449952582,-3.1727773559847448,0.14994381762803535,5.907592883771642,122.49600391758594,0.14994381762803535,0.055053233401680474,0.30578102896688514,1,camera_only,49.66666666666667,40.20942419883357,34.999177540482684,5.0,-3.1409036504055567,0.024673560037181706
9.966666666666667,49.82522668876353,40.10453208526225,35.022647070235756,4.982934364893117,-3.1752892828276935,0.14889198544983157,5.910521613005435,122.50662433245667,0.14889198544983157,0.059466867868650505,0.31927709369429996,1,camera_only,49.833333333333336,40.104717841162454,34.999794383711404,5.0,-3.1414203980712943,0.012336949130437112
9.966666666666667,49.81148785595113,40.107550212187775,35.01498869690473,4.918987428101506,-3.1588675919329607,0.11699792508365076,5.847099306122557,122.7077015324509,0.11699792508365076,0.0575404323664247,0.31182403490849736,1,camera_only,49.833333333333336,40.104717841162454,34.999794383711404,5.0,-3.1414203980712943,0.012336949130437112
9.966666666666667,49.812530450069005,40.11266267765639,35.01246172983411,4.923872473907687,-3.1378230295283043,0.10379166520881751,5.839625519989343,122.50803054877728,0.10379166520881751,0.054968933414816866,0.3056202823519243,1,camera_only,49.833333333333336,40.104717841162454,34.999794383711404,5.0,-3.1414203980712943,0.012336949130437112
10.0,49.97566683062518,40.01275748052562,35.01214729276481,4.919266353793559,-3.1175423586149664,0.08598821580873586,5.82457258436891,122.36412431401654,0.08598821580873586,0.05938917188746989,0.31915019413256074,1,camera_only,50.0,40.0,35.0,5.0,-3.141592653589793,1.4427530202913423e-16
10.0,50.001624772229704,40.01856663970935,35.01006758080626,5.040197708592664,-3.0940317860902065,0.07410535997716593,5.91456822087772,121.54456187093336,0.07410535997716593,0.05746313579586365,0.3116911320862415,1,camera_only,50.0,40.0,35.0,5.0,-3.141592653589793,1.4427530202913423e-16
10.0,50.00623926081349,40.026631845216826,35.01868462531595,5.061801799060017,-3.0691164334183902,0.1024562568060975,5.920456943463466,121.22964167948092,0.1024562568060975,0.054887141750996356,0.3054696273164207,1,camera_only,50.0,40.0,35.0,5.0,-3.141592653589793,1.4427530202913423e-16
10.033333333333333,50.18073083119499,39.90931711320781,35.020478672768846,5.088573387486849,-3.12505925208655,0.10597074355556346,5.97250401819713,121.5554457158711,0.10597074355556346,0.05931595229403553,0.3190379625991702,1,camera_only,50.16666666666667,39.89528215883754,34.999794383711404,5.0,-3.1414203980712943,-0.012336949130437348
10.033333333333333,50.1879117387354,39.91145665509653,35.0191381412376,5.122056914557301,-3.1160299299192427,0.09933894999641203,5.996246975158976,121.31445748222865,0.09933894999641203,0.057390857500762706,0.31157216212171207,1,camera_only,50.16666666666667,39.89528215883754,34.999794383711404,5.0,-3.1414203980712943,-0.012336949130437348
10.033333333333333,50.187603578421914,39.903849051461385,35.029149382081734,5.120616534345256,-3.151555011546087,0.14340613961808774,6.0144474395817475,121.61080018653529,0.14340613961808774,0.05480817162772868,0.30532755315666804,1,camera_only,50.16666666666667,39.89528215883754,34.999794383711404,5.0,-3.1414203980712943,-0.012336949130437348
10.066666666666666,50.35161475513453,39.82134579887563,35.027002644283954,5.089544927510593,-3.061189968530208,0.1015769507528575,5.940090022003289,121.025492446307,0.1015769507528575,0.05924260309356752,0.31892513737865236,1,camera_only,50.33333333333333,39.79057580116643,34.999177540482684,5.0,-3.1409036504055567,-0.02467356003718142
10.066666666666666,50.33082241725721,39.81818578706386,35.027306269564754,4.99251057554395,-3.0734167821420986,0.10484594330672224,5.863620488699686,121.61667928218603,0.10484594330672224,0.05731834573642371,0.3114540421121007,1,camera_only,50.33333333333333,39.79057580116643,34.999177540482684,5.0,-3.1409036504055567,-0.02467356003718142
10.066666666666666,50.32272729755051,39.79919323874629,35.01988531600164,4.954624553557986,-3.140762100832501,0.08832724638263517,5.8668980512021,122.37082147303816,0.08832724638263517,0.05473051478397815,0.3051909397442635,1,camera_only,50.33333333333333,39.79057580116643,34.999177540482684,5.0,-3.1409036504055567,-0.02467356003718142
10.1,50.484657202467226,39.707410710129096,35.017328266926484,4.939588855816477,-3.087935146472722,0.05837971638994974,5.825657879125208,122.01115579616592,0.05837971638994974,0.059171478486688356,0.31881571116439367,1,camera_only,50.5,39.68589240921872,34.99814948722491,5.0,-3.1400424672597853,-0.03700949450581436
10.1,50.479037351719455,39.70618525000259,35.01820975469867,4.9133405463787705,-3.093177711437592,0.06263554653135821,5.806254118699354,122.19233440900534,0.06263554653135821,0.0572450143162861,0.3113288549536611,1,camera_only,50.5,39.68589240921872,34.99814948722491,5.0,-3.1400424672597853,-0.03700949450581436
10.1,50.47713604383926,39.71028051336844,35.00318118370981,4.9044367900096395,-3.06762679651418,0.0012555144388031597,5.784793511112425,122.02515289724525,0.0012555144388031597,0.054650314713713975,0.3050440570424191,1,camera_only,50.5,39.68589240921872,34.99814948722491,5.0,-3.1400424672597853,-0.03700949450581436
10.133333333333333,50.63728091773489,39.60912803850666,35.015744896840594,4.888857602212064,-3.071700299746531,0.049462209878717835,5.773968989904232,122.1414074676928,0.049462209878717835,0.059098628802371204,0.31870110894598697,1,camera_only,50.66666666666666,39.58124346270801,34.99671025212268,5.0,-3.1388369430724166,-0.04934441434045968
10.133333333333333,50.639510916456366,39.613419478707534,35.01043733963509,4.899279305613706,-3.05182338863721,0.025905746493213578,5.772108351161575,121.91930345752054,0.025905746493213578,0.05717194744304298,0.31120570146973586,1,camera_only,50.66666666666666,39.58124346270801,34.99671025212268,5.0,-3.1388369430724166,-0.04934441434045968
10.133333333333333,50.648396267899685,39.62925070295321,35.02686390609854,4.940850809954636,-3.002332264146159,0.07967223128000188,5.782071723439577,121.2851634034237,0.07967223128000188,0.054572029398067996,0.3049020485296257,1,camera_only,50.66666666666666,39.58124346270801,34.99671025212268,5.0,-3.1388369430724166,-0.04934441434045968
10.166666666666666,50.82296720051281,39.51228576562791,35.012712013354815,4.987068751831807,-3.055771284658874,0.025030439722576125,5.84886479605707,121.49742425566575,0.025030439722576125,0.05903003061807583,0.31859646231870575,1,camera_only,50.83333333333333,39.476640437570566,34.99485987463336,5.0,-3.137287210042762,-0.06167798137306023
10.166666666666666,50.82392690010786,39.5082646666792,35.019562416111015,4.991563851546994,-3.075672604452782,0.05443531129835785,5.863312618048621,121.64030199641533,0.05443531129835785,0.05710365081280279,0.3110935666069962,1,camera_only,50.83333333333333,39.476640437570566,34.99485987463336,5.0,-3.137287210042762,-0.06167798137306023
10.166666666666666,50.81779966061101,39.495750961861454,35.01118673342369,4.962904620223991,-3.117900480998249,0.02993668523212412,5.8611109769370895,122.13872531544948,0.02993668523212412,0.0544968225336828,0.30476598725409043,1,camera_only,50.83333333333333,39.476640437570566,34.99485987463336,5.0,-3.137287210042762,-0.06167798137306023
10.2,50.97652767713846,39.406594331610734,35.01854074989508,4.931474630663184,-3.06554631473798,0.04512244374689491,5.806810852404949,121.86627148348255,0.04512244374689491,0.05895809624316927,0.31848265210567367,1,camera_only,51.0,39.37209480470687,34.99259840548598,5.0,-3.1353934381165134,-0.07400985747264502
10.2,50.99880596071126,39.410595397115436,35.01685802464518,5.035792727130495,-3.0492855638203102,0.03581090792502728,5.887158335009324,121.19584659262897,0.03581090792502728,0.05703096830732333,0.31096920443464243,1,camera_only,51.0,39.37209480470687,34.99259840548598,5.0,-3.1353934381165134,-0.07400985747264502
10.2,50.998950955474356,39.41257274404632,35.014481460769915,5.036468479455647,-3.0401491096178925,0.02522291621770422,5.882954831440002,121.11632110365535,0.02522291621770422,0.054418239426191076,0.30462060314137457,1,camera_only,51.0,39.37209480470687,34.99259840548598,5.0,-3.1353934381165134,-0.07400985747264502
10.233333333333333,51.16331126859131,39.31471222115661,35.024803617808544,5.019927376491425,-3.033072762253987,0.060034709143645774,5.8653904740159515,121.14064448669593,0.060034709143645774,0.058888604545734094,0.31837483056602256,1,camera_only,51.16666666666666,39.26761802872369,34.989925906679844,5.0,-3.133155834967103,-0.08633970455460034
10.233333333333333,51.15262802642109,39.31519457766047,35.0226252266461,4.969856451751153,-3.0296872804854016,0.05126399971093702,5.820747904368815,121.36701273232656,0.05126399971093702,0.056962233957504826,0.31085605583909826,1,camera_only,51.16666666666666,39.26761802872369,34.989925906679844,5.0,-3.133155834967103,-0.08633970455460034
10.233333333333333,51.15190747603199,39.31785954736799,35.01574043500836,4.966480391263951,-3.014914135749969,0.022599551348893264,5.810003912432029,121.25994714397484,0.022599551348893264,0.054343469361046254,0.30448630914969205,1,camera_only,51.16666666666666,39.26761802872369,34.989925906679844,5.0,-3.133155834967103,-0.08633970455460034
10.266666666666666,51.31685092231198,39.21869178836222,35.01627548640912,4.963630349464556,-3.0096638087854646,0.020877784202046643,5.804837497287228,121.23024563079724,0.020877784202046643,0.05882170686674032,0.3182715603030852,1,camera_only,51.33333333333333,39.16322156667685,34.98684245148287,5.0,-3.1305746459729304,-0.09866718458994214
10.266666666666666,51.31433124413851,39.22155013584741,35.01164791411772,4.951806093745755,-2.9956086836977773,0.0009208575083936438,5.7874049300080666,121.17195607498961,0.0009208575083936438,0.05689451596982232,0.31074263861699203,1,camera_only,51.33333333333333,39.16322156667685,34.98684245148287,5.0,-3.1305746459729304,-0.09866718458994214
10.266666666666666,51.31267468710808,39.21582618248063,35.01309862042183,4.944066756512063,-3.018507391190075,0.010362522895743553,5.792692840587838,121.40537074385102,0.010362522895743553,0.054269191119701896,0.3043505914023308,1,camera_only,51.33333333333333,39.16322156667685,34.98684245148287,5.0,-3.1305746459729304,-0.09866718458994214
10.3,51.473288193321565,39.12512230391093,35.01654358377969,4.924307289910045,-2.982430681014905,0.01601709656032723,5.757078390981181,121.20139764033505,0.01601709656032723,0.058754286550131284,0.3181654850307488,1,camera_only,51.5,39.05891686681486,34.983348124429554,5.0,-3.1276501541904578,-0.11099195961457706
10.3,51.47512391094892,39.119521883304685,35.024431177670905,4.93293974060863,-3.0091870357751533,0.05053477448060081,5.778551277282654,121.38398502337752,0.05053477448060081,0.05682676539123126,0.3106283081005095,1,camera_only,51.5,39.05891686681486,34.983348124429554,5.0,-3.1276501541904578,-0.11099195961457706
10.3,51.47664451591073,39.124106807508234,35.02400215893394,4.940043430045565,-2.99131168994036,0.04583524358841215,5.7752987443650925,121.19588457292355,0.04583524358841215,0.054195072659706356,0.3042143360996974,1,camera_only,51.5,39.05891686681486,34.983348124429554,5.0,-3.1276501541904578,-0.11099195961457706
10.333333333333334,51.641177910830876,39.01986139434177,35.0325997724333,4.939419497416325,-3.0134322721506477,0.07647765290163835,5.786578251582614,121.3864573788401,0.07647765290163835,0.058688451990529814,0.3180623564843175,1,camera_only,51.66666666666667,38.954715367323466,34.97944302131861,5.0,-3.1243826803231642,-0.12331369173857193
10.333333333333334,51.64306511810035,39.01578602264788,35.038909051136734,4.948295751990139,-3.0333109010510304,0.10382387449684305,5.804944897973986,121.50834436053599,0.10382387449684305,0.056760427703344024,0.31051558704277404,1,camera_only,51.66666666666667,38.954715367323466,34.97944302131861,5.0,-3.1243826803231642,-0.12331369173857193
10.333333333333334,51.6406122258986,39.00304411171425,35.04782195033099,4.936851475005485,-3.0881824875574946,0.14708578196615105,5.825032857416104,122.02749659930275,0.14708578196615105,0.054121937340439845,0.304078482662234,1,camera_only,51.66666666666667,38.954715367323466,34.97944302131861,5.0,-3.1243826803231642,-0.12331369173857193
10.366666666666667,51.805471443316584,38.90576779795526,35.04371932278538,4.938239283012978,-3.060415663279323,0.10811822472813484,5.810683333211018,121.78807767378925,0.10811822472813484,0.058621359299305724,0.3179547006101923,1,camera_only,51.83333333333333,38.850628495071334,34.97512724921042,5.0,-3.120772582686381,-0.13563204315541583
10.366666666666667,51.80978071846343,38.90076767737129,35.051174249474,4.958518117300461,-3.0846782244535986,0.14053429318462282,5.84139465843355,121.8856107833897,0.14053429318462282,0.0566921496546403,0.31039611338014533,1,camera_only,51.83333333333333,38.850628495071334,34.97512724921042,5.0,-3.120772582686381,-0.13563204315541583
10.366666666666667,51.80783820976834,38.903874881357,35.03834820946137,4.949425496867384,-3.06418882330217,0.08831310839169396,5.821843788612393,121.7616455599025,0.08831310839169396,0.05404599805797289,0.30393435713771644,1,camera_only,51.83333333333333,38.850628495071334,34.97512724921042,5.0,-3.120772582686381,-0.13563204315541583
10.4,51.973943872596735,38.79906613197545,35.040223539884856,4.954764193318513,-3.0737956062225242,0.08586898015313371,5.831404729735082,121.81429471484952,0.08586898015313371,0.05855235821646772,0.31784294386928374,1,camera_only,52.0,38.746667664356956,34.97040092642408,5.0,-3.1168202571679955,-0.14794667615128307
10.4,51.982968489967824,38.80421676254779,35.033039394770626,4.997223334342147,-3.0493408230703762,0.05426113218573242,5.8543714247563114,121.39183547999156,0.05426113218573242,0.05662231981165533,0.31027445897500755,1,camera_only,52.0,38.746667664356956,34.97040092642408,5.0,-3.1168202571679955,-0.14794667615128307
10.4,51.974749982049985,38.78938562992809,35.01969389493856,4.958840550202041,-3.097552477245365,0.011840628951418242,5.846800078000867,121.99106621132609,0.011840628951418242,0.053969131239594785,0.30378924990725603,1,camera_only,52.0,38.746667664356956,34.97040092642408,5.0,-3.1168202571679955,-0.14794667615128307
10.433333333333334,52.14611377219579,38.6760014998617,35.00878677423709,4.98768431880152,-3.129322829945022,-0.025841106036705287,5.888151153018654,122.10456963715588,-0.025841106036705287,0.05848088260557527,0.31772697411933704,1,camera_only,52.16666666666667,38.642844275656955,34.96526418253408,5.0,-3.1125261371850397,-0.16025725311428887
10.433333333333334,52.169399622107676,38.677350297636266,35.00880943391745,5.097361604445428,-3.124598325064402,-0.026927970932250758,5.97887406917793,121.50760812093237,-0.026927970932250758,0.05654840624496398,0.3101426442824197,1,camera_only,52.16666666666667,38.642844275656955,34.96526418253408,5.0,-3.1125261371850397,-0.16025725311428887
10.433333333333334,52.168013334742795,38.66824438849893,35.01628005225818,5.090910361688295,-3.1646826003796087,0.008317570311889282,5.994385160620444,121.86648623241183,0.008317570311889282,0.05388551510267554,0.30362805914593627,1,camera_only,52.16666666666667,38.642844275656955,34.96526418253408,5.0,-3.1125261371850397,-0.16025725311428887
10.466666666666667,52.337667341560774,38.57133226426045,35.005290195881635,5.0906641542885716,-3.1240489874250628,-0.041440747899508905,5.972960818821484,121.53669160555799,-0.041440747899508905,0.05840345051067326,0.3176010448969246,1,camera_only,52.33333333333333,38.53916971437589,34.95971715836687,5.0,-3.10789069363616,-0.17256343654374617
10.466666666666667,52.35174466312075,38.56938352636005,35.00902743252261,5.157040803849672,-3.1343708778367256,-0.025715382105466814,6.0348994965349885,121.29059712788319,-0.025715382105466814,0.05647110540943729,0.3100103864649738,1,camera_only,52.33333333333333,38.53916971437589,34.95971715836687,5.0,-3.10789069363616,-0.17256343654374617
10.466666666666667,52.355976743688046,38.5821602893533,35.008150726198856,5.17678093767801,-3.084470216277616,-0.03759126337826428,6.026145575315325,120.7876630854271,-0.03759126337826428,0.05380128513584671,0.30347189640135613,1,camera_only,52.33333333333333,38.53916971437589,34.95971715836687,5.0,-3.10789069363616,-0.17256343654374617
10.5,52.52531486786216,38.48805865006736,35.0088779258876,5.161387771152533,-3.051953510809138,-0.03550438063966986,5.996299235143935,120.5960298726405,-0.03550438063966986,0.05832909076010774,0.3174866256298988,1,camera_only,52.5,38.435655349597695,34.95376000599692,5.0,-3.1029144348499784,-0.18486488905942183
10.5,52.52630951572126,38.493946659133854,35.00037280393094,5.166057619987722,-3.02354017042306,-0.07270472934735506,5.9862536258385,120.33917173945538,-0.07270472934735506,0.056397984129245037,0.3098941050470112,1,camera_only,52.5,38.435655349597695,34.95376000599692,5.0,-3.1029144348499784,-0.18486488905942183
10.5,52.52345301812801,38.48797983302547,34.99796148378594,5.152717649897423,-3.0449849602056376,-0.07819390347330178,5.985695187192825,120.58085259266979,-0.07819390347330178,0.05372318096992616,0.30333533606503665,1,camera_only,52.5,38.435655349597695,34.95376000599692,5.0,-3.1029144348499784,-0.18486488905942183
10.533333333333333,52.688569071189896,38.39580572195148,35.0106594670042,5.120966978732411,-3.0187758212629046,-0.024230695456230952,5.944568729765985,120.5190655609731,-0.024230695456230952,0.058260028397744974,0.31738454401500654,1,camera_only,52.666666666666664,38.33231253283898,34.94739288874257,5.0,-3.097597906529348,-0.19716127341077963
10.533333333333333,52.67079875441869,38.402800573353616,35.00035190835832,5.036995950531465,-2.9843547159479424,-0.06893295947284944,5.855121948275099,120.64619093814247,-0.06893295947284944,0.056328585733415704,0.30978419181810235,1,camera_only,52.666666666666664,38.33231253283898,34.94739288874257,5.0,-3.097597906529348,-0.19716127341077963
10.533333333333333,52.65910635203173,38.37913184416557,34.98650090789338,4.982434388520466,-3.0666819117102477,-0.10749517111157551,5.851559244794027,121.61224330957879,-0.10749517111157551,0.05364758243393375,0.30320352779531945,1,camera_only,52.666666666666664,38.33231253283898,34.94739288874257,5.0,-3.097597906529348,-0.19716127341077963
10.566666666666666,52.824309828022415,38.28131187556155,34.98070398166604,4.978210222717448,-3.0480898577737356,-0.11904726024008629,5.838458790879858,121.47856421939875,-0.11904726024008629,0.05819144417110062,0.31727979644384247,1,camera_only,52.83333333333333,38.22915259680417,34.94061598116154,5.0,-3.0919416916915106,-0.20945225248623203
10.566666666666666,52.81648575867634,38.278651155762375,34.9842527110319,4.941237550440174,-3.060553874397124,-0.10325585232959505,5.813216004846851,121.77366629483815,-0.10325585232959505,0.0562569072044474,0.3096618733740468,1,camera_only,52.83333333333333,38.22915259680417,34.94061598116154,5.0,-3.0919416916915106,-0.20945225248623203
10.566666666666666,52.82358965058244,38.29148044867809,34.99530450316517,4.974378228989555,-3.0182400548463484,-0.06847238629404143,5.81884011306454,121.24758594184314,-0.06847238629404143,0.05356682825677303,0.3030539168692281,1,camera_only,52.83333333333333,38.22915259680417,34.94061598116154,5.0,-3.0919416916915106,-0.20945225248623203
10.6,52.98747372977367,38.20135210608898,34.98735314765974,4.965065698011406,-2.9736649205600716,-0.09754262162223115,5.7882704677970915,120.91813141327832,-0.09754262162223115,0.05812028521976278,0.31716805609176174,1,camera_only,53.0,38.12618685414275,34.9334294690462,5.0,-3.0859464106041634,-0.22173748932237844
10.6,52.981334651171004,38.205579311505666,34.98032920436313,4.936009259406331,-2.9523858916235164,-0.12774655981381178,5.75300695684847,120.88500108414635,-0.12774655981381178,0.05618666069187041,0.3095480270924435,1,camera_only,53.0,38.12618685414275,34.9334294690462,5.0,-3.0859464106041634,-0.22173748932237844
10.6,52.98196964210139,38.20426308379618,34.984561497809175,4.938987813213752,-2.9603270169203726,-0.11029851342382467,5.75927967963409,120.93759939366703,-0.11029851342382467,0.05349226036348355,0.3029215689718681,1,camera_only,53.0,38.12618685414275,34.9334294690462,5.0,-3.0859464106041634,-0.22173748932237844
10.633333333333333,53.14639463572475,38.10925657502186,34.97770756524137,4.9379505676406374,-2.9439176475603075,-0.12516585220379015,5.750275942477666,120.80263953115,-0.12516585220379015,0.05805440919319242,0.31706808694461924,1,camera_only,53.166666666666664,38.02342659620874,34.9258335494184,5.0,-3.079612720717439,-0.2340166471132442
10.633333333333333,53.14987286223114,38.109576119955655,34.97747297243786,4.954415882749959,-2.9426299506809284,-0.12636356842093405,5.763790030640739,120.70780633716959,-0.12636356842093405,0.05611995545828003,0.30943931818267423,1,camera_only,53.166666666666664,38.02342659620874,34.9258335494184,5.0,-3.079612720717439,-0.2340166471132442
10.633333333333333,53.13918835770165,38.08339426043953,34.97243022551874,4.904617963705712,-3.04093043145858,-0.12875907845049434,5.77227114393971,121.799480668608,-0.12875907845049434,0.05341866840325011,0.3027885007024824,1,camera_only,53.166666666666664,38.02342659620874,34.9258335494184,5.0,-3.079612720717439,-0.2340166471132442
10.666666666666666,53.30885588419282,37.97169836241567,34.95560776394154,4.934415363559269,-3.0731479766065086,-0.17127625468331809,5.815670986366816,121.9146008994836,-0.17127625468331809,0.05798630065306368,0.31696052408543,1,camera_only,53.333333333333336,37.92088309182241,34.917828430524104,5.0,-3.0729413165918062,-0.24628938921951768
10.666666666666666,53.30259997579583,37.97661852398918,34.94899450886119,4.9047318402311735,-3.049366143931008,-0.20032288210561838,5.778854346791,121.87001168559642,-0.20032288210561838,0.05604795234764943,0.30931081029963603,1,camera_only,53.333333333333336,37.92088309182241,34.917828430524104,5.0,-3.0729413165918062,-0.24628938921951768
10.666666666666666,53.308011090305946,37.98823916619572,34.95402631157227,4.929950503351275,-3.007554970630447,-0.1883135484134047,5.7779979975224505,121.38560639043521,-0.1883135484134047,0.05333617204888245,0.30262939156901336,1,camera_only,53.333333333333336,37.92088309182241,34.917828430524104,5.0,-3.0729413165918062,-0.24628938921951768
10.7,53.4713760885086,37.889065686633174,34.950993002539334,4.925275111921296,-3.0054542620424547,-0.17626764637169645,5.772535017866753,121.39197746683622,-0.17626764637169645,0.057911668652691595,0.3168382594980437,1,camera_only,53.49999999999999,37.81856758603458,34.9094143318277,5.0,-3.0659329298219085,-0.258555379177773
10.7,53.47036385137044,37.88104182358714,34.961789968521686,4.920537602347512,-3.043902334570067,-0.12860459925985712,5.787363031767378,121.74142162332173,-0.12860459925985712,0.055974051692613686,0.30918666673503864,1,camera_only,53.49999999999999,37.81856758603458,34.9094143318277,5.0,-3.0659329298219085,-0.258555379177773
10.7,53.473065891145225,37.88328100856462,34.96958268316445,4.933146449394906,-3.0404100538346546,-0.09954531146612808,5.795682570299317,121.64647001577812,-0.09954531146612808,0.05325700961216817,0.30248453151267973,1,camera_only,53.49999999999999,37.81856758603458,34.9094143318277,5.0,-3.0659329298219085,-0.258555379177773
10.733333333333333,53.65980538539904,37.73524773312862,34.93228946976033,5.041192072550818,-3.201395715499355,-0.20283949336061846,5.975256973522866,122.41748105662714,-0.20283949336061846,0.05784098472959399,0.31672819572595295,1,camera_only,53.666666666666664,37.716491298893445,34.90059148400594,5.0,-3.058588328956331,-0.2708142807097004
10.733333333333333,53.669707413999014,37.732162709820294,34.93673396695519,5.088214061623096,-3.2167802578197318,-0.1835923361182361,6.022566206350839,122.30116537430571,-0.1835923361182361,0.05589914452935822,0.309054026400165,1,camera_only,53.666666666666664,37.716491298893445,34.90059148400594,5.0,-3.058588328956331,-0.2708142807097004
10.733333333333333,53.669468618260346,37.732225762700885,34.935606139681006,5.087099438387732,-3.215778442027172,-0.18805649241979303,6.021227194566961,122.29877421363864,-0.18805649241979303,0.05316977520410923,0.30231513855156394,1,camera_only,53.666666666666664,37.716491298893445,34.90059148400594,5.0,-3.058588328956331,-0.2708142807097004
10.766666666666666,53.83400219211996,37.634695491248976,34.939325087777945,5.0626341056759765,-3.184333684249397,-0.15504275360694011,5.9828323857555095,122.16938060527032,-0.15504275360694011,0.05775732666519689,0.31658953852371513,1,camera_only,53.833333333333336,37.614665424214195,34.891360128941685,5.0,-3.0509083194133266,-0.2830657577313212
10.766666666666666,53.84757693206049,37.63377396868271,34.93924142622844,5.127159907483211,-3.1884323228487825,-0.15509283711218788,6.03969562001378,121.87628463404967,-0.15509283711218788,0.055815993212482866,0.30891234381775406,1,camera_only,53.833333333333336,37.614665424214195,34.891360128941685,5.0,-3.0509083194133266,-0.2830657577313212
10.766666666666666,53.84630005394625,37.63019043168389,34.93927502175594,5.121219568549447,-3.202440799267251,-0.15258045642023216,6.042002791938006,122.01888571480787,-0.15258045642023216,0.053081492468037055,0.302152664641116,1,camera_only,53.833333333333336,37.614665424214195,34.891360128941685,5.0,-3.0509083194133266,-0.2830657577313212
10.8,54.01867173216134,37.519284969200925,34.93281733063088,5.129317595333983,-3.2179140362441743,-0.15528612051209034,6.05714318121041,122.10239810318858,-0.15528612051209034,0.057678733500065305,0.3164681632553944,1,camera_only,54.0,37.51310112835145,34.88172051971716,5.0,-3.042893743392486,-0.2953094743622042
10.8,54.01309532982675,37.51670302000605,34.936670179536684,5.102817208773833,-3.2303571234222264,-0.13831455767426512,6.040950382834453,122.33600544844884,-0.13831455767426512,0.055736236427798944,0.3087810991638265,1,camera_only,54.0,37.51310112835145,34.88172051971716,5.0,-3.042893743392486,-0.2953094743622042
10.8,54.01543418020124,37.52599519517086,34.93197101216557,5.113689777743229,-3.1908924219733916,-0.16292950421405777,6.02977309813116,121.9637600168402,-0.16292950421405777,0.05299405468782435,0.30199498541055747,1,camera_only,54.0,37.51310112835145,34.88172051971716,5.0,-3.042893743392486,-0.2953094743622042
10.833333333333334,54.17672142450661,37.43849589419825,34.94242426844776,5.068957545725479,-3.126869799525837,-0.11261921117928395,5.956872369816284,121.66904304352289,-0.11261921117928395,0.057600608132686255,0.3163490387607507,1,camera_only,54.16666666666667,37.41180954897479,34.87167292060715,5.0,-3.034545479782387,-0.307545094934673
10.833333333333334,54.191149930360616,37.43939540132719,34.940229031027826,5.13764165109675,-3.122521119506489,-0.12221725742365282,6.013354881832632,121.2901146154037,-0.12221725742365282,0.05565908893027491,0.30866086098890755,1,camera_only,54.16666666666667,37.41180954897479,34.87167292060715,5.0,-3.034545479782387,-0.307545094934673
10.833333333333334,54.17883537223638,37.427190463259606,34.90946840854618,5.080189477773917,-3.149590569871127,-0.23479924408646438,5.981920809650487,121.79787894618796,-0.23479924408646438,0.05291301324653591,0.3018553592719155,1,camera_only,54.16666666666667,37.41180954897479,34.87167292060715,5.0,-3.034545479782387,-0.307545094934673
10.866666666666667,54.348398843136614,37.325309219014,34.895980962149345,5.081258210873827,-3.133637637197301,-0.25909750173783114,5.975449887852709,121.662344686001,-0.25909750173783114,0.057528416989443644,0.31624285103092875,1,camera_only,54.333333333333336,37.31080179384735,34.86121760707165,5.0,-3.0258644440642115,-0.31977228400300783
10.866666666666667,54.31704465528867,37.33167334700033,34.8900147840126,4.93177618077629,-3.1031951287980553,-0.28586243221925295,5.833862668491833,122.17911444972759,-0.28586243221925295,0.05558386734664672,0.3085386532294388,1,camera_only,54.333333333333336,37.31080179384735,34.86121760707165,5.0,-3.0258644440642115,-0.31977228400300783
10.866666666666667,54.31427197106239,37.33304563340304,34.876561426088145,4.91882355981865,-3.088770369707557,-0.339581752348387,5.818130573984944,122.1267255895119,-0.339581752348387,0.05282898528058451,0.3017055642815745,1,camera_only,54.333333333333336,37.31080179384735,34.86121760707165,5.0,-3.0258644440642115,-0.31977228400300783
10.9,54.47534956569064,37.23320568695913,34.87399808381917,4.904728571595761,-3.08212466899828,-0.30710246841093736,5.800876378822397,122.14519749836508,-0.30710246841093736,0.05745292495843146,0.31612626204608807,1,camera_only,54.50000000000001,37.21008893960771,34.850354865748365,5.0,-3.0168515882113502,-0.331990706352646
10.9,54.47880005562693,37.22209732860905,34.89025547258003,4.921266022130549,-3.136823390030784,-0.2359814025858315,5.840736893850572,122.51350628735403,-0.2359814025858315,0.05550709092106952,0.3084127630928113,1,camera_only,54.50000000000001,37.21008893960771,34.850354865748365,5.0,-3.0168515882113502,-0.331990706352646
10.9,54.48750527253439,37.23786589130365,34.90131740042188,4.961811178589756,-3.0824037077019035,-0.2030519758048661,5.844827875490515,121.84960506353865,-0.2030519758048661,0.05274562920833447,0.3015553882488243,1,camera_only,54.50000000000001,37.21008893960771,34.850354865748365,5.0,-3.0168515882113502,-0.331990706352646
10.933333333333334,54.657173632493,37.131665878144155,34.879088836190675,4.982759543781117,-3.0860352284565904,-0.2617500737419564,5.866857694159697,121.77169699433504,-0.2617500737419564,0.057380180446034434,0.3160155721907052,1,camera_only,54.666666666666664,37.109682030555284,34.839084994444825,5.0,-3.007507900585015,-0.34420002700936503
10.933333333333334,54.653921552465796,37.1362689201798,34.87334398385511,4.9671798206002595,-3.0639037008654983,-0.28727115224514066,5.84319313160775,121.66751534849836,-0.28727115224514066,0.055433776521019086,0.30829526230491516,1,camera_only,54.666666666666664,37.109682030555284,34.839084994444825,5.0,-3.007507900585015,-0.34420002700936503
10.933333333333334,54.64365924058589,37.1179258426125,34.860430695946675,4.919381573720168,-3.1272641738939533,-0.3257625581192869,5.838340305724784,122.44423070906434,-0.3257625581192869,0.05266635651770734,0.3014138854420829,1,camera_only,54.666666666666664,37.109682030555284,34.839084994444825,5.0,-3.007507900585015,-0.34420002700936503
10.966666666666667,54.81346548796401,36.99685575296575,34.84540020123267,4.948117990272559,-3.191344658857258,-0.33134959896023064,5.897316757136825,122.82045054027219,-0.33134959896023064,0.057306860941015454,0.3159011908990046,1,camera_only,54.833333333333336,37.00959207743913,34.82740830213025,5.0,-2.997834405825846,-0.35639991124847265
10.966666666666667,54.82223945253388,36.978774850114235,34.86968815882629,4.9902259332330825,-3.2793326649785635,-0.22418575894188736,5.975503062238337,123.31096229949746,-0.22418575894188736,0.05535630404283946,0.3081603884317456,1,camera_only,54.833333333333336,37.00959207743913,34.82740830213025,5.0,-2.997834405825846,-0.35639991124847265
10.966666666666667,54.81478435842371,36.96989547177229,34.85334397567686,4.955487183966123,-3.3032501689183422,-0.28247522993242385,5.9622233407041145,123.68680192710951,-0.28247522993242385,0.05257728824223547,0.30124363767010426,1,camera_only,54.833333333333336,37.00959207743913,34.82740830213025,5.0,-2.997834405825846,-0.35639991124847265
11.0,54.9794328857594,36.865090204090116,34.83931659094837,4.952798795912371,-3.279177594543015,-0.30408712933566184,5.947746681859572,123.50797580683404,-0.30408712933566184,0.05722308573899817,0.31576276289905225,1,camera_only,55.00000000000001,36.90983005625052,34.81532510892706,5.0,-2.9878321647415556,-0.3685900246039794
11.0,54.981662159400514,36.87127212693411,34.830032270946916,4.9634044583626045,-3.2486900745357565,-0.34476343423553785,5.942073109889073,123.20589347426738,-0.34476343423553785,0.055270188270768746,0.3080087011209441,1,camera_only,55.00000000000001,36.90983005625052,34.81532510892706,5.0,-2.9878321647415556,-0.3685900246039794
11.0,54.98630587356707,36.87895041407456,34.83649296861465,4.985035511500449,-3.222806048280791,-0.3244969546596558,5.944943746524368,122.8825108922208,-0.3244969546596558,0.05248423110228817,0.3010675277980492,1,camera_only,55.00000000000001,36.90983005625052,34.81532510892706,5.0,-2.9878321647415556,-0.3685900246039794
11.033333333333333,55.14961939752594,36.78718810049376,34.81810963724451,4.97079364819019,-3.1555243640933353,-0.36445678600724085,5.899063676054134,122.40791066690282,-0.36445678600724085,0.057140151228045125,0.3156304642570311,1,camera_only,55.166666666666664,36.810406907019306,34.80283574610211,5.0,-2.9775022741905937,-0.3807700328777685
11.033333333333333,55.15429558817385,36.784565725054534,34.82137674987861,4.9932009122409875,-3.168345662383128,-0.3500271999563131,5.923933543436782,122.39643333261364,-0.3500271999563131,0.05518807827418206,0.30787687287755044,1,camera_only,55.166666666666664,36.810406907019306,34.80283574610211,5.0,-2.9775022741905937,-0.3807700328777685
11.033333333333333,55.15208145961276,36.77823973364228,34.821986327035795,4.982919537082568,-3.1937116679944153,-0.34341379660727744,5.92850861237656,122.65710242114493,-0.34341379660727744,0.05239769191198109,0.30091476849129783,1,camera_only,55.166666666666664,36.810406907019306,34.80283574610211,5.0,-2.9775022741905937,-0.3807700328777685
11.066666666666666,55.31656837751764,36.67401425808612,34.815458556387576,4.974942058817132,-3.187999257204661,-0.3254298626622619,5.917710059477187,122.6522090829797,-0.3254298626622619,0.05706314751358714,0.315514891742633,1,camera_only,55.333333333333336,36.71133353261417,34.78994055605757,5.0,-2.966845866961865,-0.3929396021487628
11.066666666666666,55.32583256767885,36.684845799056845,34.79790600645234,5.019239404493949,-3.1339323719286853,-0.4020084595629545,5.9309280144853815,121.97999276071761,-0.4020084595629545,0.05510939629566956,0.30775036935838446,1,camera_only,55.333333333333336,36.71133353261417,34.78994055605757,5.0,-2.966845866961865,-0.3929396021487628
11.066666666666666,55.3250601208754,36.683693564880116,34.79666019791093,5.01564108674133,-3.1376420458552854,-0.40613812394399146,5.930126583357849,122.0289232012176,-0.40613812394399146,0.052312123614478914,0.30076180635329863,1,camera_only,55.333333333333336,36.71133353261417,34.78994055605757,5.0,-2.966845866961865,-0.3929396021487628
11.1,55.48421598192513,36.59377710256214,34.80117249177835,4.975775102651668,-3.0906899398588306,-0.34427353052185583,5.867642323824007,121.84637697837569,-0.34427353052185583,0.05698725683253344,0.3153998901546362,1,camera_only,55.49999999999999,36.61262079754709,34.77663989232161,5.0,-2.9558641116505107,-0.40509839878207154
11.1,55.48478915008191,36.59380924632922,34.801580744952545,4.978506577374736,-3.0908660677980295,-0.34270539483530743,5.869959776495746,121.83374803031563,-0.34270539483530743,0.05503357188440059,0.30763259414074823,1,camera_only,55.49999999999999,36.61262079754709,34.77663989232161,5.0,-2.9558641116505107,-0.40509839878207154
11.1,55.48351457615387,36.59991217719944,34.78750476471229,4.972501647449899,-3.0572227070354323,-0.4021465820926779,5.850991812316425,121.58427664431355,-0.4021465820926779,0.05223112701659403,0.30062116012393664,1,camera_only,55.49999999999999,36.61262079754709,34.77663989232161,5.0,-2.9558641116505107,-0.40509839878207154
11.133333333333333,55.645104966266146,36.50119179098671,34.79027182238322,4.951846954194607,-3.0549249083196863,-0.34028728668271935,5.8283059194517515,121.6715297301941,-0.34028728668271935,0.056917054200235434,0.3152963398482915,1,camera_only,55.666666666666664,36.51427952678185,34.76293411953863,5.0,-2.9445582125297523,-0.4172460894381443
11.133333333333333,55.65558207801663,36.503556931532664,34.784901751141604,5.002119976712602,-3.0426157048689393,-0.36340058783049645,5.866069772528959,121.31069551958659,-0.36340058783049645,0.05496209603177426,0.3075207328965028,1,camera_only,55.666666666666664,36.51427952678185,34.76293411953863,5.0,-2.9445582125297523,-0.4172460894381443
11.133333333333333,55.65165228717785,36.49338121721325,34.78502216440154,4.983861287602154,-3.0829969306449887,-0.3561329163090263,5.871164625736924,121.740771600314,-0.3561329163090263,0.05215304175597067,0.30048276916698113,1,camera_only,55.666666666666664,36.51427952678185,34.76293411953863,5.0,-2.9445582125297523,-0.4172460894381443
11.166666666666666,55.8234023449191,36.37482565743468,34.76731270742293,5.01197367931977,-3.1425235394890016,-0.3690756046037888,5.927187457837848,122.087843709047,-0.3690756046037888,0.05684806738278676,0.31519143460026844,1,camera_only,55.833333333333336,36.416320504546995,34.74882361345932,5.0,-2.932929409418835,-0.4293823410819046
11.166666666666666,55.82030879032481,36.38070041792263,34.76000755752243,4.997025454622734,-3.1140653696453002,-0.4016191308250248,5.901606937675222,121.93049250882552,-0.4016191308250248,0.05488943173079635,0.3073984726562275,1,camera_only,55.833333333333336,36.416320504546995,34.74882361345932,5.0,-2.932929409418835,-0.4293823410819046
11.166666666666666,55.82062718387409,36.38520487914488,34.75500627563538,4.998452631494872,-3.0928142167040034,-0.4243069824123897,5.893221945902624,121.74732992576762,-0.4243069824123897,0.05207009060619071,0.3003266733925737,1,camera_only,55.833333333333336,36.416320504546995,34.74882361345932,5.0,-2.932929409418835,-0.4293823410819046
11.2,55.99102192896505,36.27437382236733,34.73327552417889,5.017343971270883,-3.1189942227029266,-0.4493565643517372,5.924844876385246,121.86684029626653,-0.4493565643517372,0.05677317701743627,0.3150705035006271,1,camera_only,55.99999999999999,36.31875447315323,34.73430876093033,5.0,-2.920978977547065,-0.44150682099188227
11.2,55.979271024612984,36.279316994946534,34.72890662377606,4.960766754198346,-3.0955770633376343,-0.4693673789334948,5.8661835873955175,121.96465043741485,-0.4693673789334948,0.05481259219944138,0.3072682177708741,1,camera_only,55.99999999999999,36.31875447315323,34.73430876093033,5.0,-2.920978977547065,-0.44150682099188227
11.2,55.98090869028155,36.28512946115672,34.72646933394031,4.96835623004975,-3.070849645598928,-0.4828458599513048,5.86070143404536,121.71944896074427,-0.4828458599513048,0.051985551179220685,0.3001687460391228,1,camera_only,55.99999999999999,36.31875447315323,34.73430876093033,5.0,-2.920978977547065,-0.44150682099188227
11.233333333333333,56.14694253537117,36.174696078738165,34.71978160273866,4.970559964927476,-3.109380530698173,-0.44044817205365183,5.879515987042649,122.02842568712927,-0.44044817205365183,0.05669739218642113,0.31494918179502607,1,camera_only,56.166666666666664,36.22159213181533,34.71938995988368,5.0,-2.9087082274139653,-0.4536191967693378
11.233333333333333,56.143178419473095,36.17963033798209,34.7134612365738,4.9523857183732956,-3.0852106896977394,-0.4684743218623152,5.853555969973922,121.92185928022903,-0.4684743218623152,0.05473536901101171,0.3071388304097041,1,camera_only,56.166666666666664,36.22159213181533,34.71938995988368,5.0,-2.9087082274139653,-0.4536191967693378
11.233333333333333,56.150637967037916,36.19563610606923,34.717862230572166,4.987049601048048,-3.0245497127686267,-0.46183501588713183,5.850799626565735,121.23600630645998,-0.46183501588713183,0.05190160858316524,0.30001346657870476,1,camera_only,56.166666666666664,36.22159213181533,34.71938995988368,5.0,-2.9087082274139653,-0.4536191967693378
11.266666666666666,56.320738039391145,36.09014081329172,34.69032806045665,5.00639514655241,-3.0355880960490036,-0.5069092148051417,5.87671204027833,121.23019660074144,-0.5069092148051417,0.05662379770942011,0.31483392434571483,1,camera_only,56.33333333333332,36.12484413547898,34.704067619325826,5.0,-2.896118504645568,-0.4657191363473689
11.266666666666666,56.32336485067938,36.08778397369724,34.6934836994609,5.019064167925741,-3.047298229313485,-0.49301461981724604,5.892376009343494,121.26380901684576,-0.49301461981724604,0.05466084400398783,0.30701880360714184,1,camera_only,56.33333333333332,36.12484413547898,34.704067619325826,5.0,-2.896118504645568,-0.4657191363473689
11.266666666666666,56.31787600941689,36.07740533590841,34.68834123422302,4.993545750776266,-3.085135635171486,-0.5063378899873853,5.891514161176017,121.70879432409195,-0.5063378899873853,0.051820350919770046,0.2998662337331694,1,camera_only,56.33333333333332,36.12484413547898,34.704067619325826,5.0,-2.896118504645568,-0.4657191363473689
11.3,56.482537448532256,35.97917176183164,34.67403689001723,4.984520660670853,-3.068210714757167,-0.4990887178586119,5.874389564465319,121.61428325963703,-0.4990887178586119,0.05654996802784585,0.31471854054591125,1,camera_only,56.50000000000001,36.028521093652195,34.68834215932649,5.0,-2.883211189846845,-0.4778063080000226
11.3,56.47751491597868,35.97197543573509,34.68545139582472,4.960403194820995,-3.104242547141407,-0.44906807265022514,5.868865629791425,122.03851701778241,-0.44906807265022514,0.05458440202549571,0.30689103720609223,1,camera_only,56.50000000000001,36.028521093652195,34.68834215932649,5.0,-2.883211189846845,-0.4778063080000226
11.3,56.476596922284465,35.977370267747744,34.6740216153201,4.956058467984902,-3.075001598494025,-0.4977213075548521,5.853706250643242,121.81765932547808,-0.4977213075548521,0.05173586136779643,0.29970966715751163,1,camera_only,56.50000000000001,36.028521093652195,34.68834215932649,5.0,-2.883211189846845,-0.4778063080000226
11.333333333333334,56.6380034996041,35.89420107291591,34.650490718556966,4.936706433475634,-2.992425762831475,-0.53758626423829,5.797816946737361,121.22249791465646,-0.53758626423829,0.056474688529797826,0.3145992238860118,1,camera_only,56.666666666666664,35.932633569242,34.672214011007085,5.0,-2.869987698450321,-0.4898803803513784
11.333333333333334,56.63535784583522,35.89907679100101,34.645074005295186,4.92384065892624,-2.9690633403694164,-0.5620647639678524,5.777149881430724,121.0898696939871,-0.5620647639678524,0.05450805777264565,0.30676646462402796,1,camera_only,56.666666666666664,35.932633569242,34.672214011007085,5.0,-2.869987698450321,-0.4898803803513784
11.333333333333334,56.631896048144924,35.892309187220114,34.64233394865947,4.907753036361692,-2.9942181612128937,-0.568341220962434,5.7770575560833395,121.38734991500297,-0.568341220962434,0.051654585026151195,0.2995629568534735,1,camera_only,56.666666666666664,35.932633569242,34.672214011007085,5.0,-2.869987698450321,-0.4898803803513784
11.366666666666667,56.79270703158502,35.79930395042077,34.62760988247427,4.893693467011674,-2.969382446913196,-0.5559445833448146,5.751047056394111,121.24842848215643,-0.5559445833448146,0.05640294846084376,0.3144885974594968,1,camera_only,56.833333333333336,35.83719207739599,34.655683616528954,5.0,-2.8564494805608387,-0.5019410223846464
11.366666666666667,56.78353835195973,35.81165169035769,34.61360583328122,4.849198640989824,-2.909758065855974,-0.618969773504289,5.688984359453224,120.9658318584005,-0.618969773504289,0.05443437504611095,0.30664677146480207,1,camera_only,56.833333333333336,35.83719207739599,34.655683616528954,5.0,-2.8564494805608387,-0.5019410223846464
11.366666666666667,56.77721546832727,35.8035361528684,34.60216865694383,4.819782241389956,-2.9344472959902808,-0.6586513520586151,5.681118146186655,121.33447625924383,-0.6586513520586151,0.051574541167150934,0.29941811106553645,1,camera_only,56.833333333333336,35.83719207739599,34.655683616528954,5.0,-2.8564494805608387,-0.5019410223846464
11.4,56.935235316414754,35.710687190117696,34.58626499886408,4.806435750514321,-2.918181143678426,-0.6378071154099336,5.659010843567101,121.26362725702192,-0.6378071154099336,0.05633146481761749,0.3143769866338759,1,camera_only,57.00000000000001,35.742207084349275,34.63875142908121,5.0,-2.842598020796553,-0.5139879034512322
11.4,56.93753626615655,35.71405079878734,34.582029645441544,4.817458477060944,-2.9020175842992213,-0.6568649530379294,5.662250771938466,121.06459036565776,-0.6568649530379294,0.054360692880368246,0.3065256304167699,1,camera_only,57.00000000000001,35.742207084349275,34.63875142908121,5.0,-2.842598020796553,-0.5139879034512322
11.4,56.94169436608492,35.72308313927039,34.58339448992008,4.836781973001471,-2.8668111715240143,-0.6575293752670881,5.660866632139113,120.65566498304972,-0.6575293752670881,0.051493645548738524,0.2992697077135903,1,camera_only,57.00000000000001,35.742207084349275,34.63875142908121,5.0,-2.842598020796553,-0.5139879034512322
11.433333333333334,57.10682621856941,35.61741515143213,34.55557686168992,4.856644346603996,-2.9040827402465177,-0.6745087147128067,5.698741341543921,120.8777675469591,-0.6745087147128067,0.05626063032760149,0.3142668563226156,1,camera_only,57.166666666666664,35.64768900627673,34.621417912868324,5.0,-2.8284348381261197,-0.5260206932798053
11.433333333333334,57.12286613180847,35.613423992496536,34.55608956156766,4.934306579122275,-2.921831013802131,-0.6706435258618414,5.773581265450912,120.63173617033573,-0.6706435258618414,0.05428786844334164,0.3064074724329071,1,camera_only,57.166666666666664,35.64768900627673,34.621417912868324,5.0,-2.8284348381261197,-0.5260206932798053
11.433333333333334,57.129436803923475,35.629004087493804,34.556424721049474,4.964811011435419,-2.8596516594799843,-0.6797541698290174,5.769663917789056,119.94125377241261,-0.6797541698290174,0.05141289901071892,0.2991208629004188,1,camera_only,57.166666666666664,35.64768900627673,34.621417912868324,5.0,-2.8284348381261197,-0.5260206932798053
11.466666666666667,57.29584075963903,35.52368584256717,34.54325352734369,4.969562320033763,-2.9063758123347196,-0.6357146664421645,5.79203791012743,120.32060597680035,-0.6357146664421645,0.05618919632088532,0.31415601955159433,1,camera_only,57.333333333333336,35.553648208150726,34.603683543097404,5.0,-2.8139614857021216,-0.5380390619853549
11.466666666666667,57.3063182976655,35.52506604722902,34.53826439080701,5.020253388400515,-2.8983876682749865,-0.6568859654583019,5.8339604327567605,119.99951229259777,-0.6568859654583019,0.0542150125443545,0.3062911630339257,1,camera_only,57.333333333333336,35.553648208150726,34.603683543097404,5.0,-2.8139614857021216,-0.5380390619853549
11.466666666666667,57.31277365488227,35.53481224329317,34.54776515765723,5.050239382105126,-2.8657215447675326,-0.6258868251250765,5.840292125106032,119.57242778295681,-0.6258868251250765,0.05133342948633901,0.2989763896158259,1,camera_only,57.333333333333336,35.553648208150726,34.603683543097404,5.0,-2.8139614857021216,-0.5380390619853549
11.5,57.48201697765402,35.435056946857834,34.527530596327075,5.054904168723799,-2.8833479595279856,-0.6206935827867859,5.8524364271991995,119.70069722858602,-0.6206935827867859,0.056119983768901364,0.31405053832442326,1,camera_only,57.49999999999999,35.46009500260454,34.585548805965146,5.0,-2.7991795506907535,-0.5500426800782308
11.5,57.49125318089212,35.42949444892822,34.532631191535884,5.09972772667015,-2.909996007484897,-0.597319830216247,5.901871790314994,119.70985507547384,-0.597319830216247,0.054144333313957,0.30618039509637,1,camera_only,57.49999999999999,35.46009500260454,34.585548805965146,5.0,-2.7991795506907535,-0.5500426800782308
11.5,57.49803114046149,35.44167589054691,34.53860838122329,5.131227321531938,-2.8651369630245034,-0.5818695154422694,5.905681652030197,119.17779607409138,-0.5818695154422694,0.05125539539947004,0.2988353158640324,1,camera_only,57.49999999999999,35.46009500260454,34.585548805965146,5.0,-2.7991795506907535,-0.5500426800782308
11.533333333333333,57.66351068081486,35.357465447069416,34.531802536138194,5.102846790432148,-2.827079220934594,-0.5389835547967101,5.858491747916448,118.9873299848458,-0.5389835547967101,0.05605241799610083,0.3139483746403835,1,camera_only,57.666666666666664,35.36703964880139,34.56701419864454,5.0,-2.784090654097765,-0.5620312184731813
11.533333333333333,57.65990189252961,35.360214703043006,34.52977762505764,5.085276090071623,-2.8142919329976124,-0.5486156456853927,5.837914963673278,118.96100564977264,-0.5486156456853927,0.05407632121208076,0.30607683718128104,1,camera_only,57.666666666666664,35.36703964880139,34.56701419864454,5.0,-2.784090654097765,-0.5620312184731813
11.533333333333333,57.66319313203845,35.361808007701896,34.53964417980263,5.100595010095082,-2.814565690655731,-0.5106843370578958,5.8479610101418675,118.89040787395317,-0.5106843370578958,0.051182641042494835,0.298707749560864,1,camera_only,57.666666666666664,35.36703964880139,34.56701419864454,5.0,-2.784090654097765,-0.5620312184731813
11.566666666666666,57.83817164441192,35.25014139635098,34.52217673224966,5.1260801929088995,-2.8872132640238273,-0.5011350398240589,5.90456051744984,119.38995018679674,-0.5011350398240589,0.05599096923197704,0.3138580382327377,1,camera_only,57.833333333333336,35.27449235130946,34.5480802292712,5.0,-2.768696450590704,-0.5740043484983692
11.566666666666666,57.83271062752593,35.24565087572842,34.53057516255297,5.0996490656417555,-2.9104630827062126,-0.4646179124494107,5.890083679631846,119.7141940395458,-0.4646179124494107,0.054011580023471506,0.30597371258117334,1,camera_only,57.833333333333336,35.27449235130946,34.5480802292712,5.0,-2.768696450590704,-0.5740043484983692
11.566666666666666,57.82321638085779,35.2321199590591,34.51638331003235,5.055542482194916,-2.955318916023636,-0.5116658573443519,5.878283902148363,120.30927897575509,-0.5116658573443519,0.05110794477776491,0.2985690348697744,1,camera_only,57.833333333333336,35.27449235130946,34.5480802292712,5.0,-2.768696450590704,-0.5740043484983692
11.6,57.99545570164239,35.123048371409375,34.4946438129723,5.07467376093817,-2.9955585107113816,-0.5236150224622004,5.916067719591944,120.55317424776742,-0.5236150224622004,0.055922795509033243,0.31374803369008925,1,camera_only,57.99999999999999,35.18246325898285,34.52874741692947,5.0,-2.7529986283174637,-0.5859617419043864
11.6,58.000831334881106,35.12141156898442,34.494181991135584,5.100842518894452,-3.002399025832743,-0.5246724180947481,5.942076695835581,120.48142651885252,-0.5246724180947481,0.053938609261631104,0.3058453548403672,1,camera_only,57.99999999999999,35.18246325898285,34.52874741692947,5.0,-2.7529986283174637,-0.5859617419043864
11.6,58.015677224365355,35.14592646045462,34.51045801707308,5.169783147318484,-2.914631431240827,-0.4767299091622598,5.953906749065274,119.41352754208476,-0.4767299091622598,0.05102391788246572,0.29840423805962185,1,camera_only,57.99999999999999,35.18246325898285,34.52874741692947,5.0,-2.7529986283174637,-0.5859617419043864
11.633333333333333,58.19056110357345,35.054446906540726,34.47421459802587,5.182684346241609,-2.8784655670098656,-0.5613582789641904,5.95490589099449,119.047815671548,-0.5613582789641904,0.05584957993425077,0.31362845562293284,1,camera_only,58.166666666666664,35.09096246384859,34.509016291638154,5.0,-2.736998908721153,-0.5979030708732533
11.633333333333333,58.172829721330295,35.056175053530154,34.47928396202684,5.096449054647695,-2.8731033475759573,-0.5413878238718874,5.875509900281702,119.41196099665426,-0.5413878238718874,0.05386551019521049,0.3057294432717658,1,camera_only,58.166666666666664,35.09096246384859,34.509016291638154,5.0,-2.736998908721153,-0.5979030708732533
11.633333333333333,58.17356037569371,35.057488792284715,34.47967048139092,5.099852105295072,-2.8680700047171968,-0.5407426206794127,5.875944147935743,119.35265989480433,-0.5407426206794127,0.05094674659393956,0.298266173035437,1,camera_only,58.166666666666664,35.09096246384859,34.509016291638154,5.0,-2.736998908721153,-0.5979030708732533
11.666666666666666,58.343165231516224,34.963941005631106,34.46023471944192,5.09785105955357,-2.8587296557569055,-0.5476544251826336,5.870293522432893,119.28246667216122,-0.5476544251826336,0.05578189410490045,0.31352570063572677,1,camera_only,58.33333333333333,35.00000000000001,34.488887394336025,5.0,-2.720699046351328,-0.6098280080274026
11.666666666666666,58.3703824943734,34.95907466283478,34.455935189275856,5.23032600530677,-2.8783378949784235,-0.5630921589739128,5.996516650435901,118.82474128132887,-0.5630921589739128,0.05379568692319232,0.30561869697520105,1,camera_only,58.33333333333333,35.00000000000001,34.488887394336025,5.0,-2.720699046351328,-0.6098280080274026
11.666666666666666,58.38364177791452,34.978731105691544,34.47318955231546,5.291912030449422,-2.8106204197632407,-0.5079910577433856,6.013482767644109,117.97349704311277,-0.5079910577433856,0.0508687210760071,0.2981227498665577,1,camera_only,58.33333333333333,35.00000000000001,34.488887394336025,5.0,-2.720699046351328,-0.6098280080274026
11.7,58.559126244133274,34.885452316676165,34.46043954522684,5.287233990351047,-2.8115882946071964,-0.4915803142799695,6.008454311425131,118.00267053121732,-0.4915803142799695,0.0557154642672329,0.31342575064409756,1,camera_only,58.5,34.90958584249629,34.46836127686697,5.0,-2.7041008286715775,-0.6217362264386603
11.7,58.536539729828874,34.89067153599505,34.462114533367966,5.177218223438113,-2.7891874660330833,-0.487020422474008,5.9008765574008155,118.3132336802889,-0.487020422474008,0.053728669752334625,0.30551975789339586,1,camera_only,58.5,34.90958584249629,34.46836127686697,5.0,-2.7041008286715775,-0.6217362264386603
11.7,58.529001161877204,34.88303329528344,34.447584193828106,5.142140617155556,-2.81021719805457,-0.5394043263917087,5.884716463362759,118.65692491169538,-0.5394043263917087,0.05079722992184156,0.2979997956919019,1,camera_only,58.5,34.90958584249629,34.46836127686697,5.0,-2.7041008286715775,-0.6217362264386603
11.733333333333333,58.700699886571975,34.79281793750262,34.42360879410462,5.1435650523428045,-2.7921879387475004,-0.5654860124500035,5.8798256235407065,118.49535391994654,-0.5654860124500035,0.05565286042822419,0.31333323210800285,1,camera_only,58.666666666666664,34.8197299062687,34.447438501964875,5.0,-2.6872060758635166,-0.6336273996372025
11.733333333333333,58.699784325805936,34.796655105209496,34.419041113245434,5.139013568667868,-2.77342000429721,-0.5860671684848754,5.868968708824768,118.3548245860083,-0.5860671684848754,0.05366243359312978,0.30541400769193666,1,camera_only,58.666666666666664,34.8197299062687,34.447438501964875,5.0,-2.6872060758635166,-0.6336273996372025
11.733333333333333,58.688081452547756,34.78131792123377,34.40127583314179,5.084648528626072,-2.8234917083688598,-0.6461202720942341,5.851771312423112,119.04329669208867,-0.6461202720942341,0.05072201973995893,0.29786105135574975,1,camera_only,58.666666666666664,34.8197299062687,34.447438501964875,5.0,-2.6872060758635166,-0.6336273996372025
11.766666666666666,58.85441327144945,34.69451762577268,34.38682680853398,5.0682575615226195,-2.7977966679092106,-0.6224612504869118,5.822573220943883,118.8997243014939,-0.6224612504869118,0.05558505889961523,0.3132256390362888,1,camera_only,58.83333333333333,34.73044204503323,34.426119643238174,5.0,-2.670016640627178,-0.6455012016205085
11.766666666666666,58.86366162114625,34.68737585801007,34.39217759096695,5.113502055256781,-2.831471073282959,-0.5971226841121012,5.8755159099295025,118.97437083431197,-0.5971226841121012,0.053591150622278795,0.3052948557507355,1,camera_only,58.83333333333333,34.73044204503323,34.426119643238174,5.0,-2.670016640627178,-0.6455012016205085
11.766666666666666,58.85308370620062,34.66929845915772,34.38344675045929,5.064382901742751,-2.8988448003515104,-0.6195699277539386,5.86814640643588,119.78675394052698,-0.6195699277539386,0.05064184598881095,0.29770934961225753,1,camera_only,58.83333333333333,34.73044204503323,34.426119643238174,5.0,-2.670016640627178,-0.6455012016205085
11.8,59.02340062718274,34.57455905494116,34.35229158303,5.07208557191857,-2.884420170490864,-0.6626615168850313,5.872397470774559,119.62625048903038,-0.6626615168850313,0.05551264983754098,0.31310859770330074,1,camera_only,59.00000000000001,34.64173205021003,34.40440528515415,5.0,-2.65253440797784,-0.6573573068623003
11.8,59.00893882402796,34.578548880529,34.3528218802095,5.001488855134723,-2.866921317592196,-0.6622543355579781,5.802819091981651,119.82192034152963,-0.6622543355579781,0.053514297043649794,0.3051631327821159,1,camera_only,59.00000000000001,34.64173205021003,34.40440528515415,5.0,-2.65253440797784,-0.6573573068623003
11.8,59.023651035399254,34.60102877129232,34.36915051541323,5.069805246899457,-2.7867298527219804,-0.6126486334581922,5.817570529148686,118.7963621370597,-0.6126486334581922,0.05055646031569203,0.2975469999143992,1,camera_only,59.00000000000001,34.64173205021003,34.40440528515415,5.0,-2.65253440797784,-0.6573573068623003
11.833333333333334,59.18877148397843,34.514947830144415,34.359707162014296,5.049705685116289,-2.7654555647532937,-0.5730967983723705,5.785819901036101,118.70717932342036,-0.5730967983723705,0.055438519233551205,0.3129913226702564,1,camera_only,59.166666666666664,34.55360964984973,34.382296023022896,5.0,-2.6347612950393238,-0.6691953903214621
11.833333333333334,59.159209746332074,34.529459849168475,34.353756270308324,4.905082579243106,-2.698880150791545,-0.6043150814088383,5.6310732454079275,118.82052077968831,-0.6043150814088383,0.05344137752686218,0.30505288143259834,1,camera_only,59.166666666666664,34.55360964984973,34.382296023022896,5.0,-2.6347612950393238,-0.6691953903214621
11.833333333333334,59.15860826987173,34.52494802099242,34.3581086152378,4.902358232114171,-2.7201944046911883,-0.5840520468848146,5.636815646157072,119.02478451194877,-0.5840520468848146,0.0504828160760179,0.2974220689829236,1,camera_only,59.166666666666664,34.55360964984973,34.382296023022896,5.0,-2.6347612950393238,-0.6691953903214621
11.866666666666667,59.320592208647646,34.43520371528049,34.34518580237946,4.894948637560631,-2.7204642033244384,-0.5584953663861966,5.627909444918353,119.06397965614633,-0.5584953663861966,0.05537491715352358,0.31289955247606865,1,camera_only,59.333333333333336,34.466084507566556,34.359792462981005,5.0,-2.6166992508337437,-0.6810151274509569
11.866666666666667,59.304569920307706,34.434223773406536,34.35447914648175,4.816675871273806,-2.7288479997903923,-0.5198632563548821,5.560326938245557,119.53336461255572,-0.5198632563548821,0.053375804383624346,0.3049539923244305,1,camera_only,59.333333333333336,34.466084507566556,34.359792462981005,5.0,-2.6166992508337437,-0.6810151274509569
11.866666666666667,59.31729550046394,34.45038492026472,34.373568534325564,4.875767782818314,-2.6760076926609213,-0.4550259927489141,5.5804280568094935,118.75966287090615,-0.4550259927489141,0.05041086279843414,0.29729567665580486,1,camera_only,59.333333333333336,34.466084507566556,34.359792462981005,5.0,-2.6166992508337437,-0.6810151274509569
11.9,59.47420938033704,34.377740698148635,34.36590844432636,4.846366902308214,-2.611996981163668,-0.4353936574545119,5.522623291366906,118.32288304017113,-0.4353936574545119,0.055313808509425307,0.31280959735548075,1,camera_only,59.5,34.3791662214787,34.336895221974956,5.0,-2.5983502560677914,-0.6928161942067192
11.9,59.45792399348727,34.38699432834462,34.36116515598361,4.7665601913638564,-2.5690317101182623,-0.4592021340307733,5.434232842397004,118.32332398192314,-0.4592021340307733,0.05331525807368222,0.30486788807075577,1,camera_only,59.5,34.3791662214787,34.336895221974956,5.0,-2.5983502560677914,-0.6928161942067192
11.9,59.4590715448382,34.3858726308138,34.36631926657907,4.771946630512942,-2.5771179986291184,-0.4380218425206551,5.441036202585603,118.3715265934182,-0.4380218425206551,0.05034882514258834,0.2971922139395921,1,camera_only,59.5,34.3791662214787,34.336895221974956,5.0,-2.5983502560677914,-0.6928161942067192
11.933333333333334,59.61629345846617,34.31132182981839,34.34735539517485,4.762075860041483,-2.527210258596448,-0.46257232463721504,5.410927031800117,117.95467258317919,-0.46257232463721504,0.05526162270617364,0.31273574755266575,1,camera_only,59.66666666666667,34.29286432315568,34.31360492774415,5.0,-2.579716322915514,-0.7045982670565448
11.933333333333334,59.60301264752304,34.31368305902937,34.35079181295647,4.697055646432399,-2.5182506546998025,-0.4495399523293062,5.34845812120827,118.19726672797334,-0.4495399523293062,0.053261022755942286,0.3047883669516415,1,camera_only,59.66666666666667,34.29286432315568,34.31360492774415,5.0,-2.579716322915514,-0.7045982670565448
11.933333333333334,59.61111884745567,34.32428779629315,34.36232957089927,4.734676822717057,-2.4827935602681293,-0.4108815071649401,5.361926154975757,117.67184308782686,-0.4108815071649401,0.050288735792369504,0.2970858907071245,1,camera_only,59.66666666666667,34.29286432315568,34.31360492774415,5.0,-2.579716322915514,-0.7045982670565448
11.966666666666667,59.77780368069951,34.21635083362291,34.33454840958629,4.781279905089481,-2.5787756486796454,-0.4514788350859075,5.451105806675021,118.34013307166836,-0.4514788350859075,0.05521129111215736,0.31266053032431174,1,camera_only,59.833333333333336,34.20718827657321,34.289922218803795,5.0,-2.5607994947976676,-0.7163610229889538
11.966666666666667,59.80692191079303,34.20924375434512,34.32915308789268,4.92397455296122,-2.6078579452723707,-0.4703290218440728,5.59174908679911,117.90679415680243,-0.4703290218440728,0.05320692589227639,0.30470168900424405,1,camera_only,59.833333333333336,34.20718827657321,34.289922218803795,5.0,-2.5607994947976676,-0.7163610229889538
11.966666666666667,59.82124373235149,34.22484080620623,34.35374451103922,4.9904908291029395,-2.560813124358344,-0.3832216049763223,5.622243446504884,117.16410676930765,-0.3832216049763223,0.050224076941933565,0.29695917636311775,1,camera_only,59.833333333333336,34.20718827657321,34.289922218803795,5.0,-2.5607994947976676,-0.7163610229889538
12.0,59.98749626701303,34.150268144780696,34.327839404119345,4.989689015776109,-2.507655151772567,-0.44247901975156717,5.601885264559473,116.68261229613813,-0.44247901975156717,0.05515476259974262,0.3125684566602279,1,camera_only,60.0,34.12214747707527,34.265847744427305,5.0,-2.5416018461576297,-0.7281041395220498
12.0,59.9986112121281,34.14122108017952,34.33422216772204,5.044332366624778,-2.5504655726867558,-0.4119711062809396,5.6674406794292125,116.82162337731744,-0.4119711062809396,0.0531493947734734,0.30461272921038546,1,camera_only,60.0,34.12214747707527,34.265847744427305,5.0,-2.5416018461576297,-0.7281041395220498
12.0,59.99136646266967,34.13199962304696,34.323844145281406,5.0107076094962135,-2.5811514613371056,-0.4469754005483365,5.654141899786499,117.25422449918604,-0.4469754005483365,0.05016152602241506,0.2968427841292412,1,camera_only,60.0,34.12214747707527,34.265847744427305,5.0,-2.5416018461576297,-0.7281041395220498
12.033333333333333,60.16319094413112,34.03839273703577,34.293042615475166,5.035892741625945,-2.602815759551522,-0.5058867403198343,5.6912904492181795,117.33231272985884,-0.5058867403198343,0.055099719798579694,0.31248191288089505,1,camera_only,60.16666666666667,34.037751250343845,34.24138216462856,5.0,-2.522125482233911,-0.7398272947123621
12.033333333333333,60.1731771104706,34.03938478818675,34.28634137050849,5.084813668611589,-2.595496568177016,-0.5339168298550482,5.73384684667461,117.04162274180092,-0.5339168298550482,0.05308878841212926,0.30450977478802393,1,camera_only,60.16666666666667,34.037751250343845,34.24138216462856,5.0,-2.522125482233911,-0.7398272947123621
12.033333333333333,60.18114892152185,34.04864280731035,34.29848446838979,5.121851204426148,-2.5658293585816754,-0.4919331007302114,5.749681576681901,116.60891921127022,-0.4919331007302114,0.05009011826781661,0.29670102798427556,1,camera_only,60.16666666666667,34.037751250343845,34.24138216462856,5.0,-2.522125482233911,-0.7398272947123621
12.066666666666666,60.35301328227752,33.96030897801411,34.28029800171108,5.127802756446697,-2.5764571834203926,-0.4973547079821469,5.760195693947637,116.67717558682715,-0.4973547079821469,0.05503719151003268,0.31237916797061055,1,camera_only,60.33333333333333,33.95400885137626,34.216526150143785,5.0,-2.502372538829296,-0.7515301671636678
12.066666666666666,60.34181848312682,33.968465876449464,34.27568532834664,5.0727031649328085,-2.538352195847239,-0.5202087224235766,5.6961536482583925,116.58312574056396,-0.5202087224235766,0.053024505195222296,0.3044065152343995,1,camera_only,60.33333333333333,33.95400885137626,34.216526150143785,5.0,-2.502372538829296,-0.7515301671636678
12.066666666666666,60.34024947103417,33.96925475668082,34.26953284518789,5.065372529188324,-2.530936135070338,-0.545153430982237,5.68865791224716,116.54921204304358,-0.545153430982237,0.05002065217141585,0.2965716115444243,1,camera_only,60.33333333333333,33.95400885137626,34.216526150143785,5.0,-2.502372538829296,-0.7515301671636678
12.1,60.51232275053182,33.880756751340854,34.23920447380998,5.082341357947938,-2.5406694218513994,-0.5912563986353216,5.71268578855568,116.5605302606637,-0.5912563986353216,0.05497642075762273,0.3122844120109961,1,camera_only,60.5,33.87092946347024,34.19128038241318,5.0,-2.4823451820766214,-0.7632124360358089
12.1,60.51125282296725,33.88195265972233,34.23874090055542,5.0770283591480085,-2.535276166216325,-0.5937958720741925,5.705824720079475,116.53581016260019,-0.5937958720741925,0.05296055272126555,0.30430462819158677,1,camera_only,60.5,33.87092946347024,34.19128038241318,5.0,-2.4823451820766214,-0.7632124360358089
12.1,60.50960260893306,33.8786389580995,34.23837028716023,5.0693807549152385,-2.548627135935063,-0.5930478703868878,5.704895029086861,116.69092674981367,-0.5930478703868878,0.04994876917909058,0.2964374047090021,1,camera_only,60.5,33.87092946347024,34.19128038241318,5.0,-2.4823451820766214,-0.7632124360358089
12.133333333333333,60.67778092527855,33.80011142248944,34.21519497974566,5.064984915410473,-2.5195844203978495,-0.6106899492021702,5.689931463462785,116.44811819777897,-0.6106899492021702,0.05491260136797433,0.31218460174984536,1,camera_only,60.66666666666667,33.7885221972169,34.165645553562214,5.0,-2.4620456082012443,-0.7748737810534819
12.133333333333333,60.674073505991835,33.80892136065104,34.20442059340878,5.046649895229716,-2.4755457492024573,-0.6590622578230481,5.659625869357733,116.12945131788226,-0.6590622578230481,0.05289417806588208,0.30420016762336066,1,camera_only,60.66666666666667,33.7885221972169,34.165645553562214,5.0,-2.4620456082012443,-0.7748737810534819
12.133333333333333,60.6669191949895,33.79846496739058,34.19733055633306,5.01343098525764,-2.5136983834481312,-0.6802074467099622,5.649411648787051,116.62885853433404,-0.6802074467099622,0.049876677909728065,0.2963059513952657,1,camera_only,60.66666666666667,33.7885221972169,34.165645553562214,5.0,-2.4620456082012443,-0.7748737810534819
12.166666666666666,60.83798813767556,33.703723311626156,34.16717531510528,5.03444807463086,-2.555023136388122,-0.7033982364411032,5.689339128814648,116.90816220443706,-0.7033982364411032,0.05484865914106889,0.3120866214438737,1,camera_only,60.83333333333333,33.70679608950163,34.139622366382675,5.0,-2.441476043280197,-0.7865138825150224
12.166666666666666,60.834711131482315,33.706792411055325,34.16498781370148,5.018276136159291,-2.5404371292402246,-0.7138573193489579,5.669789101788198,116.8502210602669,-0.7138573193489579,0.05282579175752839,0.3040904459603409,1,camera_only,60.83333333333333,33.70679608950163,34.139622366382675,5.0,-2.441476043280197,-0.7865138825150224
12.166666666666666,60.82836831144571,33.69805941355561,34.15803363413353,4.988818712192984,-2.5716425965243745,-0.7356253419484007,5.660636221406759,117.27025741180698,-0.7356253419484007,0.04979942137785013,0.29616207748144563,1,camera_only,60.83333333333333,33.70679608950163,34.139622366382675,5.0,-2.441476043280197,-0.7865138825150224
12.2,60.993852326840795,33.61072112612399,34.140128955666675,4.984603357191832,-2.5825422831813856,-0.70810095915991,5.658374522891798,117.38884864041825,-0.70810095915991,0.05477856031317084,0.3119763241255557,1,camera_only,61.0,33.625760102513105,34.11321153431338,5.0,-2.4206387429980682,-0.7981324213011695
12.2,60.991179198105286,33.61104215153818,34.141005480467534,4.971473859393288,-2.581447223768791,-0.7046108190686113,5.645874468147776,117.4406813365022,-0.7046108190686113,0.05275257377292364,0.30397297197356515,1,camera_only,61.0,33.625760102513105,34.11321153431338,5.0,-2.4206387429980682,-0.7981324213011695
12.2,60.98809363998346,33.601289944368474,34.145731763708575,4.957224995980013,-2.624835847894501,-0.679301435244904,5.6502471918569075,117.90108616180193,-0.679301435244904,0.049719856737719,0.29601631392832095,1,camera_only,61.0,33.625760102513105,34.11321153431338,5.0,-2.4206387429980682,-0.7981324213011695
12.233333333333333,61.153905016652054,33.51793663975412,34.114398420879404,4.960129696947077,-2.6020177375683153,-0.7167164088297981,5.6468633176164555,117.6809029253068,-0.7167164088297981,0.05470737046000369,0.31186677684548647,1,camera_only,61.16666666666666,33.545423122760496,34.08641378142064,5.0,-2.399535992399653,-0.8097290788838118
12.233333333333333,61.16633620171874,33.51795143376893,34.10645080362773,5.021309162933324,-2.5983525795796614,-0.7494040346514118,5.703208592075013,117.3599905505054,-0.7494040346514118,0.052678391845619066,0.3038570647708102,1,camera_only,61.16666666666666,33.545423122760496,34.08641378142064,5.0,-2.399535992399653,-0.8097290788838118
12.233333333333333,61.16354290258075,33.50828829295727,34.11185509266987,5.008431203327722,-2.641890831008204,-0.721455339344426,5.70828065954194,117.81114006337876,-0.721455339344426,0.04963926712287352,0.2958705352540921,1,camera_only,61.16666666666666,33.545423122760496,34.08641378142064,5.0,-2.399535992399653,-0.8097290788838118
12.266666666666666,61.32700645023922,33.43679702523727,34.08600116440662,4.989615764588717,-2.5709082866366475,-0.7389387406528555,5.66143668682843,117.25986706144971,-0.7389387406528555,0.05463509002407696,0.3117576577528854,1,camera_only,61.33333333333333,33.46579396009895,34.05922984237837,5.0,-2.3781701056393554,-0.8213035373347258
12.266666666666666,61.330774952537396,33.43925217542698,34.080322355915534,5.008114421660895,-2.5574468439657676,-0.7634904385281049,5.674915159707865,117.05161170088441,-0.7634904385281049,0.05260387196402307,0.3037456573618963,1,camera_only,61.33333333333333,33.46579396009895,34.05922984237837,5.0,-2.3781701056393554,-0.8213035373347258
12.266666666666666,61.332740449443655,33.443795579626475,34.07980844091562,5.017208129212683,-2.538327323749482,-0.7685745808819463,5.675049770769319,116.83595539149552,-0.7685745808819463,0.0495605901921701,0.29573412472306,1,camera_only,61.33333333333333,33.46579396009895,34.05922984237837,5.0,-2.3781701056393554,-0.8213035373347258
12.3,61.500551105561485,33.36293899217687,34.0468876000301,5.0200677797065785,-2.51798086063977,-0.8002208989282306,5.672888295610785,116.6375664536738,-0.8002208989282306,0.05456654672424858,0.31165973636107297,1,camera_only,61.5,33.38688134676348,34.03166046244801,5.0,-2.356543425727434,-0.8328554793342853
12.3,61.501964352984764,33.366398949071296,34.04156116847973,5.026935689457912,-2.500235114997557,-0.8238378757131639,5.674501467236758,116.44426544975184,-0.8238378757131639,0.05253284283711679,0.30364481444141894,1,camera_only,61.5,33.38688134676348,34.03166046244801,5.0,-2.356543425727434,-0.8328554793342853
12.3,61.50273750476253,33.36920691532014,34.039727028464945,5.030507639209027,-2.4873788553219174,-0.8330165829492109,5.673356793425858,116.31049951375269,-0.8330165829492109,0.04948483250098733,0.2956057837203564,1,camera_only,61.5,33.38688134676348,34.03166046244801,5.0,-2.356543425727434,-0.8328554793342853
12.333333333333334,61.67146330147135,33.29229287029632,33.99837401770807,5.03585998007348,-2.453632562648704,-0.8912986374739066,5.672266897154836,115.97682952244107,-0.8912986374739066,0.054500156366932506,0.3115663586710354,1,camera_only,61.66666666666667,33.308693936411416,34.003706397458025,5.0,-2.3346583242730508,-0.8443845881801647
12.333333333333334,61.666796929528715,33.29185095364529,34.002760649276595,5.012810871021455,-2.4577147064805094,-0.8731002598335887,5.650746717983645,116.11810068455117,-0.8731002598335887,0.0524635540513923,0.3035472128303678,1,camera_only,61.66666666666667,33.308693936411416,34.003706397458025,5.0,-2.3346583242730508,-0.8443845881801647
12.333333333333334,61.67588320051273,33.307506741079905,34.007982044229756,5.054928256700983,-2.3964038601128643,-0.8627916624749192,5.660341031598194,115.36435636733033,-0.8627916624749192,0.04941043470759024,0.29547968445298967,1,camera_only,61.66666666666667,33.308693936411416,34.003706397458025,5.0,-2.3346583242730508,-0.8443845881801647
12.366666666666667,61.8402027823176,33.24083755967948,33.986134164745614,5.032420687651105,-2.3447157704772996,-0.843134812683263,5.615498760945658,114.98184974285792,-0.843134812683263,0.054436154676251014,0.3114771207563711,1,camera_only,61.83333333333334,33.231240303173394,33.97536841378323,5.0,-2.312517201224203,-0.8558905477960215
12.366666666666667,61.823383883183844,33.24601429073569,33.990559974847365,4.949322108837749,-2.323668112951511,-0.82739161444356,5.529900516268742,115.14968913437406,-0.82739161444356,0.0523989271354973,0.3034616731424502,1,camera_only,61.83333333333334,33.231240303173394,33.97536841378323,5.0,-2.312517201224203,-0.8558905477960215
12.366666666666667,61.82082514076113,33.2488960003828,33.97816548922184,4.937382885265678,-2.303321523982428,-0.8786816080928234,5.518615874198507,115.00936026361502,-0.8786816080928234,0.049344781785649314,0.2953748588329682,1,camera_only,61.83333333333334,33.231240303173394,33.97536841378323,5.0,-2.312517201224203,-0.8558905477960215
12.4,61.99137479591648,33.16376823908935,33.926504878103536,4.96922436665372,-2.3249991858698347,-0.963554715379465,5.570210921497539,115.07393930797753,-0.963554715379465,0.05438019247158375,0.3114022682047556,1,camera_only,62.0,33.154528940713114,33.946647288323774,5.0,-2.2901224846045416,-0.8673730427401598
12.4,61.99529436575091,33.15540472011898,33.93476555116585,4.988780185106261,-2.3659842890981087,-0.9254561974177578,5.5984175054123,115.37316512754943,-0.9254561974177578,0.05233823664337432,0.3033750525903319,1,camera_only,62.0,33.154528940713114,33.946647288323774,5.0,-2.2901224846045416,-0.8673730427401598
12.4,61.989729840402795,33.14101988012671,33.939670017897804,4.962983125264996,-2.429008009463422,-0.8962763434965343,5.5977310310173065,116.0782814471179,-0.8962763434965343,0.049275131809231,0.2952501954712865,1,camera_only,62.0,33.154528940713114,33.946647288323774,5.0,-2.2901224846045416,-0.8673730427401598
12.433333333333334,62.15816407473227,33.05456491163055,33.89983596038781,4.979070002498115,-2.4462033738725735,-0.9329935016873644,5.625435619604316,116.16475929570244,-0.9329935016873644,0.05431723053259968,0.31130583046918403,1,camera_only,62.16666666666667,33.07856826129593,33.9175438084838,5.0,-2.2674766302471077,-0.8788317582141816
12.433333333333334,62.15971331709306,33.05632365249559,33.89617365203344,4.986699120565636,-2.4366511072196406,-0.9489150479084951,5.630708348468421,116.04152519158227,-0.9489150479084951,0.05227002193758125,0.3032653255018482,1,camera_only,62.16666666666667,33.07856826129593,33.9175438084838,5.0,-2.2674766302471077,-0.8788317582141816
12.433333333333334,62.16325530097428,33.06066241083546,33.90039401387836,5.003158459696835,-2.4214807976390977,-0.934999882638026,5.6364340328530425,115.82653771574319,-0.934999882638026,0.04919894380352845,0.29510584349925933,1,camera_only,62.16666666666667,33.07856826129593,33.9175438084838,5.0,-2.2674766302471077,-0.8788317582141816
12.466666666666667,62.3292193844525,32.975531023198606,33.879506938039555,4.998976477157203,-2.4465571529320362,-0.8908938399771076,5.636408391506342,116.07766282098846,-0.8908938399771076,0.05424930904608011,0.3111978322362891,1,camera_only,62.33333333333333,33.00336659486635,33.88805877214992,5.0,-2.24458212152503,-0.8902663800716122
12.466666666666667,62.34321469087492,32.96324807123448,33.88632361147989,5.068385340099323,-2.5045484126623796,-0.8568955196256531,5.718003378685421,116.29633264081116,-0.8568955196256531,0.05219977175067763,0.30315618472072225,1,camera_only,62.33333333333333,33.00336659486635,33.88805877214992,5.0,-2.24458212152503,-0.8902663800716122
12.466666666666667,62.34379744278039,32.96106047959399,33.89129737587767,5.071127185492428,-2.5170217459389006,-0.8355993564483905,5.7227576993497316,116.39721116508404,-0.8355993564483905,0.04912322478942329,0.2949663032904483,1,camera_only,62.33333333333333,33.00336659486635,33.88805877214992,5.0,-2.24458212152503,-0.8902663800716122
12.5,62.511853071753364,32.881135117944794,33.86373159110018,5.065809029600236,-2.500263490440295,-0.8368690190544602,5.710874574096436,116.26894702543159,-0.8368690190544602,0.05418195581490828,0.3110939380799277,1,camera_only,62.5,32.928932188134524,33.8581929876693,5.0,-2.2214414690791835,-0.9016765948265193
12.5,62.49079987626841,32.89487846854838,33.86117084483504,4.961360373091665,-2.4378136890976103,-0.8541285263068612,5.5935291072709274,116.16765250238814,-0.8541285263068612,0.052128959578899625,0.30304747614546407,1,camera_only,62.5,32.928932188134524,33.8581929876693,5.0,-2.2214414690791835,-0.9016765948265193
12.5,62.50326510299422,32.90934870465431,33.87755802021183,5.019246266771486,-2.3885970707867803,-0.7984187248066883,5.615665723063707,115.44919765065463,-0.7984187248066883,0.0490493720494769,0.29483470412950935,1,camera_only,62.5,32.928932188134524,33.8581929876693,5.0,-2.2214414690791835,-0.9016765948265193
12.533333333333333,62.6740405038908,32.831589006180046,33.82917905669411,5.037656948499001,-2.3673765413383006,-0.8873236227211175,5.636470742466255,115.17052271493245,-0.8873236227211175,0.054118750911879863,0.3110010953303903,1,camera_only,62.66666666666667,32.85527320367196,33.827947273827505,5.0,-2.198057210542882,-0.9130620896621003
12.533333333333333,62.661495209638986,32.83654790766212,33.83244679604746,4.975428008414944,-2.346825612604125,-0.8763017754554963,5.570491820706775,115.2524626355995,-0.8763017754554963,0.052064621055382586,0.30295810007372437,1,camera_only,62.66666666666667,32.85527320367196,33.827947273827505,5.0,-2.198057210542882,-0.9130620896621003
12.533333333333333,62.659818660947046,32.83568213144824,33.82843906857557,4.967648148148114,-2.347738176607599,-0.8917265558700455,5.566379336709277,115.29567888062836,-0.8917265558700455,0.04898201999787246,0.2947204043377644,1,camera_only,62.66666666666667,32.85527320367196,33.827947273827505,5.0,-2.198057210542882,-0.9130620896621003
12.566666666666666,62.83020745724686,32.747213126908555,33.784466707611415,4.99353790194078,-2.3826596355584573,-0.942987262033045,5.612638656941605,115.5080778035341,-0.942987262033045,0.05405934615817935,0.3109159400621173,1,camera_only,62.83333333333333,32.78239771901638,33.79732245982606,5.0,-2.174431910263594,-0.9244225524392625
12.566666666666666,62.8310965879911,32.753022020399605,33.77589518366402,4.997825569799534,-2.35271251455486,-0.98116644211349,5.610365780358241,115.20858102557771,-0.98116644211349,0.05200070434872119,0.3028630838325731,1,camera_only,62.83333333333333,32.78239771901638,33.79732245982606,5.0,-2.174431910263594,-0.9244225524392625
12.566666666666666,62.83741053561713,32.759175942413385,33.785266079169986,5.027199815145764,-2.3333553055453895,-0.9478692233771588,5.622787656309283,114.8981888043265,-0.9478692233771588,0.04891079727823915,0.29459085834839527,1,camera_only,62.83333333333333,32.78239771901638,33.79732245982606,5.0,-2.174431910263594,-0.9244225524392625
12.6,63.00304622404851,32.678799613845236,33.76742715435159,5.016959154748874,-2.3528283268019687,-0.8907464039487982,5.61240674327583,115.12540231693177,-0.8907464039487982,0.05399630940655975,0.3108200869941927,1,camera_only,63.0,32.71031372578589,33.76631938525972,5.0,-2.150568159021723,-0.9357576717051816
12.6,63.00824956879188,32.68646139434784,33.75313897414323,5.0425772910177065,-2.3119352474451293,-0.9534498559745904,5.628649656189716,114.63064424762702,-0.9534498559745904,0.051935621032020256,0.3027677535554892,1,camera_only,63.0,32.71031372578589,33.76631938525972,5.0,-2.150568159021723,-0.9357576717051816
12.6,63.003541867692654,32.68281808451049,33.74432905932722,5.02070384526613,-2.3212315428172547,-0.9862165744668052,5.618559077645524,114.8126065399608,-0.9862165744668052,0.04884232666005078,0.29446932123960706,1,camera_only,63.0,32.71031372578589,33.76631938525972,5.0,-2.150568159021723,-0.9357576717051816
12.633333333333333,63.17667583060045,32.58710379376135,33.70250199137525,5.052038224363046,-2.3943459184186278,-1.0112427775001664,5.681425397954241,115.357986494263,-1.0112427775001664,0.053935730133533005,0.3107296530290777,1,camera_only,63.16666666666666,32.63902912880266,33.73493890009342,5.0,-2.1264685737465157,-0.947067136701836
12.633333333333333,63.175215586328726,32.58511736100755,33.706830858937124,5.044798975139552,-2.405334895614225,-0.9924565621736043,5.676319466646501,115.49157246429593,-0.9924565621736043,0.051869371287070795,0.302665689776613,1,camera_only,63.16666666666666,32.63902912880266,33.73493890009342,5.0,-2.1264685737465157,-0.947067136701836
12.633333333333333,63.18466206526132,32.60610534517299,33.70371713560199,5.088597978222113,-2.315337224573678,-1.0189113323160066,5.6826750875432515,114.46576966859308,-1.0189113323160066,0.04876757181326795,0.29432964920400784,1,camera_only,63.16666666666666,32.63902912880266,33.73493890009342,5.0,-2.1264685737465157,-0.947067136701836
12.666666666666666,63.35059536071803,32.530628358615296,33.68881691315819,5.0687911203684894,-2.3196192726856633,-0.9429036737296033,5.653524947329232,114.59014517953591,-0.9429036737296033,0.053869251732028126,0.31062623618953,1,camera_only,63.33333333333333,32.56855174522606,33.703181864639014,5.0,-2.1021357972290735,-0.9583506373745305
12.666666666666666,63.34713948433006,32.53958910822067,33.679958234901044,5.051439032916968,-2.2754173539729607,-0.9838907140321755,5.626953116491834,114.24915128775623,-0.9838907140321755,0.05180190594739395,0.30256752522631686,1,camera_only,63.33333333333333,32.56855174522606,33.703181864639014,5.0,-2.1021357972290735,-0.9583506373745305
12.666666666666666,63.33586248179915,32.526419788265166,33.66731482916086,4.99894902917233,-2.322059388118636,-1.0256255793761557,5.606546087145236,114.91531679965814,-1.0256255793761557,0.04869972826918017,0.2942123584245668,1,camera_only,63.33333333333333,32.56855174522606,33.703181864639014,5.0,-2.1021357972290735,-0.9583506373745305
12.7,63.49940057571432,32.46142067165097,33.63486684728629,4.982059829936785,-2.2698481123491954,-1.0261030121116648,5.570100357594069,114.49421604629889,-1.0261030121116648,0.05380900058420936,0.3105379914552144,1,camera_only,63.5,32.49888930369541,33.67104914953168,5.0,-2.0775724978325476,-0.969607864380394
12.7,63.488681976448234,32.45958647894213,33.64610466714892,4.928897963359463,-2.283326891428878,-0.9787785957351911,5.519567407487718,114.85607354708243,-0.9787785957351911,0.05173771410514272,0.3024725452178057,1,camera_only,63.5,32.49888930369541,33.67104914953168,5.0,-2.0775724978325476,-0.969607864380394
12.7,63.49453285700267,32.469012979900604,33.648916025848926,4.956099545808865,-2.2456647147474444,-0.973831543810067,5.527592658178428,114.3758174383537,-0.973831543810067,0.04863057259714853,0.2940890178020329,1,camera_only,63.5,32.49888930369541,33.67104914953168,5.0,-2.0775724978325476,-0.969607864380394
12.733333333333333,63.666052204328366,32.38514964626336,33.59185203224324,4.990224641945684,-2.2695108876045746,-1.0679293412884654,5.585113671539949,114.45562892397497,-1.0679293412884654,0.053749039970924166,0.3104489946992767,1,camera_only,63.66666666666666,32.43004944348244,33.638541635706034,5.0,-2.052781369199521,-0.9808385090968611
12.733333333333333,63.666796823707735,32.39211431673631,33.58136776313293,4.993832798896652,-2.2332788785623636,-1.1146013919479045,5.582852034193719,114.09454574883354,-1.1146013919479045,0.051673753151271075,0.30237790640343293,1,camera_only,63.66666666666666,32.43004944348244,33.638541635706034,5.0,-2.052781369199521,-0.9808385090968611
12.733333333333333,63.67374153312432,32.40030518860426,33.589447552590386,5.02611526481759,-2.204295884787077,-1.0877279966122686,5.5949894725134,113.6807431720264,-1.0877279966122686,0.04856119369177418,0.2939629339403696,1,camera_only,63.66666666666666,32.43004944348244,33.638541635706034,5.0,-2.052781369199521,-0.9808385090968611
12.766666666666666,63.845287772480006,32.309567972725006,33.551708007669966,5.048119573322047,-2.2777066386481595,-1.0832953327859545,5.643136320906566,114.28484996731751,-1.0832953327859545,0.05368737837236394,0.3103556056406487,1,camera_only,63.83333333333333,32.36203971365358,33.60566021437197,5.0,-2.027765129956618,-0.9920422636301347
12.766666666666666,63.85879952899122,32.30860919952801,33.54064250550119,5.115346127474774,-2.2766577992624635,-1.1284874382681704,5.711691574056045,113.99213774785954,-1.1284874382681704,0.051608459891669144,0.3022813381630444,1,camera_only,63.83333333333333,32.36203971365358,33.60566021437197,5.0,-2.027765129956618,-0.9920422636301347
12.766666666666666,63.84637601275603,32.29144011038213,33.530843888225384,5.057541712734869,-2.3422756937676463,-1.156253200318097,5.692267128738224,114.85004974960864,-1.156253200318097,0.048489842593183154,0.29383203817504483,1,camera_only,63.83333333333333,32.36203971365358,33.60566021437197,5.0,-2.027765129956618,-0.9920422636301347
12.8,64.012941938002,32.218756664990345,33.49703711804228,5.046551131532798,-2.321885907155287,-1.1403237561484472,5.670905638243137,114.70685662994867,-1.1403237561484472,0.053621568287657545,0.31025294906992446,1,camera_only,64.0,32.294867572242104,33.57240578699029,5.0,-2.0025265234163787,-1.0032188208236243
12.8,64.01685881282415,32.2231040245464,33.48712847251802,5.0660040900021315,-2.2975844930459415,-1.183358541389678,5.687145978439749,114.39571441708647,-1.183358541389678,0.05153747153780183,0.3021695769306349,1,camera_only,64.0,32.294867572242104,33.57240578699029,5.0,-2.0025265234163787,-1.0032188208236243
12.8,64.01705242752769,32.22592729345994,33.48389390486112,5.0668556576353065,-2.28349522509146,-1.1981870279749964,5.68533454181317,114.2598055599144,-1.1981870279749964,0.048413308138937794,0.2936896087168022,1,camera_only,64.0,32.294867572242104,33.57240578699029,5.0,-2.0025265234163787,-1.0032188208236243
12.833333333333334,64.18158031446657,32.16010032247377,33.456493465673724,5.043049341571578,-2.2466459183012617,-1.1535610762497719,5.640076923268315,114.01266346841498,-1.1535610762497719,0.05355320563273054,0.31014710310552784,1,camera_only,64.16666666666667,32.22854038543029,33.53877926524791,5.0,-1.9770683172764238,-1.0143678742663687
12.833333333333334,64.16202571351212,32.168247489450906,33.46290508762394,4.945622052029393,-2.2131207398238932,-1.1310334941097275,5.535008369944543,114.1080803081548,-1.1310334941097275,0.05146703961437162,0.302066264263291,1,camera_only,64.16666666666667,32.22854038543029,33.53877926524791,5.0,-1.9770683172764238,-1.0143678742663687
12.833333333333334,64.15072542489357,32.15443906836978,33.45191364280048,4.892984880995068,-2.263934931017671,-1.1658625556458364,5.5159711670915526,114.8295062438444,-1.1658625556458364,0.0483426873941819,0.29356829760328207,1,camera_only,64.16666666666667,32.22854038543029,33.53877926524791,5.0,-1.9770683172764238,-1.0143678742663687
12.866666666666667,64.31164117518965,32.089660661778744,33.412563796444346,4.880922889217052,-2.2174643227147794,-1.1742763638472697,5.48812183280275,114.43289241070825,-1.1742763638472697,0.0534902235066646,0.3100552822532252,1,camera_only,64.33333333333333,32.1630654267416,33.5047815710329,5.0,-1.9513933033159474,-1.0254891183014347
12.866666666666667,64.30673333057388,32.09624916045015,33.40789753211201,4.856403624403734,-2.1856086097386576,-1.1967955796789873,5.458375291020639,114.2299722162864,-1.1967955796789873,0.05140045200846724,0.3019678807545467,1,camera_only,64.33333333333333,32.1630654267416,33.5047815710329,5.0,-1.9513933033159474,-1.0254891183014347
12.866666666666667,64.32215557258303,32.11348668803817,33.42487881869586,4.928279989374049,-2.1242842335875207,-1.1402151030148695,5.486402978261477,113.31795954923439,-1.1402151030148695,0.048271957120532075,0.29344271262811494,1,camera_only,64.33333333333333,32.1630654267416,33.5047815710329,5.0,-1.9513933033159474,-1.0254891183014347
12.9,64.49130009988649,32.02871517189878,33.376420591826886,4.954877535786442,-2.1784274334605427,-1.1742523070335216,5.538522001226334,113.73284189398984,-1.1742523070335216,0.05342922858536655,0.309966505645688,1,camera_only,64.5,32.098449876243095,33.47041363640923,5.0,-1.9255042970895562,-1.0365822480343014
12.9,64.4732990601983,32.04176380393494,33.375324036905496,4.865017957297173,-2.119245760545196,-1.1851934075823762,5.437305006323396,113.53837626975775,-1.1851934075823762,0.05133694405881768,0.301880732481792,1,camera_only,64.5,32.098449876243095,33.47041363640923,5.0,-1.9255042970895562,-1.0365822480343014
12.9,64.47427808848447,32.045595227543004,33.37263412083404,4.869544803226845,-2.1012291418614533,-1.1985332704342935,5.437289076146247,113.34040166628975,-1.1985332704342935,0.04820666912452676,0.29333172199052127,1,camera_only,64.5,32.098449876243095,33.47041363640923,5.0,-1.9255042970895562,-1.0365822480343014
12.933333333333334,64.63519995455529,31.98049353707586,33.33485087047328,4.861861420391653,-2.081135901849767,-1.1926952624073086,5.421378524142142,113.1735065313449,-1.1926952624073086,0.053371172133554697,0.30988309279840165,1,camera_only,64.66666666666667,32.03470081975804,33.43567640359119,5.0,-1.8994041376185276,-1.0476469593412123
12.933333333333334,64.62348804887499,31.98153380791186,33.34468910198104,4.803452859063578,-2.081220800146397,-1.152489501030564,5.360305162786327,113.42592670747094,-1.152489501030564,0.051276637320413265,0.3017973991780477,1,camera_only,64.66666666666667,32.03470081975804,33.43567640359119,5.0,-1.8994041376185276,-1.0476469593412123
12.933333333333334,64.63089210802457,31.987879433909427,33.35606755875549,4.837932396254126,-2.061994456326827,-1.11102838359241,5.375108843344078,113.08438110027257,-1.11102838359241,0.04814408558365679,0.2932243546835177,1,camera_only,64.66666666666667,32.03470081975804,33.43567640359119,5.0,-1.8994041376185276,-1.0476469593412123
12.966666666666667,64.79206252665035,31.922534136465032,33.314536622289154,4.837417167491897,-2.044586062572678,-1.1313236408792873,5.372227675743475,112.9118695124867,-1.1313236408792873,0.05331704322537577,0.30980564102210945,1,camera_only,64.83333333333333,31.971825248088855,33.400570824917565,5.0,-1.8730956870794726,-1.058682948877517
12.966666666666667,64.80474897579437,31.919271386069315,33.30643298786968,4.90075982784163,-2.055302223365222,-1.1632502222307355,5.440116285436939,112.75241678766015,-1.1632502222307355,0.0512199984985591,0.3017197091045354,1,camera_only,64.83333333333333,31.971825248088855,33.400570824917565,5.0,-1.8730956870794726,-1.058682948877517
12.966666666666667,64.8149244037053,31.93012093787707,33.317954818041365,4.948219543332143,-2.017087935778977,-1.1242100871402854,5.460528244566382,112.17773190457,-1.1242100871402854,0.0480838757258564,0.2931175323995707,1,camera_only,64.83333333333333,31.971825248088855,33.400570824917565,5.0,-1.8730956870794726,-1.058682948877517
13.0,64.97743315766157,31.864471760105722,33.292902507536304,4.934994212042972,-2.0176347424796286,-1.0746436883720045,5.4387385379255235,112.23682400336695,-1.0746436883720045,0.05326479460938878,0.3097291099242329,1,camera_only,65.0,31.909830056250527,33.36509786282552,5.0,-1.846581830490457,-1.0696899140859892
13.0,64.98818941993835,31.855288568803438,33.295224483184974,4.9887498322619885,-2.0601320814795954,-1.060526571474743,5.500589576658073,112.4384510223332,-1.060526571474743,0.05116506458781044,0.30164524601471854,1,camera_only,65.0,31.909830056250527,33.36509786282552,5.0,-1.846581830490457,-1.0696899140859892
13.0,64.99794524766614,31.86572566416619,33.3063780392277,5.034238339989629,-2.0233477978574808,-1.022654322785777,5.521169607866497,111.89605096709926,-1.022654322785777,0.04802624838279772,0.29301530306277646,1,camera_only,65.0,31.909830056250527,33.36509786282552,5.0,-1.846581830490457,-1.0696899140859892
13.033333333333333,65.15853097237697,31.816444706079416,33.29202821821106,4.994680123690498,-1.956189439093489,-0.9531873335061951,5.448125618262346,111.38802334009002,-0.9531873335061951,0.05321542002495678,0.30965715534291716,1,camera_only,65.16666666666666,31.848722042714463,33.329258489824234,5.0,-1.8198654753946448,-1.0806675532051158
13.033333333333333,65.14764931893336,31.813794292819164,33.306573126991346,4.940374376724554,-1.9752047831090505,-0.8916077391597237,5.394784266116941,111.79196125903371,-0.8916077391597237,0.05111413244642515,0.30157897472797185,1,camera_only,65.16666666666666,31.848722042714463,33.329258489824234,5.0,-1.8198654753946448,-1.0806675532051158
13.033333333333333,65.14268213375459,31.816753055787856,33.288680295469675,4.917202326831624,-1.9506598311381753,-0.9655244806685066,5.377377615770027,111.63828468800186,-0.9655244806685066,0.047976232847088074,0.2929311606106459,1,camera_only,65.16666666666666,31.848722042714463,33.329258489824234,5.0,-1.8198654753946448,-1.0806675532051158
13.066666666666666,65.30578504006085,31.755465483599504,33.25693199076426,4.912729271766298,-1.9346782922066592,-0.9659842907794878,5.3675892765782525,111.49497970207696,-0.9659842907794878,0.05317303827110305,0.30959753016321745,1,camera_only,65.33333333333333,31.788507908662964,33.29305368846822,5.0,-1.7929495515414333,-1.0916155652773767
13.066666666666666,65.316334070957,31.754891194329367,33.24755963681141,4.965380679974824,-1.9327627795992124,-1.0045976529238527,5.422157661257318,111.26835870643941,-1.0045976529238527,0.05106737935174654,0.3015131652633768,1,camera_only,65.33333333333333,31.788507908662964,33.29305368846822,5.0,-1.7929495515414333,-1.0916155652773767
13.066666666666666,65.32031840454022,31.75320177203932,33.26107006673688,4.983945878810759,-1.9489696079123113,-0.9491198668365973,5.434981837789758,111.35795902234058,-0.9491198668365973,0.04792406383817777,0.29283265061737546,1,camera_only,65.33333333333333,31.788507908662964,33.29305368846822,5.0,-1.7929495515414333,-1.0916155652773767
13.1,65.48081463663668,31.7028770177217,33.243683027294786,4.953104529669059,-1.8936757163627451,-0.8997908748378549,5.378557038742972,110.92290343660338,-0.8997908748378549,0.05312778336776144,0.30952657034379916,1,camera_only,65.5,31.729194257254385,33.2564844513304,5.0,-1.7658370105651904,-1.10253365015749
13.1,65.47583636991595,31.716798705089587,33.22865649616184,4.928197318209946,-1.8234674805200302,-0.9688745622311421,5.343302384954866,110.30482623309781,-0.9688745622311421,0.0510196659618976,0.301445346246309,1,camera_only,65.5,31.729194257254385,33.2564844513304,5.0,-1.7658370105651904,-1.10253365015749
13.1,65.46875581688774,31.715910825729154,33.21182064967611,4.895085734420347,-1.8159493962956548,-1.035999655753579,5.322859367290636,110.35354290359422,-1.035999655753579,0.047875690388263545,0.2927441650591788,1,camera_only,65.5,31.729194257254385,33.2564844513304,5.0,-1.7658370105651904,-1.10253365015749
13.133333333333333,65.63280380383027,31.655302091636162,33.172686472285946,4.899818946833155,-1.8135574919268207,-1.0547083966336523,5.330068131853344,110.31089647394919,-1.0547083966336523,0.053086051018828344,0.3094627401399329,1,camera_only,65.66666666666666,31.670787592899003,33.21955178097488,5.0,-1.7385308256615641,-1.1134215085206431
13.133333333333333,65.64226481918408,31.64127824374967,33.18261612644096,4.947179429947113,-1.8817013680848145,-1.0066507469549335,5.387831667478952,110.82473377894271,-1.0066507469549335,0.050973393575484284,0.30137711116988986,1,camera_only,65.66666666666666,31.670787592899003,33.21955178097488,5.0,-1.7385308256615641,-1.1134215085206431
13.133333333333333,65.64861453708097,31.647063035668623,33.19095260637453,4.9768205171907605,-1.8626370387944786,-0.9769435393255647,5.403015628114537,110.51898767719027,-0.9769435393255647,0.04782262339240726,0.29264016139500254,1,camera_only,65.66666666666666,31.670787592899003,33.21955178097488,5.0,-1.7385308256615641,-1.1134215085206431
13.166666666666666,65.8160402909533,31.58148058780524,33.15465818931427,4.985130004449168,-1.8756919020239877,-0.9900857831781791,5.417565055505035,110.61917917439943,-0.9900857831781791,0.05303942346059438,0.3093871815576387,1,camera_only,65.83333333333333,31.61329432054576,33.18225668992948,5.0,-1.7110339912614427,-1.1242788418706995
13.166666666666666,65.81168410928323,31.581458119666493,33.15913380570402,4.963356913121947,-1.8779733845901014,-0.9714977930544546,5.394951699707227,110.72501805900974,-0.9714977930544546,0.050922602191112595,0.30129967319867096,1,camera_only,65.83333333333333,31.61329432054576,33.18225668992948,5.0,-1.7110339912614427,-1.1242788418706995
13.166666666666666,65.81353287049349,31.585605265031813,33.1577828822838,4.972005976537216,-1.8594020059273952,-0.9796973293567652,5.397964996877748,110.50450044003748,-0.9796973293567652,0.04776875961420121,0.2925359188440608,1,camera_only,65.83333333333333,31.61329432054576,33.18225668992948,5.0,-1.7110339912614427,-1.1242788418706995
13.2,65.98414118088465,31.514837426821018,33.10716594239549,4.998703949921839,-1.8871216064355527,-1.0477273240393745,5.444814200868456,110.68263392007732,-1.0477273240393745,0.05299169583123859,0.30931064887872245,1,camera_only,65.99999999999999,31.556720744979852,33.144600200657955,5.0,-1.6833495227025816,-1.1351053525483796
13.2,65.98602831919028,31.523129998195913,33.09275210613171,5.008189637038134,-1.8424938385530871,-1.1115400657654007,5.450896100958447,110.19837604985585,-1.1115400657654007,0.05087027866791352,0.3012195714478411,1,camera_only,65.99999999999999,31.556720744979852,33.144600200657955,5.0,-1.6833495227025816,-1.1351053525483796
13.2,65.9870839319697,31.52370421692357,33.09447039766752,5.013137658682005,-1.8411999058433703,-1.1050082792455156,5.453678536123528,110.1670193223205,-1.1050082792455156,0.04771168346461151,0.29242500924516796,1,camera_only,65.99999999999999,31.556720744979852,33.144600200657955,5.0,-1.6833495227025816,-1.1351053525483796
13.233333333333333,66.1498674239283,31.469925985442206,33.073391128945275,4.989505385500122,-1.8173278846551495,-1.0452245237579427,5.412054964368424,110.01314477409076,-1.0452245237579427,0.05294011868450164,0.30922787526067186,1,camera_only,66.16666666666666,31.501073070131362,33.10658334553198,5.0,-1.6554804558989284,-1.145900743739426
13.233333333333333,66.14270736100804,31.47379397786457,33.07534842853555,4.953689287031537,-1.8007829392684827,-1.0389749157934667,5.3722737851360005,109.97739974872839,-1.0389749157934667,0.050816548133136206,0.30114160182972494,1,camera_only,66.16666666666666,31.501073070131362,33.10658334553198,5.0,-1.6554804558989284,-1.145900743739426
13.233333333333333,66.15209796517615,31.486663983838508,33.08061667345416,4.997608753804749,-1.7493438698434178,-1.0263073953195372,5.393477922523849,109.29189285815916,-1.0263073953195372,0.047657471919013344,0.29232707727022544,1,camera_only,66.16666666666666,31.501073070131362,33.10658334553198,5.0,-1.6554804558989284,-1.145900743739426
13.266666666666666,66.32144679198775,31.421079745379604,33.039413529434924,5.012749245364889,-1.7770385251706933,-1.0505531776410666,5.421179105683453,109.51960879567645,-1.0505531776410666,0.052893766987884894,0.30916044869406917,1,camera_only,66.33333333333333,31.446357398394934,33.06820716680284,5.0,-1.627429847007717,-1.1566647194827353
13.266666666666666,66.32125871337142,31.43248958955254,33.0243779548785,5.011724800110948,-1.7181448901111753,-1.1186525770736995,5.414867581359299,108.92299989834743,-1.1186525770736995,0.05076725742183202,0.30107637644003354,1,camera_only,66.33333333333333,31.446357398394934,33.06820716680284,5.0,-1.627429847007717,-1.1566647194827353
13.266666666666666,66.32001507970922,31.43000135471173,33.02557188176725,5.00583564714788,-1.7295376697739246,-1.1121608519030584,5.41170886485306,109.06025053486555,-1.1121608519030584,0.047606154244090086,0.2922363697048947,1,camera_only,66.33333333333333,31.446357398394934,33.06820716680284,5.0,-1.627429847007717,-1.1566647194827353
13.299999999999999,66.48323400058375,31.37823876863284,33.003380861653746,4.985824465569046,-1.712563405320922,-1.0548758499297712,5.376251675421855,108.95690482985236,-1.0548758499297712,0.05284827722294151,0.30909444815044906,1,camera_only,66.49999999999999,31.392579729960566,33.02947271657287,5.0,-1.5992007720943158,-1.1673969846784737
13.299999999999999,66.49892748356214,31.363273175550336,33.00663140511062,5.064480027520078,-1.7817646991637066,-1.0339735290791299,5.467425779210181,109.38268369956695,-1.0339735290791299,0.05071907534861387,0.3010128406129187,1,camera_only,66.49999999999999,31.392579729960566,33.02947271657287,5.0,-1.5992007720943158,-1.1673969846784737
13.299999999999999,66.50532364950988,31.373573272475237,33.00686427821409,5.094514371490596,-1.7379033787213716,-1.0399129801039797,5.482317378744514,108.83616634724187,-1.0399129801039797,0.04755433145942458,0.29214279757730366,1,camera_only,66.49999999999999,31.392579729960566,33.02947271657287,5.0,-1.5992007720943158,-1.1673969846784737
13.333333333333334,66.66831385282217,31.333379571218266,32.99055482707272,5.057018144769374,-1.670985328952491,-0.9753859597414645,5.414517730745917,108.28505190068005,-0.9753859597414645,0.05280334458981028,0.30902910584447085,1,camera_only,66.66666666666667,31.33974596215561,32.99038105676658,5.0,-1.5707963267948954,-1.1780972450961729
13.333333333333334,66.66901261702421,31.327827040835484,32.99750539044034,5.060519285127021,-1.6995349171620935,-0.9437718269376825,5.42106812640433,108.56421372361484,-0.9437718269376825,0.0506719304091037,0.30095351009390287,1,camera_only,66.66666666666667,31.33974596215561,32.99038105676658,5.0,-1.5707963267948954,-1.1780972450961729
13.333333333333334,66.6576504968161,31.30906916664313,32.99716728670626,5.007204588122104,-1.7795865722405848,-0.9326409429006851,5.395261373074034,109.56547781900137,-0.9326409429006851,0.04750840765295566,0.29206561291746314,1,camera_only,66.66666666666667,31.33974596215561,32.99038105676658,5.0,-1.5707963267948954,-1.1780972450961729
13.366666666666667,66.82494602500536,31.247456245359896,32.967280574701554,5.009294979046621,-1.7903752807307431,-0.9263876265978217,5.399692016001183,109.66742967431637,-0.9263876265978217,0.05276345642236233,0.3089739583618785,1,camera_only,66.83333333333333,31.287861888798105,32.950933259101575,5.0,-1.542219625976981,-1.1887652073827841
13.366666666666667,66.83294676259682,31.25170314203833,32.95265459366829,5.04938191079049,-1.7639286430140544,-0.9892877940031756,5.43933748521153,109.25612403122985,-0.9892877940031756,0.05062602115368392,0.30088828169029,1,camera_only,66.83333333333333,31.287861888798105,32.950933259101575,5.0,-1.542219625976981,-1.1887652073827841
13.366666666666667,66.83862482056647,31.25535765705635,32.96188793876102,5.075922394439752,-1.7543811452960676,-0.954446875788073,5.454705326234126,109.06658510031194,-0.954446875788073,0.047456268304586706,0.2919651162849094,1,camera_only,66.83333333333333,31.287861888798105,32.950933259101575,5.0,-1.542219625976981,-1.1887652073827841
13.4,67.0065785474145,31.201781078181796,32.93190664094647,5.069019700870571,-1.7339395487321245,-0.9498441708609957,5.440929243740443,108.88407602038767,-0.9498441708609957,0.05271743016705473,0.3089018498700235,1,camera_only,67.0,31.236933199561363,32.911130405059154,5.0,-1.51347380339784,-1.1994005790707356
13.4,66.99899306639371,31.2046062492615,32.93745172887897,5.030904893299841,-1.7240223038135936,-0.9282588539258543,5.398511040033794,108.9158862318146,-0.9282588539258543,0.05057730514833195,0.3008216172537739,1,camera_only,67.0,31.236933199561363,32.911130405059154,5.0,-1.51347380339784,-1.1994005790707356
13.4,67.01411032098807,31.22004136537324,32.951667415482525,5.101810752152087,-1.6672842991381251,-0.8811622528850823,5.439187145230128,108.09751922087041,-0.8811622528850823,0.047407299426223265,0.2918774120865581,1,camera_only,67.0,31.236933199561363,32.911130405059154,5.0,-1.51347380339784,-1.1994005790707356
13.433333333333334,67.18634455393519,31.163659115852695,32.90940401015949,5.113795988111382,-1.6632064862578173,-0.9334195351933734,5.457878457114518,108.0165522183804,-0.9334195351933734,0.05267604688100255,0.30884321440972295,1,camera_only,67.16666666666666,31.18696547935008,32.87097358585467,5.0,-1.4845620113608595,-1.2100030685859378
13.433333333333334,67.17982719145495,31.169460435472622,32.90905393839329,5.08109656470961,-1.6368084857385141,-0.9377582592660693,5.419970006532429,107.85566303677501,-0.9377582592660693,0.05053381058744867,0.30076960047828044,1,camera_only,67.16666666666666,31.18696547935008,32.87097358585467,5.0,-1.4845620113608595,-1.2100030685859378
13.433333333333334,67.17693241712885,31.166733665567858,32.905595353285506,5.067556777561471,-1.6462392304459732,-0.9499233090654586,5.412262890028017,107.99683192436338,-0.9499233090654586,0.047363601641596795,0.2918029828047948,1,camera_only,67.16666666666666,31.18696547935008,32.87097358585467,5.0,-1.4845620113608595,-1.2100030685859378
13.466666666666667,67.33828179105784,31.136685953918537,32.88742530199259,5.025986041025171,-1.5449307210544068,-0.9092636635703749,5.336113475866774,107.08683045404271,-0.9092636635703749,0.05263773773244039,0.30878996383105717,1,camera_only,67.33333333333333,31.137964207687855,32.8304639024076,5.0,-1.4554874203698374,-1.2205723852557873
13.466666666666667,67.3340373484739,31.138319928308057,32.88947498924595,5.00474783922121,-1.5384955858398035,-0.9014965518905419,5.312924395745574,107.08780579220782,-0.9014965518905419,0.05049379718140828,0.30072216719958855,1,camera_only,67.33333333333333,31.137964207687855,32.8304639024076,5.0,-1.4554874203698374,-1.2205723852557873
13.466666666666667,67.34059248043087,31.150931102143097,32.88682939349014,5.035587081842369,-1.4825587263215758,-0.9205635012106902,5.329404731822428,106.40528623262755,-0.9205635012106902,0.047324340916233575,0.2917373987025438,1,camera_only,67.33333333333333,31.137964207687855,32.8304639024076,5.0,-1.4554874203698374,-1.2205723852557873
13.5,67.50913143679615,31.098762980359076,32.85567486147687,5.039345103097573,-1.494394510253599,-0.9208742060236196,5.336311771599296,106.51748016045357,-0.9208742060236196,0.05260580863931337,0.3087486830013678,1,camera_only,67.5,31.08993475811632,32.78960246531138,5.0,-1.4262532187813195,-1.2311082393171269
13.5,67.50037908431145,31.103826289080235,32.85927597113687,4.995396018903393,-1.4733209145051371,-0.9084255191568789,5.2867658191610465,106.43267308044022,-0.9084255191568789,0.05045857399155121,0.30068311569045236,1,camera_only,67.5,31.08993475811632,32.78960246531138,5.0,-1.4262532187813195,-1.2311082393171269
13.5,67.50710386332166,31.103753017572274,32.87541838274458,5.02689453624625,-1.4843323741414411,-0.8431776911499438,5.308847322566332,106.45072174527219,-0.8431776911499438,0.04728784111109821,0.2916741670680945,1,camera_only,67.5,31.08993475811632,32.78960246531138,5.0,-1.4262532187813195,-1.2311082393171269
13.533333333333333,67.67512173647111,31.051528975024784,32.848648978229946,5.029342786238596,-1.497233272349633,-0.8361037011911964,5.313667822932349,106.57824676565427,-0.8361037011911964,0.05257539730204022,0.3087067773209592,1,camera_only,67.66666666666666,31.042882397605872,32.74839039480296,5.0,-1.3968626124549492,-1.2416103419241957
13.533333333333333,67.68433176299523,31.052923784076242,32.83589358990906,5.075601121222476,-1.4845123801502984,-0.8898716590321779,5.36259035524093,106.30314826313924,-0.8898716590321779,0.05042511019136041,0.30064329708710463,1,camera_only,67.66666666666666,31.042882397605872,32.74839039480296,5.0,-1.3968626124549492,-1.2416103419241957
13.533333333333333,67.67028916229174,31.03925773555392,32.82152751760202,5.0097224268527345,-1.5338673417561457,-0.9388710186334067,5.322738637754727,107.02344143037489,-0.9388710186334067,0.0472511071620543,0.291604206795699,1,camera_only,67.66666666666666,31.042882397605872,32.74839039480296,5.0,-1.3968626124549492,-1.2416103419241957
13.566666666666666,67.83836681477487,30.985802797146814,32.78603707010121,5.0157471718731514,-1.5416479918649975,-0.9546881850651397,5.333463016997293,107.08541708722441,-0.9546881850651397,0.0525422143281477,0.30865416297803777,1,camera_only,67.83333333333333,30.996812285978063,32.706828820732056,5.0,-1.3673188244019125,-1.252078405156546
13.566666666666666,67.82884099092728,30.99396446873995,32.786273458674856,4.967940788140436,-1.5048283186443774,-0.9577535457348666,5.2784690770555045,106.85197317390431,-0.9577535457348666,0.05038547016543923,0.30058308308704407,1,camera_only,67.83333333333333,30.996812285978063,32.706828820732056,5.0,-1.3673188244019125,-1.252078405156546
13.566666666666666,67.82846935447897,31.004205530137025,32.76985302424763,4.966412572750813,-1.449903075673116,-1.0309378418295079,5.275443640618275,106.27472799198652,-1.0309378418295079,0.04720701769516165,0.291514703040629,1,camera_only,67.83333333333333,30.996812285978063,32.706828820732056,5.0,-1.3673188244019125,-1.252078405156546
13.6,67.9998025225902,30.94356214979102,32.715130593625766,4.998285317209121,-1.4922664545175832,-1.107167871538133,5.332498099322028,106.62329331819713,-1.107167871538133,0.05250282941713799,0.3085888370835831,1,camera_only,68.0,30.951729475339807,32.66491888253023,5.0,-1.3376250944314998,-1.2625121420269345
13.6,68.00609886304504,30.941444457912763,32.70994412258695,5.02995925939872,-1.4991833195723627,-1.1276665571656712,5.36839572321609,106.59672912967298,-1.1276665571656712,0.05034171166464742,0.30051785486548405,1,camera_only,68.0,30.951729475339807,32.66491888253023,5.0,-1.3376250944314998,-1.2625121420269345
13.6,68.00041325410145,30.929520024486987,32.71413266449883,5.0031065397148335,-1.5533357664620138,-1.102809920521447,5.353514431838956,107.24822321729431,-1.102809920521447,0.04715906165713301,0.2914186545622824,1,camera_only,68.0,30.951729475339807,32.66491888253023,5.0,-1.3376250944314998,-1.2625121420269345
13.633333333333333,68.16861938639246,30.88030810529367,32.66442756063795,5.011086095551741,-1.5343907834920738,-1.1573752926385061,5.367015604738586,107.02454865216666,-1.1573752926385061,0.05245830804076745,0.3085155707904241,1,camera_only,68.16666666666666,30.907638909529314,32.62266172917959,5.0,-1.3077846787958154,-1.2729112664891973
13.633333333333333,68.17840427735166,30.872844049884666,32.66172906040975,5.0603079839586265,-1.5667188299619113,-1.1648265839839438,5.423849717260642,107.20301541895752,-1.1648265839839438,0.0502923901967059,0.3004429852041519,1,camera_only,68.16666666666666,30.907638909529314,32.62266172917959,5.0,-1.3077846787958154,-1.2729112664891973
13.633333333333333,68.18032791339044,30.86947240596772,32.67134975322007,5.069243745392138,-1.5875949477435023,-1.123674883956644,5.42957964423886,107.38960720812334,-1.123674883956644,0.04710593962707717,0.29131375198978243,1,camera_only,68.16666666666666,30.907638909529314,32.62266172917959,5.0,-1.3077846787958154,-1.2729112664891973
13.666666666666666,68.35243626895439,30.802985887403622,32.63220983492878,5.086438476328632,-1.6465573349241367,-1.1226662387702804,5.462910114064061,107.93755432183339,-1.1226662387702804,0.05240985188015911,0.3084381665376084,1,camera_only,68.33333333333333,30.86454542357399,32.580058519181364,5.0,-1.2778008498327074,-1.2832754934460824
13.666666666666666,68.35654877350174,30.809785735314257,32.617478170701,5.107229992508077,-1.608249267122769,-1.1873748219098355,5.484534881763484,107.47903661448979,-1.1873748219098355,0.05023915705397773,0.3003646795187891,1,camera_only,68.33333333333333,30.86454542357399,32.580058519181364,5.0,-1.2778008498327074,-1.2832754934460824
13.666666666666666,68.35558887317833,30.81852455205929,32.602329356665294,5.102913717567402,-1.5605538043457816,-1.2544718595111437,5.48167458278043,107.00448215495224,-1.2544718595111437,0.047050487492810725,0.29120840293464006,1,camera_only,68.33333333333333,30.86454542357399,32.580058519181364,5.0,-1.2778008498327074,-1.2832754934460824
13.7,68.52369172713104,30.76710913051522,32.57258292678477,5.091881713477131,-1.564975296274592,-1.2052900709232455,5.4616051868529185,107.08466112609018,-1.2052900709232455,0.0523589030094536,0.30835977153221156,1,camera_only,68.5,30.82245374316019,32.53711042052406,5.0,-1.2476768956069109,-1.293604538757072
13.7,68.51476683861131,30.78921542925286,32.55282860986017,5.047289452111041,-1.4547316139070121,-1.2985516656448874,5.410878977600681,106.07805885709656,-1.2985516656448874,0.050185619522474634,0.3002928834931381,1,camera_only,68.5,30.82245374316019,32.53711042052406,5.0,-1.2476768956069109,-1.293604538757072
13.7,68.52109508956154,30.79738063542005,32.55528483565867,5.07715936297084,-1.4210791884040097,-1.2940442596759432,5.428771850309951,105.63674786946109,-1.2940442596759432,0.04699973738839101,0.29112329520896363,1,camera_only,68.5,30.82245374316019,32.53711042052406,5.0,-1.2476768956069109,-1.293604538757072
13.733333333333333,68.6915022321922,30.747735817246326,32.50806555453004,5.083565680546987,-1.428759101580272,-1.3094968295757083,5.440475580815748,105.69825801862183,-1.3094968295757083,0.05231469842296341,0.3083016171796383,1,camera_only,68.66666666666667,30.781368484114996,32.493818610651495,5.0,-1.2174161195494677,-1.3038981192461727
13.733333333333333,68.69275074819122,30.733542048592255,32.5265946407207,5.089599136072138,-1.5025842126974402,-1.2252419987657543,5.4463746325141225,106.44799365066304,-1.2252419987657543,0.050139414264951304,0.300242333219316,1,camera_only,68.66666666666667,30.781368484114996,32.493818610651495,5.0,-1.2174161195494677,-1.3038981192461727
13.733333333333333,68.69597474685712,30.742679244767498,32.52074174221355,5.104917003378932,-1.4592175122350084,-1.2550116180474147,5.455689463379917,105.9523458606981,-1.2550116180474147,0.046952480154852184,0.29104626337894773,1,camera_only,68.66666666666667,30.781368484114996,32.493818610651495,5.0,-1.2174161195494677,-1.3038981192461727
13.766666666666666,68.85974703210792,30.718484536003544,32.48593765395255,5.06994789115112,-1.355062539509064,-1.2403476691803628,5.3924974219196065,104.96387106620726,-1.2403476691803628,0.05227295959827411,0.3082473242314651,1,camera_only,68.83333333333333,30.741294151900057,32.45018427643052,5.0,-1.1870218400954862,-1.314155952709674
13.766666666666666,68.85039791204031,30.731927320602928,32.48016272978739,5.02298256085021,-1.2912684040541746,-1.2711911573143875,5.339817867338571,104.41696751623297,-1.2711911573143875,0.05009596592549078,0.300195694013286,1,camera_only,68.83333333333333,30.741294151900057,32.45018427643052,5.0,-1.1870218400954862,-1.314155952709674
13.766666666666666,68.84922282184752,30.72705416484829,32.48446890449704,5.017366063701642,-1.315194134723572,-1.2505101856051055,5.3354918754973575,104.68838344642323,-1.2505101856051055,0.04691404162978366,0.2909906538188307,1,camera_only,68.83333333333333,30.741294151900057,32.45018427643052,5.0,-1.1870218400954862,-1.314155952709674
13.799999999999999,69.01160087376867,30.70094660195509,32.44989888210406,4.990686414170093,-1.2407863647849948,-1.2315770323484998,5.288032117359599,103.96182286677458,-1.2315770323484998,0.052241029533369045,0.3082121639604547,1,camera_only,69.0,30.70223514111749,32.40620861411843,5.0,-1.156497390320215,-1.3243777579238913
13.799999999999999,69.01070333802281,30.70718795542984,32.443113463261966,4.98620510835525,-1.2090792754652178,-1.2630471441436704,5.283881354201377,103.63027546330481,-1.2630471441436704,0.05006216921399697,0.30016638459344047,1,camera_only,69.0,30.70223514111749,32.40620861411843,5.0,-1.156497390320215,-1.3243777579238913
13.799999999999999,68.9934143345416,30.698002328502795,32.41823035458911,4.904728510639642,-1.2325024220089653,-1.3577822844765808,5.236315184877412,104.10571136516069,-1.3577822844765808,0.04688087095224323,0.29094047028877973,1,camera_only,69.0,30.70223514111749,32.40620861411843,5.0,-1.156497390320215,-1.3243777579238913
13.833333333333334,69.16031683404952,30.64417554886084,32.36859701660919,4.923392063427874,-1.2864401811193653,-1.368371736625513,5.269455281091066,104.6435029332562,-1.368371736625513,0.05221229188114078,0.30817668273153614,1,camera_only,69.16666666666667,30.664195735027985,32.36189282933024,5.0,-1.1258461175735544,-1.3345632546528705
13.833333333333334,69.16080319614342,30.65502765288723,32.352799463943775,4.926062290477069,-1.2291169787369698,-1.4397049825789334,5.277269054534011,104.00998313393622,-1.4397049825789334,0.05002650919942523,0.30012094734262057,1,camera_only,69.16666666666667,30.664195735027985,32.36189282933024,5.0,-1.1258461175735544,-1.3345632546528705
13.833333333333334,69.16323033435776,30.658793972342647,32.3526832174924,4.9375663373272465,-1.2127222281655148,-1.442683082342552,5.285034627537585,103.79933914822576,-1.442683082342552,0.04683948125012078,0.2908601208761661,1,camera_only,69.16666666666667,30.664195735027985,32.36189282933024,5.0,-1.1258461175735544,-1.3345632546528705
13.866666666666667,69.32815024252976,30.615417855380294,32.30650986119301,4.939361137925012,-1.2269371243014426,-1.4330808809198705,5.287379688379778,103.94992834317225,-1.4330808809198705,0.052175287092173776,0.30811806720461304,1,camera_only,69.33333333333334,30.627180105081088,32.31723813700556,5.0,-1.0950713831129693,-1.3447121636560737
13.866666666666667,69.31690815548653,30.616991661724278,32.320082222393914,4.882608959526824,-1.2268930324367213,-1.37727113459192,5.219388138745144,104.10514846125486,-1.37727113459192,0.04998647896878412,0.30006759444067,1,camera_only,69.33333333333334,30.627180105081088,32.31723813700556,5.0,-1.0950713831129693,-1.3447121636560737
13.866666666666667,69.30826939360841,30.607126235585593,32.31502525932872,4.84177217931377,-1.2663724413478392,-1.3912418311774901,5.194421125534605,104.65744662567471,-1.3912418311774901,0.04679960894985385,0.2907861610426182,1,camera_only,69.33333333333334,30.627180105081088,32.31723813700556,5.0,-1.0950713831129693,-1.3447121636560737
13.9,69.47227510778832,30.55679750557846,32.26234298060882,4.856150116103502,-1.2986855280741425,-1.4125024970355664,5.221488423341852,104.97229995773631,-1.4125024970355664,0.05213938415895028,0.3080628118311304,1,camera_only,69.5,30.591192310457746,32.27224576137535,5.0,-1.0641765617348926,-1.3548242066960334
13.9,69.46892571841578,30.568333619657263,32.25086488602473,4.839498346446172,-1.2404840100329084,-1.4662212209904433,5.206663950485499,104.37680652751992,-1.4662212209904433,0.04994571606465111,0.3000084856994143,1,camera_only,69.5,30.591192310457746,32.27224576137535,5.0,-1.0641765617348926,-1.3548242066960334
13.9,69.47553698304725,30.572993968173677,32.258269745517865,4.870744405195839,-1.2251262501282063,-1.4392731225049067,5.224614101602604,104.11858588537581,-1.4392731225049067,0.046755868308233306,0.2906995768452964,1,camera_only,69.5,30.591192310457746,32.27224576137535,5.0,-1.0641765617348926,-1.3548242066960334
13.933333333333334,69.63676299482186,30.535501337933095,32.213133609396216,4.864527641669935,-1.2119408311533892,-1.4295117220624507,5.2130541449616254,103.98977409130742,-1.4295117220624507,0.05210013375824574,0.3079997783999895,1,camera_only,69.66666666666667,30.55623629762519,32.226916935928315,5.0,-1.0331650414046447,-1.3648991065459815
13.933333333333334,69.63991852362882,30.542670032709385,32.19861615377742,4.880649669143966,-1.171905705465352,-1.4937459005355946,5.236924764667165,103.50183574494002,-1.4937459005355946,0.04990481680385878,0.29995498570085755,1,camera_only,69.66666666666667,30.55623629762519,32.226916935928315,5.0,-1.0331650414046447,-1.3648991065459815
13.933333333333334,69.64962070148876,30.55616652815165,32.19976427922634,4.92671619354435,-1.1140944724964337,-1.4980821757310254,5.2685851184755705,102.74217161633163,-1.4980821757310254,0.046716413307171564,0.29062802329632625,1,camera_only,69.66666666666667,30.55623629762519,32.226916935928315,5.0,-1.0331650414046447,-1.3648991065459815
13.966666666666667,69.81454325003119,30.518242249407372,32.14643124244734,4.930569592522892,-1.1156083356957043,-1.5116363581640346,5.276375929054764,102.74927417694397,-1.5116363581640346,0.05206595507646984,0.3079509882473777,1,camera_only,69.83333333333334,30.522315899904143,32.18125290337709,5.0,-1.0020402228848924,-1.3749365869974504
13.966666666666667,69.817491562165,30.5181654524793,32.14222963814147,4.945482022923375,-1.1137465904899673,-1.5291424545885532,5.29495047694607,102.69155507379485,-1.5291424545885532,0.04986809810274993,0.299914082338071,1,camera_only,69.83333333333334,30.522315899904143,32.18125290337709,5.0,-1.0020402228848924,-1.3749365869974504
13.966666666666667,69.83083090324484,30.525344381859117,32.1600350977603,5.0085269124850065,-1.0942218732101314,-1.4615778609199366,5.330935488676389,102.32387443424768,-1.4615778609199366,0.046680492383529004,0.29056610846898673,1,camera_only,69.83333333333334,30.522315899904143,32.18125290337709,5.0,-1.0020402228848924,-1.3749365869974504
14.0,69.99915477680749,30.483334793042594,32.10978848961482,5.0160334895812015,-1.1179138409868539,-1.4646673888382926,5.343741562276055,102.56406735603186,-1.4646673888382926,0.05203545190127576,0.3079104311214379,1,camera_only,70.0,30.489434837048464,32.135254915624216,5.0,-0.9708055193627337,-1.3849363728678423
14.0,69.99892676550948,30.481355122542222,32.11386789389543,5.014731554486573,-1.1290883732292143,-1.4466813349811556,5.339968164990085,102.68879796039978,-1.4466813349811556,0.04983458348738322,0.29987923057373006,1,camera_only,70.0,30.489434837048464,32.135254915624216,5.0,-0.9708055193627337,-1.3849363728678423
14.0,69.99350323811306,30.48047757857037,32.10361832051756,4.989162555334001,-1.126212883799023,-1.487776012161644,5.326685266236914,102.72028852577041,-1.487776012161644,0.04664705123169686,0.2905073703709636,1,camera_only,70.0,30.489434837048464,32.135254915624216,5.0,-0.9708055193627337,-1.3849363728678423
14.033333333333333,70.15666170403853,30.450701710402747,32.06444071411279,4.971830389579662,-1.0978073241161534,-1.4492780683472697,5.29383464636206,102.45143032828612,-1.4492780683472697,0.05200572824876158,0.30786819086141703,1,camera_only,70.16666666666667,30.45759671483723,32.08892423372774,5.0,-0.9394643560753931,-1.3948981900079767
14.033333333333333,70.14587193170168,30.460006872439415,32.068517541860864,4.917369538438329,-1.0579603135876334,-1.4370429638725464,5.231146689082923,102.1419637939754,-1.4370429638725464,0.049801358291674244,0.29983946969536845,1,camera_only,70.16666666666667,30.45759671483723,32.08892423372774,5.0,-0.9394643560753931,-1.3948981900079767
14.033333333333333,70.15654051842117,30.466994237514893,32.081207563654324,4.967831843285655,-1.0358474932873651,-1.3900570372997938,5.261614944050861,101.77804367488557,-1.3900570372997938,0.04661532401688837,0.29045097412332543,1,camera_only,70.16666666666667,30.45759671483723,32.08892423372774,5.0,-0.9394643560753931,-1.3948981900079767
14.066666666666666,70.3254277647947,30.42019405230893,32.03080212032028,4.985736061892991,-1.088018076854311,-1.3997695598678894,5.291568976698191,102.31044140170981,-1.3997695598678894,0.05197964348415573,0.30783265712429553,1,camera_only,70.33333333333334,30.426805024679325,32.04226212786672,5.0,-0.9080201699346078,-1.404821765309604
14.066666666666666,70.3431125692299,30.415108616431308,32.010609257315835,5.075218636017329,-1.100268061647727,-1.4815685582511813,5.400322157395625,102.23199519287336,-1.4815685582511813,0.049772484955435035,0.2998093839048953,1,camera_only,70.33333333333334,30.426805024679325,32.04226212786672,5.0,-0.9080201699346078,-1.404821765309604
14.066666666666666,70.37881353854391,30.4395514621743,32.050734604275625,5.244242409092455,-1.0200766847633285,-1.3345001847719302,5.506680091604913,101.00736102956263,-1.3345001847719302,0.04658350641771586,0.29038843095784095,1,camera_only,70.33333333333334,30.426805024679325,32.04226212786672,5.0,-0.9080201699346078,-1.404821765309604
14.1,70.55190839660956,30.41426536398766,32.005171220731576,5.235000766351331,-0.9806951694142334,-1.3440119443014495,5.493028686019799,100.61048315861859,-1.3440119443014495,0.051953711224977536,0.30779487345255885,1,camera_only,70.5,30.397063143230568,31.99526987730636,5.0,-0.8764764091497347,-1.414706826712894
14.1,70.54531725124022,30.412393286262088,32.0181909561827,5.201509987440654,-0.9960933459738569,-1.2886171320265474,5.450545130194832,100.84093787369176,-1.2886171320265474,0.04974610132510362,0.2997904429432962,1,camera_only,70.5,30.397063143230568,31.99526987730636,5.0,-0.8764764091497347,-1.414706826712894
14.1,70.53209486908496,30.41035814685322,31.993464718764944,5.139112017348207,-0.9888722053673132,-1.3879696826246195,5.414314398452112,100.89177811427027,-1.3879696826246195,0.04656341851159393,0.29035953602731124,1,camera_only,70.5,30.397063143230568,31.99526987730636,5.0,-0.8764764091497347,-1.414706826712894
14.133333333333333,70.70325083275452,30.37597245289276,31.9500208784141,5.138257620425977,-0.9968455113828025,-1.3754726226562315,5.411775797564648,100.97925462680928,-1.3754726226562315,0.05193706442925269,0.30777681598623363,1,camera_only,70.66666666666667,30.36837433202342,31.947948770362945,5.0,-0.844836532849604,-1.4245531032138963
14.133333333333333,70.69603538573722,30.373009136277467,31.965028407702963,5.10160902647334,-1.018205876721509,-1.3111468189040332,5.36491042302727,101.28708081463508,-1.3111468189040332,0.04972392864049088,0.2997682242748043,1,camera_only,70.66666666666667,30.36837433202342,31.947948770362945,5.0,-0.844836532849604,-1.4245531032138963
14.133333333333333,70.69910847900378,30.37566088208451,31.967878179401133,5.116169169540814,-1.008501013251367,-1.3012903091977,5.374534187620432,101.15119854784862,-1.3012903091977,0.04653847524184676,0.290309030758969,1,camera_only,70.66666666666667,30.36837433202342,31.947948770362945,5.0,-0.844836532849604,-1.4245531032138963
14.166666666666666,70.8708293358043,30.342817169240455,31.915043234341653,5.122829076774063,-0.9995333324558893,-1.3408656852751384,5.388911338895876,101.04047610495319,-1.3408656852751384,0.05191603515399961,0.30774333798333847,1,camera_only,70.83333333333333,30.34074173710932,31.900300104368533,5.0,-0.8131040107032069,-1.4343603248719652
14.166666666666666,70.86592162456725,30.34365116760337,31.921809639678248,5.097939876455321,-0.9993964579410568,-1.3129919864472823,5.358332970297124,101.09156278493695,-1.3129919864472823,0.04969934118136475,0.29973872650887057,1,camera_only,70.83333333333333,30.34074173710932,31.900300104368533,5.0,-0.8131040107032069,-1.4343603248719652
14.166666666666666,70.86179991720813,30.336186033522914,31.92418293711017,5.078200126534444,-1.0334321215500706,-1.298333039204108,5.342449546385525,101.50282368602784,-1.298333039204108,0.04651358123899036,0.290256642209768,1,camera_only,70.83333333333333,30.34074173710932,31.900300104368533,5.0,-0.8131040107032069,-1.4343603248719652
14.2,71.03287309126804,30.2988069302808,31.873040011355354,5.088121881423263,-1.0418767868320349,-1.3291920402540298,5.361085990639614,101.57228530709219,-1.3291920402540298,0.051894115667947396,0.30770654585049834,1,camera_only,71.0,30.31416838871369,31.852325185635358,5.0,-0.781282322539184,-1.4441282228171666
14.2,71.03474914293714,30.298477838061046,31.870900110066245,5.09759421133613,-1.0422403215665421,-1.3380030678648915,5.372335045486516,101.55528236820265,-1.3380030678648915,0.049672939049078386,0.29970278202822037,1,camera_only,71.0,30.31416838871369,31.852325185635358,5.0,-0.781282322539184,-1.4441282228171666
14.2,71.02820937993884,30.301280870621905,31.853020632613532,5.066887933308538,-1.0184675055554255,-1.4127940808869137,5.357855588159227,101.36526427823242,-1.4127940808869137,0.046484686360565734,0.2901924977402754,1,camera_only,71.0,30.31416838871369,31.852325185635358,5.0,-0.781282322539184,-1.4441282228171666
14.233333333333333,71.20094636874965,30.257534115569793,31.793984396624122,5.087934671500691,-1.055073708662827,-1.4565783390837161,5.396469235533384,101.71525774915706,-1.4565783390837161,0.051867520189866186,0.3076593104911288,1,camera_only,71.16666666666667,30.288657200903643,31.80402532942006,5.0,-0.7493749579642431,-1.4538565292576433
14.233333333333333,71.19767487780746,30.258928890937483,31.797151417887278,5.071388093237685,-1.050471048798705,-1.4440285517691627,5.376586749502119,101.70256814208375,-1.4440285517691627,0.049640998248844624,0.29965555111385533,1,camera_only,71.16666666666667,30.288657200903643,31.80402532942006,5.0,-0.7493749579642431,-1.4538565292576433
14.233333333333333,71.18705475691507,30.24811309978124,31.79150793047686,5.020766606455836,-1.0939236516249145,-1.4598069179465547,5.3418912858435315,102.29149702590281,-1.4598069179465547,0.046450900463324916,0.29011963028617865,1,camera_only,71.16666666666667,30.288657200903643,31.80402532942006,5.0,-0.7493749579642431,-1.4538565292576433
14.266666666666666,71.35050116807491,30.22476058950254,31.750640555340905,4.9994574080215495,-1.0401438216001262,-1.435109727841643,5.30433911766397,101.75280321630784,-1.435109727841643,0.05183565439960223,0.30760386980901366,1,camera_only,71.33333333333333,30.264210971268398,31.7554018598876,5.0,-0.717385415980476,-1.463544977486959
14.266666666666666,71.34189741120889,30.221285289202772,31.76902756649497,4.955655481903698,-1.0657015357118453,-1.3562904492380836,5.2472626007505285,102.13648380842974,-1.3562904492380836,0.04960635051165542,0.29960567230857,1,camera_only,71.33333333333333,30.264210971268398,31.7554018598876,5.0,-0.717385415980476,-1.463544977486959
14.266666666666666,71.34750871989385,30.229947782559215,31.767491949047436,4.982568111142181,-1.026968802614343,-1.368361438352854,5.268117588824797,101.64627520353129,-1.368361438352854,0.04641769305952442,0.2900536497976321,1,camera_only,71.33333333333333,30.264210971268398,31.7554018598876,5.0,-0.717385415980476,-1.463544977486959
14.299999999999999,71.51313660953335,30.195472392253233,31.725438656152424,4.979989728606303,-1.0301316766542892,-1.3534735378738547,5.26244806017082,101.68704092428408,-1.3534735378738547,0.0518066307501333,0.3075591574821375,1,camera_only,71.5,30.240832380612527,31.70645611007495,5.0,-0.685317204601645,-1.4731933018914136
14.299999999999999,71.50553422520109,30.20985706819524,31.718061882260624,4.941896140502689,-0.9612665884062052,-1.3918164490283136,5.223363279084393,101.00736524289076,-1.3918164490283136,0.049575448912252656,0.29956972521530556,1,camera_only,71.5,30.240832380612527,31.70645611007495,5.0,-0.685317204601645,-1.4731933018914136
14.299999999999999,71.50811049135513,30.216497880765314,31.713773791556143,4.954353587190626,-0.9295308583623787,-1.4137528272366007,5.23529790366088,100.62624168879056,-1.4137528272366007,0.04639017052616256,0.29000491515195326,1,camera_only,71.5,30.240832380612527,31.70645611007495,5.0,-0.685317204601645,-1.4731933018914136
14.333333333333334,71.67388789826005,30.18539638298754,31.66256327500549,4.957878452997987,-0.9276649508411906,-1.4306251224653097,5.242881770243325,100.59802613498509,-1.4306251224653097,0.05178298439094953,0.30752770725705453,1,camera_only,71.66666666666667,30.218523992661943,31.657189421854564,5.0,-0.6531738404685066,-1.4828012379573186
14.333333333333334,71.67491335713223,30.182575716512062,31.664380026504762,4.963018701080637,-0.9413472147090353,-1.4215288959950294,5.247707462127194,100.73984484023427,-1.4215288959950294,0.04954958354342227,0.299546445444763,1,camera_only,71.66666666666667,30.218523992661943,31.657189421854564,5.0,-0.6531738404685066,-1.4828012379573186
14.333333333333334,71.67156112659856,30.187500907684363,31.650987755437505,4.947356968802744,-0.9111928794353338,-1.4794900295001459,5.243615564444544,100.43565683965558,-1.4794900295001459,0.046364593468370324,0.28995943920590406,1,camera_only,71.66666666666667,30.218523992661943,31.657189421854564,5.0,-0.6531738404685066,-1.4828012379573186
14.366666666666667,71.83916943396333,30.150977585539735,31.591950134651952,4.962168171071992,-0.9328847246758597,-1.5162575883064582,5.2718520409463725,100.6472954635073,-1.5162575883064582,0.051760423252898514,0.3074969031599615,1,camera_only,71.83333333333334,30.19728825378278,31.607603145897592,5.0,-0.6209588484631606,-1.4923685222782528
14.366666666666667,71.83514532097136,30.15539271639461,31.593116228494967,4.941821422115813,-0.9136401236939141,-1.5136900973110103,5.248580279885562,100.47452719979468,-1.5136900973110103,0.04952236797505003,0.2995165085897316,1,camera_only,71.83333333333334,30.19728825378278,31.607603145897592,5.0,-0.6209588484631606,-1.4923685222782528
14.366666666666667,71.83084585129197,30.15473929361043,31.585791366957555,4.921429138516175,-0.9117526292096283,-1.5431634505510619,5.237662747583448,100.49571895617035,-1.5431634505510619,0.04633687716599965,0.2899064091488953,1,camera_only,71.83333333333334,30.19728825378278,31.607603145897592,5.0,-0.6209588484631606,-1.4923685222782528
14.4,71.9934021330633,30.127913901306396,31.540039675234834,4.913194685498971,-0.8992095536582198,-1.5216311372166507,5.22143860988069,100.37145029950601,-1.5216311372166507,0.051735440947753196,0.3074593232617761,1,camera_only,72.0,30.17712749271311,31.55769864163684,5.0,-0.5886757613225104,-1.5018948925622844
14.4,71.99193398629339,30.132469755255336,31.535143134000926,4.906020542750007,-0.8759513419542401,-1.5444696211882625,5.217443313552139,100.12327101921953,-1.5444696211882625,0.04949469047138087,0.2994847478774998,1,camera_only,72.0,30.17712749271311,31.55769864163684,5.0,-0.5886757613225104,-1.5018948925622844
14.4,71.99402180519922,30.136025382958657,31.533192331042187,4.916165016125362,-0.8592154430970259,-1.5548696347342617,5.227288898123955,99.91365402131576,-1.5548696347342617,0.04631022460736488,0.2898559224112148,1,camera_only,72.0,30.17712749271311,31.55769864163684,5.0,-0.5886757613225104,-1.5018948925622844
14.433333333333334,72.1557192651626,30.114005830095188,31.486507231076654,4.9043412581848935,-0.8327437071204384,-1.5373354915225228,5.206671265979645,99.63675506183671,-1.5373354915225228,0.05171233405453417,0.3074258363927869,1,camera_only,72.16666666666667,30.15804392030758,31.50747727722949,5.0,-0.5563281192508585,-1.5113800876391594
14.433333333333334,72.15178298910574,30.1192139334144,31.486236064350763,4.884499435905298,-0.8091371517484105,-1.541194959416313,5.185394832857856,99.40586279926904,-1.541194959416313,0.04946949228612228,0.29945975840678635,1,camera_only,72.16666666666667,30.15804392030758,31.50747727722949,5.0,-0.5563281192508585,-1.5113800876391594
14.433333333333334,72.13654386520332,30.112261224364868,31.466481452101284,4.811997977017182,-0.8267653952333368,-1.6173103118804788,5.143399478408003,99.74899284837028,-1.6173103118804788,0.04628758494932792,0.289815775176993,1,camera_only,72.16666666666667,30.15804392030758,31.50747727722949,5.0,-0.5563281192508585,-1.5113800876391594
14.466666666666667,72.29969139056215,30.080137143247207,31.399471875347544,4.827231836659718,-0.8394160046026303,-1.669084053667929,5.17615958137428,99.86462518214005,-1.669084053667929,0.05169220374947974,0.30739779530315287,1,camera_only,72.33333333333334,30.14003962929495,31.45694042951963,5.0,-0.5239194695316823,-1.5208238474674638
14.466666666666667,72.30201505832774,30.0787627069123,31.398001443051058,4.838949460648148,-0.8448371397681896,-1.6745747262597144,5.189738161917853,99.90350761031986,-1.6745747262597144,0.0494439847875148,0.29942883575573276,1,camera_only,72.33333333333334,30.14003962929495,31.45694042951963,5.0,-0.5239194695316823,-1.5208238474674638
14.466666666666667,72.31767410210612,30.10216732493399,31.39452798794173,4.91433685551561,-0.7403917146584602,-1.704490375772279,5.253967459141165,98.56771917260279,-1.704490375772279,0.046258592415126434,0.28975493920199974,1,camera_only,72.33333333333334,30.14003962929495,31.45694042951963,5.0,-0.5239194695316823,-1.5208238474674638
14.5,72.48189889034708,30.070491928892473,31.346092978597664,4.916175879229558,-0.7764566761521768,-1.6656123708215638,5.248422126248386,98.97510980207899,-1.6656123708215638,0.051666821934406144,0.30735695559055476,1,camera_only,72.5,30.123116594048625,31.406089484000464,5.0,-0.49145336613863916,-1.5302259131417502
14.5,72.47724569630334,30.0635609587703,31.364836059481984,4.892023318165461,-0.8179866588174988,-1.5833500671391834,5.206533564146849,99.49251134205865,-1.5833500671391834,0.049417324946694326,0.29940103785433364,1,camera_only,72.5,30.123116594048625,31.406089484000464,5.0,-0.49145336613863916,-1.5302259131417502
14.5,72.49297371664841,30.083866097568627,31.365637339816328,4.967654219186732,-0.7298195863050102,-1.5937159323154215,5.267841639881952,98.35778228118177,-1.5937159323154215,0.04623572540314125,0.28971363766605823,1,camera_only,72.5,30.123116594048625,31.406089484000464,5.0,-0.49145336613863916,-1.5302259131417502
14.533333333333333,72.65804476646123,30.056748771311018,31.3205427555393,4.9645620065826135,-0.746946272205499,-1.558704884882686,5.256839884276714,98.55629476229949,-1.558704884882686,0.051648221861538286,0.3073329811697967,1,camera_only,72.66666666666667,30.10727667037012,31.354925834776346,5.0,-0.4589333693458201,-1.5395860268996406
14.533333333333333,72.65527910214834,30.05499168785061,31.32806552817506,4.950346455067247,-0.7589962171370337,-1.5261953976379878,5.235578064989248,98.71681345788977,-1.5261953976379878,0.04939758361989731,0.2993888770783512,1,camera_only,72.66666666666667,30.10727667037012,31.354925834776346,5.0,-0.4589333693458201,-1.5395860268996406
14.533333333333333,72.66033424352437,30.06475223692124,31.322884461399173,4.97491793044442,-0.7130595589665619,-1.554013716483767,5.260534286582558,98.15670305433063,-1.554013716483767,0.04621959104610364,0.289687030302462,1,camera_only,72.66666666666667,30.10727667037012,31.354925834776346,5.0,-0.4589333693458201,-1.5395860268996406
14.566666666666666,72.82607463191158,30.04183800980984,31.270449094861085,4.974461607979994,-0.7088842125400017,-1.5571509647707475,5.2604661621515865,98.11031236316089,-1.5571509647707475,0.05163562928387568,0.307319251674743,1,camera_only,72.83333333333333,30.092521595285564,31.303450884524572,5.0,-0.426363045337346,-1.5489039321288864
14.566666666666666,72.83752590845465,30.03455740112212,31.259708598117022,5.0325990410419115,-0.7357135570075108,-1.5984484223899162,5.3313567602348115,98.3171305136677,-1.5984484223899162,0.04938222321983755,0.2993818631567349,1,camera_only,72.83333333333333,30.092521595285564,31.303450884524572,5.0,-0.426363045337346,-1.5489039321288864
14.566666666666666,72.8218243761649,30.021682770892518,31.248536380527828,4.957387385016662,-0.7847768500975847,-1.6355598443137662,5.278884389139726,98.99553312769251,-1.6355598443137662,0.046203976352753494,0.2896552357911577,1,camera_only,72.83333333333333,30.092521595285564,31.303450884524572,5.0,-0.426363045337346,-1.5489039321288864
14.6,72.98648795158734,29.9967797913292,31.196137403427898,4.95420011823289,-0.7804267134310752,-1.6274589880435466,5.272740030031761,98.95214076875159,-1.6274589880435466,0.05162148234179995,0.3072968118715148,1,camera_only,73.0,30.078852986855225,31.251666044456893,5.0,-0.39374596581627297,-1.5581793733744103
14.6,72.9905417387384,29.997631845730538,31.186438628266586,4.975066995774227,-0.771189122073825,-1.6686166369686843,5.303801066745968,98.81133734045245,-1.6686166369686843,0.049362056415045194,0.2993563051837389,1,camera_only,73.0,30.078852986855225,31.251666044456893,5.0,-0.39374596581627297,-1.5581793733744103
14.6,73.00445327994753,30.010257614142617,31.193986980388104,5.041861083219098,-0.7208970077525386,-1.6462009379203366,5.3525725783286315,98.13713105476859,-1.6462009379203366,0.046181336148307654,0.28960224429257336,1,camera_only,73.0,30.078852986855225,31.251666044456893,5.0,-0.39374596581627297,-1.5581793733744103
14.633333333333333,73.16773078110108,30.003644236220858,31.14779954033922,5.015956802323248,-0.648498097282701,-1.620115489606524,5.310851779575017,97.36673651853023,-1.620115489606524,0.051602174018598165,0.3072626011728314,1,camera_only,73.16666666666667,30.066272343996033,31.19957273428087,5.0,-0.3610857076129346,-1.5674120963453042
14.633333333333333,73.16381233899742,30.008045260967883,31.148508456391525,4.99619165918182,-0.6290917699859199,-1.6194332988800777,5.289636259693441,97.17658781211313,-1.6194332988800777,0.04934266567601693,0.2993392368069159,1,camera_only,73.16666666666667,30.066272343996033,31.19957273428087,5.0,-0.3610857076129346,-1.5674120963453042
14.633333333333333,73.17434951044501,30.01585590776865,31.156962713381354,5.046688616957526,-0.600393902907451,-1.5900265298765879,5.325197010523506,96.78447030539895,-1.5900265298765879,0.046168639367112976,0.2895802864315733,1,camera_only,73.16666666666667,30.066272343996033,31.19957273428087,5.0,-0.3610857076129346,-1.5674120963453042
14.666666666666666,73.3409443294427,30.003167220189116,31.105060360275537,5.037946072417713,-0.5684580081667351,-1.5897004769725323,5.313303373808487,96.4377555285165,-1.5897004769725323,0.05159371182565795,0.3072552330094088,1,camera_only,73.33333333333333,30.054781046317267,31.147172382160917,5.0,-0.32838585229269307,-1.5766018479218038
14.666666666666666,73.33640415848376,30.001354367192523,31.116953953568455,5.014533554453821,-0.5832386886188562,-1.5387561755071424,5.277640069605588,96.6342438717244,-1.5387561755071424,0.04933289147880928,0.2993434402829122,1,camera_only,73.33333333333333,30.054781046317267,31.147172382160917,5.0,-0.32838585229269307,-1.5766018479218038
14.666666666666666,73.34603595241839,30.013673127465125,31.117392654359264,5.060997303304583,-0.5296858290636204,-1.5452554329835615,5.318089425228979,95.97484486714093,-1.5452554329835615,0.046161626210800576,0.28956829799131334,1,camera_only,73.33333333333333,30.054781046317267,31.147172382160917,5.0,-0.32838585229269307,-1.5766018479218038
14.7,73.51262729660519,30.001680400992257,31.072717058100277,5.049466086441276,-0.5085111270029429,-1.520047494033299,5.2977576113411695,95.7506361028156,-1.520047494033299,0.05159036911606273,0.3072549627316084,1,camera_only,73.5,30.0443803539692,31.094466424679148,5.0,-0.29564998576317275,-1.5857483761622284
14.7,73.49604436622523,30.018707392421277,31.080847556285228,4.9654622265475075,-0.4366081667269347,-1.4948709304419543,5.203948588639513,95.02503725901613,-1.4948709304419543,0.0493281236265456,0.2993541912364034,1,camera_only,73.5,30.0443803539692,31.094466424679148,5.0,-0.29564998576317275,-1.5857483761622284
14.7,73.50175335464782,30.02105216304973,31.088403721379024,4.992705777403585,-0.4311941664423345,-1.465418391213277,5.221157960663433,94.93609177465287,-1.465418391213277,0.04616184158897577,0.2895709792261217,1,camera_only,73.5,30.0443803539692,31.094466424679148,5.0,-0.29564998576317275,-1.5857483761622284
14.733333333333333,73.66805946661883,30.01064841365845,31.034886548848295,4.992265574416239,-0.4108086110295355,-1.487211730391445,5.225253870522602,94.70421413330078,-1.487211730391445,0.05159432489147567,0.3072667880414279,1,camera_only,73.66666666666666,30.035071407504958,31.041456306796015,5.0,-0.26288169788104093,-1.5948514303098855
14.733333333333333,73.67054139178308,30.00417673871633,31.03900496653423,5.004629079469314,-0.442133859801082,-1.4664373046376014,5.233758968608057,95.04868704125066,-1.4664373046376014,0.04933081414605229,0.29937618302644126,1,camera_only,73.66666666666666,30.035071407504958,31.041456306796015,5.0,-0.26288169788104093,-1.5948514303098855
14.733333333333333,73.66640805939886,30.0001134005756,31.037417282654832,4.984709379877433,-0.4588577226637835,-1.4702007176038825,5.217218431456481,95.2594291952185,-1.4702007176038825,0.046163674726098565,0.28956782741731796,1,camera_only,73.66666666666666,30.035071407504958,31.041456306796015,5.0,-0.26288169788104093,-1.5948514303098855
14.766666666666666,73.8313033103497,29.991498405483213,30.98762678294307,4.978032083291506,-0.42871216910857546,-1.477353378002437,5.210294670142617,94.92221405953072,-1.477353378002437,0.051597932763167174,0.3072702477770738,1,camera_only,73.83333333333333,30.02685522775542,30.98814348181068,5.0,-0.23008458205832902,-1.6039107607999474
14.766666666666666,73.82310954398538,29.99526730284675,30.998180872859827,4.936259275622193,-0.4177054088511783,-1.4349193192459784,5.157531085460853,94.83683619977369,-1.4349193192459784,0.04933047972661954,0.2993832339537376,1,camera_only,73.83333333333333,30.02685522775542,30.98814348181068,5.0,-0.23008458205832902,-1.6039107607999474
14.766666666666666,73.83594454293369,30.01051784123367,30.998908917120573,4.998341447893605,-0.35160903783437597,-1.442293226724617,5.214139995922018,94.02385120852175,-1.442293226724617,0.04616370506518228,0.28955642949677535,1,camera_only,73.83333333333333,30.02685522775542,30.98814348181068,5.0,-0.23008458205832902,-1.6039107607999474
14.799999999999999,74.00245737512377,29.99942000708222,30.950479190998305,4.9978411259284625,-0.34863500015425325,-1.4441281010890619,5.213968570648421,93.99032452933736,-1.4441281010890619,0.05160088389688518,0.30727062331129623,1,camera_only,74.0,30.019732715717282,30.934529411321172,5.0,-0.1972622348683768,-1.6129261192662918
14.799999999999999,73.99710189483515,30.008617713325744,30.948270476203025,4.9709039161257,-0.30619482326957775,-1.4583312336875032,5.189448043896328,93.52481831204369,-1.4583312336875032,0.04933237369246045,0.2993968541929728,1,camera_only,74.0,30.019732715717282,30.934529411321172,5.0,-0.1972622348683768,-1.6129261192662918
14.799999999999999,73.99664517304758,30.005936403448768,30.950936793158878,4.968596763648051,-0.3196234479187486,-1.4455792708845263,5.184478023543392,93.68069236642101,-1.4455792708845263,0.04616886597626012,0.2895580588571204,1,camera_only,74.0,30.019732715717282,30.934529411321172,5.0,-0.1972622348683768,-1.6129261192662918
14.833333333333334,74.16586198624175,29.988932263005218,30.885008743046917,4.988578703586221,-0.3373619787747946,-1.515963632903524,5.224736962075974,93.8688436687633,-1.515963632903524,0.051608017182211044,0.30727958686660667,1,camera_only,74.16666666666667,30.01370465245426,30.880615565184314,5.0,-0.16441825565142792,-1.621897258548313
14.833333333333334,74.1664575752199,29.98416791320597,30.890125821363657,4.991384154369456,-0.3615484111745655,-1.4918543191345648,5.222093673961986,94.14295550794522,-1.4918543191345648,0.04933557180398945,0.29941000486126834,1,camera_only,74.16666666666667,30.01370465245426,30.880615565184314,5.0,-0.16441825565142792,-1.621897258548313
14.833333333333334,74.15745115702506,29.97753715699465,30.88374381137036,4.948047709316443,-0.3863814074661633,-1.5135612635189042,5.188770029990939,94.46503192224544,-1.5135612635189042,0.04616902909531083,0.28954235893010544,1,camera_only,74.16666666666667,30.01370465245426,30.880615565184314,5.0,-0.16441825565142792,-1.621897258548313
14.866666666666667,74.32692798386536,29.949612668678906,30.82190676825891,4.972730048757097,-0.44642479909161564,-1.5523518703447468,5.228492666956567,95.12995300457858,-1.5523518703447468,0.051608500431739396,0.30727123610654833,1,camera_only,74.33333333333334,30.008771699011415,30.82640342147543,5.0,-0.13155624611992156,-1.6308239326976952
14.866666666666667,74.31600058626512,29.96222088575752,30.826676686450135,4.9173458227982065,-0.39271794289026346,-1.5390213524487042,5.167504624763482,94.56616734335617,-1.5390213524487042,0.04933042176130391,0.2994009597491304,1,camera_only,74.33333333333334,30.008771699011415,30.82640342147543,5.0,-0.13155624611992156,-1.6308239326976952
14.866666666666667,74.32004071989114,29.966125333387208,30.82817226348929,4.936855497729572,-0.37664998286878537,-1.5355353281171595,5.183847621116349,94.36284369778508,-1.5355353281171595,0.04616210044430448,0.2895108099249175,1,camera_only,74.33333333333334,30.008771699011415,30.82640342147543,5.0,-0.13155624611992156,-1.6308239326976952
14.9,74.48477687733009,29.95869900327984,30.76742817128848,4.9382694215593546,-0.3482622920642938,-1.5784624599559107,5.196088455893731,94.03399971367358,-1.5784624599559107,0.05160279830165172,0.30725255969715415,1,camera_only,74.5,30.004934396342684,30.771894466447833,5.0,-0.09867980996352677,-1.639705896985157
14.9,74.48498575728568,29.953383938178376,30.77495812415561,4.938960903584568,-0.3762850224006832,-1.5439145402003491,5.188313534537214,94.35678169051891,-1.5439145402003491,0.049323983251067294,0.29939629804034557,1,camera_only,74.5,30.004934396342684,30.771894466447833,5.0,-0.09867980996352677,-1.639705896985157
14.9,74.49304741856211,29.954828061290726,30.78760633344992,4.977433794492189,-0.3780785979742872,-1.492880289959127,5.2102286096626855,94.34376243748623,-1.492880289959127,0.046157617640400876,0.2894915600885155,1,camera_only,74.5,30.004934396342684,30.771894466447833,5.0,-0.09867980996352677,-1.639705896985157
14.933333333333334,74.65754534866592,29.950889262153993,30.73475265993196,4.970099005107705,-0.33784335483448735,-1.5108482122296498,5.205639689161741,93.88870864032543,-1.5108482122296498,0.05160023465197126,0.3072455997205281,1,camera_only,74.66666666666667,30.002193165251544,30.717090194492048,5.0,-0.06579255245394632,-1.648542907907162
14.933333333333334,74.65056989281199,29.959946230508056,30.736479463688283,4.934798989129223,-0.29835887680860695,-1.5084378860749095,5.168814558351599,93.45990191316417,-1.5084378860749095,0.04932003593549957,0.29940164291533156,1,camera_only,74.66666666666667,30.002193165251544,30.717090194492048,5.0,-0.06579255245394632,-1.648542907907162
14.933333333333334,74.63932532565754,29.959097435154163,30.718197121409812,4.8810988587232655,-0.2903220180347274,-1.5830185020060912,5.139587582722852,93.4038753451384,-1.5830185020060912,0.04615808913650941,0.2894888871739068,1,camera_only,74.66666666666667,30.002193165251544,30.717090194492048,5.0,-0.06579255245394632,-1.648542907907162
14.966666666666667,74.8047260355359,29.941566708554003,30.65633154815991,4.895893310472258,-0.3197328059895495,-1.6164667861468636,5.165749243378827,93.73647098751579,-1.6164667861468636,0.05160206219448633,0.3072502077875401,1,camera_only,74.83333333333333,30.00054830634488,30.66199210809489,5.0,-0.03289808004957739,-1.6573347231925908
14.966666666666667,74.78950287963231,29.95176696897643,30.67419119501567,4.818170092235114,-0.2843214683441471,-1.5466962346469662,5.068320330971732,93.3771225104933,-1.5466962346469662,0.04931799948580893,0.29940950491275986,1,camera_only,74.83333333333333,30.00054830634488,30.66199210809489,5.0,-0.03289808004957739,-1.6573347231925908
14.966666666666667,74.79763108512135,29.963251376534437,30.671885942000806,4.857726274904535,-0.23280271675052794,-1.5640279539156647,5.108608920973883,92.74375596550541,-1.5640279539156647,0.04615594276556096,0.28947883276840775,1,camera_only,74.83333333333333,30.00054830634488,30.66199210809489,5.0,-0.03289808004957739,-1.6573347231925908
15.0,74.96049070671516,29.953916820065718,30.614644390473636,4.862964482685459,-0.23674930555922494,-1.5844661529230806,5.120059255838929,92.7871958491695,-1.5844661529230806,0.05160216421504347,0.3072511677215016,1,camera_only,75.0,30.0,30.606601717798213,5.0,-5.771012081165369e-16,-1.666081101809387
15.0,74.96118502998532,29.956614289871716,30.609307664692444,4.866725733149128,-0.2216838740218377,-1.6084189934597801,5.13041662637835,92.60807311177528,-1.6084189934597801,0.04931787770641999,0.2994245460666056,1,camera_only,75.0,30.0,30.606601717798213,5.0,-5.771012081165369e-16,-1.666081101809387
15.0,74.96221934245672,29.96026540017994,30.605740019581173,4.871925173026033,-0.20349628681294757,-1.6256036295950398,5.140005135295485,92.39180702346628,-1.6256036295950398,0.04615817356571828,0.2894795779808882,1,camera_only,75.0,30.0,30.606601717798213,5.0,-5.771012081165369e-16,-1.666081101809387
15.033333333333333,75.1228291191823,29.96099842665094,30.55311337366583,4.862397786220396,-0.1711480501410005,-1.6234670357973107,5.129117770419059,92.01588079480591,-1.6234670357973107,0.05160610768369338,0.3072598418179316,1,camera_only,75.16666666666667,30.00054830634488,30.550920542157556,5.0,0.032898080049576235,-1.6747818039711624
15.033333333333333,75.13000646975628,29.953234987840396,30.54814579865827,4.898923264028274,-0.20291520748746564,-1.6401943466136024,5.170189669918343,92.37185650562161,-1.6401943466136024,0.04932009769156157,0.2994436784016833,1,camera_only,75.16666666666667,30.00054830634488,30.550920542157556,5.0,0.032898080049576235,-1.6747818039711624
15.033333333333333,75.13548673012903,29.956699898370584,30.55322819776112,4.925271201314687,-0.1910695819609415,-1.6216200641669885,5.188878069887507,92.22160229012586,-1.6216200641669885,0.04616142109055767,0.2894808078095979,1,camera_only,75.16666666666667,30.00054830634488,30.550920542157556,5.0,0.032898080049576235,-1.6747818039711624
15.066666666666666,75.30406819045815,29.9372060367236,30.483880937624072,4.94948645535782,-0.24004296919221538,-1.6779317298956131,5.231681535512231,92.77658725663731,-1.6779317298956131,0.051611396622437994,0.30726997260336314,1,camera_only,75.33333333333333,30.002193165251544,30.494950107700483,5.0,0.06579255245394515,-1.6834365911437712
15.066666666666666,75.3009441886862,29.9465692964572,30.476598823704148,4.934092903544824,-0.19415458410984462,-1.7136905323449505,5.226825425054005,92.2534034585875,-1.7136905323449505,0.04932099880146044,0.2994579245420996,1,camera_only,75.33333333333333,30.002193165251544,30.494950107700483,5.0,0.06579255245394515,-1.6834365911437712
15.066666666666666,75.29756148727391,29.950657243261006,30.465101169112664,4.918206457393965,-0.16897201998832662,-1.763824299052362,5.2276555413510355,91.96770452679809,-1.763824299052362,0.046162334867467986,0.28947435039761227,1,camera_only,75.33333333333333,30.002193165251544,30.494950107700483,5.0,0.06579255245394515,-1.6834365911437712
15.1,75.46027512349839,29.94882608692288,30.40959239330237,4.911550884925539,-0.15411522289598664,-1.7522906383920074,5.217049556841242,91.79724403407751,-1.7522906383920074,0.05161325109435344,0.3072713264293817,1,camera_only,75.5,30.004934396342684,30.438691948884717,5.0,0.09867980996352561,-1.6920452260518524
15.1,75.46294398710343,29.943693571710995,30.41190422568897,4.924883019216642,-0.17831072489299718,-1.7397861939729145,5.226195888819999,92.0735500242156,-1.7397861939729145,0.04932130429060327,0.2994701976047156,1,camera_only,75.5,30.004934396342684,30.438691948884717,5.0,0.09867980996352561,-1.6920452260518524
15.1,75.4664168208416,29.951931160292844,30.406153563330964,4.942050059108797,-0.13878137345067326,-1.769131425117927,5.250994672982816,91.60854254848576,-1.769131425117927,0.04616394786370252,0.28947055681984823,1,camera_only,75.5,30.004934396342684,30.438691948884717,5.0,0.09867980996352561,-1.6920452260518524
15.133333333333333,75.63231612178524,29.9489852914106,30.33457116162149,4.948934701765993,-0.12385466026601748,-1.8229507241229952,5.275456757646093,91.43361526163778,-1.8229507241229952,0.05161676346539886,0.30727716990587023,1,camera_only,75.66666666666666,30.008771699011415,30.38214760805611,5.0,0.1315562461199204,-1.7006074726853302
15.133333333333333,75.62962649309195,29.950778369167818,30.33834175825548,4.9351329527773125,-0.1180481735355733,-1.8080241666538932,5.257225886346155,91.37025134978882,-1.8080241666538932,0.04932232424756267,0.29948526445883644,1,camera_only,75.66666666666666,30.008771699011415,30.38214760805611,5.0,0.1315562461199204,-1.7006074726853302
15.133333333333333,75.63362149286841,29.96144593625579,30.329905777835442,4.954988957970914,-0.06624921879140105,-1.8501318934253326,5.289545590660294,90.7660106827911,-1.8501318934253326,0.04616723740349449,0.2894718168384496,1,camera_only,75.66666666666666,30.008771699011415,30.38214760805611,5.0,0.1315562461199204,-1.7006074726853302
15.166666666666666,75.79575154095616,29.967518151099096,30.279758350947652,4.938260741210937,-0.036554178794881265,-1.8067009487023487,5.258509643826331,90.42410922116494,-1.8067009487023487,0.05162197117706266,0.3072872324683269,1,camera_only,75.83333333333333,30.01370465245426,30.325318635406312,5.0,0.1644182556514268,-1.7091230963058894
15.166666666666666,75.80106041890502,29.970996659335253,30.261431638924396,4.96609725448548,-0.010539316187583234,-1.8859363826868853,5.312154841280139,90.12159597345281,-1.8859363826868853,0.04932732719000637,0.29950997384675665,1,camera_only,75.83333333333333,30.01370465245426,30.325318635406312,5.0,0.1644182556514268,-1.7091230963058894
15.166666666666666,75.80845302852772,29.985885827349886,30.251709278864976,5.002614202023167,0.06036389683817742,-1.9363460776470214,5.364627553404279,89.30867571595475,-1.9363460776470214,0.046175880843416436,0.2894862260420767,1,camera_only,75.83333333333333,30.01370465245426,30.325318635406312,5.0,0.1644182556514268,-1.7091230963058894
15.2,75.97290995060615,29.996121275529447,30.192905246639704,4.990119109173056,0.09321739367548193,-1.9171172066099507,5.346523785610393,88.92981670531884,-1.9171172066099507,0.05163320895352697,0.30730983068852813,1,camera_only,76.0,30.019732715717282,30.268206588930333,5.0,0.19726223486837563,-1.7175918634534055
15.2,75.98302759080354,29.98922942175547,30.17982417280655,5.041955466047762,0.07012991459189734,-1.9686197067890001,5.413104162722862,89.20310898152817,-1.9686197067890001,0.049337596221085675,0.2995464579369824,1,camera_only,76.0,30.019732715717282,30.268206588930333,5.0,0.19726223486837563,-1.7175918634534055
15.2,75.9978655203304,30.002426721767772,30.184628329834663,5.114021932600716,0.12427525172712642,-1.9580138479110458,5.477452226530545,88.60793590787567,-1.9580138479110458,0.04618859053134669,0.28950776727649447,1,camera_only,76.0,30.019732715717282,30.268206588930333,5.0,0.19726223486837563,-1.7175918634534055
15.233333333333333,76.1666532890885,30.008449675193564,30.130624802986958,5.104468595491126,0.12583894608603893,-1.9118640201301416,5.452215981981582,88.5877902353977,-1.9118640201301416,0.051648785086536045,0.3073393240109619,1,camera_only,76.16666666666666,30.02685522775542,30.21081303438377,5.0,0.23008458205832785,-1.7260135419523501
15.233333333333333,76.16672827447549,30.01027869203132,30.127791949024395,5.104995124117227,0.13558495184139985,-1.924839785252435,5.457505537818275,88.47862348884377,-1.924839785252435,0.04935186738369749,0.29958944462923,1,camera_only,76.16666666666666,30.02685522775542,30.21081303438377,5.0,0.23008458205832785,-1.7260135419523501
15.233333333333333,76.1698973108154,30.016236026693345,30.12460967239963,5.120592631155806,0.1634775732714286,-1.9420973777095705,5.47895391801357,88.17142363120574,-1.9420973777095705,0.04620648795972429,0.2895389205083074,1,camera_only,76.16666666666666,30.02685522775542,30.21081303438377,5.0,0.23008458205832785,-1.7260135419523501
15.266666666666666,76.34034603103335,30.027162633383803,30.052299051075735,5.1197935644751285,0.19212655719416732,-1.9771267852887433,5.491650852150602,87.85091374445578,-1.9771267852887433,0.05166902154995973,0.30737525720563047,1,camera_only,76.33333333333333,30.035071407504958,30.15313954523991,5.0,0.2628816978810398,-1.7343879009181524
15.266666666666666,76.35623967151858,30.004265363950527,30.04925967511684,5.200331430129408,0.09237826616305671,-1.9774397823326588,5.5643731740424185,88.98230945256464,-1.9774397823326588,0.049370183456670415,0.29963577463017976,1,camera_only,76.33333333333333,30.035071407504958,30.15313954523991,5.0,0.2628816978810398,-1.7343879009181524
15.266666666666666,76.37501258544064,30.016235301718254,30.061960393597783,5.2912134025612225,0.13599220373491108,-1.9334192479598649,5.6350282287937015,88.527735749583,-1.9334192479598649,0.046222869887022504,0.28955770891315097,1,camera_only,76.33333333333333,30.035071407504958,30.15313954523991,5.0,0.2628816978810398,-1.7343879009181524
15.299999999999999,76.552864764138,30.00700770551576,30.008715284274533,5.298353441110276,0.06874944178265543,-1.8782283200974512,5.621833979680174,89.25659323117299,-1.8782283200974512,0.05168746088045147,0.307401823535799,1,camera_only,76.49999999999999,30.0443803539692,30.095187702646605,5.0,0.2956499857631688,-1.7427147107635306
15.299999999999999,76.53733697544047,30.014251750809702,30.03604500422085,5.218271236507513,0.08499240034662056,-1.7666445139613653,5.5098649025713975,89.06687961124119,-1.7666445139613653,0.04938555415739463,0.29967237457111223,1,camera_only,76.49999999999999,30.0443803539692,30.095187702646605,5.0,0.2956499857631688,-1.7427147107635306
15.299999999999999,76.55277339301604,30.021062254150944,30.050550415582062,5.2928163515435775,0.10504765721414036,-1.7115686588152084,5.563668503361046,88.86298769832848,-1.7115686588152084,0.0462423237043081,0.28958476170458913,1,camera_only,76.49999999999999,30.0443803539692,30.095187702646605,5.0,0.2956499857631688,-1.7427147107635306
15.333333333333334,76.72908175634859,30.024980225747115,29.994173621608724,5.292132794904933,0.10647023082680065,-1.7089809340681739,5.562249658363883,88.8474453949612,-1.7089809340681739,0.05170945590961686,0.30743580971169193,1,camera_only,76.66666666666667,30.054781046317267,30.03695909538287,5.0,0.32838585229269196,-1.7509937432047882
15.333333333333334,76.71520932966786,30.041106229524505,30.004355292375667,5.221334414474651,0.17187414223725567,-1.6748114573322226,5.486061174117403,88.11463744695658,-1.6748114573322226,0.049408288485506116,0.299723953357265,1,camera_only,76.66666666666667,30.054781046317267,30.03695909538287,5.0,0.32838585229269196,-1.7509937432047882
15.333333333333334,76.71786110867528,30.042389251876674,30.0069857454148,5.234120759018529,0.17572424764973957,-1.6648354853496852,5.495323131944135,88.07714074506418,-1.6648354853496852,0.04626981961814409,0.2896299707500791,1,camera_only,76.66666666666667,30.054781046317267,30.03695909538287,5.0,0.32838585229269196,-1.7509937432047882
15.366666666666667,76.89065703765404,30.053196636182893,29.957542685431818,5.224890996365874,0.1938274444164788,-1.6423340861314417,5.480357310667197,87.87547638166004,-1.6423340861314417,0.05173888794779282,0.3074834421117166,1,camera_only,76.83333333333333,30.066272343996033,29.978455319815417,5.0,0.3610857076129334,-1.7592247712680666
15.366666666666667,76.87201356983178,30.076663592289265,29.968152270904287,5.1299118908578265,0.29134372243843737,-1.6103897416506825,5.3846292623153325,86.74948548543307,-1.6103897416506825,0.04943769301191962,0.2997861568135742,1,camera_only,76.83333333333333,30.066272343996033,29.978455319815417,5.0,0.3610857076129334,-1.7592247712680666
15.366666666666667,76.85780434051638,30.071248137584732,29.95327176759319,5.061371011706489,0.2776192442211297,-1.6680420991527654,5.33637643044891,86.86043806028192,-1.6680420991527654,0.0463032517374752,0.2896867263733587,1,camera_only,76.83333333333333,30.066272343996033,29.978455319815417,5.0,0.3610857076129334,-1.7592247712680666
15.4,77.02483079597131,30.086742111666943,29.90169184015995,5.052198414747987,0.3025719969542715,-1.6548404807221333,5.3249183704503515,86.57269668477652,-1.6548404807221333,0.051773528456760205,0.30753878202104407,1,camera_only,77.0,30.07885298685522,29.919677979854775,5.0,0.39374596581627186,-1.7674075692955749
15.4,77.01388426437103,30.098003434764376,29.91301674246979,4.9960831896288544,0.3456570627415789,-1.6131710273186686,5.261430110349802,86.04226327265057,-1.6131710273186686,0.04947137041376998,0.2998514654060253,1,camera_only,77.0,30.07885298685522,29.919677979854775,5.0,0.39374596581627186,-1.7674075692955749
15.4,77.0091369721658,30.088097533582356,29.91916482564057,4.972618089550951,0.2989190215727953,-1.5808362318726545,5.226406646826166,86.5599181338834,-1.5808362318726545,0.0463366033475112,0.28973671489353603,1,camera_only,77.0,30.07885298685522,29.919677979854775,5.0,0.39374596581627186,-1.7674075692955749
15.433333333333334,77.17592837909564,30.09442176274074,29.86337820136362,4.978313034549679,0.28483378122071207,-1.5916721592656637,5.2343243322775805,86.72539664339256,-1.5916721592656637,0.05180803033757238,0.30758934126445575,1,camera_only,77.16666666666667,30.092521595285564,29.860628686911433,5.0,0.42636304533734476,-1.7755419129517718
15.433333333333334,77.1741026730159,30.095142045564465,29.86673542760985,4.968883188525447,0.2860582264363889,-1.5778509453161351,5.221230032833045,86.70512319474823,-1.5778509453161351,0.04950384644338751,0.2999102053369067,1,camera_only,77.16666666666667,30.092521595285564,29.860628686911433,5.0,0.42636304533734476,-1.7755419129517718
15.433333333333334,77.16574842128428,30.082150619406733,29.8720317971065,4.9278390828385765,0.22664629225859168,-1.546815237661194,5.169874654922183,87.36664879358696,-1.546815237661194,0.046366479764511186,0.28977200218935106,1,camera_only,77.16666666666667,30.092521595285564,29.860628686911433,5.0,0.42636304533734476,-1.7755419129517718
15.466666666666667,77.33287170452869,30.080391588022593,29.811013633436552,4.9436003566941995,0.19158004785798635,-1.581045618429398,5.193803293252362,87.78071903805127,-1.581045618429398,0.05183765942773129,0.3076255210524952,1,camera_only,77.33333333333333,30.10727667037012,29.801309059851583,5.0,0.45893336934581896,-1.7836275792295155
15.466666666666667,77.31773963606031,30.097144809219444,29.82456043102095,4.866128757319393,0.25743742001091074,-1.5330034425280639,5.10838356653409,86.97165026289667,-1.5330034425280639,0.04952952153215402,0.29995051791651844,1,camera_only,77.33333333333333,30.10727667037012,29.801309059851583,5.0,0.45893336934581896,-1.7836275792295155
15.466666666666667,77.33639607148238,30.11154170619657,29.832684878627646,4.956777504207082,0.3140499166324786,-1.5096621869880558,5.191083749581759,86.37471809085953,-1.5096621869880558,0.04639125612507919,0.28979646089412386,1,camera_only,77.33333333333333,30.10727667037012,29.801309059851583,5.0,0.45893336934581896,-1.7836275792295155
15.5,77.50526758888752,30.114751502532112,29.761105557096702,4.97748117103282,0.2951417096103429,-1.5947441167855856,5.235039277289159,86.60659743339377,-1.5947441167855856,0.051863769594983705,0.3076573577337771,1,camera_only,77.5,30.12311659404862,29.741720724952756,5.0,0.491453366138638,-1.7916643464561826
15.5,77.49630495503757,30.12950843117763,29.762190883885797,4.9319556611146895,0.35940790065428446,-1.5983770304812077,5.196938503948635,85.83203488195595,-1.5983770304812077,0.049556243351939325,0.30000086864040926,1,camera_only,77.5,30.12311659404862,29.741720724952756,5.0,0.491453366138638,-1.7916643464561826
15.5,77.48638571283355,30.121081966580487,29.758737023126248,4.883722125114177,0.3254559356297297,-1.6066705673277433,5.151509844044133,86.18739147801423,-1.6066705673277433,0.04642223905532481,0.28984190220282696,1,camera_only,77.5,30.12311659404862,29.741720724952756,5.0,0.491453366138638,-1.7916643464561826
15.533333333333333,77.64625455817823,30.14177501945009,29.71526759564929,4.867547014156706,0.36235470605573455,-1.5701245116656466,5.1273390613611545,85.74258435230817,-1.5701245116656466,0.05189459138911623,0.30770250037600805,1,camera_only,77.66666666666666,30.140039629294947,29.681865315859262,5.0,0.5239194695316812,-1.7996519942997378
15.533333333333333,77.65312326534483,30.137226550961078,29.703306206980137,4.9031113563078526,0.3493954699725107,-1.6182092948676643,5.175053573518679,85.92399559062562,-1.6182092948676643,0.04958670776698592,0.3000586850706492,1,camera_only,77.66666666666666,30.140039629294947,29.681865315859262,5.0,0.5239194695316812,-1.7996519942997378
15.533333333333333,77.66838438327629,30.152835598872894,29.704407634932494,4.9775695280497985,0.4156535028742835,-1.6247740131981103,5.252509574954191,85.22657267956302,-1.6247740131981103,0.046452097322834125,0.28988290170523556,1,camera_only,77.66666666666666,30.140039629294947,29.681865315859262,5.0,0.5239194695316812,-1.7996519942997378
15.566666666666666,77.83242644065665,30.169796879559843,29.662688022385243,4.966787106539422,0.421675512321875,-1.5742932920608006,5.2273495931309,85.14727958698165,-1.5742932920608006,0.051925892683322074,0.307748705004268,1,camera_only,77.83333333333333,30.15804392030758,29.621744473537372,5.0,0.5563281192508572,-1.8075903037747822
15.566666666666666,77.8313090699327,30.171095820365412,29.66370641291986,4.9610557628569625,0.426778530613326,-1.5707077529866704,5.221239033185627,85.08319272105227,-1.5707077529866704,0.04961778562620585,0.30012174381543877,1,camera_only,77.83333333333333,30.15804392030758,29.621744473537372,5.0,0.5563281192508572,-1.8075903037747822
15.566666666666666,77.83343485424803,30.17026990131491,29.66848203258755,4.97116358710683,0.42011593103565326,-1.5503712871023059,5.224233525901963,85.16937863218335,-1.5503712871023059,0.0464883809522081,0.2899431328130957,1,camera_only,77.83333333333333,30.15804392030758,29.621744473537372,5.0,0.5563281192508572,-1.8075903037747822
15.6,77.99774408279396,30.1944884959125,29.61181308374809,4.964045499811674,0.4676567830328876,-1.5774986702747107,5.229622610249776,84.61811764139968,-1.5774986702747107,0.05196341715948169,0.30780970528616114,1,camera_only,78.0,30.17712749271311,29.561359846230346,5.0,0.5886757613225093,-1.8154790572485509
15.6,77.99186321637589,30.20034443930599,29.619085973514345,4.933743783961638,0.48904624647677225,-1.5499898900783096,5.194560868477535,84.339176304261,-1.5499898900783096,0.04965439692012993,0.30019540782618165,1,camera_only,78.0,30.17712749271311,29.561359846230346,5.0,0.5886757613225093,-1.8154790572485509
15.6,77.98969007866627,30.194289270690135,29.624436063156974,4.922842775636738,0.45960439245483586,-1.5235590066222031,5.173668837281937,84.66623653615689,-1.5235590066222031,0.04652735606801418,0.2900079312664732,1,camera_only,78.0,30.17712749271311,29.561359846230346,5.0,0.5886757613225093,-1.8154790572485509
15.633333333333333,78.15614203104187,30.196863730724925,29.57331398133697,4.935452937992225,0.4043298000611038,-1.5173123813919251,5.179229204532154,85.3165854794287,-1.5173123813919251,0.052003438447996514,0.30787405163549575,1,camera_only,78.16666666666666,30.19728825378278,29.500713089413253,5.0,0.6209588484631595,-1.8233180384468823
15.633333333333333,78.14828797111029,30.21235371621924,29.571232567348808,4.895647102841775,0.4733833516216065,-1.5348455408470205,5.152397809507099,84.47696967407951,-1.5348455408470205,0.049692170169458975,0.300267680077034,1,camera_only,78.16666666666666,30.19728825378278,29.500713089413253,5.0,0.6209588484631595,-1.8233180384468823
15.633333333333333,78.15027629887788,30.221053329587527,29.561843790112313,4.905861696527135,0.5167692425007859,-1.5798649479240106,5.179816858647213,83.98680395100475,-1.5798649479240106,0.04656411611387395,0.29006251853350806,1,camera_only,78.16666666666666,30.19728825378278,29.500713089413253,5.0,0.6209588484631595,-1.8233180384468823
15.666666666666666,78.31543571577056,30.230288846527824,29.5078783468116,4.914644309677066,0.4828187699444545,-1.580544035913312,5.185071080005845,84.38921882181764,-1.580544035913312,0.052040810794379375,0.30792958772752466,1,camera_only,78.33333333333333,30.218523992661943,29.43980586574756,5.0,0.6531738404685055,-1.8311070324601473
15.666666666666666,78.31609558642526,30.236795631366846,29.496322318753535,4.9186496230393875,0.5180891682538233,-1.6331805818331926,5.208532356947056,83.98711636585912,-1.6331805818331926,0.049728962773828,0.30033685116822734,1,camera_only,78.33333333333333,30.218523992661943,29.43980586574756,5.0,0.6531738404685055,-1.8311070324601473
15.666666666666666,78.31270806832023,30.23126348575685,29.499338258882872,4.901932156408788,0.49249030010421324,-1.6167274640788671,5.1851030129437286,84.26282467321347,-1.6167274640788671,0.04660160618781564,0.2901185379167302,1,camera_only,78.33333333333333,30.218523992661943,29.43980586574756,5.0,0.6531738404685055,-1.8311070324601473
15.7,78.4774123217615,30.243266284480608,29.441149327954957,4.909170501153246,0.47593567912566337,-1.6321696250590596,5.195233148283477,84.46257764556739,-1.6321696250590596,0.05207844760792015,0.3079854584571353,1,camera_only,78.49999999999999,30.240832380612524,29.37863984503558,5.0,0.6853172046016412,-1.8388458257491396
15.7,78.47915455647701,30.243691896105965,29.4361545043505,4.918297003800036,0.4807321675132248,-1.6535950824155201,5.211058004960141,84.41743612929997,-1.6535950824155201,0.04976447284414371,0.30040214789656483,1,camera_only,78.49999999999999,30.240832380612524,29.37863984503558,5.0,0.6853172046016412,-1.8388458257491396
15.7,78.48204300558204,30.252094925940472,29.428372933092124,4.932827864055327,0.5217051460466744,-1.691808701209067,5.2409143932427416,83.96273401696158,-1.691808701209067,0.0466358785049189,0.29016540846565814,1,camera_only,78.49999999999999,30.240832380612524,29.37863984503558,5.0,0.6853172046016412,-1.8388458257491396
15.733333333333333,78.64823853009558,30.26383816581493,29.364412973177135,4.942790279993508,0.5018266279651897,-1.7202608247537536,5.257594794363262,84.20279607989414,-1.7202608247537536,0.05211300377165607,0.30803460016739626,1,camera_only,78.66666666666666,30.264210971268398,29.31721670417466,5.0,0.7173854159804722,-1.846534206150933
15.733333333333333,78.64969230757053,30.266029577250794,29.357023140075295,4.950611671243563,0.5157600225835194,-1.7528245816544032,5.277021729574389,84.05232053805531,-1.7528245816544032,0.04979743540067933,0.3004632827026417,1,camera_only,78.66666666666666,30.264210971268398,29.31721670417466,5.0,0.7173854159804722,-1.846534206150933
15.733333333333333,78.65053610331579,30.270862978801855,29.3507879231989,4.9550974683959685,0.5404505138451665,-1.7821205407716911,5.293489520255993,83.77537732875977,-1.7821205407716911,0.04667011966594946,0.290214973137748,1,camera_only,78.66666666666666,30.264210971268398,29.31721670417466,5.0,0.7173854159804722,-1.846534206150933
15.766666666666666,78.81479505429945,30.29233727537434,29.293808794493533,4.950073187256906,0.5539599482265343,-1.7739947232359894,5.287452454775174,83.61462882008348,-1.7739947232359894,0.05214753769500917,0.3080860073220101,1,camera_only,78.83333333333333,30.28865720090364,29.25553812711123,5.0,0.749374957964242,-1.8541719628846947
15.766666666666666,78.81774175891773,30.29386643502038,29.282323701535134,4.965778708579139,0.5674502412823654,-1.8235245330501177,5.320357100942093,83.48096504332845,-1.8235245330501177,0.04983145161642578,0.3005289791063968,1,camera_only,78.83333333333333,30.28865720090364,29.25553812711123,5.0,0.749374957964242,-1.8541719628846947
15.766666666666666,78.82382349717632,30.286917346947558,29.301691413060766,4.994420754463699,0.5250143237199024,-1.738441002608124,5.314325529385451,83.99909738160919,-1.738441002608124,0.04670624265440661,0.29027159659234836,1,camera_only,78.83333333333333,30.28865720090364,29.25553812711123,5.0,0.749374957964242,-1.8541719628846947
15.799999999999999,78.99141803315001,30.302778268128954,29.2343278824738,5.001057663515652,0.5236897757767761,-1.7771129359936977,5.333194082567959,84.02201317305808,-1.7771129359936977,0.05218475478208155,0.3081449793722648,1,camera_only,78.99999999999999,30.31416838871369,29.19360580479465,5.0,0.7812823225391802,-1.8617588865574652
15.799999999999999,78.98786005473454,30.305644586973607,29.240734389820087,4.9825237131216165,0.5323516995880863,-1.751597035089227,5.308204315699134,83.90143798247557,-1.751597035089227,0.04986727163283706,0.3005998968654203,1,camera_only,78.99999999999999,30.31416838871369,29.19360580479465,5.0,0.7812823225391802,-1.8617588865574652
15.799999999999999,79.00141914756719,30.314095361706432,29.248178155169704,5.048369082634254,0.5631904655269924,-1.7270388912474435,5.365247172949177,83.63446637586254,-1.7270388912474435,0.046742955967503906,0.2903288599460049,1,camera_only,78.99999999999999,30.31416838871369,29.19360580479465,5.0,0.7812823225391802,-1.8617588865574652
15.833333333333334,79.17248098679435,30.323013395726395,29.180245387180634,5.06400946670221,0.5269499213387466,-1.7647429264825831,5.388523517163011,84.05930500660004,-1.7647429264825831,0.052222831456424354,0.30820520642642507,1,camera_only,79.16666666666667,30.34074173710932,29.131421435130807,5.0,0.8131040107032057,-1.869294769169901
15.833333333333334,79.17150244479184,30.33140112948249,29.170844117178827,5.0595210732906395,0.5689946730052343,-1.809430189644538,5.403382833020206,83.58346603271696,-1.809430189644538,0.049904937391904144,0.300675022336857,1,camera_only,79.16666666666667,30.34074173710932,29.131421435130807,5.0,0.8131040107032057,-1.869294769169901
15.833333333333334,79.1852970447798,30.335690507884422,29.184762836583822,5.126154514986676,0.5778000754618965,-1.755069247895853,5.448998174309821,83.56898745854384,-1.755069247895853,0.046782996156120187,0.2903936689537308,1,camera_only,79.16666666666667,30.34074173710932,29.131421435130807,5.0,0.8131040107032057,-1.869294769169901
15.866666666666667,79.35701952884627,30.353969063655413,29.11818730157167,5.131308591963799,0.5785283568796528,-1.7885045433264297,5.46477551480156,83.56736298267032,-1.7885045433264297,0.05226412773596631,0.30827157356904294,1,camera_only,79.33333333333333,30.368374332023418,29.068986722935627,5.0,0.844836532849603,-1.876779404121971
15.866666666666667,79.35870269177349,30.35651216705957,29.109689674001455,5.140369323259029,0.594622548827153,-1.826029108923344,5.487381439421864,83.40152308302564,-1.826029108923344,0.049946353681240806,0.3007579887950223,1,camera_only,79.33333333333333,30.368374332023418,29.068986722935627,5.0,0.844836532849603,-1.876779404121971
15.866666666666667,79.34183046115777,30.35477975649667,29.087526922273863,5.059157982850915,0.6022342657985909,-1.9163472029485311,5.443358541249581,83.21154408893818,-1.9163472029485311,0.046826850760671945,0.2904659524293003,1,camera_only,79.33333333333333,30.368374332023418,29.068986722935627,5.0,0.844836532849603,-1.876779404121971
15.9,79.51239429494599,30.369127685526166,29.014412829316424,5.070142231996359,0.5832242959933416,-1.951815337091825,5.464071370527368,83.43804208865448,-1.951815337091825,0.05230771445846664,0.3083401920590763,1,camera_only,79.5,30.397063143230568,29.00630337988826,5.0,0.8764764091497335,-1.8842125862186294
15.9,79.51778817921371,30.366292967717545,29.002151171846485,5.098435726275567,0.5782537526753624,-2.0022129788735317,5.5079289274840715,83.5292854183749,-2.0022129788735317,0.04998663740011953,0.30083219244993026,1,camera_only,79.5,30.397063143230568,29.00630337988826,5.0,0.8764764091497335,-1.8842125862186294
15.9,79.52501148320694,30.36583247447337,29.013206050877148,5.13312498195038,0.5688297997052569,-1.9561910206996003,5.522610137500343,83.67653964280896,-1.9561910206996003,0.046863719188468704,0.290516772657708,1,camera_only,79.5,30.397063143230568,29.00630337988826,5.0,0.8764764091497335,-1.8842125862186294
15.933333333333334,79.69659441211542,30.38463152429828,28.943236582671858,5.1360264321140425,0.5710666891906552,-1.976191562124086,5.532650157482191,83.65543255926598,-1.976191562124086,0.052345020203202114,0.30839368826462205,1,camera_only,79.66666666666666,30.426805024679325,28.94337312448424,5.0,0.9080201699346068,-1.8915941116754331
15.933333333333334,79.69622772265194,30.386846253554744,28.9411818734713,5.134253851001904,0.5818814898369243,-1.9861975487251653,5.535713989839484,83.53407465813893,-1.9861975487251653,0.05002301799077917,0.30089975548706366,1,camera_only,79.66666666666666,30.426805024679325,28.94337312448424,5.0,0.9080201699346068,-1.8915941116754331
15.933333333333334,79.69759807320924,30.37876785468525,28.954562301247968,5.140248229110568,0.5387611135779747,-1.9249276319378392,5.515229984558752,84.01654578938033,-1.9249276319378392,0.046902497401672794,0.29057512041822253,1,camera_only,79.66666666666666,30.426805024679325,28.94337312448424,5.0,0.9080201699346068,-1.8915941116754331
15.966666666666667,79.86795653023358,30.400105017232306,28.8950215337908,5.134597310594739,0.5504317670566096,-1.9074838064242965,5.505048514220625,83.88122718403221,-1.9074838064242965,0.052384471160186304,0.30845355161689225,1,camera_only,79.83333333333333,30.45759671483723,28.880197681988292,5.0,0.9394643560753921,-1.8989237781241335
15.966666666666667,79.85809907445865,30.414749808076664,28.904076009905687,5.083525646396699,0.6083377876459739,-1.877521469057026,5.453200411521754,83.17595237153839,-1.877521469057026,0.05006233149566473,0.3009741442062214,1,camera_only,79.83333333333333,30.45759671483723,28.880197681988292,5.0,0.9394643560753921,-1.8989237781241335
15.966666666666667,79.84522385783433,30.411524621525405,28.890821729738235,5.021331215024845,0.6038385147192205,-1.9298796175381414,5.4132082410554245,83.14284279182316,-1.9298796175381414,0.0469451649839221,0.290645104495727,1,camera_only,79.83333333333333,30.45759671483723,28.880197681988292,5.0,0.9394643560753921,-1.8989237781241335
16.0,80.01196802775938,30.433463037460076,28.830678706420535,5.0175824019321436,0.6090200316735135,-1.9133194444635468,5.404426875786279,83.0794524995094,-1.9133194444635468,0.052427827567688955,0.3085223861169124,1,camera_only,80.0,30.489434837048464,28.816778784387097,5.0,0.9708055193627326,-1.9062013846182222
16.0,80.01578330544645,30.434430352299923,28.81701983944443,5.037927590623573,0.6213909911177636,-1.9718986985091171,5.445661176513878,82.96850479701838,-1.9718986985091171,0.05010578154620345,0.3010559214044775,1,camera_only,80.0,30.489434837048464,28.816778784387097,5.0,0.9708055193627326,-1.9062013846182222
16.0,79.99969324654816,30.42286537964905,28.81177774175033,4.959596673859061,0.5765049847265777,-1.9848707671391004,5.373050262840635,83.36967733884865,-1.9848707671391004,0.04698765277956306,0.2907109039577573,1,camera_only,80.0,30.489434837048464,28.816778784387097,5.0,0.9708055193627326,-1.9062013846182222
16.03333333333333,80.16675932440558,30.43617191623539,28.736682623901647,4.969736527438821,0.5566959401509912,-2.018963081278824,5.392995776514863,83.60853175463139,-2.018963081278824,0.052470093504165545,0.30858605682821155,1,camera_only,80.16666666666666,30.52231589990414,28.753118170341768,5.0,1.0020402228848886,-1.9134267316384401
16.03333333333333,80.1637733028664,30.440526003482073,28.73935807506109,4.954260644610371,0.5738803883793621,-2.0101155319791286,5.377229926905242,83.39254940241086,-2.0101155319791286,0.05014466700224804,0.3011245541939214,1,camera_only,80.16666666666666,30.52231589990414,28.753118170341768,5.0,1.0020402228848886,-1.9134267316384401
16.03333333333333,80.1753052531923,30.453333780458166,28.73751284673406,5.010627776394028,0.6288048054479245,-2.0273099816821234,5.441669960476631,82.84710448539744,-2.0273099816821234,0.04702401151467132,0.2907602114433859,1,camera_only,80.16666666666666,30.52231589990414,28.753118170341768,5.0,1.0020402228848886,-1.9134267316384401
16.066666666666666,80.34099183469657,30.481705459328516,28.67231073730761,5.003113201918981,0.659063324733384,-2.021857874149753,5.436305311559127,82.49559886055822,-2.021857874149753,0.05250734843081957,0.30863937241716666,1,camera_only,80.33333333333333,30.55623629762519,28.68921758514018,5.0,1.0331650414046436,-1.9205996210982508
16.066666666666666,80.33926112056082,30.48602373628544,28.67055424396591,4.994350936867533,0.6787471188855709,-2.031813239044076,5.434381654828804,82.26074804926365,-2.031813239044076,0.050183896539940806,0.3011985681134341,1,camera_only,80.33333333333333,30.55623629762519,28.68921758514018,5.0,1.0331650414046436,-1.9205996210982508
16.066666666666666,80.33844961850448,30.48731309554064,28.66699036850285,4.990607958517856,0.6865582235850443,-2.0475671134614517,5.437836065396131,82.16698401219331,-2.0475671134614517,0.04706938039256377,0.2908370382090741,1,camera_only,80.33333333333333,30.55623629762519,28.68921758514018,5.0,1.0331650414046436,-1.9205996210982508
16.1,80.50508731638499,30.50905588519987,28.597317767449237,4.992275130949182,0.6825568333208958,-2.0528627058713376,5.440858397621106,82.21464334379668,-2.0528627058713376,0.052553958258947264,0.3087155316099119,1,camera_only,80.5,30.591192310457746,28.625078780649176,5.0,1.0641765617348942,-1.9277198563492646
16.1,80.50525785907604,30.512928152609792,28.59059574447068,4.993534521041317,0.7032755508112748,-2.0837009472422805,5.456353466440624,81.98334762612646,-2.0837009472422805,0.05022998351608894,0.3012872120125785,1,camera_only,80.5,30.591192310457746,28.625078780649176,5.0,1.0641765617348942,-1.9277198563492646
16.1,80.506001366692,30.519965242422938,28.581693638493675,4.997606241253153,0.7388052351102465,-2.1258153104940405,5.480966342933484,81.59076671409113,-2.1258153104940405,0.047116026899465785,0.2909130178268134,1,camera_only,80.5,30.591192310457746,28.625078780649176,5.0,1.0641765617348942,-1.9277198563492646
16.133333333333333,80.671865852853,30.553198990064544,28.503322558036377,4.99410147036532,0.7802375118519871,-2.1629162673508016,5.4980020780986205,81.12035822643955,-2.1629162673508016,0.052601552084508056,0.3087906081603577,1,camera_only,80.66666666666666,30.627180105081084,28.560703515266475,5.0,1.095071383112968,-1.934787242186635
16.133333333333333,80.66406441324295,30.55315155567049,28.530210280361835,4.952371224877905,0.763795189500159,-2.0485355600568504,5.413488873297857,81.23245669844594,-2.0485355600568504,0.05027772491014545,0.30137715544015403,1,camera_only,80.66666666666666,30.627180105081084,28.560703515266475,5.0,1.095071383112968,-1.934787242186635
16.133333333333333,80.68600148071619,30.564620731616632,28.54349083291231,5.058746644942641,0.8022753174913543,-2.002329757104326,5.499444313652039,80.98841490753925,-2.002329757104326,0.0471667523778566,0.2909988049640624,1,camera_only,80.66666666666666,30.627180105081084,28.560703515266475,5.0,1.095071383112968,-1.934787242186635
16.166666666666668,80.85165349429641,30.603405295830296,28.489770923773115,5.041433733592667,0.8455105771991412,-1.954703223278687,5.472824400385766,80.47939507493695,-1.954703223278687,0.05265489447387228,0.3088776840546816,1,camera_only,80.83333333333333,30.66419573502798,28.49609355387249,5.0,1.1258461175735532,-1.9418015848544106
16.166666666666668,80.84104827051215,30.62201961538798,28.495953216575497,4.986420356046313,0.9216988099220389,-1.9392791569320067,5.429062562903071,79.52754749840616,-1.9392791569320067,0.05033479520131882,0.30148799350109773,1,camera_only,80.83333333333333,30.66419573502798,28.49609355387249,5.0,1.1258461175735532,-1.9418015848544106
16.166666666666668,80.84538547939044,30.626878502642995,28.494530235103696,5.0076669579807,0.9428496841415981,-1.948893375853136,5.4556282204143836,79.33710997130551,-1.948893375853136,0.047232023516259075,0.29111906799554654,1,camera_only,80.83333333333333,30.66419573502798,28.49609355387249,5.0,1.1258461175735532,-1.9418015848544106
16.2,81.01188096837082,30.66443249525099,28.42345577809953,5.005677650741551,0.9727470538699275,-1.9785726890041584,5.469716213810294,79.00284689133778,-1.9785726890041584,0.052722820835040665,0.30899282720643434,1,camera_only,81.0,30.702235141117484,28.43125066778196,5.0,1.1564973903202114,-1.9487626920508425
16.2,81.00809027685023,30.669279242162656,28.427663470625834,4.98594062967272,0.9910124020688508,-1.9634661028675218,5.449487010791497,78.75832234419097,-1.9634661028675218,0.050404090930619566,0.30161921440821554,1,camera_only,81.0,30.702235141117484,28.43125066778196,5.0,1.1564973903202114,-1.9487626920508425
16.2,81.00251694683917,30.67221416719668,28.416869174974295,4.95924108600305,1.0108139545490078,-2.0102772042131027,5.445826974628423,78.4795333688731,-2.0102772042131027,0.047301606433853935,0.29123845645470514,1,camera_only,81.0,30.702235141117484,28.43125066778196,5.0,1.1564973903202114,-1.9487626920508425
16.233333333333334,81.16778785669715,30.702627746062717,28.3570009998549,4.9585493008120896,0.9924012369370315,-1.978005963632114,5.429970439682192,78.682386171698,-1.978005963632114,0.05279343047215114,0.30910425846979045,1,camera_only,81.16666666666667,30.741294151900057,28.36617663469535,5.0,1.187021840095485,-1.9556703729336629
16.233333333333334,81.16705508276941,30.711748234504956,28.344581787905362,4.955472787077106,1.038971407535734,-2.036226602875459,5.457324519157374,78.15880257364606,-2.036226602875459,0.05047398249273092,0.30174130682763406,1,camera_only,81.16666666666667,30.741294151900057,28.36617663469535,5.0,1.187021840095485,-1.9556703729336629
16.233333333333334,81.18107927894073,30.721564184280066,28.348995382361974,5.023610512843017,1.0764078878341605,-2.0255303736884334,5.522507566357232,77.9061161557996,-2.0255303736884334,0.04736978841849867,0.2913456830752917,1,camera_only,81.16666666666667,30.741294151900057,28.36617663469535,5.0,1.187021840095485,-1.9556703729336629
16.266666666666666,81.34991339653646,30.75646441311102,28.265102328553976,5.032445534296333,1.0825049313063928,-2.0942503059939566,5.557266353713626,77.86036170767294,-2.0942503059939566,0.05286302468151403,0.30920785057351086,1,camera_only,81.33333333333333,30.781368484114992,28.30087323865017,5.0,1.2174161195494644,-1.9625244381253075
16.266666666666666,81.33575209924162,30.768639818694606,28.295797921899577,4.957475814370693,1.1159488491264509,-1.9707010051009426,5.450281711567108,77.31393165238714,-1.9707010051009426,0.05054364496248985,0.3018604545095477,1,camera_only,81.33333333333333,30.781368484114992,28.30087323865017,5.0,1.2174161195494644,-1.9625244381253075
16.266666666666666,81.3258397734951,30.767869110495052,28.283176464721326,4.909847145503954,1.1216734245288829,-2.0223528419918453,5.427214873304739,77.13140152568216,-2.0223528419918453,0.04744233771032706,0.29146298819126487,1,camera_only,81.33333333333333,30.781368484114992,28.30087323865017,5.0,1.2174161195494644,-1.9625244381253075
16.3,81.49199666678062,30.793090360842278,28.205927123880745,4.92458195201588,1.0762937710565041,-2.056395539276429,5.444141649304467,77.67155604558276,-2.056395539276429,0.05293604319183718,0.3093173886690392,1,camera_only,81.5,30.82245374316019,28.235342269971973,5.0,1.2476768956069098,-1.9693246997181204
16.3,81.50477565779606,30.766843878897426,28.201422067667465,4.991089634715162,0.9670438847021815,-2.0600782201414165,5.485441813546292,79.03457906465074,-2.0600782201414165,0.05061615464279908,0.30198039212294137,1,camera_only,81.5,30.82245374316019,28.235342269971973,5.0,1.2476768956069098,-1.9693246997181204
16.3,81.52460036012639,30.78065484186168,28.206623221247682,5.087398458921987,1.0200241302074398,-2.0493668438014385,5.5787074458623405,78.66251612538085,-2.0493668438014385,0.0475065293043778,0.2915480605152716,1,camera_only,81.5,30.82245374316019,28.235342269971973,5.0,1.2476768956069098,-1.9693246997181204
16.333333333333332,81.69124117011468,30.82875401827599,28.150572760102964,5.0699417781448,1.0719501400133873,-2.0062686460955015,5.556842684183048,78.0616375621875,-2.0062686460955015,0.05299973646790935,0.3094003938107693,1,camera_only,81.66666666666667,30.86454542357399,28.169585525225408,5.0,1.2778008498327063,-1.9760709712794924
16.333333333333332,81.68534639676778,30.837609795798983,28.157476454173654,5.039001724927166,1.1054993074514385,-1.9820808238776513,5.526509883731149,77.62600164166945,-1.9820808238776513,0.05068040547280744,0.30208233083746205,1,camera_only,81.66666666666667,30.86454542357399,28.169585525225408,5.0,1.2778008498327063,-1.9760709712794924
16.333333333333332,81.68382703383743,30.8381216248625,28.154132943383722,5.0318111047472565,1.1099413555293929,-1.9963598333480703,5.525988182287198,77.56062231702475,-1.9963598333480703,0.04757899680849424,0.29166421392581254,1,camera_only,81.66666666666667,30.86454542357399,28.169585525225408,5.0,1.2778008498327063,-1.9760709712794924
16.366666666666667,81.85137307773735,30.87473092372299,28.091176815833094,5.030528998400237,1.1060397879269386,-1.9809110414411744,5.5184739349141365,77.59993204056781,-1.9809110414411744,0.053073258519537425,0.3095117597436861,1,camera_only,81.83333333333334,30.907638909529314,28.103604807164828,5.0,1.3077846787958143,-1.9827630678569819
16.366666666666667,81.84190612354178,30.88699139261041,28.106972266790265,4.98044884611515,1.1485766997642328,-1.9208855191504015,5.460210648106237,77.01365888585444,-1.9208855191504015,0.05075458793316772,0.3022088424901717,1,camera_only,81.83333333333334,30.907638909529314,28.103604807164828,5.0,1.3077846787958143,-1.9827630678569819
16.366666666666667,81.82228846664724,30.880503037301956,28.08961620800309,4.885974344822782,1.1344503404173183,-1.9876728346680985,5.3954208520575015,76.92838667936978,-1.9876728346680985,0.047653795299528366,0.29178499483221265,1,camera_only,81.83333333333334,30.907638909529314,28.103604807164828,5.0,1.3077846787958143,-1.9827630678569819
16.4,81.98291385832059,30.930183347316806,28.03135290344669,4.8726347288192144,1.1794233842872326,-1.9612735748067867,5.383326365281418,76.39323530707173,-1.9612735748067867,0.05314787544866517,0.30962404133847576,1,camera_only,82.0,30.951729475339803,28.037401924684957,5.0,1.3376250944314962,-1.98940080598338
16.4,81.98561834520818,30.925844648297446,28.0283055812056,4.886867218233641,1.1628490864634302,-1.9716880775473768,5.396410203244181,76.61516641891501,-1.9716880775473768,0.05083024768518217,0.3023351021060648,1,camera_only,82.0,30.951729475339803,28.037401924684957,5.0,1.3376250944314962,-1.98940080598338
16.4,81.99251850795568,30.93424376633197,28.024974799160173,4.920542814040358,1.199477563743356,-1.992064005989287,5.442316328061608,76.30023605772895,-1.992064005989287,0.047726398771521954,0.2918970269603318,1,camera_only,82.0,30.951729475339803,28.037401924684957,5.0,1.3376250944314962,-1.98940080598338
16.433333333333334,82.15812424194668,30.964633976812063,27.95464723697485,4.929944981047008,1.1615986096310842,-2.002648114733545,5.446491376794172,76.74173442699993,-2.002648114733545,0.05322113305142471,0.30973209613218694,1,camera_only,82.16666666666667,30.99681228597806,27.970978692771247,5.0,1.3673188244019114,-1.9959840036817438
16.433333333333334,82.15545393845554,30.96985240719462,27.95743410246341,4.915803961765819,1.181994946735834,-1.993908784771702,5.434879289056137,76.4800017930927,-1.993908784771702,0.050902583347026506,0.302455631435309,1,camera_only,82.16666666666667,30.99681228597806,27.970978692771247,5.0,1.3673188244019114,-1.9959840036817438
16.433333333333334,82.17205501237498,30.96730333894881,27.983154105035517,4.995192114335755,1.1529855065651893,-1.8855436638493963,5.462288416566275,77.00267304226642,-1.8855436638493963,0.04779932176391856,0.2920105368931665,1,camera_only,82.16666666666667,30.99681228597806,27.970978692771247,5.0,1.3673188244019114,-1.9959840036817438
16.466666666666665,82.33567526073593,31.017407671564094,27.937859416103407,4.977428644758697,1.1909182269364766,-1.8184802907007405,5.431385891702132,76.54416010406324,-1.8184802907007405,0.05329486530616419,0.309842101547013,1,camera_only,82.33333333333333,31.042882397605872,27.904336932450164,5.0,1.3968626124549481,-2.0025124804703824
16.466666666666665,82.33518337964583,31.026545750645745,27.92549336868574,4.975463438052179,1.2371246663962903,-1.8766706611372337,5.459634294893148,76.03684269495882,-1.8766706611372337,0.05097957552256922,0.302588361241926,1,camera_only,82.33333333333333,31.042882397605872,27.904336932450164,5.0,1.3968626124549481,-2.0025124804703824
16.466666666666665,82.34037572190513,31.027292026280396,27.93115901389408,5.000393060021807,1.2360132484335418,-1.8538425423134743,5.474339382675208,76.11575311591203,-1.8538425423134743,0.0478809397620826,0.29214692853182095,1,camera_only,82.33333333333333,31.042882397605872,27.904336932450164,5.0,1.3968626124549481,-2.0025124804703824
16.5,82.50775487266914,31.064626281896324,27.866211252294786,5.004695644625779,1.221804138349659,-1.8647584415873872,5.47878708231083,76.28064926030324,-1.8647584415873872,0.05337775108902393,0.30997186087366996,1,camera_only,82.5,31.08993475811632,27.837478470739235,5.0,1.4262532187813186,-2.0089860573678076
16.5,82.50921253210959,31.06633573765887,27.85838293062622,5.01267602908856,1.2337876982023595,-1.89918205330067,5.50054956603555,76.17244599671156,-1.89918205330067,0.05106241021244847,0.3027320401459109,1,camera_only,82.5,31.08993475811632,27.837478470739235,5.0,1.4262532187813186,-2.0089860573678076
16.5,82.50333796393528,31.065427778408978,27.85174122906154,4.984527732686202,1.2349601449199912,-1.9259434693457458,5.484514702740269,76.08468284714795,-1.9259434693457458,0.047962700286920956,0.2922782730583867,1,camera_only,82.5,31.08993475811632,27.837478470739235,5.0,1.4262532187813186,-2.0089860573678076
16.53333333333333,82.66824210372077,31.11410572355449,27.79133322242574,4.976984702193904,1.2639981600802186,-1.9146384927695608,5.480320121357256,75.74994518376222,-1.9146384927695608,0.05345921422924511,0.31009437638518506,1,camera_only,82.66666666666666,31.13796420768785,27.77040514059696,5.0,1.455487420369834,-2.0154045568976366
16.53333333333333,82.6718491847701,31.11059387839498,27.782308569963735,4.996377268502757,1.254708995587298,-1.9510087131440723,5.508585614437053,75.90317386607066,-1.9510087131440723,0.05114396355399839,0.30286842753038873,1,camera_only,82.66666666666666,31.13796420768785,27.77040514059696,5.0,1.455487420369834,-2.0154045568976366
16.53333333333333,82.67266509039737,31.12294391761683,27.764482480126077,5.001153632639184,1.3175420254675494,-2.0346025694446586,5.557613000355823,75.24091332825232,-2.0346025694446586,0.04804316932615335,0.2924048320054707,1,camera_only,82.66666666666666,31.13796420768785,27.77040514059696,5.0,1.455487420369834,-2.0154045568976366
16.566666666666666,82.83880765540732,31.172461996908968,27.69367177286555,4.99805782794818,1.342839832485716,-2.0508429367432126,5.566844493823577,74.96134983210506,-2.0508429367432126,0.053539881072152004,0.3102145943579062,1,camera_only,82.83333333333334,31.18696547935008,27.70311878087255,5.0,1.4845620113608584,-2.021767803093465
16.566666666666666,82.83768346505629,31.170017239478508,27.702063018181093,4.991742275706687,1.3274107512604714,-2.013583113748928,5.543827847761337,75.10845962975905,-2.013583113748928,0.05122479679310032,0.30300378034423536,1,camera_only,82.83333333333334,31.18696547935008,27.70311878087255,5.0,1.4845620113608584,-2.021767803093465
16.566666666666666,82.84780568912622,31.178103974476034,27.7034797238858,5.040626384724874,1.3588651144716977,-2.014190794194478,5.595658433565304,74.9127180644788,-2.014190794194478,0.048125516752849526,0.2925380430502207,1,camera_only,82.83333333333334,31.18696547935008,27.70311878087255,5.0,1.4845620113608584,-2.021767803093465
16.6,83.01671551191546,31.219788897367195,27.6291989626237,5.04638713566204,1.3483553321962964,-2.0421778835481645,5.608437904879644,75.04047417543599,-2.0421778835481645,0.053623259923453515,0.31034234339961764,1,camera_only,83.0,31.236933199561367,27.635621236255567,5.0,1.5134738033978414,-2.0280756215036826
16.6,83.01528134071381,31.214629841681507,27.642432861034766,5.038265792152227,1.3185865572109368,-1.9825903336717943,5.5725628872537225,75.33381575935925,-1.9825903336717943,0.05130893496290456,0.3031478441897744,1,camera_only,83.0,31.236933199561367,27.635621236255567,5.0,1.5134738033978414,-2.0280756215036826
16.6,83.01735019212666,31.227373527676896,27.624837692628116,5.049119535570929,1.382584626053685,-2.0656848962387624,5.627806182095555,74.68625680576237,-2.0656848962387624,0.04821004231953439,0.2926744118456939,1,camera_only,83.0,31.236933199561367,27.635621236255567,5.0,1.5134738033978414,-2.0280756215036826
16.633333333333333,83.18219771268394,31.292351048177473,27.573417534893117,5.02734044892211,1.4501058793607582,-2.003770952238515,5.602861508172395,73.91011459447691,-2.003770952238515,0.053708075814257523,0.3104711745749038,1,camera_only,83.16666666666667,31.287861888798105,27.56791435722529,5.0,1.5422196259769798,-2.034327839196261
16.633333333333333,83.17984321955358,31.30196191312913,27.56651169136298,5.015344759175933,1.4947199541059137,-2.038992675765263,5.616525787924441,73.40439879424751,-2.038992675765263,0.05139676465192059,0.30329784939169413,1,camera_only,83.16666666666667,31.287861888798105,27.56791435722529,5.0,1.5422196259769798,-2.034327839196261
16.633333333333333,83.17891416000626,31.294686356976175,27.57708464997712,5.010339935679415,1.4578594424566471,-1.9893341118698145,5.5844704882086065,73.77658005230114,-1.9893341118698145,0.04830276921829409,0.292833861083116,1,camera_only,83.16666666666667,31.287861888798105,27.56791435722529,5.0,1.5422196259769798,-2.034327839196261
16.666666666666668,83.3435876666007,31.35581782352302,27.524627357279336,4.995318136779306,1.501091363211908,-1.9385722121576394,5.564579120660918,73.27449518852586,-1.9385722121576394,0.05380250379285289,0.3106219541365525,1,camera_only,83.33333333333334,31.339745962155614,27.5,5.0,1.570796326794897,-2.040524284763495
16.666666666666668,83.33807249512611,31.364108135991827,27.534857184557094,4.9656426973225605,1.5295371564756857,-1.8999418409866098,5.532347630946937,72.8799113999692,-1.8999418409866098,0.05149336045975708,0.30346629201882486,1,camera_only,83.33333333333334,31.339745962155614,27.5,5.0,1.570796326794897,-2.040524284763495
16.666666666666668,83.34630196214913,31.369231496804314,27.537099236363705,5.005309784050601,1.548151624705368,-1.8949228637779272,5.571412042477103,72.81306447985725,-1.8949228637779272,0.04839977537857951,0.2929986552099964,1,camera_only,83.33333333333334,31.339745962155614,27.5,5.0,1.570796326794897,-2.040524284763495
16.7,83.51710828485965,31.400048683566606,27.451331819993097,5.030692345112288,1.4763895772390283,-1.9775448661555262,5.6034164000732165,73.64428003344122,-1.9775448661555262,0.05390146079414635,0.31077800023692914,1,camera_only,83.5,31.39257972996056,27.431880026486116,5.0,1.5992007720943124,-2.046664788326698
16.7,83.52189601665192,31.386662270067742,27.452591471625723,5.055995533154206,1.4196249441131286,-1.964068019426064,5.606780626897731,74.31629380820405,-1.964068019426064,0.051591598931555356,0.3036336882774552,1,camera_only,83.5,31.39257972996056,27.431880026486116,5.0,1.5992007720943124,-2.046664788326698
16.7,83.50994873561332,31.371632929496243,27.46016881277444,4.998093657949818,1.3543560132140267,-1.9204589979130402,5.522986799443969,74.83839580988673,-1.9204589979130402,0.0484923493899592,0.2931406155806818,1,camera_only,83.5,31.39257972996056,27.431880026486116,5.0,1.5992007720943124,-2.046664788326698
16.733333333333334,83.6759840326086,31.423503097666735,27.392767012737814,4.994794221550977,1.3843448653889783,-1.9391530602710136,5.533958313280495,74.50888580106623,-1.9391530602710136,0.05399214675885502,0.3109075342453509,1,camera_only,83.66666666666667,31.44635739839493,27.363556304227114,5.0,1.627429847007716,-2.0527491815408645
16.733333333333334,83.66993784022644,31.437435711540648,27.39497500148739,4.962710536843481,1.441204262866525,-1.93813181372309,5.51923187836564,73.8063501720939,-1.93813181372309,0.05168092346632184,0.30377314536848593,1,camera_only,83.66666666666667,31.44635739839493,27.363556304227114,5.0,1.627429847007716,-2.0527491815408645
16.733333333333334,83.67677094997683,31.44048512064477,27.398923810279708,4.995463645704123,1.4502162226282511,-1.9243578377714607,5.54625434105921,73.81163654149103,-1.9243578377714607,0.0485803622907886,0.29327522341623,1,camera_only,83.66666666666667,31.44635739839493,27.363556304227114,5.0,1.627429847007716,-2.0527491815408645
16.766666666666666,83.84363662405603,31.483765898090148,27.33939920093835,4.997302087288109,1.4263559300487783,-1.9014939020421404,5.533823131461905,74.06991877962972,-1.9014939020421404,0.05408079134461257,0.31103691922191556,1,camera_only,83.83333333333333,31.501073070131355,27.295030706352364,5.0,1.655480455898925,-2.058777297599279
16.766666666666666,83.84595849437942,31.481396537455247,27.333767805122815,5.009848888154484,1.419920682597675,-1.9241175876340477,5.551305172484579,74.1758992392047,-1.9241175876340477,0.051771827217875876,0.30392191069736985,1,camera_only,83.83333333333333,31.501073070131355,27.295030706352364,5.0,1.655480455898925,-2.058777297599279
16.766666666666666,83.84001906728102,31.48037988518618,27.32842713266064,4.981430624123801,1.4200938557516363,-1.945242390748534,5.533108130234495,74.08834059616855,-1.945242390748534,0.04867149413238674,0.29341859423276534,1,camera_only,83.83333333333333,31.501073070131355,27.295030706352364,5.0,1.655480455898925,-2.058777297599279
16.8,84.00506831760455,31.53606241635236,27.26507355634701,4.97506881134908,1.4535365161232978,-1.9443064845634657,5.535738955846612,73.71353228668374,-1.9443064845634657,0.054171386927287964,0.3111710617114268,1,camera_only,84.00000000000001,31.55672074497985,27.22630511152573,5.0,1.6833495227025805,-2.0647489712380973
16.8,84.0022254356382,31.542865549057396,27.26559254859306,4.9599791445189005,1.4815588293871225,-1.9461955668802837,5.530288135670858,73.36897611339711,-1.9461955668802837,0.051862982102632973,0.3040709333794282,1,camera_only,84.00000000000001,31.55672074497985,27.22630511152573,5.0,1.6833495227025805,-2.0647489712380973
16.8,84.01517041198859,31.55338209385421,27.265914839574382,5.022160603581589,1.5225300611668706,-1.953610817363879,5.599713398116456,73.13467153514708,-1.953610817363879,0.048763571419631946,0.29356785665861945,1,camera_only,84.00000000000001,31.55672074497985,27.22630511152573,5.0,1.6833495227025805,-2.0647489712380973
16.833333333333332,84.18020679840632,31.62043479818465,27.211438996742697,5.006547595885478,1.5827538312987477,-1.9189371873460532,5.59043365485515,72.45633875306213,-1.9189371873460532,0.05426473872926975,0.311314319590851,1,camera_only,84.16666666666666,31.613294320545755,27.157381403894128,5.0,1.7110339912614418,-2.0706640387408677
16.833333333333332,84.17502509454312,31.63514918632586,27.210260407984244,4.978948239902473,1.6446157715448728,-1.9329179910808991,5.5884576201208045,71.72089307645955,-1.9329179910808991,0.05196043266871509,0.30423817533822156,1,camera_only,84.16666666666666,31.613294320545755,27.157381403894128,5.0,1.7110339912614418,-2.0706640387408677
16.833333333333332,84.17789562880638,31.643595599303957,27.200789681052438,4.993098846413112,1.6849325394749912,-1.9790536143752837,5.6290929074945515,71.35291636618557,-1.9790536143752837,0.0488677027568666,0.29375015968786206,1,camera_only,84.16666666666666,31.613294320545755,27.157381403894128,5.0,1.7110339912614418,-2.0706640387408677
16.866666666666667,84.34566549393062,31.695714187498425,27.118432156836914,5.002569534117863,1.6788612809112249,-2.0460354942785997,5.659552843474029,71.44825823274758,-2.0460354942785997,0.05437096370000303,0.3114862575470786,1,camera_only,84.33333333333334,31.670787592899003,27.08826147303581,5.0,1.7385308256615635,-2.076522337943028
16.866666666666667,84.34542270622389,31.68759851716978,27.13204908445565,5.000751991970117,1.636841997174427,-1.9829095193233846,5.623050984183796,71.87573618950081,-1.9829095193233846,0.05206777330073854,0.3044252465041288,1,camera_only,84.33333333333334,31.670787592899003,27.08826147303581,5.0,1.7385308256615635,-2.076522337943028
16.866666666666667,84.3536772571066,31.693676505554617,27.13288596182779,5.040310955592755,1.6598132705208455,-1.984586248855051,5.665535914740107,71.77288724833514,-1.984586248855051,0.04897226058066293,0.29392357114745654,1,camera_only,84.33333333333334,31.670787592899003,27.08826147303581,5.0,1.7385308256615635,-2.076522337943028
16.9,84.52296538432748,31.73896510476061,27.06203522810102,5.048865150054916,1.6217102126532903,-1.9980333367822791,5.666843965749927,72.1928302164336,-1.9980333367822791,0.05447614048360173,0.31164830842995983,1,camera_only,84.5,31.72919425725438,27.0189472139086,5.0,1.7658370105651893,-2.0823237082363457
16.9,84.52923557698298,31.732618835045837,27.044889086613527,5.0831288549040945,1.605970412431348,-2.067432547949566,5.717658372225885,72.46652103305676,-2.067432547949566,0.052173035724067736,0.30460086308388773,1,camera_only,84.5,31.72919425725438,27.0189472139086,5.0,1.7658370105651893,-2.0823237082363457
16.9,84.51608304256024,31.736929989285816,27.022079699168184,5.020955486195963,1.6406287308374923,-2.165049362081629,5.708685957999516,71.90487142343291,-2.165049362081629,0.04907519026472667,0.29408593921117815,1,camera_only,84.5,31.72919425725438,27.0189472139086,5.0,1.7658370105651893,-2.0823237082363457
16.933333333333334,84.68347379732948,31.79112492881073,26.95002246889798,5.021146465357247,1.6385457535329575,-2.1642550944748735,5.707954460833662,71.92699328547808,-2.1642550944748735,0.05457798284252849,0.31179795612410044,1,camera_only,84.66666666666667,31.78850790866296,26.949440526797925,5.0,1.7929495515414322,-2.0880679905733235
16.933333333333334,84.67207756805463,31.81593482750591,26.96076374464043,4.959529643903633,1.7344799694208306,-2.1334909229809984,5.670726458887194,70.72390467932831,-2.1334909229809984,0.05227393895300208,0.30476163218586866,1,camera_only,84.66666666666667,31.78850790866296,26.949440526797925,5.0,1.7929495515414322,-2.0880679905733235
16.933333333333334,84.65872478987707,31.809629208608293,26.954356979247187,4.895853511192469,1.7152636763633966,-2.1544808725000846,5.617232317830198,70.6920760975612,-2.1544808725000846,0.04917645378325061,0.2942501027096555,1,camera_only,84.66666666666667,31.78850790866296,26.949440526797925,5.0,1.7929495515414322,-2.0880679905733235
16.966666666666665,84.82191697942729,31.866830821464145,26.88276118122589,4.895803088799917,1.7152263684509044,-2.1535638994716764,5.616825335404309,70.69228084233015,-2.1535638994716764,0.0546798642550427,0.31195237105298096,1,camera_only,84.83333333333333,31.848722042714456,26.879743317264726,5.0,1.8198654753946417,-2.093755027471559
16.966666666666665,84.81735555462133,31.872171523503805,26.89510769145075,4.870727986272359,1.7296435830657597,-2.104070491592047,5.580570819753635,70.44954731645898,-2.104070491592047,0.05237870898238863,0.30493380085330907,1,camera_only,84.83333333333333,31.848722042714456,26.879743317264726,5.0,1.8198654753946417,-2.093755027471559
16.966666666666665,84.82799746216008,31.866655237989104,26.916551830056363,4.9208396600041615,1.6913430104104092,-2.0110685553894654,5.5785034617548,71.03162924522326,-2.0110685553894654,0.049277948440132904,0.29441327673315165,1,camera_only,84.83333333333333,31.848722042714456,26.879743317264726,5.0,1.8198654753946417,-2.093755027471559
17.0,84.99384255814458,31.910649847012134,26.838189565886598,4.93354350266933,1.6482276057726506,-2.051145587353228,5.5913955282809695,71.52624996582966,-2.051145587353228,0.05478239791044884,0.3121073793516183,1,camera_only,85.0,31.909830056250524,26.8098574960932,5.0,1.846581830490456,-2.0993846630180646
17.0,84.99381140084948,31.9089252498261,26.840541212043213,4.93334764372212,1.639700520558969,-2.0400180530084477,5.584640581768922,71.61470159734587,-2.0400180530084477,0.05248224894616638,0.30510402146042376,1,camera_only,85.0,31.909830056250524,26.8098574960932,5.0,1.846581830490456,-2.0993846630180646
17.0,84.9872075375853,31.91150062538327,26.828195762421213,4.902290196599234,1.6594096170557604,-2.0930913370129502,5.5827520806434485,71.29920376826243,-2.0930913370129502,0.04937949710453032,0.2945728743179739,1,camera_only,85.0,31.909830056250524,26.8098574960932,5.0,1.846581830490456,-2.0993846630180646
17.03333333333333,85.1500638247489,31.971995853816825,26.75877492323659,4.898606887340429,1.68024743026549,-2.0949794331860967,5.586458599961661,71.06776732341758,-2.0949794331860967,0.05488312053959879,0.3122556158641466,1,camera_only,85.16666666666666,31.971825248088848,26.739784979238454,5.0,1.8730956870794695,-2.104956742873536
17.03333333333333,85.142113992078,31.991446171055966,26.76505414874212,4.855257805761026,1.7562851776284367,-2.08007827625858,5.5663984425230995,70.11349811974637,-2.08007827625858,0.05258407430067651,0.3052675645828782,1,camera_only,85.16666666666666,31.971825248088848,26.739784979238454,5.0,1.8730956870794695,-2.104956742873536
17.03333333333333,85.13619482920939,31.98615199072961,26.76683230073386,4.826913686616182,1.7347834664150594,-2.0680940645832595,5.530423353899245,70.23166066944836,-2.0680940645832595,0.04948333574831502,0.29474421655834593,1,camera_only,85.16666666666666,31.971825248088848,26.739784979238454,5.0,1.8730956870794695,-2.104956742873536
17.066666666666666,85.29724663430048,32.03795120028843,26.705901472379033,4.827578174698637,1.705165112997494,-2.030125304453406,5.507677173472716,70.54609877628086,-2.030125304453406,0.054987871496665126,0.312417036281261,1,camera_only,85.33333333333333,32.03470081975803,26.669527687773915,5.0,1.8994041376185269,-2.110471114276591
17.066666666666666,85.2994161298576,32.02893407100823,26.709189509306988,4.839356411438223,1.666191206962922,-2.010494104697343,5.498877172670031,71.0014060305694,-2.010494104697343,0.05269125737713613,0.30544581747772076,1,camera_only,85.33333333333333,32.03470081975803,26.669527687773915,5.0,1.8994041376185269,-2.110471114276591
17.066666666666666,85.30302441038691,32.028680207479184,26.713214191945706,4.8564824669100295,1.6618472500194563,-1.9938083595091889,5.506580609439081,71.1094869992233,-1.9938083595091889,0.04958657123106962,0.29490901378408263,1,camera_only,85.33333333333333,32.03470081975803,26.669527687773915,5.0,1.8994041376185269,-2.110471114276591
17.1,85.46617567323199,32.07630876032781,26.63322373700485,4.866165179369868,1.639198841982335,-2.0462458255982794,5.527536374846067,71.38357287294899,-2.0462458255982794,0.055091047236686896,0.3125714606135678,1,camera_only,85.50000000000001,32.0984498762431,26.599087547838725,5.0,1.9255042970895575,-2.1159276260479514
17.1,85.45711215096065,32.09788897711321,26.640474514265257,4.816698522504769,1.7231330366306672,-2.0284591393786093,5.50312807399176,70.31576119395123,-2.0284591393786093,0.05279377107848831,0.3056117453478042,1,camera_only,85.50000000000001,32.0984498762431,26.599087547838725,5.0,1.9255042970895575,-2.1159276260479514
17.1,85.46187784715787,32.10942843924362,26.629416871437492,4.8395406990669345,1.7759802704869745,-2.083849193260409,5.560367574121006,69.8482317608725,-2.083849193260409,0.04969040171754333,0.29507851012505854,1,camera_only,85.50000000000001,32.0984498762431,26.599087547838725,5.0,1.9255042970895575,-2.1159276260479514
17.133333333333333,85.62274748800466,32.17442519965345,26.55937216219823,4.836333307614619,1.7997651910656094,-2.090129287037593,5.567577124912259,69.58804314765686,-2.090129287037593,0.05519579553338462,0.3127318674359279,1,camera_only,85.66666666666667,32.1630654267416,26.528466490584915,5.0,1.9513933033159465,-2.1213261285945895
17.133333333333333,85.62917615960959,32.15431244321663,26.56124871259597,4.871317991220014,1.7163874272440842,-2.069738972416403,5.564130137400155,70.59031531583592,-2.069738972416403,0.05290299087010169,0.30579493580064243,1,camera_only,85.66666666666667,32.1630654267416,26.528466490584915,5.0,1.9513933033159465,-2.1213261285945895
17.133333333333333,85.64420966814166,32.1598512646897,26.57083800473626,4.942341977662577,1.7293993294247858,-2.035130153085901,5.617768329575364,70.71429527514923,-2.035130153085901,0.04979959627196392,0.29525795599161464,1,camera_only,85.66666666666667,32.1630654267416,26.528466490584915,5.0,1.9513933033159465,-2.1213261285945895
17.166666666666668,85.81039088542882,32.206178932716654,26.493869512817177,4.952963820691154,1.6896967230609068,-2.066552597498581,5.626505599679646,71.16299630839283,-2.066552597498581,0.055305782641788134,0.3129007610668051,1,camera_only,85.83333333333334,32.22854038543029,26.45766645212443,5.0,1.9770683172764252,-2.1266664739138323
17.166666666666668,85.80475068693815,32.21770092154324,26.501889763399408,4.921928579345652,1.731790236912452,-2.039304445736536,5.60207470382586,70.61547860700692,-2.039304445736536,0.05301204118519615,0.30597551214037,1,camera_only,85.83333333333334,32.22854038543029,26.45766645212443,5.0,1.9770683172764252,-2.1266664739138323
17.166666666666668,85.8254661439469,32.2350588146048,26.498588252893025,5.020296481683667,1.7994584757454766,-2.068274155582923,5.72006866677227,70.28045739602616,-2.068274155582923,0.04991036086782541,0.2954400884467926,1,camera_only,85.83333333333334,32.22854038543029,26.45766645212443,5.0,1.9770683172764252,-2.1266664739138323
17.2,85.99429020883937,32.28173537915522,26.4204788139027,5.031595570359639,1.7519065279745205,-2.098528437221271,5.726251135625194,70.80284803324564,-2.098528437221271,0.05541815074923624,0.31307380368076954,1,camera_only,86.0,32.294867572242104,26.386689373476095,5.0,2.002526523416378,-2.1319485155974145
17.2,85.99464486337794,32.28192988305803,26.418952358423308,5.033525111021489,1.7536183196599797,-2.1051983670288585,5.730917240623176,70.79229091744035,-2.1051983670288585,0.0531271478530788,0.30616872835006054,1,camera_only,86.0,32.294867572242104,26.386689373476095,5.0,2.002526523416378,-2.1319485155974145
17.2,86.00308145239049,32.28943939635692,26.417325536779092,5.073478121695456,1.7830305175398506,-2.1185103465559147,5.779919044957753,70.63641082767705,-2.1185103465559147,0.05002714301558402,0.29563263198347167,1,camera_only,86.0,32.294867572242104,26.386689373476095,5.0,2.002526523416378,-2.1319485155974145
17.233333333333334,86.17114018319158,32.3550657966749,26.359767033196576,5.065014053857404,1.7993892904395956,-2.0670282098329604,5.758886594174865,70.44198548104605,-2.0670282098329604,0.05553561886643115,0.313253696266404,1,camera_only,86.16666666666667,32.36203971365357,26.315537200512367,5.0,2.027765129956617,-2.137172108835496
17.233333333333334,86.16500719465753,32.37148942705357,26.36387820641885,5.031105499766821,1.863607911154846,-2.0595697098108796,5.746902155585508,69.67450473721216,-2.0595697098108796,0.05324753174531069,0.30636850949858746,1,camera_only,86.16666666666667,32.36203971365357,26.315537200512367,5.0,2.027765129956617,-2.137172108835496
17.233333333333334,86.17522623493272,32.388260856002276,26.3500558274618,5.07971060694797,1.9376016890142225,-2.131200815534929,5.839501440341223,69.12117889796906,-2.131200815534929,0.05015097521130358,0.29584204816677656,1,camera_only,86.16666666666667,32.36203971365357,26.315537200512367,5.0,2.027765129956617,-2.137172108835496
17.266666666666666,86.34421718739739,32.4527498683731,26.288329039360626,5.076633932196176,1.9311383249606222,-2.0915216841666378,5.820306715886765,69.17331553097074,-2.0915216841666378,0.05566197940215007,0.3134514160342754,1,camera_only,86.33333333333333,32.43004944348243,26.24421188390602,5.0,2.0527813691995207,-2.142337110420629
17.266666666666666,86.34932623796833,32.43796570284446,26.28568890194465,5.105033177729176,1.8728190746726394,-2.0936674081920814,5.82685663529652,69.85406529208196,-2.0936674081920814,0.053377968786790124,0.306587865975014,1,camera_only,86.33333333333333,32.43004944348243,26.24421188390602,5.0,2.0527813691995207,-2.142337110420629
17.266666666666666,86.34522910606286,32.44584574473958,26.26921735865838,5.086031853792651,1.9159967266846025,-2.1682351122543757,5.851496131458378,69.35773493421681,-2.1682351122543757,0.050280588943352945,0.2960554515440012,1,camera_only,86.33333333333333,32.43004944348243,26.24421188390602,5.0,2.0527813691995207,-2.142337110420629
17.3,86.51496121228551,32.509812023821915,26.1935049841568,5.087523984224532,1.918619743082498,-2.1829393066787643,5.859114781709689,69.33741221109611,-2.1829393066787643,0.05579200480524901,0.3136484123185272,1,camera_only,86.5,32.49888930369541,26.17271537907663,5.0,2.0775724978325476,-2.1474433787516856
17.3,86.5152692284658,32.515783946592215,26.183308220414485,5.089383924721459,1.949048494468861,-2.230316234126074,5.888542202549868,69.04498184165057,-2.230316234126074,0.053507525562027446,0.3067959648542876,1,camera_only,86.5,32.49888930369541,26.17271537907663,5.0,2.0775724978325476,-2.1474433787516856
17.3,86.51300160142632,32.5160639416729,26.180300457774216,5.07876536994234,1.9526484038875853,-2.2428987328280128,5.885345206345316,68.96959364166534,-2.2428987328280128,0.050407962143313466,0.2962586322417802,1,camera_only,86.5,32.49888930369541,26.17271537907663,5.0,2.0775724978325476,-2.1474433787516856
17.333333333333332,86.68125464718203,32.59172583141054,26.11316422573325,5.070168630866584,1.9898266498576345,-2.217421695755771,5.880729463146182,68.57209349113178,-2.217421695755771,0.05591994047938133,0.31383780532353844,1,camera_only,86.66666666666666,32.56855174522605,26.101049646137007,5.0,2.1021357972290713,-2.15249077383774
17.333333333333332,86.6780217760448,32.60075389492569,26.115096394952282,5.05216249039543,2.0251251899274094,-2.214726854255436,5.876265217227458,68.15695246706565,-2.214726854255436,0.053638124560248676,0.30700364183399015,1,camera_only,86.66666666666666,32.56855174522605,26.101049646137007,5.0,2.1021357972290713,-2.15249077383774
17.333333333333332,86.6764148300364,32.60222928950825,26.110587041539453,5.044755726648444,2.0343243858207782,-2.2346020705805776,5.880602219342877,68.03798342805446,-2.2346020705805776,0.05053835365115063,0.29646875334656175,1,camera_only,86.66666666666666,32.56855174522605,26.101049646137007,5.0,2.1021357972290713,-2.15249077383774
17.366666666666667,86.84568950601478,32.6573824071514,26.02578974250284,5.054692888376947,1.9907383254547957,-2.270096855102878,5.88780935559152,68.50351450622534,-2.270096855102878,0.0560516508806104,0.3140346551613779,1,camera_only,86.83333333333334,32.63902912880266,26.029216649839398,5.0,2.1264685737465157,-2.157479157301908
17.366666666666667,86.84448616191462,32.65579148988511,26.034885137793495,5.047712190922451,1.978704186347512,-2.230171500108432,5.862451154538705,68.59481065708292,-2.230171500108432,0.053770601799365825,0.30721375111189314,1,camera_only,86.83333333333334,32.63902912880266,26.029216649839398,5.0,2.1264685737465157,-2.157479157301908
17.366666666666667,86.8392654143101,32.657345134196156,26.026517176799587,5.023374457495238,1.991593722030148,-2.2658714302477385,5.859599801373674,68.3733915634111,-2.2658714302477385,0.050665913057759714,0.2966659973048849,1,camera_only,86.83333333333334,32.63902912880266,26.029216649839398,5.0,2.1264685737465157,-2.157479157301908
17.4,87.00587044169461,32.73259166997227,25.956957954663448,5.016282841000729,2.022863169026794,-2.2463131214174794,5.856704839837485,68.0377808036774,-2.2463131214174794,0.056178729154093276,0.3142175556578128,1,camera_only,86.99999999999999,32.71031372578588,25.957218359521715,5.0,2.15056815902172,-2.162408392385134
17.4,87.00552219600405,32.73419562164858,25.956185907518147,5.0143547357696345,2.029794888098762,-2.2506123696549114,5.859102042321069,67.96205383356735,-2.2506123696549114,0.053900151404337446,0.3074141829771624,1,camera_only,86.99999999999999,32.71031372578588,25.957218359521715,5.0,2.15056815902172,-2.162408392385134
17.4,86.9963804639513,32.72247642298885,25.96402981066643,4.971373527263608,1.980453506039906,-2.2077957624804707,5.788878385835194,68.27907224423157,-2.2077957624804707,0.050794685907228215,0.29686838451061964,1,camera_only,86.99999999999999,32.71031372578588,25.957218359521715,5.0,2.15056815902172,-2.162408392385134
17.433333333333334,87.16276126407118,32.78079963070125,25.884795344052005,4.977352854742378,1.9536921183848144,-2.2267164716830425,5.792168901138469,68.56918353103487,-2.2267164716830425,0.05630767235929666,0.3144061845338024,1,camera_only,87.16666666666667,32.78239771901638,25.88505674905342,5.0,2.174431910263593,-2.167278343949951
17.433333333333334,87.15130585981854,32.8119939849096,25.897297223022793,4.912459615935162,2.071195181313158,-2.1925449047911454,5.7644914881379,67.13869970845693,-2.1925449047911454,0.05402909688182639,0.3076140144536603,1,camera_only,87.16666666666667,32.78239771901638,25.88505674905342,5.0,2.174431910263593,-2.167278343949951
17.433333333333334,87.15516379749769,32.813351679302215,25.89817530955559,4.930692945349496,2.0750361808621682,-2.190408016182945,5.78060510245812,67.17666171420369,-2.190408016182945,0.05092140218793139,0.2970686020022713,1,camera_only,87.16666666666667,32.78239771901638,25.88505674905342,5.0,2.174431910263593,-2.167278343949951
17.466666666666665,87.31879896588475,32.88771544779439,25.836474556897535,4.924047454930658,2.088173897248542,-2.1456809950904256,5.762869120173692,67.01932966157374,-2.1456809950904256,0.05643558245554949,0.31459528465277586,1,camera_only,87.33333333333333,32.85527320367196,25.812733796781547,5.0,2.1980572105428817,-2.172088878484175
17.466666666666665,87.31820863663346,32.8896918758125,25.836333225573604,4.920742507966573,2.0961885114295256,-2.1475071600859574,5.763636014511912,66.92646647776361,-2.1475071600859574,0.054162876772432304,0.3078276505808061,1,camera_only,87.33333333333333,32.85527320367196,25.812733796781547,5.0,2.1980572105428817,-2.172088878484175
17.466666666666665,87.32551923821217,32.90009904180754,25.829079896468052,4.954875753892143,2.1401238185209275,-2.186658875456995,5.823435475106054,66.63938311713731,-2.186658875456995,0.05105562535560962,0.2972862523270748,1,camera_only,87.33333333333333,32.85527320367196,25.812733796781547,5.0,2.1980572105428817,-2.172088878484175
17.5,87.49023042031725,32.978019294828194,25.761070921886017,4.950255720382134,2.1628482856085967,-2.1702623681867,5.821768043344171,66.39869045702356,-2.1702623681867,0.056571012253904665,0.31479921774571834,1,camera_only,87.5,32.928932188134524,25.74025148547635,5.0,2.2214414690791826,-2.176839864104573
17.5,87.49279475831133,32.97003205794026,25.760689814871146,4.964663529141502,2.131103172164562,-2.1669663874101928,5.821101958578221,66.76836319026306,-2.1669663874101928,0.054301108108569106,0.3080499795660645,1,camera_only,87.5,32.928932188134524,25.74025148547635,5.0,2.2214414690791826,-2.176839864104573
17.5,87.46813569987708,32.96283218752931,25.74431804029596,4.850002253252246,2.119885921458799,-2.227275971610902,5.74257750755411,66.39035800687785,-2.227275971610902,0.05119457654888408,0.29751212610575273,1,camera_only,87.5,32.928932188134524,25.74025148547635,5.0,2.2214414690791826,-2.176839864104573
17.53333333333333,87.63076464098978,33.02017139644922,25.657581203925055,4.860120925537644,2.0757266357017357,-2.271608424128676,5.752357891298393,66.87298119035157,-2.271608424128676,0.05670942442095513,0.3150061878544894,1,camera_only,87.66666666666666,33.00336659486634,25.667611802277012,5.0,2.2445821215250272,-2.1815311705604734
17.53333333333333,87.63058346026563,33.02527220776246,25.65050402077772,4.859201639260894,2.1004303382269662,-2.305108061525071,5.77383506449984,66.62318378334633,-2.305108061525071,0.05443714048559632,0.3082613779458405,1,camera_only,87.66666666666666,33.00336659486634,25.667611802277012,5.0,2.2445821215250272,-2.1815311705604734
17.53333333333333,87.63230304990273,33.02941266195354,25.646390602345264,4.867186400994676,2.1189236227029893,-2.32570419952662,5.795536282741402,66.47415840244365,-2.32570419952662,0.05132167256722627,0.29770480568223284,1,camera_only,87.66666666666666,33.00336659486634,25.667611802277012,5.0,2.2445821215250272,-2.1815311705604734
17.566666666666666,87.7954498950084,33.08969421070566,25.553876997668432,4.87680565661441,2.0881663001860225,-2.3826544947400397,5.815557956974017,66.8202038728586,-2.3826544947400397,0.05683598516201318,0.3151865406623219,1,camera_only,87.83333333333333,33.07856826129593,25.59481673863714,5.0,2.2674766302471068,-2.1861626692373406
17.566666666666666,87.79684580540881,33.0833100113562,25.55651555063483,4.884695774238517,2.0611097425908804,-2.3673874213992105,5.806285334089763,67.12256390337838,-2.3673874213992105,0.054564650082808065,0.3084564833998085,1,camera_only,87.83333333333333,33.07856826129593,25.59481673863714,5.0,2.2674766302471068,-2.1861626692373406
17.566666666666666,87.81769561560496,33.08714466740409,25.574418276991178,4.981141342975437,2.058776857659859,-2.297673909314211,5.859149820740053,67.5439932920844,-2.297673909314211,0.05144701914905833,0.29789617340478436,1,camera_only,87.83333333333333,33.07856826129593,25.59481673863714,5.0,2.2674766302471068,-2.1861626692373406
17.6,87.98511389064322,33.13345191155471,25.483128614633404,4.996157318863951,1.9811264529246118,-2.345426106604348,5.86408335538102,68.37018684125069,-2.345426106604348,0.05696156451267416,0.3153678843797197,1,camera_only,88.00000000000001,33.15452894071312,25.521868290270167,5.0,2.2901224846045425,-2.1907342331602986
17.6,87.98177744983549,33.13786146090532,25.495256112637485,4.976806642510797,1.9911847835945578,-2.296183536383138,5.831456081641623,68.19400422983463,-2.296183536383138,0.05469060770629054,0.30865268672212004,1,camera_only,88.00000000000001,33.15452894071312,25.521868290270167,5.0,2.2901224846045425,-2.1907342331602986
17.6,87.978168581983,33.135288077614305,25.495551635996303,4.96003824919611,1.981922529275354,-2.2925190111137157,5.812541592268862,68.2194337126047,-2.2925190111137157,0.05157407819291134,0.2980946444513062,1,camera_only,88.00000000000001,33.15452894071312,25.521868290270167,5.0,2.2901224846045425,-2.1907342331602986
17.633333333333333,88.14278976491602,33.20858230890275,25.437175218494637,4.951483008424624,1.9983021988185452,-2.2204916681710247,5.782817557984839,68.0221547472381,-2.2204916681710247,0.057088105710780324,0.31555308957386724,1,camera_only,88.16666666666666,33.23124030317339,25.448768457094683,5.0,2.312517201224201,-2.195245736997612
17.633333333333333,88.14838646320011,33.20052015464893,25.4183881458252,4.983882672273242,1.9778480295527665,-2.296052639100152,5.832908968988801,68.35440468579023,-2.296052639100152,0.05482121680138475,0.308858756781868,1,camera_only,88.16666666666666,33.23124030317339,25.448768457094683,5.0,2.312517201224201,-2.195245736997612
17.633333333333333,88.17002682798349,33.2085917758591,25.429132656955996,5.083943215148177,1.996232713162666,-2.2598489316111388,5.910866336981067,68.56232716299698,-2.2598489316111388,0.05170390813545399,0.2983010040988033,1,camera_only,88.16666666666666,33.23124030317339,25.448768457094683,5.0,2.312517201224201,-2.195245736997612
17.666666666666668,88.33972038238878,33.27326688818359,25.347596515877225,5.0866621745681755,1.993035332378203,-2.285055655230871,5.9218072631413055,68.60396222369378,-2.285055655230871,0.05721932604078283,0.3157492806289288,1,camera_only,88.33333333333334,33.308693936411416,25.375519243179504,5.0,2.3346583242730508,-2.1996970570641263
17.666666666666668,88.33927492818238,33.28343784705008,25.33297720077937,5.084418836548689,2.0423140754983677,-2.354051982014509,5.963549481848568,68.11561274778383,-2.354051982014509,0.05495383348545441,0.30907221308232463,1,camera_only,88.33333333333334,33.308693936411416,25.375519243179504,5.0,2.3346583242730508,-2.1996970570641263
17.666666666666668,88.33062810201406,33.279652973989414,25.328787019942556,5.044643371251446,2.03280034864621,-2.3676892190273175,5.931834137808094,68.05243080903016,-2.3676892190273175,0.051841046061658076,0.29852631691623166,1,camera_only,88.33333333333334,33.308693936411416,25.375519243179504,5.0,2.3346583242730508,-2.1996970570641263
17.7,88.49904153379862,33.34546926678778,25.24206252069734,5.04783685628151,2.030362875717271,-2.3996394366680085,5.946536787133941,68.08880794837161,-2.3996394366680085,0.057357121673727036,0.31595913467113573,1,camera_only,88.5,33.386881346763474,25.302122656688862,5.0,2.3565434257274323,-2.204088071324651
17.7,88.50230737733787,33.33388633520154,25.24116091046339,5.066849560236791,1.985172861308935,-2.396293582072454,5.946099451474966,68.60493834485825,-2.396293582072454,0.05509313423349226,0.3092964300672403,1,camera_only,88.5,33.386881346763474,25.302122656688862,5.0,2.3565434257274323,-2.204088071324651
17.7,88.49881338048104,33.33103946234309,25.241193512286074,5.05085625845245,1.975115243983851,-2.3935634689191745,5.928016131077079,68.64223417292115,-2.3935634689191745,0.05197489593984896,0.2987370248756254,1,camera_only,88.5,33.386881346763474,25.302122656688862,5.0,2.3565434257274323,-2.204088071324651
17.733333333333334,88.66696497268087,33.40305867443001,25.16218002535553,5.047978895544748,1.9985565035361335,-2.39440490720247,5.9337588329259745,68.4007823138992,-2.39440490720247,0.057490849951319964,0.31615549023985784,1,camera_only,88.66666666666667,33.46579396009894,25.22858070982723,5.0,2.3781701056393536,-2.208418659397314
17.733333333333334,88.66175913216927,33.41714127724212,25.17185337722825,5.017313619131614,2.0480817451980498,-2.3617028041650534,5.911490076362993,67.79457708879055,-2.3617028041650534,0.0552281983705376,0.3095075246342036,1,camera_only,88.66666666666667,33.46579396009894,25.22858070982723,5.0,2.3781701056393536,-2.208418659397314
17.733333333333334,88.65874628597615,33.414101743074134,25.172563217902038,5.003591707397322,2.0367352438976534,-2.356045509644515,5.893655136804847,67.85099092506698,-2.356045509644515,0.0521105591251285,0.29895530355623845,1,camera_only,88.66666666666667,33.46579396009894,25.22858070982723,5.0,2.3781701056393536,-2.208418659397314
17.766666666666666,88.82591062607578,33.47200809308423,25.08976363353832,5.009035728853523,2.0009419266253388,-2.3675497092372457,5.890628077918995,68.2249469171955,-2.3675497092372457,0.05762802861715028,0.31636112850335907,1,camera_only,88.83333333333333,33.545423122760496,25.154895418784243,5.0,2.399535992399651,-2.2126887025568545
17.766666666666666,88.82208651744708,33.48072428899886,25.099560460043747,4.98642961221834,2.029196172546489,-2.3309535018003475,5.866469262839495,67.85644369015303,-2.3309535018003475,0.055367817418778,0.30972899437847534,1,camera_only,88.83333333333333,33.545423122760496,25.154895418784243,5.0,2.399535992399651,-2.2126887025568545
17.766666666666666,88.83584363929803,33.48276319793732,25.111178116594164,5.049546413302198,2.0253224744514484,-2.285547777859926,5.9011506293681135,68.14477342488948,-2.285547777859926,0.05224729858997155,0.2991724201364677,1,camera_only,88.83333333333333,33.545423122760496,25.154895418784243,5.0,2.399535992399651,-2.2126887025568545
17.8,89.00435325653403,33.54236780751392,25.038283861768736,5.052137579139432,1.9926655517910241,-2.2662381171663917,5.8847808220481195,68.47471796172148,-2.2662381171663917,0.05776611511035551,0.31656579787224487,1,camera_only,89.0,33.625760102513105,25.08106880367937,5.0,2.4206387429980687,-2.2168980837378824
17.8,88.9981485870525,33.55791026820414,25.053435806785867,5.015127234869927,2.0443076752311926,-2.2109436106853417,5.8496980009718085,67.8228015665638,-2.2109436106853417,0.05550907732630468,0.30995238497999167,1,camera_only,89.0,33.625760102513105,25.08106880367937,5.0,2.4206387429980687,-2.2168980837378824
17.8,88.99860155028995,33.55861690084625,25.052176923335285,5.017323719538002,2.047723866333838,-2.2168722739990363,5.855017764159005,67.79812064492859,-2.2168722739990363,0.05239083674125896,0.29940474557381674,1,camera_only,89.0,33.625760102513105,25.08106880367937,5.0,2.4206387429980687,-2.2168980837378824
17.833333333333332,89.1659884805644,33.62333721071111,24.972960739246204,5.020057483358921,2.0376173758481286,-2.237184060081281,5.861557320820798,67.90800125421258,-2.237184060081281,0.05791112233527327,0.3167831031594399,1,camera_only,89.16666666666666,33.70679608950162,25.007102888506566,5.0,2.441476043280195,-2.2210466875380868
17.833333333333332,89.1604196775787,33.64545698604539,24.973127612099095,4.986907311550805,2.1241393192568503,-2.250265735418784,5.868978468320673,66.92874941098079,-2.250265735418784,0.055657230258577405,0.3101868986745157,1,camera_only,89.16666666666666,33.70679608950162,25.007102888506566,5.0,2.441476043280195,-2.2210466875380868
17.833333333333332,89.16792591405857,33.64902712691144,24.97474644038221,5.021381646751078,2.1344861437697333,-2.2472766438024854,5.9008945977753005,66.9706524370783,-2.2472766438024854,0.05253867230278302,0.2996437228223312,1,camera_only,89.16666666666666,33.70679608950162,25.007102888506566,5.0,2.441476043280195,-2.2210466875380868
17.866666666666667,89.33453514273153,33.73969345327465,24.919411122026418,5.0080998824433465,2.196562358516473,-2.1768672972929135,5.885975013318003,66.31765012113038,-2.1768672972929135,0.05806082705265036,0.31700710799036036,1,camera_only,89.33333333333333,33.78852219721689,24.93299970107875,5.0,2.462045608201244,-2.225134400221399
17.866666666666667,89.331937180316,33.74723345989329,24.92506604340742,4.992366634127996,2.22251986472183,-2.157326811962479,5.875149200850122,66.00215479131916,-2.157326811962479,0.05581326106221253,0.31043550370308853,1,camera_only,89.33333333333333,33.78852219721689,24.93299970107875,5.0,2.462045608201244,-2.225134400221399
17.866666666666667,89.31605033588201,33.73633848260079,24.925991650113065,4.919728525395577,2.185101129317595,-2.1428346159306977,5.793974102476367,66.05156420129249,-2.1428346159306977,0.05269795007278,0.29990659267149444,1,camera_only,89.33333333333333,33.78852219721689,24.93299970107875,5.0,2.462045608201244,-2.225134400221399
17.9,89.480096240968,33.807481737288626,24.853723120281604,4.920670566858351,2.179165319009665,-2.1452881092945524,5.793446417030296,66.11339094436275,-2.1452881092945524,0.05822187866664749,0.3172504896796762,1,camera_only,89.49999999999999,33.870929463470226,24.85876127297225,5.0,2.482345182076619,-2.2291611097211095
17.9,89.47569353431592,33.820452496216255,24.862442068267985,4.894061600283568,2.22438301224145,-2.115970267935072,5.777287331205168,65.55789302315712,-2.115970267935072,0.05597515846412111,0.3106889997636778,1,camera_only,89.49999999999999,33.870929463470226,24.85876127297225,5.0,2.482345182076619,-2.2291611097211095
17.9,89.49563288441193,33.83285441631741,24.863105668102655,4.9850505079682454,2.2650506167406927,-2.1255588775161898,5.873600548656653,65.56444182004245,-2.1255588775161898,0.05285329492840648,0.3001502930255748,1,camera_only,89.49999999999999,33.870929463470226,24.85876127297225,5.0,2.482345182076619,-2.2291611097211095
17.933333333333334,89.661717028168,33.910572240298556,24.79445553325261,4.983531325311163,2.2720772938179854,-2.1176506577498815,5.872168594966378,65.49094512222592,-2.1176506577498815,0.05837916771308535,0.3174794170446357,1,camera_only,89.66666666666667,33.95400885137625,24.784389639471048,5.0,2.5023725388292957,-2.2331267056429454
17.933333333333334,89.66257068523646,33.905967181437966,24.79576682985419,4.988766211300309,2.2533720329443616,-2.109142289153755,5.866340854891078,65.69181785887405,-2.109142289153755,0.0561366522765054,0.3109387369068466,1,camera_only,89.66666666666667,33.95400885137625,24.784389639471048,5.0,2.5023725388292957,-2.2331267056429454
17.933333333333334,89.66767500216527,33.90673341709309,24.799214192568318,5.01211456644545,2.252377251936263,-2.0960209468171036,5.881139304736003,65.80148697498844,-2.0960209468171036,0.053017131814785574,0.30040907868956496,1,camera_only,89.66666666666667,33.95400885137625,24.784389639471048,5.0,2.5023725388292957,-2.2331267056429454
17.966666666666665,89.83438387049732,33.993032302672205,24.741697886350572,5.004416085513433,2.2870470895156885,-2.050864441065878,5.872036248375535,65.43932523322363,-2.050864441065878,0.05854388895574056,0.3177192263340796,1,camera_only,89.83333333333331,34.03775125034383,24.709886839511086,5.0,2.5221254822339088,-2.2370310792680885
17.966666666666665,89.83442597983462,33.99876043350951,24.73182011374523,5.004746078428606,2.3153478723919676,-2.0968061742983486,5.899569070051829,65.17330234154248,-2.0968061742983486,0.05630384037566331,0.3111948870747078,1,camera_only,89.83333333333331,34.03775125034383,24.709886839511086,5.0,2.5221254822339088,-2.2370310792680885
17.966666666666665,89.83201908199663,34.001208651387536,24.724210666238836,4.994047583949745,2.3304715165834122,-2.1303703855151497,5.908475838982574,64.983898112799,-2.1303703855151497,0.05318442803757016,0.3006720143400715,1,camera_only,89.83333333333331,34.03775125034383,24.709886839511086,5.0,2.5221254822339088,-2.2370310792680885
18.0,89.99812636113053,34.09715839686635,24.65987540653813,4.985129166242939,2.395551099207316,-2.1141148642358623,5.921119787018535,64.33388020740956,-2.1141148642358623,0.05871239137396702,0.3179635516976232,1,camera_only,90.0,34.122147477075266,24.635254915624213,5.0,2.5416018461576297,-2.240874123556167
18.0,90.00156220387863,34.08909246217638,24.648355924872096,5.006290960951055,2.3713737102938475,-2.158494121408327,5.945204734214571,64.65407897387401,-2.158494121408327,0.05647560327905005,0.31145690051621866,1,camera_only,90.0,34.122147477075266,24.635254915624213,5.0,2.5416018461576297,-2.240874123556167
18.0,89.99278513616461,34.08501725782593,24.647056534171302,4.966282698979853,2.359677359318628,-2.159450438797895,5.907221621362447,64.5857582242659,-2.159450438797895,0.053354138175625385,0.30093564096376724,1,camera_only,90.0,34.122147477075266,24.635254915624213,5.0,2.5416018461576297,-2.240874123556167
18.03333333333333,90.1583646764852,34.15687916966392,24.573831346805672,4.96893058137268,2.334747562874212,-2.160197729675331,5.899811144108103,64.83261292749384,-2.160197729675331,0.058882547846541164,0.3182074337235486,1,camera_only,90.16666666666666,34.207188276573206,24.56049591388236,5.0,2.560799494797666,-2.2446557331481776
18.03333333333333,90.1604636062144,34.15167218336028,24.568444596551178,4.981641838219503,2.3178596424235236,-2.1800954318112713,5.911179646913048,65.04837053519086,-2.1800954318112713,0.056645061129651134,0.3117095346704467,1,camera_only,90.16666666666666,34.207188276573206,24.56049591388236,5.0,2.560799494797666,-2.2446557331481776
18.03333333333333,90.14517513130569,34.15121470304072,24.551752078184144,4.912837129990295,2.3322904233991717,-2.247651863916685,5.884512400042922,64.60472199211588,-2.247651863916685,0.0535167642993167,0.3011770634050903,1,camera_only,90.16666666666666,34.207188276573206,24.56049591388236,5.0,2.560799494797666,-2.2446557331481776
18.066666666666666,90.30894992784052,34.22109810122276,24.478208297714975,4.9152387365332215,2.3016760230154505,-2.236517830800415,5.870204115661492,64.90755268216128,-2.236517830800415,0.05904395249075537,0.3184299672257517,1,camera_only,90.33333333333333,34.292864323155676,24.485611883841305,5.0,2.579716322915512,-2.2483758043693847
18.066666666666666,90.305829556951,34.231714427341835,24.48320622554259,4.895961215287,2.339583392355094,-2.2216772603742805,5.8634406725609916,64.45873631230913,-2.2216772603742805,0.0568064500158377,0.31194260774725835,1,camera_only,90.33333333333333,34.292864323155676,24.485611883841305,5.0,2.579716322915512,-2.2483758043693847
18.066666666666666,90.32052947429705,34.23980299531288,24.484715150860808,4.962364564443667,2.3641025438803354,-2.2238163973227256,5.929536430230367,64.52656816655352,-2.2238163973227256,0.053673294297601086,0.3014087486926889,1,camera_only,90.33333333333333,34.292864323155676,24.485611883841305,5.0,2.579716322915512,-2.2483758043693847
18.1,90.48593134444447,34.31620800380527,24.404504141215863,4.964369806890642,2.3590609929948982,-2.2481216508721134,5.938365709970839,64.5830039571726,-2.2481216508721134,0.059201199292309305,0.31864883399040334,1,camera_only,90.5,34.37916622147869,24.410604878484563,5.0,2.59835025606779,-2.2520342352321556
18.1,90.48412485183462,34.32375611801229,24.405709520491097,4.953055303928522,2.387360547587866,-2.247652057324781,5.940049410463673,64.26604695089947,-2.247652057324781,0.05696743885900546,0.31218185840292484,1,camera_only,90.5,34.37916622147869,24.410604878484563,5.0,2.59835025606779,-2.2520342352321556
18.1,90.50697999941885,34.33354754194256,24.41344771316358,5.055886253124273,2.4112042156883904,-2.226182638588283,6.027584981950595,64.50304504691066,-2.226182638588283,0.05383687811536702,0.3016617167870849,1,camera_only,90.5,34.37916622147869,24.410604878484563,5.0,2.59835025606779,-2.2520342352321556
18.133333333333333,90.67558256472797,34.410786689080176,24.33433892432513,5.058317237342346,2.402606070429063,-2.244985057310949,6.033162281159585,64.59315633645008,-2.244985057310949,0.05936640561399454,0.3188875388342816,1,camera_only,90.66666666666666,34.466084507566556,24.335476954167074,5.0,2.616699250833744,-2.2556309254387608
18.133333333333333,90.68318561378355,34.38648671804468,24.3163894413266,5.106143406311375,2.3202779463976944,-2.3068406845197766,6.064478887597211,65.56252110349709,-2.3068406845197766,0.05713627596842389,0.31244083499589814,1,camera_only,90.66666666666666,34.466084507566556,24.335476954167074,5.0,2.616699250833744,-2.2556309254387608
18.133333333333333,90.6796311831069,34.39010995446162,24.306463272565537,5.090217521022356,2.3416861870604277,-2.350772133948584,6.07617792989489,65.2958406277401,-2.350772133948584,0.05400594288109353,0.3019214756470783,1,camera_only,90.66666666666666,34.466084507566556,24.335476954167074,5.0,2.616699250833744,-2.2556309254387608
18.166666666666668,90.84933039198944,34.45806448898134,24.230475747448015,5.093372457614726,2.3022102103410624,-2.333923025639895,6.057211531241005,65.67697687082766,-2.333923025639895,0.05953462625656037,0.31912723854823916,1,camera_only,90.83333333333334,34.55360964984973,24.260230170558838,5.0,2.6347612950393238,-2.2591657763841213
18.166666666666668,90.84773309334672,34.459609337643556,24.241580920185395,5.08302226129277,2.3013026157005068,-2.2872983743537025,6.030326930701929,65.64169384406988,-2.2872983743537025,0.05730306976349931,0.31268917164779203,1,camera_only,90.83333333333334,34.55360964984973,24.260230170558838,5.0,2.6347612950393238,-2.2591657763841213
18.166666666666668,90.83570368305459,34.45694413801461,24.234233855043634,5.0289730488883055,2.300458450824217,-2.3141710761665837,5.9948366766893235,65.4187008215712,-2.3141710761665837,0.05416926422792984,0.3021686752805561,1,camera_only,90.83333333333334,34.55360964984973,24.260230170558838,5.0,2.6347612950393238,-2.2591657763841213
18.2,91.00328881561445,34.518606063175,24.147582503278727,5.036075940269894,2.250464947063993,-2.344655076286938,5.9936683909678505,65.92162484936506,-2.344655076286938,0.05969778419347732,0.31935749657580476,1,camera_only,90.99999999999999,34.64173205021003,24.18486659058844,5.0,2.6525344079778397,-2.2626386911585126
18.2,90.99882270100302,34.53005078791894,24.163780650692715,5.007675487789555,2.2843470194971034,-2.2823001072941813,5.95851901702501,65.4789919338789,-2.2823001072941813,0.05746722745070443,0.31293181688537586,1,camera_only,90.99999999999999,34.64173205021003,24.18486659058844,5.0,2.6525344079778397,-2.2626386911585126
18.2,90.99556672895933,34.53106331960305,24.15858418611512,4.993136473591614,2.292735310467207,-2.3043925236998857,5.958042627495878,65.33648321431708,-2.3043925236998857,0.05432806480631263,0.3024072602603648,1,camera_only,90.99999999999999,34.64173205021003,24.18486659058844,5.0,2.6525344079778397,-2.2626386911585126
18.233333333333334,91.16208655797269,34.61216038565175,24.080439041843416,4.992117115014075,2.311032458107659,-2.3132032542146947,5.967663999233958,65.15886675196938,-2.3132032542146947,0.05985668438100578,0.3195810713813792,1,camera_only,91.16666666666667,34.73044204503323,24.109388280386483,5.0,2.670016640627178,-2.2660495745502223
18.233333333333334,91.16156131551605,34.60599255209127,24.096757453974497,4.988432711489212,2.2775111424771914,-2.2394441193174557,5.923396650968844,65.46053059432465,-2.2394441193174557,0.057630602383136095,0.31317548890596164,1,camera_only,91.16666666666667,34.73044204503323,24.109388280386483,5.0,2.670016640627178,-2.2660495745502223
18.233333333333334,91.15583682912539,34.61155230258208,24.08055374797388,4.963053653015192,2.3110126017517842,-2.3109115850389754,5.942473656822581,65.03127499568356,-2.3109115850389754,0.05449006710178415,0.302655882726078,1,camera_only,91.16666666666667,34.73044204503323,24.109388280386483,5.0,2.670016640627178,-2.2660495745502223
18.266666666666666,91.3217516145705,34.73087102698287,24.02535007470849,4.94516491550902,2.45419308220258,-2.2461897249137923,5.960124831462897,63.6056529476384,-2.2461897249137923,0.060019079310537876,0.3198134709457779,1,camera_only,91.33333333333333,34.8197299062687,24.033797309228987,5.0,2.687206075863516,-2.269398333048158
18.266666666666666,91.32792022104275,34.740198656013334,24.01592633590511,4.972589121656782,2.4927875372033657,-2.293951086333591,6.016879911128927,63.37512875038688,-2.293951086333591,0.05689028543590655,0.3087217314051597,1,camera_only,91.33333333333333,34.8197299062687,24.033797309228987,5.0,2.687206075863516,-2.269398333048158
18.3,91.49362656327811,34.82286359420508,23.944118621263165,4.9715766358244355,2.488218980452309,-2.2740222360547904,6.006578482849464,63.41254313913352,-2.2740222360547904,0.062324307708577574,0.32465264229446716,1,camera_only,91.5,34.909585842496284,23.95809574948059,5.0,2.704100828671577,-2.272684874844416
18.3,91.50140373643619,34.83355698820537,23.931677933269587,5.006466012611585,2.532833069613611,-2.335158602412223,6.077245345745313,63.16458729446254,-2.335158602412223,0.05920052977864176,0.3131117238946238,1,camera_only,91.5,34.909585842496284,23.95809574948059,5.0,2.704100828671577,-2.272684874844416
18.333333333333332,91.66813006214652,34.924383089869245,23.86003731106507,5.002512995514924,2.5519574496394366,-2.3135851186342666,6.073738485992943,62.972276011204976,-2.3135851186342666,0.06443957484110308,0.3279975571025767,1,camera_only,91.66666666666666,34.99999999999999,23.882285676537816,5.0,2.7206990463513256,-2.2759091098367903
18.333333333333332,91.65954123488348,34.918239863878036,23.865163667829908,4.964011625252795,2.52922151866327,-2.2867036682219846,6.022240992552034,63.00062985159067,-2.2867036682219846,0.061326739753892266,0.3161744562251966,1,camera_only,91.66666666666666,34.99999999999999,23.882285676537816,5.0,2.7206990463513256,-2.2759091098367903
18.366666666666667,91.82538041032812,34.99556334686727,23.777847801105946,4.969677818926585,2.511598827495495,-2.32749988529792,6.035153851416671,63.18866715436019,-2.32749988529792,0.06630843517470068,0.330214209870176,1,camera_only,91.83333333333333,35.09096246384859,23.806369168772086,5.0,2.7369989087211524,-2.279070949631252
18.366666666666667,91.8322948336123,34.999076022943015,23.77639025128623,5.00043882638711,2.5230386425497,-2.336828896644077,6.068845173542451,63.226157943829975,-2.336828896644077,0.06320796264465406,0.3182323585878436,1,camera_only,91.83333333333333,35.09096246384859,23.806369168772086,5.0,2.7369989087211524,-2.279070949631252
18.4,91.99770422995532,35.11006516178039,23.726177736960583,4.983076962338908,2.5981949756648555,-2.2429726960280822,6.05083462501582,62.462295166132364,-2.2429726960280822,0.06790496564204193,0.3316256643731842,1,camera_only,92.0,35.182463258982835,23.73034830747283,5.0,2.752998628317462,-2.2821703075443645
18.4,92.00541189817677,35.11118101745808,23.728321703776068,5.017350958982056,2.5988957896679676,-2.236112706909679,6.076863500948082,62.61667177053178,-2.236112706909679,0.06483279686554042,0.31961785598375636,1,camera_only,92.0,35.182463258982835,23.73034830747283,5.0,2.752998628317462,-2.2821703075443645
18.433333333333334,92.17204087744483,35.220871637148605,23.661242265603196,5.007743230622946,2.671875010711477,-2.221680972109719,6.095266579777195,61.917905898001166,-2.221680972109719,0.06925091469671601,0.3325477410981952,1,camera_only,92.16666666666666,35.274492351309455,23.65422517679034,5.0,2.7686964505907032,-2.285207098605666
18.433333333333334,92.18187400188371,35.23149996272992,23.649685799616975,5.05099475553262,2.7131390390308874,-2.275620448970343,6.168640035964448,61.75755581016058,-2.275620448970343,0.06620794823187409,0.3205637995430501,1,camera_only,92.16666666666666,35.274492351309455,23.65422517679034,5.0,2.7686964505907032,-2.285207098605666
18.466666666666665,92.35042975237873,35.31641416985036,23.56933032777253,5.053731918396819,2.6978011345129644,-2.2895937310768457,6.169325467001123,61.90565001841781,-2.2895937310768457,0.07036912093351089,0.33317887873039587,1,camera_only,92.33333333333333,35.36703964880138,23.578001863678715,5.0,2.7840906540977635,-2.2881812395599948
18.466666666666665,92.34083995846945,35.31840861894544,23.559916168284886,5.011548873955026,2.7122096644532916,-2.3268807642307503,6.155166729743461,61.57810693418549,-2.3268807642307503,0.06735228485867087,0.32123286728394473,1,camera_only,92.33333333333333,35.36703964880138,23.578001863678715,5.0,2.7840906540977635,-2.2881812395599948
18.5,92.50758408270136,35.418708846641955,23.48580816194875,5.007536177474631,2.742068959923509,-2.320150779444517,6.162585527929834,61.29539626281079,-2.320150779444517,0.07128516380852544,0.33364353167387895,1,camera_only,92.5,35.46009500260453,23.50168045783858,5.0,2.7991795506907526,-2.2910926488697743
18.5,92.50727535475413,35.41998669723483,23.4837443433684,5.006129575297701,2.7476312600013064,-2.329011224547179,6.167260668211897,61.239668366487926,-2.329011224547179,0.06829098881330589,0.32174277009164776,1,camera_only,92.5,35.46009500260453,23.50168045783858,5.0,2.7991795506907526,-2.2910926488697743
18.53333333333333,92.67430487331302,35.509746911770385,23.39940701724354,5.008030489313881,2.7462843324959008,-2.3536425376042445,6.177546455643213,61.26068819190756,-2.3536425376042445,0.07203400630999236,0.334038664424071,1,camera_only,92.66666666666666,35.55364820815072,23.425263051659844,5.0,2.8139614857021202,-2.293941246717248
18.53333333333333,92.6778788035076,35.50688695688819,23.408314690176493,5.023492484371102,2.730582524531765,-2.3175754268662816,6.169498644381538,61.47315208050463,-2.3175754268662816,0.06905833935019813,0.322173535370521,1,camera_only,92.66666666666666,35.55364820815072,23.425263051659844,5.0,2.8139614857021202,-2.293941246717248
18.566666666666666,92.84538877244225,35.594693121817606,23.328504318154682,5.024744943806304,2.7221917189637184,-2.325149313511296,6.169660350069825,61.5530613250292,-2.325149313511296,0.07264663623226437,0.3344123365338236,1,camera_only,92.83333333333333,35.64768900627673,23.348751740164268,5.0,2.8284348381261197,-2.296726955006667
18.566666666666666,92.82736664811854,35.59882099772957,23.311505930746645,4.945824648141409,2.7497044037090537,-2.3918788024956372,6.143544576526487,60.927481285827696,-2.3918788024956372,0.06968554953596182,0.32257361400286744,1,camera_only,92.83333333333333,35.64768900627673,23.348751740164268,5.0,2.8284348381261197,-2.296726955006667
18.6,92.99197489654905,35.70655576328954,23.257271709070537,4.938328719986243,2.7821346732057775,-2.3056643666408063,6.1191054949307695,60.60414399975134,-2.3056643666408063,0.07315056966079507,0.33479005930552197,1,camera_only,93.0,35.742207084349275,23.272148620948133,5.0,2.8425980207965535,-2.299449697366431
18.6,92.98863617197706,35.712130172438634,23.24500870765468,4.923749053194268,2.808621967725156,-2.3563591439143914,6.13873688241553,60.298550505907265,-2.3563591439143914,0.07019978888016913,0.3229752906579347,1,camera_only,93.0,35.742207084349275,23.272148620948133,5.0,2.8425980207965535,-2.299449697366431
18.633333333333333,93.1528067141117,35.82650124993241,23.163494609047014,4.919792435121605,2.8748709820638507,-2.382780513701867,6.17631635723672,59.70020484732976,-2.382780513701867,0.0735738163420045,0.335195777074306,1,camera_only,93.16666666666666,35.83719207739598,23.19545579412465,5.0,2.8564494805608382,-2.3021093991511825
18.633333333333333,93.16269694419331,35.820453257753584,23.179119504077832,4.963055997280886,2.8434164784825273,-2.3195190613457273,6.1722857012777625,60.19089465836111,-2.3195190613457273,0.07063044316015936,0.3233971692730475,1,camera_only,93.16666666666666,35.83719207739598,23.19545579412465,5.0,2.8564494805608382,-2.3021093991511825
18.666666666666668,93.32812427875128,35.918874075537865,23.12306246562873,4.959744851979181,2.839375144914975,-2.2409506325082624,6.138646426341405,60.209548157634934,-2.2409506325082624,0.0739379406671021,0.3356313779845549,1,camera_only,93.33333333333333,35.932633569242,23.11867536226639,5.0,2.8699876984503208,-2.3047059874438545
18.666666666666668,93.32334709845607,35.92405051941721,23.111223312671452,4.938880268938807,2.864610013333832,-2.2895309596920885,6.151461684412421,59.88575071683169,-2.2895309596920885,0.0709984473882478,0.32383641540876706,1,camera_only,93.33333333333333,35.932633569242,23.11867536226639,5.0,2.8699876984503208,-2.3047059874438545
18.7,93.48801097501216,36.02200524655948,23.028092698473337,4.939278675567858,2.8770456967121247,-2.317384174495048,6.167992800586689,59.77992876587883,-2.317384174495048,0.07425697811220355,0.3360837107539625,1,camera_only,93.5,36.02852109365219,23.04180943034769,5.0,2.883211189846845,-2.3072393910576663
18.7,93.48176794655127,36.0203287277024,23.02797706831008,4.912149249056767,2.873252497702258,-2.315938048612598,6.143969336314493,59.675449345316395,-2.315938048612598,0.0713163118409248,0.32428553498955953,1,camera_only,93.5,36.02852109365219,23.04180943034769,5.0,2.883211189846845,-2.3072393910576663
18.733333333333334,93.64547304227975,36.11293926790153,22.94204828874465,4.913791840801817,2.870003300953781,-2.346919427815023,6.155509727298927,59.71203842935082,-2.346919427815023,0.07453946531744535,0.33654246898109463,1,camera_only,93.66666666666667,36.12484413547897,22.96486010568689,5.0,2.8961185046455675,-2.309709540538079
18.766666666666666,93.80918815387395,36.20698113467789,22.878481655623265,4.912088498707623,2.8551220599575253,-2.290939744332143,6.126070543876592,59.832960543061155,-2.290939744332143,0.07831130742227602,0.34775461511712574,1,camera_only,93.83333333333333,36.22159213181532,22.887829497888617,5.0,2.908708227413964,-2.3121163681646957
18.8,93.9713441310387,36.33902751431829,22.83678749444034,4.893516604724332,2.9425300001575456,-2.188621803276334,6.115149463448663,58.98100409003154,-2.188621803276334,0.08257402052367643,0.3579235193903113,1,camera_only,94.0,36.31875447315322,22.81071971878587,5.0,2.920978977547065,-2.314459807953123
18.833333333333332,94.13479014283298,36.43336578011882,22.753692348396886,4.896711033428462,2.937166827408052,-2.221958314536568,6.127138538376988,59.04364133659061,-2.221958314536568,0.08725741434608725,0.36709665787884393,1,camera_only,94.16666666666667,36.416320504546995,22.733532882382214,5.0,2.932929409418834,-2.316739795656773
18.866666666666667,94.29496241832867,36.56453504846217,22.696675772883868,4.876987114868492,3.024349476087827,-2.1803940976526635,6.138877054737665,58.19584758863683,-2.1803940976526635,0.09228608887549647,0.375355957379822,1,camera_only,94.33333333333334,36.51427952678185,22.656271104793753,5.0,2.944558212529752,-2.3189562687686327
18.9,94.4588440515148,36.66273997752904,22.603979732550574,4.884129782759508,3.0248543776360948,-2.2443277819058207,6.167777146863932,58.2291105130126,-2.2443277819058207,0.09760876855478279,0.3828354886001427,1,camera_only,94.5,36.61262079754708,22.57893650419115,5.0,2.9558641116505093,-2.3211091665229717
18.933333333333334,94.62518458911735,36.74370765556612,22.515072326120723,4.900909544099108,2.9740352636091063,-2.281985001798835,6.170190893081595,58.74922803489524,-2.281985001798835,0.10318823259895837,0.3896795861707791,1,camera_only,94.66666666666667,36.71133353261416,22.50153120074154,5.0,2.9668458669618643,-2.3231984298970105
18.966666666666665,94.79128458499574,36.8363164750284,22.420246654671306,4.912497905285016,2.9609682005874456,-2.337380893896357,6.193812864259903,58.92087003021871,-2.337380893896357,0.10901028817484616,0.39603910838922707,1,camera_only,94.83333333333333,36.8104069070193,22.42405731655042,5.0,2.9775022741905928,-2.3252240016125385
19.0,94.95505588739651,36.93312680262971,22.343842788578403,4.912777993342182,2.9555106205021957,-2.3324664433151643,6.189574326959796,58.96902657263199,-2.3324664433151643,0.11507714554044618,0.4020523086544491,1,camera_only,95.0,36.90983005625052,22.346516975603464,5.0,2.9878321647415556,-2.3271858261374834
19.03333333333333,95.12480722155848,37.012281756797655,22.24966211661413,4.934917163355332,2.9054460093994363,-2.376785602500148,6.200333355793553,59.51243398521218,-2.376785602500148,0.12139888266641197,0.4078312765433319,1,camera_only,95.16666666666666,37.00959207743912,22.268912303708294,5.0,2.9978344058258455,-2.3290838496874353
19.066666666666666,95.287835774448,37.11398333295821,22.174610182399142,4.929591340351945,2.918027930094933,-2.3655935027718846,6.197724615053783,59.37696447709589,-2.3655935027718846,0.12798597164981726,0.41345761893165794,1,camera_only,95.33333333333334,37.109682030555284,22.191245428436172,5.0,3.007507900585015,-2.33091802022712
19.1,95.44428458514193,37.240883651000686,22.08989749355718,4.904245166151091,2.9992336475918018,-2.3847203137685096,6.223657614093447,58.55176755310548,-2.3847203137685096,0.1348503507190903,0.4189897209357697,1,camera_only,95.5,37.210088939607715,22.113518479063735,5.0,3.0168515882113507,-2.332688287471825
19.133333333333333,95.61703615186705,37.30982072255426,22.01071345196978,4.933389679584647,2.915035589971082,-2.381794268739928,6.205538667999155,59.42205765734793,-2.381794268739928,0.1419993822591881,0.42446253851372445,1,camera_only,95.66666666666667,37.31080179384734,22.035733586514567,5.0,3.025864444064211,-2.3343946028887794
19.166666666666668,95.78307557211562,37.399248404919014,21.933806630790514,4.938583419005674,2.8941068541387986,-2.37456612944451,6.197098109014899,59.628859883170165,-2.37456612944451,0.14943401462707245,0.42989241461440525,1,camera_only,95.83333333333334,37.411809548974794,21.957892883300772,5.0,3.0345454797823876,-2.3360369196984854
19.2,95.95822278227904,37.480075703967124,21.840750021180984,4.967469474445244,2.851104265409979,-2.412419727799777,6.214846535101397,60.14611264387156,-2.412419727799777,0.15715445762045727,0.43528732609798726,1,camera_only,96.0,37.513101128351444,21.879998503464567,5.0,3.042893743392486,-2.3376151928759965
19.233333333333334,96.11976156462828,37.586198115041,21.755083144988465,4.956716746082834,2.881636520162099,-2.4264874552909017,6.225810092342526,59.827996504767306,-2.4264874552909017,0.16515706673185188,0.4406479343464651,1,camera_only,96.16666666666667,37.61466542421419,21.80205258251971,5.0,3.050908319413326,-2.3391293791521575
19.266666666666666,96.28563642089276,37.69482530020071,21.653493155816836,4.9575363024200065,2.9152901891566105,-2.4823676366741023,6.2640427968215535,59.54224891779902,-2.4823676366741023,0.17343627071368975,0.4459693696754479,1,camera_only,96.33333333333333,37.71649129889343,21.724057257393007,5.0,3.0585883289563305,-2.3405794370147857
19.3,96.44006650151104,37.8059637390745,21.59003102789328,4.929014528883076,2.9539772195723146,-2.430267705814365,6.23917997509423,59.06558215782435,-2.430267705814365,0.181984716107554,0.45124612985145746,1,camera_only,96.50000000000001,37.818567586034575,21.64601466636568,5.0,3.065932929821908,-2.341965326709813
19.333333333333332,96.5835271250441,37.94015298959579,21.530762990982524,4.874362633814418,3.052299060134108,-2.371145348029754,6.220793430094343,57.945428170609084,-2.371145348029754,0.19079421338206862,0.4564706178271192,1,camera_only,96.66666666666666,37.920883091822404,21.567926949014804,5.0,3.072941316591806,-2.3432870102423733
19.366666666666667,96.74558327388914,38.043936349287065,21.44525636951434,4.8740265372905185,3.058153994668739,-2.3881657228822393,6.22990979559658,57.89423945348227,-2.3881657228822393,0.19985578355918415,0.46163647777037886,1,camera_only,96.83333333333334,38.023426596208736,21.489796246154587,5.0,3.079612720717438,-2.3445444513778444
19.4,96.90495346042303,38.14961130735937,21.36172522293304,4.867876206212193,3.069312963198658,-2.39800880980641,6.234368217949217,57.767583205082424,-2.39800880980641,0.20916139472607342,0.46674063361464735,1,camera_only,97.0,38.12618685414275,21.411624699777715,5.0,3.085946410604164,-2.345737615642843
19.433333333333334,97.08921763171954,38.21281929812015,21.27341004901614,4.922334184206577,2.960894759833102,-2.422123751269242,6.234015966155231,58.97214480498358,-2.422123751269242,0.21870275094504496,0.47177934726997706,1,camera_only,97.16666666666667,38.22915259680417,21.33341445299662,5.0,3.0919416916915106,-2.346866470326168
19.466666666666665,97.23797771552942,38.349184956473316,21.187807791332105,4.882633672729255,3.0636111680669065,-2.4342226124611925,6.257097146296455,57.8937618677349,-2.4342226124611925,0.22847380114162444,0.4767531230915379,1,camera_only,97.33333333333333,38.33231253283897,21.255167649984735,5.0,3.0975979065293475,-2.347930984479698
19.5,97.40228034274934,38.44232533895562,21.11590679245622,4.886959276972951,3.039467759646903,-2.4096571289682953,6.239165225886607,58.12025539717301,-2.4096571289682953,0.2384640858794498,0.4816571977300355,1,camera_only,97.5,38.43565534959769,21.176886435917677,5.0,3.102914434849978,-2.348931128919239
19.53333333333333,97.56938954801201,38.542618649994495,21.002243036470663,4.901206968149279,3.0377577644535005,-2.497859553951479,6.284035672352541,58.20945237422413,-2.497859553951479,0.24866849258992174,0.4864935014739158,1,camera_only,97.66666666666666,38.53916971437587,21.09857295691448,5.0,3.1078906936361594,-2.349866876225327
19.566666666666666,97.73856132274335,38.64189506277088,20.897287507145283,4.915959738329707,3.0318629317787904,-2.5559134137749786,6.315975487973954,58.336256225398664,-2.5559134137749786,0.25907948727007524,0.4912626130441014,1,camera_only,97.83333333333333,38.64284427565695,21.020229359978728,5.0,3.1125261371850392,-2.3507382007439763
19.6,97.89871013773839,38.73984307722795,20.82829542770616,4.907989182921469,3.0244545222532913,-2.512257081178984,6.28864998380308,58.35734182608454,-2.512257081178984,0.26969108422613314,0.4959666932695166,1,camera_only,98.00000000000001,38.74666766435696,20.941857792939697,5.0,3.1168202571679955,-2.3515450785873853
19.633333333333333,98.06077374133612,38.830149671546195,20.77741454340078,4.903076126842586,2.9958749306897072,-2.4248726208191047,6.23662002475274,58.57425787429413,-2.4248726208191047,0.28049813189669726,0.5006076259464708,1,camera_only,98.16666666666667,38.850628495071334,20.86346040439351,5.0,3.120772582686381,-2.35228748763459
19.666666666666668,98.23197189147629,38.91007045785738,20.688520193046926,4.926154919903397,2.9430484381942565,-2.4459529927397026,6.237886055959856,59.14450380020234,-2.4459529927397026,0.291496304114785,0.5051889279897194,1,camera_only,98.33333333333334,38.954715367323466,20.785039343644158,5.0,3.1243826803231642,-2.3529654075320714
19.7,98.37631720379426,39.04226778691268,20.63462079813482,4.873524099793209,3.035326906677621,-2.372042725672091,6.212168162089644,58.08453562019636,-2.372042725672091,0.30268002028826574,0.5097131093534979,1,camera_only,98.5,39.058916866814855,20.706596760644643,5.0,3.1276501541904578,-2.353578819694314
19.733333333333334,98.54934001103184,39.123305730766965,20.583029346288438,4.892403048348885,2.9769100097745547,-2.3009858460903327,6.171882748213664,58.68048936782689,-2.3009858460903327,0.3140424229315354,0.5141815579296526,1,camera_only,98.66666666666667,39.16322156667684,20.628134805937997,5.0,3.1305746459729304,-2.3541277073043125
19.766666666666666,98.70088198529972,39.22471506212785,20.507485177161815,4.87455198391295,2.9885813329869877,-2.295023873277557,6.161169532374666,58.487593791611026,-2.295023873277557,0.32558311683800345,0.5186006091439296,1,camera_only,98.83333333333333,39.26761802872368,20.549655630598345,5.0,3.1331558349671025,-2.354612055314036
19.8,98.84979217095852,39.34245379992985,20.481408450033115,4.833287783941058,3.0351585477958603,-2.161860246987022,6.102990901202044,57.872421814215464,-2.161860246987022,0.3372946642791489,0.5229687890612963,1,camera_only,99.0,39.37209480470687,20.471161386171925,5.0,3.1353934381165134,-2.3550318504448393
19.833333333333332,98.99172955700963,39.477121704704146,20.395991804799152,4.791972411168398,3.129566562631926,-2.195183689442697,6.129928049311682,56.85203865564145,-2.195183689442697,0.3491748876814278,0.5272913145139442,1,camera_only,99.16666666666666,39.47664043757056,20.392654224618102,5.0,3.137287210042762,-2.355387081187826
19.866666666666667,99.13539755085046,39.60841505949419,20.316380072590206,4.756783426876312,3.2054041083943563,-2.2106062012201013,6.147225703127333,56.025562330587206,-2.2106062012201013,0.3612155871428285,0.5315671469905978,1,camera_only,99.33333333333334,39.58124346270801,20.31413629825035,5.0,3.1388369430724166,-2.3556777378041676
19.9,99.30045472611381,39.70270673600075,20.207433546968705,4.781759424265266,3.1751098824806334,-2.302630004522209,6.184549368798168,56.41565969826131,-2.302630004522209,0.37341388327370595,0.5357992748794883,1,camera_only,99.49999999999999,39.68589240921871,20.235609759677317,5.0,3.1400424672597853,-2.355903812325365
19.933333333333334,99.4561414535338,39.819293662515456,20.103198513683243,4.777863364589905,3.2065649519116017,-2.3742795045660654,6.224728129590938,56.13327360644296,-2.3742795045660654,0.38576771154039796,0.5399908142167744,1,camera_only,99.66666666666667,39.79057580116643,20.157076761743685,5.0,3.1409036504055567,-2.356065298553471
19.966666666666665,99.6135974109326,39.93508483963078,20.02753398060391,4.769361277303477,3.2287680787204645,-2.365835650576396,6.226469997128737,55.90273706505609,-2.365835650576396,0.3982716621536295,0.5441423553524001,1,camera_only,99.83333333333333,39.89528215883754,20.078539457471297,5.0,3.1414203980712943,-2.3561621920612588
20.0,99.77189501866728,40.03395126017984,19.96146446841514,4.770291724005564,3.2065624392777643,-2.331368401860487,6.2026610768521335,56.09123454593161,-2.331368401860487,0.4109259729856818,0.5482579169973641,1,camera_only,100.0,40.0,20.000000000000004,5.0,3.141592653589793,-2.356194490192345
