timestamp,station_id,scenario_id,est_x,est_y,est_z,true_x,true_y,true_z,position_error_m
0.0,3,3,-43.68328240432237,62.99067588053161,28.90108682125661,0.0,40.0,20.0,50.160040726249285
0.03333333333333333,3,3,8.846219339528204,35.38791477941161,18.346329774006104,0.16666666666666666,40.10471784116246,20.078539457471294,10.029128382457305
0.06666666666666667,3,3,58.242329974017764,9.285979348835205,7.745829827908059,0.3333333333333333,40.20942419883357,20.15707676174369,66.81130431127905
0.1,3,3,9.087901551311063,35.504761068450065,18.49004098729544,0.5,40.31410759078128,20.23560975967731,9.996443235770665
0.13333333333333333,3,3,-5.24682818494658,43.6120201675319,21.291852079766908,0.6666666666666666,40.418756537292,20.314136298250354,6.79133875768952
0.16666666666666666,3,3,-7.53665816381627,45.071830122385656,21.96429328222304,0.8333333333333334,40.52335956242944,20.3926542246181,9.654811827505206
0.2,3,3,-0.029155043588929175,41.00983367194341,20.37243331061711,1.0,40.62790519529313,20.471161386171925,1.1021690877191628
0.23333333333333334,3,3,21.12061195262904,29.772802431323086,16.03245716884787,1.1666666666666667,40.73238197127632,20.549655630598345,23.20942476905842
0.26666666666666666,3,3,-33.04360415475442,59.481117745746474,28.473547718738228,1.3333333333333333,40.836778433323154,20.628134805937993,39.886535613274305
0.3,3,3,17.735999174401684,32.122563297841474,17.144992731937947,1.5,40.941083133185145,20.70659676064464,18.816455153264698
0.3333333333333333,3,3,-14.429386384047774,49.46830592281211,24.362864669074785,1.6666666666666667,41.045284632676534,20.785039343644158,18.515697273523987
0.36666666666666664,3,3,9.136520418454381,37.04786034399036,19.219285841307975,1.8333333333333333,41.149371504928666,20.86346040439351,8.535938460267733
0.4,3,3,30.30686831035866,25.307921338729916,14.536372892251096,2.0,41.253332335643044,20.9418577929397,33.11442528888906
0.43333333333333335,3,3,-29.882706160851725,59.199803414721146,28.310817962736508,2.166666666666667,41.357155724343045,21.02022935997872,37.39886438670151
0.4666666666666667,3,3,60.74998944460732,8.668007694499085,7.62284013634727,2.3333333333333335,41.46083028562412,21.098572956914474,68.33352251835959
0.5,3,3,22.634550338622788,30.125569899498643,16.504251897858538,2.5,41.56434465040231,21.176886435917673,23.623699936011494
0.5333333333333333,3,3,-6.675819929647233,46.98723923098312,23.09766841729629,2.6666666666666665,41.667687467161024,21.25516764998473,10.907543071096779
0.5666666666666667,3,3,11.511206836086117,36.71315889969714,19.23092671649624,2.833333333333333,41.77084740319583,21.33341445299662,10.261878785599459
0.6,3,3,-13.294248702798612,51.55229903309906,25.537095255724367,3.0,41.87381314585725,21.411624699777715,19.395750492470665
0.6333333333333333,3,3,6.059178685972256,40.45400161866686,20.76105630114343,3.166666666666666,41.976573403791264,21.489796246154583,3.349016651218545
0.6666666666666666,3,3,14.213981105439728,35.959609519621985,18.959178718056723,3.3333333333333335,42.079116908177596,21.5679269490148,12.753134279531345
0.7,3,3,-44.868190407650616,69.85173422212151,33.13449101904072,3.4999999999999996,42.181432413965425,21.64601466636568,56.89562842935444
0.7333333333333333,3,3,9.080351918406194,38.97560700271338,20.330488070307137,3.6666666666666665,42.283508701106555,21.724057257393,6.4955551518195636
0.7666666666666666,3,3,8.010409158762755,40.107119111976345,20.95066582777242,3.833333333333333,42.385334575785805,21.802052582519707,4.833537788937473
0.8,3,3,28.735760489600956,27.964241022506208,15.780533774617957,4.0,42.48689887164855,21.879998503464563,29.325226477908114
0.8333333333333334,3,3,21.331544862984337,32.45110482202776,17.603033914748217,4.166666666666667,42.588190451025206,21.957892883300772,20.40486082236365
0.8666666666666667,3,3,-9.661054513707938,51.02382945911931,25.004315952287147,4.333333333333334,42.68919820615265,22.035733586514567,16.556613500312224
0.9,3,3,-7.61743516429253,49.75782424022403,25.02377517420948,4.5,42.78991106039229,22.11351847906374,14.2777324205963
0.9333333333333333,3,3,5.121906375137868,42.73929181730634,21.81494766370322,4.666666666666667,42.890317969444716,22.191245428436176,0.6096327571101219
0.9666666666666667,3,3,20.71930377262676,33.48284263308648,18.047105672455658,4.833333333333333,42.99040792256087,22.268912303708287,18.988983800177714
1.0,3,3,-9.553919122293337,51.927639368053256,26.190191269068745,5.0,43.09016994374947,22.346516975603464,17.45540774997839
1.0333333333333332,3,3,42.957801613848716,20.322561628012107,12.801969452708532,5.166666666666666,43.1895930929807,22.424057316550417,45.20680903885477
1.0666666666666667,3,3,13.239805558455572,38.56871141855585,20.232708277601027,5.333333333333333,43.28866646738583,22.501531200741535,9.483556092846865
1.1,3,3,11.41486656837776,39.68519790794266,21.146672941168532,5.500000000000001,43.38737920245291,22.578936504191145,7.12342416068963
1.1333333333333333,3,3,24.542032475607428,32.06378671248231,17.80400258857671,5.666666666666666,43.48572047321815,22.65627110479375,22.589477971158125
1.1666666666666667,3,3,2.9985723298590585,45.506831978892684,23.383545043403455,5.833333333333333,43.583679495453005,22.733532882382214,3.486674810023755
1.2,3,3,20.899481742307216,34.615937759873844,18.983032143987728,6.0,43.68124552684678,22.81071971878587,17.855686860760915
1.2333333333333334,3,3,23.862659232447818,32.89174479513873,18.029881345163815,6.166666666666667,43.77840786818467,22.88782949788861,21.336992431192503
1.2666666666666666,3,3,-31.99029142145261,67.83322728617017,32.94514510123703,6.333333333333332,43.87515586452103,22.964860105686892,46.284938038014985
1.3,3,3,-9.28899055121839,53.31302331290109,26.971841623539206,6.5,43.971478906347805,23.041809430347687,18.761711744017184
1.3333333333333333,3,3,-18.570320550755298,60.048811908224934,29.738055808198077,6.666666666666667,44.067366430758,23.11867536226639,30.596214158773805
1.3666666666666667,3,3,6.073350839173912,44.59741760397135,23.52021353376036,6.833333333333333,44.16280792260401,23.195455794124648,0.9337700766357274
1.4,3,3,-13.203680868611542,57.03537281197244,28.54998253599662,6.999999999999999,44.257792915650725,23.272148620948137,24.480825138920885
1.4333333333333333,3,3,-9.129424825107378,54.63147563127849,27.617667852652332,7.166666666666667,44.35231099372328,23.34875174016427,19.73442343545147
1.4666666666666666,3,3,-18.15876751364442,60.38631535355873,30.24534933792545,7.333333333333333,44.446351791849274,23.425263051659837,30.829259168738023
1.5,3,3,-42.13904544078353,76.13180549606433,37.30084551887487,7.5,44.53990499739547,23.50168045783858,60.43591619038874
1.5333333333333332,3,3,12.719439260919685,41.486730508713585,22.136143577254483,7.666666666666666,44.63296035119862,23.578001863678715,6.12439616853025
1.5666666666666667,3,3,2.7890852229193683,48.21334358923423,25.228287606193835,7.833333333333334,44.72550764869054,23.654225176790337,6.331438310464913
1.6,3,3,9.245552122195065,43.915515089115345,23.269103999080077,8.0,44.81753674101715,23.730348307472823,1.605549582426215
1.6333333333333333,3,3,81.53189710341377,-2.7536087630279735,2.975377234964791,8.166666666666666,44.90903753615141,23.806369168772083,89.93394861910616
1.6666666666666667,3,3,37.57545258295038,26.0703110861156,15.511015889900463,8.333333333333334,45.0,23.882285676537812,35.82614713342657
1.7,3,3,8.24608655544634,45.1176602171743,24.017566933748064,8.5,45.090414157503716,23.95809574948059,0.2622045134067172
1.7333333333333334,1,3,8.462380599218848,51.48669563948863,27.509781137112043,8.666666666666668,45.1802700937313,24.033797309228987,7.203832281031982
1.7333333333333334,3,3,-4.067713119890385,53.932621555783854,27.60849693930456,8.666666666666668,45.1802700937313,24.033797309228987,15.860219484888244
1.7666666666666666,1,3,8.938733976981798,42.71142725235306,22.6548624135726,8.833333333333334,45.26955795496678,24.109388280386487,2.944620091721026
1.7666666666666666,3,3,20.858755763338436,37.339553421769814,20.651636485444598,8.833333333333334,45.26955795496678,24.109388280386487,14.81390576424793
1.8,3,3,-14.13974262661931,60.5098440038588,31.243128936431226,9.0,45.35826794978997,24.184866590588438,28.545350113304917
1.8,1,3,9.141445387665893,39.274166672435356,20.88393981338187,9.0,45.35826794978997,24.184866590588438,6.923323821639382
1.8333333333333333,1,3,8.992913623700003,56.32611823268087,30.272490760743366,9.166666666666666,45.44639035015027,24.260230170558838,12.431650989395576
1.8333333333333333,3,3,-16.854982664012795,62.96479512983912,31.817162331509003,9.166666666666666,45.44639035015027,24.260230170558838,32.2665145870929
1.8666666666666667,1,3,9.369278692855033,43.126688907684176,22.943149988348836,9.333333333333334,45.533915492433444,24.335476954167074,2.7811160132111334
1.8666666666666667,3,3,18.006218468201027,39.977932240573296,21.812115474143916,9.333333333333334,45.533915492433444,24.335476954167074,10.604491483160526
1.9,3,3,-19.406908634758807,64.69047851425522,33.2055426037215,9.5,45.6208337785213,24.41060487848456,35.72970258421127
1.9,1,3,9.614807574872065,38.938699282526215,20.72848118693447,9.5,45.6208337785213,24.41060487848456,7.6303431824322265
1.9333333333333333,1,3,9.742855207339872,47.01307458525645,25.178956356966957,9.666666666666666,45.70713567684432,24.4856118838413,1.4805430370808115
1.9333333333333333,3,3,-25.568461070376287,69.78461878766683,34.91865899885262,9.666666666666666,45.70713567684432,24.4856118838413,43.9327655822135
1.9666666666666666,1,3,9.782102978780088,48.08843727981261,25.904330831984815,9.833333333333332,45.79281172342679,24.560495913882356,2.66052880673576
1.9666666666666666,3,3,0.5118932095350317,52.041873582739605,27.217826067193506,9.833333333333332,45.79281172342679,24.560495913882356,11.532624317421066
2.0,1,3,10.010811651563852,42.02471276032077,22.457693418029482,10.0,45.877852522924734,24.63525491562421,4.425898439613846
2.0,3,3,29.926763587402007,32.53217575227781,18.53297320159153,10.0,45.877852522924734,24.63525491562421,24.747137968908913
2.033333333333333,3,3,-19.260166471662842,65.91878066650328,33.70259782225782,10.166666666666666,45.962248749656155,24.70988683951107,36.67520314215641
2.033333333333333,1,3,10.154275570524078,50.33818950663941,27.09848309536558,10.166666666666666,45.962248749656155,24.70988683951107,4.985419051732058
2.0666666666666664,1,3,10.318115583769114,43.30902859401457,23.352490536106583,10.333333333333332,46.04599114862375,24.784389639471048,3.0889368150628393
2.0666666666666664,3,3,13.593338047675772,43.58009038522284,23.82207301402244,10.333333333333332,46.04599114862375,24.784389639471048,4.199327398535499
2.1,3,3,18.13582401482141,40.95964082412965,22.50578966408159,10.500000000000002,46.12907053652977,24.85876127297224,9.516579602410413
2.1,1,3,10.375465922849353,40.92961298129661,22.12022540771313,10.500000000000002,46.12907053652977,24.85876127297224,5.877877702908885
2.1333333333333333,1,3,10.64662374320081,47.14242878379377,25.609601705724398,10.666666666666666,46.2114778027831,24.93299970107875,1.1510263769854678
2.1333333333333333,3,3,8.479426292802827,47.86879995653341,25.633285842132995,10.666666666666666,46.2114778027831,24.93299970107875,2.832161339635196
2.1666666666666665,3,3,21.714933743938055,39.05002091545011,21.82109984363297,10.833333333333332,46.29320391049838,25.007102888506562,13.454498979812403
2.1666666666666665,1,3,10.907725255937631,50.617226406413614,27.421584269185104,10.833333333333332,46.29320391049838,25.007102888506562,4.953021809054868
2.2,1,3,10.962313539707777,42.793516933679214,23.099795487562147,11.000000000000002,46.374239897486895,25.081068803679372,4.092485939619971
2.2,3,3,-9.984292201465848,61.29188126419365,31.828147740625774,11.000000000000002,46.374239897486895,25.081068803679372,26.61577760133201
2.2333333333333334,3,3,-4.119198831651147,57.23973892404345,29.731703606997662,11.166666666666666,46.454576877239504,25.154895418784243,19.25940231679531
2.2333333333333334,1,3,11.289072574506449,48.270694256782484,26.295788482026975,11.166666666666666,46.454576877239504,25.154895418784243,2.148232418596165
2.2666666666666666,1,3,11.238382536280687,46.009253923226225,24.924003787754625,11.333333333333332,46.53420603990105,25.228580709827227,0.614294294391159
2.2666666666666666,3,3,-12.64258920670413,63.257105788424056,32.77592611990117,11.333333333333332,46.53420603990105,25.228580709827227,30.19043988391013
2.3,3,3,0.07913977339985934,54.53821792995916,28.922201882017298,11.5,46.61311865323652,25.302122656688855,14.364825806778908
2.3,1,3,12.016834520300407,62.78466810312535,34.24992383161437,11.5,46.61311865323652,25.302122656688855,18.4891664332812
2.3333333333333335,1,3,11.539134522810304,42.6244711424251,23.104428884255896,11.666666666666666,46.691306063588584,25.375519243179504,4.65974915012677
2.3333333333333335,3,3,27.198305253371814,35.70667866946947,20.49496320035513,11.666666666666666,46.691306063588584,25.375519243179504,19.639594279485763
2.3666666666666667,3,3,14.878668230566888,44.48846396019929,24.42134071650163,11.833333333333334,46.768759696826606,25.448768457094673,3.9407386420478763
2.3666666666666667,1,3,12.039857230344596,54.724496946123935,29.954161512537887,11.833333333333334,46.768759696826606,25.448768457094673,9.145215901438833
2.4,1,3,11.959187758891778,46.57199034917786,25.302203825007904,12.0,46.845471059286886,25.52186829027017,0.3531427687564485
2.4,3,3,-5.055947181370499,58.9053534496468,30.895897922368963,12.0,46.845471059286886,25.52186829027017,21.569105034972807
2.433333333333333,3,3,19.86838459078986,41.07265680271484,22.985823675705515,12.166666666666666,46.921431738704065,25.594816738637135,10.016559890353651
2.433333333333333,1,3,12.125701112817556,46.24070485186561,25.08308472436283,12.166666666666666,46.921431738704065,25.594816738637135,0.8526059614500585
2.466666666666667,3,3,-44.11939361808396,87.44158957461345,43.62170604482128,12.333333333333334,46.99663340513365,25.66761180227701,71.72903428788499
2.466666666666667,1,3,12.653538123247268,51.250860353015206,27.941955511170157,12.333333333333334,46.99663340513365,25.66761180227701,4.834626907812772
2.5,1,3,12.856149577750852,52.273284656221804,28.73709918558244,12.5,47.071067811865476,25.740251485476346,6.014233014696722
2.5,3,3,17.161490475823612,43.71880743981436,24.20647032537428,12.5,47.071067811865476,25.740251485476346,5.943031861373667
2.533333333333333,3,3,24.069702365326492,39.26678127616832,22.040015528835312,12.666666666666664,47.14472679632803,25.812733796781544,14.36400542651005
2.533333333333333,1,3,13.116181428886403,54.61930862004964,29.96382170328959,12.666666666666664,47.14472679632803,25.812733796781544,8.561715235192084
2.5666666666666664,1,3,12.940353616329144,49.1624430108683,26.97262878783537,12.833333333333332,47.21760228098362,25.88505674905342,2.2308455224715162
2.5666666666666664,3,3,-9.060058371897043,63.21541917453,33.234226169849855,12.833333333333332,47.21760228098362,25.88505674905342,28.09379000586531
2.6,3,3,-1.3419611229857367,57.614478638942046,30.54151554301504,13.0,47.28968627421412,25.95721835952171,18.25675126890223
2.6,1,3,12.733424641277196,43.72922703457497,23.955304640409103,13.0,47.28968627421412,25.95721835952171,4.093359373153213
2.6333333333333333,1,3,13.012026695933123,44.13907547625546,24.25142846057409,13.166666666666666,47.360970871197345,26.0292166498394,3.683076744026312
2.6333333333333333,3,3,13.727059629754748,47.04114235971025,25.792482546411673,13.166666666666666,47.360970871197345,26.0292166498394,0.6872943951207682
2.6666666666666665,1,3,13.545215504998376,50.4870352633078,27.806378318337956,13.333333333333334,47.43144825477394,26.101049646137003,3.5056599808910556
2.6666666666666665,3,3,17.585208259007203,44.1386369459627,24.512125249455618,13.333333333333334,47.43144825477394,26.101049646137003,5.60764901160715
2.7,1,3,13.764929850638199,50.96349560535802,28.184728911109264,13.5,47.50111069630459,26.17271537907663,4.013289864597686
2.7,3,3,5.3546415705909,53.37595608212141,28.742098599167946,13.5,47.50111069630459,26.17271537907663,10.366407399986066
2.7333333333333334,3,3,-2.2243857909353295,58.92041542186123,31.698234822810704,13.666666666666666,47.56995055651756,26.24421188390602,20.275723589745397
2.7333333333333334,1,3,14.419723709625629,56.01052190513704,30.965973834136918,13.666666666666666,47.56995055651756,26.24421188390602,9.70079251998178
2.7666666666666666,1,3,14.05372672568004,50.17732652124003,27.732098434421825,13.833333333333334,47.63796028634642,26.315537200512367,2.916093251547855
2.7666666666666666,3,3,-0.37803817325981015,58.42243372188022,31.13391602426104,13.833333333333334,47.63796028634642,26.315537200512367,18.479305232321135
2.8,3,3,19.700189564002997,43.560176373459846,24.494674867692822,13.999999999999998,47.70513242775789,26.386689373476088,7.297433839900503
2.8,1,3,14.591454001809836,54.1698389972137,29.981453595082858,13.999999999999998,47.70513242775789,26.386689373476088,7.420551103143631
2.8,2,3,17.021465618577906,46.43537129888921,24.637311567634242,13.999999999999998,47.70513242775789,26.386689373476088,3.715086878688879
2.8333333333333335,1,3,14.977196158019774,56.95372347514755,31.816210899902106,14.166666666666666,47.77145961456971,26.45766645212443,10.662313363451478
2.8333333333333335,3,3,5.969677612516207,53.67086903761403,29.077967060449488,14.166666666666666,47.77145961456971,26.45766645212443,10.433582144812744
2.8333333333333335,2,3,31.02616273438263,40.41589247742823,16.405208942735648,14.166666666666666,47.77145961456971,26.45766645212443,20.961843371812336
2.8666666666666667,1,3,14.434443285115535,48.843703289982,27.102628689134676,14.333333333333334,47.8369345732584,26.52846649058491,1.1633867377472524
2.8666666666666667,2,3,15.249886570823662,47.34379800054708,26.032455733758212,14.333333333333334,47.8369345732584,26.52846649058491,1.152944138884126
2.8666666666666667,3,3,-1.372979934433161,59.56871875697249,31.98846653668081,14.333333333333334,47.8369345732584,26.52846649058491,20.350298206705205
2.9,3,3,0.34004441465476987,58.70770252932829,31.28709383164735,14.499999999999998,47.901550123756905,26.599087547838728,18.418867362256965
2.9,1,3,13.52618282326473,38.825368244380805,21.345784336407796,14.499999999999998,47.901550123756905,26.599087547838728,10.531979492595411
2.9,2,3,13.50049438793799,48.44897615507412,27.26207367491866,14.499999999999998,47.901550123756905,26.599087547838728,1.3184222893320687
2.933333333333333,3,3,71.73517294679971,5.004028255495349,6.641883897636414,14.666666666666666,47.96529918024196,26.66952768777391,74.1861963191246
2.933333333333333,1,3,13.940318722684044,40.72003113115299,22.48912454983298,14.666666666666666,47.96529918024196,26.66952768777391,8.39626469536208
2.933333333333333,2,3,3.436802414403097,52.99094469268914,33.63697831927237,14.666666666666666,47.96529918024196,26.66952768777391,14.139035760737574
2.966666666666667,3,3,31.25221766920499,35.66609356020732,20.9020950459774,14.833333333333334,48.028174751911145,26.73978497923845,21.365379425180034
2.966666666666667,2,3,22.904078426636715,44.462143415554536,21.7896640560282,14.833333333333334,48.028174751911145,26.73978497923845,10.117173666956687
2.966666666666667,1,3,13.869763375672967,39.16096815245416,21.62898039625573,14.833333333333334,48.028174751911145,26.73978497923845,10.279890243878885
3.0,3,3,29.214728853805248,37.201018546865235,21.812390938213433,15.0,48.09016994374947,26.8098574960932,18.59050312736576
3.0,2,3,4.046674202937048,53.16840029301195,33.76578641578358,15.0,48.09016994374947,26.8098574960932,13.933725870439686
3.0,1,3,16.137958127439504,57.913171189397694,32.53671333794891,15.0,48.09016994374947,26.8098574960932,11.427299768764666
3.033333333333333,3,3,19.342875468665497,44.87777799418788,25.393585858409526,15.166666666666668,48.151277957285544,26.879743317264726,5.5104615014355955
3.033333333333333,1,3,14.578708932569556,42.931954811136265,23.75675674355623,15.166666666666668,48.151277957285544,26.879743317264726,6.110652464391813
3.033333333333333,2,3,16.601463860608945,47.4627571612301,25.973266083574167,15.166666666666668,48.151277957285544,26.879743317264726,1.831503439675924
3.0666666666666664,3,3,12.065219974711923,50.7234791722672,28.09190045264626,15.333333333333332,48.211492091337036,26.949440526797925,4.277365860167812
3.0666666666666664,1,3,16.26164173668044,55.937481041173136,31.306942293899024,15.333333333333332,48.211492091337036,26.949440526797925,8.918547157188977
3.0666666666666664,2,3,11.131027867012328,50.202870803280746,29.416591308496564,15.333333333333332,48.211492091337036,26.949440526797925,5.264199216052731
3.1,1,3,16.038592104564728,51.94046079665338,29.111795555461168,15.5,48.27080574274562,27.0189472139086,4.258692739622051
3.1,3,3,-1.1516992705917062,61.21521393369804,33.179474423694074,15.5,48.27080574274562,27.0189472139086,21.972457475547145
3.1,2,3,30.002897576153572,41.551943244528125,17.900944058156803,15.5,48.27080574274562,27.0189472139086,18.401498116258207
3.1333333333333333,1,3,17.059487853255533,58.98244370415064,33.52066643586498,15.666666666666668,48.329212407101,27.08826147303581,12.5222650320171
3.1333333333333333,2,3,14.880520113819621,48.69116384370653,27.597779186018315,15.666666666666668,48.329212407101,27.08826147303581,1.0043124737137479
3.1333333333333333,3,3,4.393815187152583,56.84724375823025,31.16436471244782,15.666666666666668,48.329212407101,27.08826147303581,14.705395479086878
3.1666666666666665,3,3,18.05934289184141,46.496563386149056,26.382721765281005,15.833333333333332,48.38670567945424,27.157381403894128,3.0212338537767174
3.1666666666666665,1,3,16.719092192201828,54.65935471085945,30.889426859210037,15.833333333333332,48.38670567945424,27.157381403894128,7.352472911054956
3.1666666666666665,2,3,17.732007559260964,47.48978007822774,25.843808033224736,15.833333333333332,48.38670567945424,27.157381403894128,2.476875925529811
3.2,2,3,12.168855467562842,50.254945746262074,29.6862595591087,16.0,48.44327925502015,27.22630511152573,4.900120385061491
3.2,1,3,15.831769558137509,47.811232464344386,26.843754697112512,16.0,48.44327925502015,27.22630511152573,0.7577133011505789
3.2,3,3,15.692333757789541,48.86416903745065,27.470159346649538,16.0,48.44327925502015,27.22630511152573,0.5755619979968416
3.2333333333333334,3,3,-15.542830442031772,72.92885516362053,38.88779058125322,16.166666666666668,48.49892692986864,27.295030706352357,41.67380090548418
3.2333333333333334,1,3,16.004383424983562,47.2028516010355,26.601214503208986,16.166666666666668,48.49892692986864,27.295030706352357,1.4790294223866518
3.2333333333333334,2,3,15.659153658206662,48.81804144234445,27.57069536241014,16.166666666666668,48.49892692986864,27.295030706352357,0.6598443213578932
3.2666666666666666,2,3,22.720870067349146,45.495744449720675,23.321603652744727,16.333333333333332,48.55364260160506,27.36355630422711,8.154063273762647
3.2666666666666666,3,3,27.366878782557492,40.09219348871066,23.2754643826519,16.333333333333332,48.55364260160506,27.36355630422711,14.493023902189808
3.2666666666666666,1,3,16.29430432496865,49.0354188356886,27.81070284632792,16.333333333333332,48.55364260160506,27.36355630422711,0.6584615655711125
3.3,3,3,11.094712116583906,52.879192721699205,29.487743260715327,16.499999999999996,48.607420270039434,27.431880026486112,7.189697533222071
3.3,1,3,16.53708154779702,49.75377722096829,28.068920422796424,16.499999999999996,48.607420270039434,27.431880026486112,1.311994575698056
3.3,2,3,11.298950907538085,51.109225173085704,30.91146879484661,16.499999999999996,48.607420270039434,27.431880026486112,6.739249025819253
3.3333333333333335,2,3,12.798740163510637,50.522371807433885,29.924098859919184,16.666666666666668,48.66025403784439,27.5,4.929968894861233
3.3333333333333335,1,3,16.13211392130075,45.277584120114106,25.494159890322933,16.666666666666668,48.66025403784439,27.5,3.968828158976519
3.3333333333333335,3,3,-11.105056103889254,70.66558160348664,37.81145350008192,16.666666666666668,48.66025403784439,27.5,36.9029687179796
3.3666666666666667,2,3,13.61465396487722,50.31536616827724,29.78010180147792,16.833333333333332,48.712138111201895,27.567914357225288,4.2218491645755885
3.3666666666666667,1,3,16.73749501495873,48.4674937606198,27.522026219379583,16.833333333333332,48.712138111201895,27.567914357225288,0.266723757351219
3.3666666666666667,3,3,10.857627109818168,53.722656529743,29.915167323552026,16.833333333333332,48.712138111201895,27.567914357225288,8.143952122908582
3.4,3,3,53.15374539309531,20.2299841045583,14.082798904672327,17.0,48.76306680043864,27.635621236255567,48.00946893301537
3.4,2,3,11.497947630761978,51.4102282839098,31.29087323587701,17.0,48.76306680043864,27.635621236255567,7.116242784935571
3.4,1,3,18.667427832939175,59.10578833478425,33.74736951912183,17.0,48.76306680043864,27.635621236255567,12.12871268470795
3.433333333333333,2,3,11.301923048361587,51.6899734268366,31.861312286791904,17.166666666666668,48.81303452064992,27.70311878087255,7.743550116777877
3.433333333333333,1,3,15.470347538764138,37.77840096471948,21.2826992175991,17.166666666666668,48.81303452064992,27.70311878087255,12.878758622857195
3.433333333333333,3,3,10.654174383146483,54.11472774846614,30.31602742951067,17.166666666666668,48.81303452064992,27.70311878087255,8.79475971422245
3.466666666666667,3,3,24.05886835976287,43.37736064392706,25.132856938393022,17.333333333333336,48.86203579231215,27.770405140596953,9.070344171749639
3.466666666666667,1,3,17.562190612418693,50.56576162995258,28.7210126540569,17.333333333333336,48.86203579231215,27.770405140596953,1.9643604630210956
3.466666666666667,2,3,17.413843960005515,48.81818620149734,27.627022810403343,17.333333333333336,48.86203579231215,27.770405140596953,0.17018589904431744
3.5,1,3,16.448435109962062,42.95860501395849,24.47467623277587,17.5,48.91006524188368,27.83747847073923,6.9162205325009145
3.5,2,3,24.64508160789263,45.27606954880437,22.754943261385723,17.5,48.91006524188368,27.83747847073923,9.491589963493084
3.5,3,3,19.38945743086545,47.29371287776755,26.919766158971107,17.5,48.91006524188368,27.83747847073923,2.6504415170320708
3.533333333333333,3,3,-0.6030488918315342,63.72765373421643,34.94011946079582,17.666666666666668,48.95711760239413,27.904336932450164,24.524548517680675
3.533333333333333,2,3,24.9848918766839,45.23464033041784,22.82907478870283,17.666666666666668,48.95711760239413,27.904336932450164,9.652540758404834
3.533333333333333,1,3,17.881426988473468,50.10975902352079,28.735652029471645,17.666666666666668,48.95711760239413,27.904336932450164,1.437285299463986
3.5666666666666664,2,3,10.709135924922336,52.59673411230162,32.900790242736456,17.833333333333332,49.003187714021934,27.97097869277124,9.37927536373516
3.5666666666666664,1,3,18.84195255430454,54.46583853399627,31.253473027663677,17.833333333333332,49.003187714021934,27.97097869277124,6.45233568349321
3.5666666666666664,3,3,9.800210441549353,55.73551405936039,31.102927355481036,17.833333333333332,49.003187714021934,27.97097869277124,10.939121712481846
3.6,3,3,22.703806510032628,45.45987579865361,26.3818516770012,18.0,49.0482705246602,28.03740192468495,6.143551010292249
3.6,1,3,17.915767203186498,48.64743152124606,27.857702355888854,18.0,49.0482705246602,28.03740192468495,0.44727956106060096
3.6,2,3,14.335434459477561,51.08326480144273,30.6206736501855,18.0,49.0482705246602,28.03740192468495,4.923772447533777
3.6333333333333333,2,3,17.60202745502331,49.475775728580324,28.34926664543689,18.166666666666668,49.09236109047069,28.103604807164825,0.7253784962522564
3.6333333333333333,1,3,19.10919312328017,54.26255312366635,30.96773386223447,18.166666666666668,49.09236109047069,28.103604807164825,5.985188136193418
3.6333333333333333,3,3,2.9725392533842836,61.84324613404033,34.05376081678253,18.166666666666668,49.09236109047069,28.103604807164825,20.708716372198854
3.6666666666666665,3,3,10.862026831458081,55.25739335025878,31.07474011860502,18.333333333333332,49.13545457642601,28.169585525225404,10.086549380583788
3.6666666666666665,2,3,20.60087250966265,47.98039913020834,26.59286340725521,18.333333333333332,49.13545457642601,28.169585525225404,2.9936498855613953
3.6666666666666665,1,3,16.383867484339003,38.62431432494598,21.982991299830445,18.333333333333332,49.13545457642601,28.169585525225404,12.351454756115535
3.6999999999999997,2,3,18.392901421305922,49.23021684200785,28.4512087320186,18.5,49.17754625683981,28.235342269971976,0.24666297966407807
3.6999999999999997,3,3,16.73383453450549,50.649556874899936,29.033805447904466,18.5,49.17754625683981,28.235342269971976,2.4338650656314615
3.6999999999999997,1,3,19.948942162442027,56.50073627019808,32.569099497518266,18.5,49.17754625683981,28.235342269971976,8.631917346057143
3.7333333333333334,1,3,17.819977362309167,45.21520058716846,25.947000150200417,18.666666666666668,49.21863151588501,28.300873238650162,4.720705508252507
3.7333333333333334,2,3,18.53741927882264,49.43419996167633,28.279070446824687,18.666666666666668,49.21863151588501,28.300873238650162,0.25228952379513264
3.7333333333333334,3,3,13.590252625052031,53.5404190318831,30.271244229876178,18.666666666666668,49.21863151588501,28.300873238650162,6.9519917073026045
3.7666666666666666,3,3,14.517211597548126,52.801263707885745,30.05720905457192,18.833333333333332,49.25870584809995,28.36617663469535,5.834227770075592
3.7666666666666666,2,3,20.585369608091817,48.34626086085386,27.18806479618217,18.833333333333332,49.25870584809995,28.36617663469535,2.3000292317414157
3.7666666666666666,1,3,19.648478637219746,53.371610430974044,30.88063845567051,18.833333333333332,49.25870584809995,28.36617663469535,4.889065782275436
3.8,1,3,19.252159447482562,50.52705118368888,29.134435268762058,19.0,49.297764858882516,28.43125066778196,1.438470659543042
3.8,3,3,24.803648279309222,44.514078230734285,26.30973887966895,19.0,49.297764858882516,28.43125066778196,7.814525153414989
3.8,2,3,22.50057948453238,47.41605990910769,25.816780401531123,19.0,49.297764858882516,28.43125066778196,4.757134118210858
3.8333333333333335,2,3,8.448720038857758,55.145446301413884,36.68418860900843,19.166666666666668,49.33580426497202,28.49609355387249,14.68574891315027
3.8333333333333335,3,3,26.898514432748634,42.80740840840997,25.52616565546257,19.166666666666668,49.33580426497202,28.49609355387249,10.546179121349912
3.8333333333333335,1,3,15.559103460554855,32.094413051316494,18.097082140405654,19.166666666666668,49.33580426497202,28.49609355387249,20.455305464495595
3.8666666666666667,1,3,18.27932215963091,44.28894604764808,25.54797272628218,19.333333333333332,49.37281989491891,28.560703515266475,6.002770998143092
3.8666666666666667,2,3,18.220382310289878,49.998286520589666,29.433548059082277,19.333333333333332,49.37281989491891,28.560703515266475,1.5465206358760444
3.8666666666666667,3,3,19.004410086452495,49.80386684959974,28.80401486834012,19.333333333333332,49.37281989491891,28.560703515266475,0.5942999192434553
3.9,2,3,22.524994411502846,47.84057380196056,26.36906730128818,19.5,49.40880768954226,28.62507878064918,4.086506639024543
3.9,3,3,35.47339851148769,36.01138621280567,22.12877936297636,19.5,49.40880768954226,28.62507878064918,21.836718351349777
3.9,1,3,19.76653738825652,50.93161927557401,29.463624903069416,19.5,49.40880768954226,28.62507878064918,1.7587373042376613
3.933333333333333,3,3,40.75031554597797,31.929521635708277,19.995210451185496,19.666666666666664,49.44376370237481,28.689217585140184,28.755081034160405
3.933333333333333,2,3,26.093343322201076,45.906167722147146,23.909932618082454,19.666666666666664,49.44376370237481,28.689217585140184,8.755473884973783
3.933333333333333,1,3,22.02424510800767,59.913446158217944,34.95063330020625,19.666666666666664,49.44376370237481,28.689217585140184,12.424884449770214
3.966666666666667,1,3,20.28045872983803,51.4390535308316,29.87902467732314,19.833333333333332,49.47768410009586,28.753118170341764,2.3053322160780088
3.966666666666667,3,3,-1.9992291639441078,67.42814755353423,37.74668608810575,19.833333333333332,49.47768410009586,28.753118170341764,29.660819059530127
3.966666666666667,2,3,23.44520841886554,47.60182918477143,26.085119009435644,19.833333333333332,49.47768410009586,28.753118170341764,4.866486701865203
4.0,1,3,20.400995709632127,51.267646300698786,29.844869498650628,20.0,49.510565162951536,28.816778784387097,2.0748740203986937
4.0,3,3,24.06617924824358,46.26435413440296,27.173872818292033,20.0,49.510565162951536,28.816778784387097,5.456266098179953
4.0,2,3,16.458948484363717,51.42049944589612,31.454736557611987,20.0,49.510565162951536,28.816778784387097,4.81099948190339
4.033333333333333,2,3,16.55822001055524,51.61728863594397,31.746858648449074,20.166666666666664,49.54240328516277,28.880197681988292,5.054085632982292
4.033333333333333,3,3,20.489334248901216,49.10822716697428,28.736277258695957,20.166666666666664,49.54240328516277,28.880197681988292,0.5597645562832296
4.033333333333333,1,3,17.96363222077293,40.02757377652214,22.97392637186312,20.166666666666664,49.54240328516277,28.880197681988292,11.413561325769471
4.066666666666666,1,3,22.56869790707499,59.257565805418565,34.92738433398661,20.333333333333332,49.573194975320675,28.943373124484236,11.601391438437037
4.066666666666666,3,3,22.61073665425627,47.78091485397733,27.94809929789685,20.333333333333332,49.573194975320675,28.943373124484236,3.064213424258051
4.066666666666666,2,3,21.335473450312207,48.94349087244349,28.10194003843495,20.333333333333332,49.573194975320675,28.943373124484236,1.45217826369121
4.1,3,3,19.987840949240834,49.7820229098697,29.160299787424346,20.5,49.60293685676943,29.00630337988826,0.563997873421154
4.1,2,3,20.244907806362647,49.868152035280595,29.096182943737862,20.5,49.60293685676943,29.00630337988826,0.3788000186974909
4.1,1,3,23.235109627581664,61.95419692475495,36.490318947684884,20.5,49.60293685676943,29.00630337988826,14.698467231685276
4.133333333333333,1,3,20.630391786196242,49.80202000247114,29.261064849870344,20.666666666666664,49.63162566797658,29.06898672293562,0.2593146795454117
4.133333333333333,3,3,20.252727731204416,49.9127233182906,29.197440361553692,20.666666666666664,49.63162566797658,29.06898672293562,0.516586554778487
4.133333333333333,2,3,22.1667459925739,48.753190533315006,28.041748027679244,20.666666666666664,49.63162566797658,29.06898672293562,2.0191843914943046
4.166666666666667,2,3,26.029436818062752,46.66623163376666,24.979394767359405,20.833333333333336,49.65925826289068,29.13142143513081,7.293629088221283
4.166666666666667,3,3,19.871762564819946,50.6689991548519,29.614217698186717,20.833333333333336,49.65925826289068,29.13142143513081,1.4755633647454194
4.166666666666667,1,3,20.472906253910665,48.07535447666111,28.342911095335655,20.833333333333336,49.65925826289068,29.13142143513081,1.805659834957126
4.2,3,3,34.0849185643921,38.403333725701636,23.758902854757917,21.000000000000004,49.68583161128631,29.193605804794647,18.11203601283228
4.2,2,3,14.9269673272387,53.27323101723666,34.015622368388186,21.000000000000004,49.68583161128631,29.193605804794647,8.544179544099578
4.2,1,3,18.16012636879114,38.59179272625243,22.428542269688045,21.000000000000004,49.68583161128631,29.193605804794647,13.30070169795219
4.233333333333333,2,3,19.4868908251879,50.77591011227986,30.66864164262407,21.166666666666668,49.71134279909636,29.25553812711123,2.439633576476024
4.233333333333333,3,3,6.067862012055954,62.665704752550084,35.75701200939747,21.166666666666668,49.71134279909636,29.25553812711123,20.929848500675625
4.233333333333333,1,3,22.766297176719895,55.852928397870585,32.825742831678355,21.166666666666668,49.71134279909636,29.25553812711123,7.281775406333085
4.266666666666667,1,3,25.90819861149708,68.46274468984655,40.61459649608127,21.333333333333332,49.7357890287316,29.317216704174655,22.34410550479238
4.266666666666667,2,3,9.80257382295521,56.39827931903345,38.46444581230702,21.333333333333332,49.7357890287316,29.317216704174655,16.156082201796508
4.266666666666667,3,3,32.4458369919961,40.119276539049444,24.34862619029412,21.333333333333332,49.7357890287316,29.317216704174655,15.51296044353334
4.3,2,3,24.914060926788363,47.725292828041034,26.479733987081325,21.5,49.75916761938747,29.378639845035575,4.918954548679931
4.3,3,3,4.567393745235549,63.896723237139256,36.40944681353623,21.5,49.75916761938747,29.378639845035575,23.15201675993326
4.3,1,3,22.840780795529245,54.75300624996999,32.32152430273782,21.5,49.75916761938747,29.378639845035575,5.949511437197495
4.333333333333333,2,3,22.2371097238061,49.354222443225865,28.89721174865445,21.666666666666664,49.78147600733806,29.43980586574756,0.8957450895144261
4.333333333333333,1,3,23.887928762753674,58.57441123362921,34.76335707561357,21.666666666666664,49.78147600733806,29.43980586574756,10.51617386112129
4.333333333333333,3,3,52.44186434761226,23.187047158833042,16.00001887387081,21.666666666666664,49.78147600733806,29.43980586574756,42.83695031706265
4.366666666666666,1,3,22.880595675556105,53.54754650815897,31.815971750055077,21.833333333333332,49.80271174621722,29.500713089413253,4.5255904005292225
4.366666666666666,3,3,38.81056235438352,35.12378418004134,22.038464595518843,21.833333333333332,49.80271174621722,29.500713089413253,23.6512657655115
4.366666666666666,2,3,17.82561053216861,52.205543705609124,32.77869788932809,21.833333333333332,49.80271174621722,29.500713089413253,5.707944273074456
4.4,1,3,20.190445332253926,43.035090762217,25.23571149254086,22.000000000000004,49.82287250728689,29.561359846230346,8.24983047062436
4.4,2,3,23.100505332451544,49.155481278462986,28.64571081621361,22.000000000000004,49.82287250728689,29.561359846230346,1.5795366995533657
4.4,3,3,6.1065979020436885,63.432918181998076,36.55169681176736,22.000000000000004,49.82287250728689,29.561359846230346,22.061241678717906
4.433333333333334,3,3,24.57162736056481,47.83072794443375,28.628801702332442,22.166666666666668,49.84195607969242,29.62174447353737,3.2885878273415856
4.433333333333334,1,3,24.570033339261276,59.173185114435434,35.38707462496628,22.166666666666668,49.84195607969242,29.62174447353737,11.228848490239093
4.433333333333334,2,3,28.38194412764335,46.06769569974908,24.46249649606027,22.166666666666668,49.84195607969242,29.62174447353737,8.915859746857638
4.466666666666667,2,3,26.50846712781954,47.28328281829309,26.094822251277126,22.333333333333332,49.859960370705046,29.681865315859255,6.077654758056863
4.466666666666667,1,3,20.041424061781562,41.268698978474774,24.28103132349973,22.333333333333332,49.859960370705046,29.681865315859255,10.403443095037217
4.466666666666667,3,3,32.87581586983844,40.52560260374569,24.93060645814745,22.333333333333332,49.859960370705046,29.681865315859255,14.860976875262761
4.5,1,3,22.176337894455855,48.36698361153987,28.849971392541498,22.5,49.876883405951375,29.741720724952756,1.7831913580951126
4.5,3,3,16.509918078330173,54.961628041982266,32.39384071357583,22.5,49.876883405951375,29.741720724952756,8.292734764600556
4.5,2,3,22.06219143399857,50.119547507669076,30.147760826380846,22.5,49.876883405951375,29.741720724952756,0.6445391925200669
4.533333333333333,1,3,23.214903862234813,51.852722796289235,31.003946671963693,22.666666666666664,49.89272332962988,29.801309059851583,2.3640006679305525
4.533333333333333,2,3,21.163894992526515,50.767273810330124,31.127043334063593,22.666666666666664,49.89272332962988,29.801309059851583,2.1864886493442994
4.533333333333333,3,3,39.06034534328498,35.4567301153065,22.411171917026923,22.666666666666664,49.89272332962988,29.801309059851583,23.06002444981265
4.566666666666666,2,3,23.22293336553638,49.699793912793595,29.446384297956158,22.833333333333332,49.90747840471444,29.860628686911436,0.6054084960239392
4.566666666666666,1,3,24.58871718912566,56.126254265915136,33.682704239714084,22.833333333333332,49.90747840471444,29.860628686911436,7.5075167148905155
4.566666666666666,3,3,21.53165440370291,50.94658871415779,30.221208828605512,22.833333333333332,49.90747840471444,29.860628686911436,1.7041526661714854
4.6,3,3,57.57359640661649,19.45676579531515,14.301502967942772,23.0,49.921147013144775,29.919677979854775,48.65531299021277
4.6,2,3,18.727623876976033,52.69068098740085,33.71211466408107,23.0,49.921147013144775,29.919677979854775,6.348707913820679
4.6,1,3,23.83666120371175,52.853387147855976,31.733071177105106,23.0,49.921147013144775,29.919677979854775,3.5477357659838944
4.633333333333333,3,3,30.055386222248394,43.59436778255952,26.70589986646376,23.166666666666664,49.93372765600397,29.97845531981541,9.917235497645164
4.633333333333333,2,3,18.81226709148587,52.52083465714165,33.66078095474884,23.166666666666664,49.93372765600397,29.97845531981541,6.262063587776648
4.633333333333333,1,3,23.905008329556026,52.70114425061578,31.637155797109596,23.166666666666664,49.93372765600397,29.97845531981541,3.309838408845219
4.666666666666667,1,3,21.80748532985149,44.57244529294393,26.647671836633776,23.333333333333332,49.94521895368273,30.036959095382873,6.533159806829854
4.666666666666667,2,3,21.993606152846283,50.78136053035924,31.313291710307233,23.333333333333332,49.94521895368273,30.036959095382873,2.0305237251267227
4.666666666666667,3,3,33.465876982621786,41.01531208420802,25.604156252806938,23.333333333333332,49.94521895368273,30.036959095382873,14.214830936151747
4.7,2,3,23.389856514839842,49.99877939183075,30.22107873422798,23.5,49.9556196460308,30.095187702646598,0.17275098498523017
4.7,3,3,15.228369894850488,57.52565289396514,33.70627818556585,23.5,49.9556196460308,30.095187702646598,11.779865977466683
4.7,1,3,20.749914135819985,40.89939186000437,24.307266276471633,23.5,49.9556196460308,30.095187702646598,11.094064557606247
4.733333333333333,2,3,24.742828463501375,49.30934494660848,29.19981676287339,23.666666666666668,49.96492859249504,30.15313954523991,1.5801071030469618
4.733333333333333,3,3,10.079352373417166,61.75805195589186,36.494857555375596,23.666666666666668,49.96492859249504,30.15313954523991,19.0764319433147
4.733333333333333,1,3,23.796016820621105,50.40251317178599,30.423735222300753,23.666666666666668,49.96492859249504,30.15313954523991,0.5305032957534659
4.766666666666667,3,3,36.82182144017649,38.0834073786813,24.303450124603387,23.833333333333336,49.97314477224458,30.21081303438377,18.57319614760346
4.766666666666667,2,3,21.45696687123675,51.43135498337918,32.21423367552711,23.833333333333336,49.97314477224458,30.21081303438377,3.4332475657012926
4.766666666666667,1,3,22.21870739181913,44.885687814826106,27.161480786850152,23.833333333333336,49.97314477224458,30.21081303438377,6.1471670207051226
4.8,3,3,-0.453245154716285,72.14566121141145,41.586396850970296,24.0,49.98026728428272,30.26820658893033,34.890791297263334
4.8,2,3,20.191109017648408,52.42482201997696,33.748105240005984,24.0,49.98026728428272,30.26820658893033,5.709044840689427
4.8,1,3,21.056999456275832,40.63776937605014,24.53530589778023,24.0,49.98026728428272,30.26820658893033,11.349434774484594
4.833333333333333,3,3,33.11473774613103,41.83305987891565,26.132787818512544,24.166666666666664,49.986295347545735,30.32531863540631,12.81095387942202
4.833333333333333,1,3,21.251002468489656,40.95798611824365,24.725178174459632,24.166666666666664,49.986295347545735,30.32531863540631,11.016943243875062
4.833333333333333,2,3,23.860916923250528,50.11846042819009,30.513434541862196,24.166666666666664,49.986295347545735,30.32531863540631,0.3825416427037488
4.866666666666666,2,3,22.542364853727236,51.205089503915914,32.12238302953135,24.333333333333332,49.99122830098858,30.3821476080561,2.776588993184245
4.866666666666666,1,3,23.28745865063683,46.44919105076416,28.22295630446233,24.333333333333332,49.99122830098858,30.3821476080561,4.27808237641561
4.866666666666666,3,3,55.41372568064594,21.84817487758715,15.805984538444292,24.333333333333332,49.99122830098858,30.3821476080561,44.39016528790167
4.9,3,3,60.36680529025216,17.465601823375998,13.592406167756693,24.500000000000004,49.995065603657316,30.438691948884717,51.26783670276064
4.9,1,3,20.23831250472277,36.7947107693401,22.04989167323756,24.500000000000004,49.995065603657316,30.438691948884717,16.210592775218988
4.9,2,3,25.81401803668007,49.139582683044125,29.206400952848988,24.500000000000004,49.995065603657316,30.438691948884717,1.994250617924474
4.933333333333334,2,3,30.32423109432766,46.25973768281668,25.12103843779536,24.666666666666668,49.99780683474846,30.49495010770048,8.652174459273315
4.933333333333334,1,3,21.562427261054815,40.307435741656484,24.473763690371154,24.666666666666668,49.99780683474846,30.49495010770048,11.823463117099708
4.933333333333334,3,3,1.5690281921681617,70.97114536375732,41.4951103371122,24.666666666666668,49.99780683474846,30.49495010770048,33.08149569205982
4.966666666666667,3,3,26.05774413344909,48.7149471521999,29.9256222516642,24.833333333333336,49.99945169365512,30.55092054215756,1.8815237645464664
4.966666666666667,1,3,20.977049285713775,38.298609846996904,23.12333418196482,24.833333333333336,49.99945169365512,30.55092054215756,14.385745226249293
4.966666666666667,2,3,28.87202471291662,47.34196166817631,26.805028884737567,24.833333333333336,49.99945169365512,30.55092054215756,6.115961543712352
5.0,1,3,25.390070401531492,51.32429714706951,31.432089412255127,25.0,50.0,30.606601717798213,1.6085234799614117
5.0,2,3,21.97955673313257,51.99673313065948,33.546434619242476,25.0,50.0,30.606601717798213,4.663972363967457
5.0,3,3,34.477217081422175,40.949058678248036,26.106210167550568,25.0,50.0,30.606601717798213,13.856071107054044
5.033333333333333,1,3,26.134963929808436,52.94676948313449,32.50554317956445,25.166666666666664,49.99945169365512,30.661992108094886,3.608734167974413
5.033333333333333,3,3,36.294945801042076,39.796651871688105,25.458846229600095,25.166666666666664,49.99945169365512,30.661992108094886,15.96898392924868
5.033333333333333,2,3,23.336150237758915,51.124224308479505,32.322130316242614,25.166666666666664,49.99945169365512,30.661992108094886,2.7151358532699645
5.066666666666666,2,3,19.17982366670568,54.190424630546616,36.81255401243722,25.33333333333333,49.99780683474846,30.717090194492048,9.622806469778036
5.066666666666666,1,3,30.198036983217886,64.43068092186718,39.92892031222353,25.33333333333333,49.99780683474846,30.717090194492048,17.799747473876362
5.066666666666666,3,3,41.41404177759775,35.06791537852595,22.979795956687614,25.33333333333333,49.99780683474846,30.717090194492048,23.2670704018874
5.1,1,3,21.79369543681749,39.23473448036887,23.86041319466079,25.5,49.995065603657316,30.771894466447833,13.315028830916608
5.1,3,3,5.655689115123096,68.40320833936998,40.43206900957096,25.5,49.995065603657316,30.771894466447833,28.739787154354833
5.1,2,3,25.280142073462834,50.16206357262077,30.969035295123234,25.5,49.995065603657316,30.771894466447833,0.33924966592461575
5.133333333333333,2,3,22.31503521801156,52.26482907133615,34.086111336252415,25.666666666666664,49.99122830098858,30.826403421475433,5.198883487846087
5.133333333333333,3,3,26.910125926673317,48.874734001931934,30.216580870181822,25.666666666666664,49.99122830098858,30.826403421475433,1.77894181894421
5.133333333333333,1,3,23.94157844592759,45.106806564840866,27.685089614241914,25.666666666666664,49.99122830098858,30.826403421475433,6.0581645323811495
5.166666666666667,1,3,28.144386974443748,56.62361255800569,35.020171576965026,25.833333333333336,49.986295347545735,30.880615565184314,8.156645919679697
5.166666666666667,3,3,-0.4333097655085396,74.08079875955887,43.6806589203468,25.833333333333336,49.986295347545735,30.880615565184314,37.8724536338417
5.166666666666667,2,3,20.806735971842947,53.50195632982789,35.903141474776945,25.833333333333336,49.986295347545735,30.880615565184314,7.927945489810872
5.2,2,3,22.23149037531644,52.66141998272613,34.66194662504916,26.0,49.98026728428272,30.934529411321172,5.940023877805436
5.2,3,3,28.9884256568865,47.45537941882416,29.387862965478924,26.0,49.98026728428272,30.934529411321172,4.206890031195452
5.2,1,3,25.362266422714406,48.45999142750219,29.90309743400506,26.0,49.98026728428272,30.934529411321172,1.9446837069656033
5.233333333333333,1,3,25.237267654647447,47.542638264443845,29.613165650925925,26.166666666666664,49.97314477224458,30.98814348181068,2.943078055952403
5.233333333333333,3,3,60.22849014340474,18.21855201707693,14.242609051309607,26.166666666666664,49.97314477224458,30.98814348181068,49.48711855594451
5.233333333333333,2,3,28.419388889167358,48.350965622047724,28.659830857983593,26.166666666666664,49.97314477224458,30.98814348181068,3.6231563975840793
5.266666666666667,1,3,30.96256200012497,62.284175992576266,39.02181359742577,26.333333333333332,49.96492859249504,31.041456306796015,15.390897213611717
5.266666666666667,2,3,26.997138430552567,49.45596528666543,30.333524160253862,26.333333333333332,49.96492859249504,31.041456306796015,1.0958324588562902
5.266666666666667,3,3,14.245641848289267,61.45210864776115,37.0894472560259,26.333333333333332,49.96492859249504,31.041456306796015,17.738257681679926
5.3,3,3,31.67658771738423,44.922025404555264,28.369320355770743,26.5,49.9556196460308,31.094466424679148,7.717548346494232
5.3,2,3,26.11625141407428,50.32020993762959,31.6645417986015,26.5,49.9556196460308,31.094466424679148,0.7779299389281753
5.3,1,3,25.562709490068684,47.528715924020126,29.492819704133254,26.5,49.9556196460308,31.094466424679148,3.055101863007512
5.333333333333333,1,3,23.496866262105307,41.56704899526623,25.74147963221452,26.666666666666668,49.94521895368273,31.14717238216091,10.46245098261842
5.333333333333333,2,3,30.383151103615496,47.40420092202942,27.471583070711127,26.666666666666668,49.94521895368273,31.14717238216091,5.811969201029376
5.333333333333333,3,3,30.087265868428076,46.662633116337055,29.68039128811099,26.666666666666668,49.94521895368273,31.14717238216091,4.962591606861832
5.366666666666666,3,3,4.408341911812386,70.99253675833774,42.24262150675606,26.833333333333332,49.93372765600397,31.19957273428087,32.684898764644956
5.366666666666666,1,3,23.262327781805205,40.34934779775613,25.028166807118538,26.833333333333332,49.93372765600397,31.19957273428087,11.945654818135585
5.366666666666666,2,3,25.065324834831696,51.137306450414776,32.98574623314629,26.833333333333332,49.93372765600397,31.19957273428087,2.7865519433842447
5.4,2,3,23.30448341160698,52.46946539022035,35.227914520240404,27.0,49.921147013144775,31.251666044456893,5.996775912705073
5.4,1,3,28.03599443744449,52.36898285187466,32.75819596076653,27.0,49.921147013144775,31.251666044456893,3.0552933012269525
5.4,3,3,30.679188683805144,46.37587090084358,29.26869089514125,27.0,49.921147013144775,31.251666044456893,5.4806571254090235
5.433333333333334,3,3,10.646966092249684,65.36333246147365,39.653851697262354,27.166666666666668,49.90747840471444,31.303450884524565,24.11458325216517
5.433333333333334,1,3,27.91958392079933,52.17247169052393,32.73631225162824,27.166666666666668,49.90747840471444,31.303450884524565,2.7839128351424627
5.433333333333334,2,3,28.881711467885186,48.644652485470665,29.476356955800437,27.166666666666668,49.90747840471444,31.303450884524565,2.8061326050065984
5.466666666666667,1,3,23.45879278308071,39.88891968165611,24.87867884717905,27.333333333333332,49.89272332962988,31.354925834776346,12.531158244437272
5.466666666666667,2,3,20.27503510377415,54.93003960626832,38.86574257704768,27.333333333333332,49.89272332962988,31.354925834776346,11.471987504537664
5.466666666666667,3,3,27.377484383139148,49.91936222227085,31.092104920822738,27.333333333333332,49.89272332962988,31.354925834776346,0.2678316236210769
5.5,3,3,38.029124731641126,39.85767653621114,25.93960118051491,27.500000000000004,49.876883405951375,31.406089484000468,15.528344029073128
5.5,2,3,28.51776474831282,49.0495914129662,30.34395759415833,27.500000000000004,49.876883405951375,31.406089484000468,1.687714808842201
5.5,1,3,24.66434697202681,42.70633104892295,26.7203095833171,27.500000000000004,49.876883405951375,31.406089484000468,9.022986339210966
5.533333333333333,2,3,28.39219003781196,49.334628268088316,30.700295610832434,27.666666666666668,49.85996037070505,31.456940429519634,1.1725482343016589
5.533333333333333,1,3,29.075614214066146,53.79959475088505,34.02467448500352,27.666666666666668,49.85996037070505,31.456940429519634,4.909084478852545
5.533333333333333,3,3,20.56709050540512,56.71811815463818,34.89174482908816,27.666666666666668,49.85996037070505,31.456940429519634,10.451611891099432
5.566666666666666,2,3,28.711235615297085,49.126668872201094,30.715969260720517,27.833333333333332,49.84195607969242,31.50747727722949,1.3816052786797965
5.566666666666666,1,3,29.532508680807403,53.96383028792258,34.395378561670825,27.833333333333332,49.84195607969242,31.50747727722949,5.311969284419343
5.566666666666666,3,3,36.11853195985332,41.82545611500198,27.100722435930013,27.833333333333332,49.84195607969242,31.50747727722949,12.34213418319891
5.6,3,3,11.130476035217896,66.31244100367468,40.342922562461816,27.999999999999996,49.82287250728689,31.557698641636836,25.172740560663186
5.6,1,3,26.123280364565833,45.153454161903696,28.420260484220687,27.999999999999996,49.82287250728689,31.557698641636836,5.930350956379908
5.6,2,3,30.432345014122717,47.97138899971743,28.879612046612937,27.999999999999996,49.82287250728689,31.557698641636836,4.064042477260302
5.633333333333333,2,3,26.713450741499603,50.93276388358636,33.133291060260504,28.16666666666666,49.80271174621722,31.607603145897592,2.3909366303532105
5.633333333333333,3,3,14.96997098321232,62.564379509163345,38.534423882394506,28.16666666666666,49.80271174621722,31.607603145897592,19.621258536828986
5.633333333333333,1,3,30.01262568116666,54.34067190653005,34.61655417787294,28.16666666666666,49.80271174621722,31.607603145897592,5.749298514829941
5.666666666666667,2,3,28.290411689368305,49.772679718899354,31.795621828834644,28.333333333333332,49.78147600733806,31.65718942185456,0.14520045975566603
5.666666666666667,1,3,30.000185247148796,54.00404872357977,34.3849001965359,28.333333333333332,49.78147600733806,31.65718942185456,5.296123272437292
5.666666666666667,3,3,27.287046445803867,50.355207458603,32.228224031296435,28.333333333333332,49.78147600733806,31.65718942185456,1.3228622582744978
5.7,3,3,20.13662866414856,57.749208050243325,36.184786191016336,28.500000000000004,49.759167619387476,31.706456110074946,12.403312722894526
5.7,2,3,22.8550810647328,53.963044421320646,37.9887338238363,28.500000000000004,49.759167619387476,31.706456110074946,9.434230399157773
5.7,1,3,23.115112196243118,36.67222224907694,23.12759763229311,28.500000000000004,49.759167619387476,31.706456110074946,16.54877544008472
5.733333333333333,1,3,27.71157147331899,47.53961143990788,30.107802127510723,28.666666666666668,49.7357890287316,31.7554018598876,2.9068862564840354
5.733333333333333,2,3,26.634824501549026,51.298660836840426,34.04484705249093,28.666666666666668,49.7357890287316,31.7554018598876,3.4369332496377925
5.733333333333333,3,3,21.020520505798828,57.15490879725596,35.9570794383661,28.666666666666668,49.7357890287316,31.7554018598876,11.452553589769924
5.766666666666667,3,3,32.65286967195713,46.13252951561859,29.87916710062767,28.833333333333332,49.71134279909636,31.804025329420057,5.576902505962815
5.766666666666667,2,3,26.957457446621405,51.17586939333456,33.69371411110231,28.833333333333332,49.71134279909636,31.804025329420057,3.038860342166774
5.766666666666667,1,3,30.115253430093983,52.78212463974414,33.77946616838278,28.833333333333332,49.71134279909636,31.804025329420057,3.8698044854453277
5.8,1,3,27.159150691878654,45.535581608208126,29.015341920970133,28.999999999999996,49.68583161128631,31.852325185635355,5.353669331145867
5.8,2,3,29.756201832005424,49.094041675919954,31.057272625475488,28.999999999999996,49.68583161128631,31.852325185635355,1.2466615866970636
5.8,3,3,16.878776496615203,61.4650976262232,38.21693445678452,28.999999999999996,49.68583161128631,31.852325185635355,18.06054866951868
5.833333333333333,1,3,22.383375829964663,33.993610143494024,21.43877992379773,29.166666666666664,49.65925826289069,31.900300104368526,20.021712465833975
5.833333333333333,2,3,33.826421418364504,46.115288935389515,26.56606505047858,29.166666666666664,49.65925826289069,31.900300104368526,7.9200439740185775
5.833333333333333,3,3,32.23127618049806,46.62195400130024,30.37815972128302,29.166666666666664,49.65925826289069,31.900300104368526,4.575364465871663
5.866666666666666,1,3,28.50651729424481,47.49900961477671,30.59648833655858,29.333333333333332,49.63162566797658,31.94794877036294,2.6567124979941834
5.866666666666666,2,3,29.62835754786747,49.358298629969156,31.645105001081134,29.333333333333332,49.63162566797658,31.94794877036294,0.5034494070512039
5.866666666666666,3,3,21.015134702496397,57.67558789381834,36.31098269618217,29.333333333333332,49.63162566797658,31.94794877036294,12.366641491960383
5.9,2,3,32.31541598404327,47.529436103480165,28.810733751671197,29.500000000000004,49.60293685676943,31.99526987730636,4.729401957179458
5.9,3,3,42.176644331223855,37.21189221136233,25.09974424612649,29.500000000000004,49.60293685676943,31.99526987730636,19.020609155205317
5.9,1,3,31.84727365366485,55.07134030173873,35.81337967772097,29.500000000000004,49.60293685676943,31.99526987730636,7.0704379136064315
5.933333333333334,1,3,34.839395852657674,61.232989621296205,39.71623986797416,29.666666666666668,49.573194975320675,32.04226212786672,14.886163803128975
5.933333333333334,3,3,28.324851116307656,50.82468768793312,32.94499709852822,29.666666666666668,49.573194975320675,32.04226212786672,2.044904254033067
5.933333333333334,2,3,26.70835342024129,51.90110771419053,35.73864593929691,29.666666666666668,49.573194975320675,32.04226212786672,5.275798353346303
5.966666666666667,1,3,22.666184983389805,33.449886179311804,21.264242712097655,29.833333333333336,49.54240328516277,32.08892423372774,20.676335563076066
5.966666666666667,2,3,29.89745541247422,49.42887447377283,31.97141348074998,29.833333333333336,49.54240328516277,32.08892423372774,0.17552552268648006
5.966666666666667,3,3,24.314934386489334,54.89434641304507,35.17375776558571,29.833333333333336,49.54240328516277,32.08892423372774,8.283249368447802
6.0,1,3,38.585191795677915,68.72521536807275,45.09131925669949,30.0,49.510565162951536,32.135254915624216,24.713718940779078
6.0,3,3,40.31656624158522,39.191407593869755,26.473960971884285,30.0,49.510565162951536,32.135254915624216,15.651415305651437
6.0,2,3,24.80127788284923,53.56804887996551,38.50039401068341,30.0,49.510565162951536,32.135254915624216,9.165417691771447
6.033333333333333,1,3,26.398166106592065,41.23656818463213,26.52837956432346,30.166666666666664,49.47768410009586,32.18125290337709,10.680475878479177
6.033333333333333,3,3,35.645187283807275,44.11322522728429,29.267786114721495,30.166666666666664,49.47768410009586,32.18125290337709,8.202432314814956
6.033333333333333,2,3,27.868264974072456,51.32539043519253,34.93061576855849,30.166666666666664,49.47768410009586,32.18125290337709,4.031831495203484
6.066666666666666,1,3,33.58344206116708,56.42454999236789,37.04986919497987,30.333333333333336,49.44376370237481,32.226916935928315,9.08600310710859
6.066666666666666,3,3,37.2350248023725,42.49737684686387,28.482587175489275,30.333333333333336,49.44376370237481,32.226916935928315,10.483589119911777
6.066666666666666,2,3,27.751902961937905,51.509066331939444,35.37440765424762,30.333333333333336,49.44376370237481,32.226916935928315,4.56464188474359
6.1,1,3,34.6811555210839,58.527402211427756,38.37309220162606,30.5,49.40880768954226,32.27224576137535,11.741003144262006
6.1,3,3,20.822051738789852,58.76259682798665,37.350150670430615,30.5,49.40880768954226,32.27224576137535,14.385450012375292
6.1,2,3,29.8826835723816,50.00556006747184,33.19456736710926,30.5,49.40880768954226,32.27224576137535,1.2601071846377703
6.133333333333333,3,3,39.95574994928573,40.15775222334848,27.14087818979626,30.666666666666664,49.37281989491892,32.31723813700556,14.071220370889238
6.133333333333333,2,3,30.085521086046626,49.91592328846045,33.125175875714405,30.666666666666664,49.37281989491892,32.31723813700556,1.1337790223762683
6.133333333333333,1,3,34.06271698635814,56.69378528043472,37.08052135336296,30.666666666666664,49.37281989491892,32.31723813700556,9.371155689082812
6.166666666666667,1,3,31.35830177093198,50.449227488028974,33.08787107240706,30.833333333333336,49.33580426497202,32.36189282933024,1.4291072540359637
6.166666666666667,3,3,25.05485965220717,55.01119603366227,35.39328890631809,30.833333333333336,49.33580426497202,32.36189282933024,8.648132283167401
6.166666666666667,2,3,28.80012487443071,50.929285326546335,34.77003250314359,30.833333333333336,49.33580426497202,32.36189282933024,3.5316080217859787
6.2,3,3,11.485180920386043,68.99610259456132,43.427605596281964,31.0,49.297764858882516,32.40620861411843,29.838295271301543
6.2,1,3,27.03807499475683,40.783936350103076,26.46401628212599,31.0,49.297764858882516,32.40620861411843,11.112685334088534
6.2,2,3,28.255743682394833,51.49870412472774,35.914700195915344,31.0,49.297764858882516,32.40620861411843,4.968358840522191
6.233333333333333,2,3,33.23197260127543,47.5236322714901,29.755595210023642,31.166666666666664,49.25870584809995,32.45018427643051,3.8127128342663483
6.233333333333333,1,3,33.42960830701627,53.86755599873904,35.566858738671826,31.166666666666664,49.25870584809995,32.45018427643051,6.006335345471589
6.233333333333333,3,3,26.575462546693373,53.94950534367127,34.96486192000345,31.166666666666664,49.25870584809995,32.45018427643051,7.028965701296131
6.266666666666667,3,3,51.78551283165805,28.67242619334116,21.00854069353023,31.333333333333336,49.21863151588501,32.493818610651495,31.182524083552575
6.266666666666667,1,3,28.81318057535666,43.94025065296017,28.89292090598496,31.333333333333336,49.21863151588501,32.493818610651495,6.868692651232938
6.266666666666667,2,3,29.86678290490758,50.42451088365105,34.31670893077823,31.333333333333336,49.21863151588501,32.493818610651495,2.632079848319835
6.3,3,3,29.94548358150749,50.919441978939446,33.5329267539295,31.5,49.17754625683981,32.53711042052405,2.538182848399395
6.3,1,3,22.455233211878227,30.645415244183674,19.73778492036357,31.5,49.17754625683981,32.53711042052405,24.270772945681404
6.3,2,3,23.90303474707803,55.38841855886611,42.46665503560694,31.5,49.17754625683981,32.53711042052405,13.960110030694699
6.333333333333333,3,3,18.431864423636426,62.457680172568345,39.99957938023798,31.666666666666664,49.135454576426014,32.58005851918136,20.191358920446206
6.333333333333333,1,3,41.69564465210317,69.89025122612776,47.14547709134378,31.666666666666664,49.135454576426014,32.58005851918136,27.26707541312663
6.333333333333333,2,3,31.985323389523163,49.02420050904099,32.22392954660717,31.666666666666664,49.135454576426014,32.58005851918136,0.4906601875413408
6.366666666666666,1,3,34.48088070613011,54.269848097728094,36.21975992507173,31.83333333333333,49.09236109047069,32.62266172917959,6.837762370279683
6.366666666666666,2,3,32.51420232993743,48.536532753964664,31.592161030571283,31.83333333333333,49.09236109047069,32.62266172917959,1.3544221720098737
6.366666666666666,3,3,35.32066900646384,45.520130910992535,30.598357489423428,31.83333333333333,49.09236109047069,32.62266172917959,5.387035010778928
6.4,2,3,33.87306726610994,47.39011364709019,30.00809969215292,32.0,49.0482705246602,32.66491888253023,3.649185309677001
6.4,1,3,38.78931616194623,62.44202339283365,41.82071434471465,32.0,49.0482705246602,32.66491888253023,17.587382419960218
6.4,3,3,17.939048729927137,63.13404779808397,40.52487924034139,32.0,49.0482705246602,32.66491888253023,21.39856184051228
6.433333333333334,1,3,28.798931158211566,42.336669034791136,27.9890266348905,32.166666666666664,49.003187714021934,32.706828820732056,8.834125379468746
6.433333333333334,3,3,24.574990702669012,57.06161077156074,37.2038447485589,32.166666666666664,49.003187714021934,32.706828820732056,11.949681099164993
6.433333333333334,2,3,36.26380392987919,45.56270411928561,27.305131781455362,32.166666666666664,49.003187714021934,32.706828820732056,7.602748978059513
6.466666666666667,2,3,28.974089222304965,51.773743563638405,37.15656708037169,32.333333333333336,48.95711760239413,32.74839039480296,6.216906344334433
6.466666666666667,3,3,27.1079796182799,54.385880507074134,35.88942205509209,32.333333333333336,48.95711760239413,32.74839039480296,8.163447066870168
6.466666666666667,1,3,37.87411307747759,59.7569773640186,40.205470279549886,32.333333333333336,48.95711760239413,32.74839039480296,14.245885421811167
6.5,2,3,32.30539141202601,49.00381056294112,33.028797377838096,32.5,48.91006524188368,32.78960246531138,0.3222962828083099
6.5,1,3,38.57478997935141,60.61136109361072,40.86508479149218,32.5,48.91006524188368,32.78960246531138,15.460815395810505
6.5,3,3,35.72347312275866,45.80335802735076,30.983438274783907,32.5,48.91006524188368,32.78960246531138,4.827487728945785
6.533333333333333,1,3,38.61824598107086,60.217015158956876,40.88996520197965,32.666666666666664,48.86203579231215,32.8304639024076,15.143064879685845
6.533333333333333,3,3,38.75449082167302,42.552732160565554,29.010432103655678,32.666666666666664,48.86203579231215,32.8304639024076,9.563553638858597
6.533333333333333,2,3,31.846380360988903,49.50542414085852,33.98538377564422,32.666666666666664,48.86203579231215,32.8304639024076,1.555846426844435
6.566666666666666,1,3,32.823246015841214,48.65250871708112,32.715648471645665,32.83333333333333,48.81303452064992,32.87097358585467,0.22359825287697863
6.566666666666666,3,3,35.687960948702205,45.56939826288857,31.04700334540914,32.83333333333333,48.81303452064992,32.87097358585467,4.69008981077352
6.566666666666666,2,3,27.862021113520377,53.007701490560436,39.84716709004989,32.83333333333333,48.81303452064992,32.87097358585467,9.53815768287018
6.6,1,3,28.373481428446816,40.015665744879904,26.568016438701502,32.99999999999999,48.76306680043864,32.911130405059154,11.754011830431258
6.6,3,3,32.27008564771915,49.758489238237274,33.47451468056791,32.99999999999999,48.76306680043864,32.911130405059154,1.3568502619040423
6.6,2,3,26.240509990578218,54.55243058590624,42.283028925433044,32.99999999999999,48.76306680043864,32.911130405059154,12.924392446229062
6.633333333333333,2,3,35.509319660031984,46.696346661893,29.598769000190167,33.166666666666664,48.712138111201895,32.950933259101575,4.559434551910292
6.633333333333333,3,3,26.77825888719822,55.348270925458976,36.80570210830175,33.166666666666664,48.712138111201895,32.950933259101575,9.985452196370307
6.633333333333333,1,3,32.555649767656064,47.33615114578242,32.07826767794239,33.166666666666664,48.712138111201895,32.950933259101575,1.7401801620581503
6.666666666666667,1,3,24.655123672934174,32.54059673893384,21.522898736209445,33.333333333333336,48.66025403784438,32.99038105676658,21.602264351601097
6.666666666666667,3,3,28.23199623309945,53.98102537731913,36.20923817433969,33.333333333333336,48.66025403784438,32.99038105676658,8.043338175195023
6.666666666666667,2,3,30.541862623888594,51.00999311773829,36.95884933992746,33.333333333333336,48.66025403784438,32.99038105676658,5.390948244949349
6.7,2,3,31.92875243843418,50.01300964576759,35.40689763917364,33.5,48.60742027003944,33.02947271657287,3.177522565693228
6.7,3,3,36.94017244122908,45.034457412701634,30.802256262059284,33.5,48.60742027003944,33.02947271657287,5.437034406784976
6.7,1,3,26.81157575275509,36.1038257490874,24.172426112795076,33.5,48.60742027003944,33.02947271657287,16.71891651384764
6.733333333333333,1,3,34.06172794063943,49.20582532768721,33.556263699049154,33.666666666666664,48.55364260160506,33.06820716680284,0.9053258513160977
6.733333333333333,3,3,32.83736113940623,49.51986796658592,33.660229647781094,33.666666666666664,48.55364260160506,33.06820716680284,1.4042185483252767
6.733333333333333,2,3,32.59927739627813,49.45145330935736,34.5400281899838,33.666666666666664,48.55364260160506,33.06820716680284,2.027718186970933
6.766666666666667,2,3,32.55323086971126,49.589292180623424,34.85651747077732,33.83333333333333,48.49892692986864,33.10658334553198,2.426896812829712
6.766666666666667,3,3,29.15162587070877,53.48369899610911,35.883406583553835,33.83333333333333,48.49892692986864,33.10658334553198,7.380859341105477
6.766666666666667,1,3,29.89027451309755,41.19439466361662,27.95314966556575,33.83333333333333,48.49892692986864,33.10658334553198,9.770454604692983
6.8,1,3,33.448342373432496,47.175159611066135,32.28445295317711,34.0,48.44327925502015,33.144600200657955,1.628590450567922
6.8,3,3,52.89900608224318,28.485246018556808,21.567445990912873,34.0,48.44327925502015,33.144600200657955,29.82492281902266
6.8,2,3,34.051691925072205,48.3244176270867,33.104042012669986,34.0,48.44327925502015,33.144600200657955,0.13581276937581171
6.833333333333333,1,3,33.78678539126587,47.4911579869309,32.69581677005222,34.166666666666664,48.38670567945424,33.18225668992948,1.087630106531721
6.833333333333333,3,3,43.09995280253778,39.14259638282905,27.780630815362795,34.166666666666664,48.38670567945424,33.18225668992948,13.943985081822472
6.833333333333333,2,3,30.205445117455724,51.83294154879477,39.193053770404134,34.166666666666664,48.38670567945424,33.18225668992948,7.9810713172922485
6.866666666666666,1,3,42.1532861027587,62.47523895606456,43.429983163948535,34.333333333333336,48.329212407101,33.21955178097488,19.11843710836319
6.866666666666666,3,3,43.4821106815431,38.633174675572505,27.62620919020932,34.333333333333336,48.329212407101,33.21955178097488,14.456789269959366
6.866666666666666,2,3,32.837775699505926,49.69274657916185,35.542571926923294,34.333333333333336,48.329212407101,33.21955178097488,3.0809642440247984
6.8999999999999995,2,3,33.58353820994793,48.99843429969541,34.52891588946725,34.5,48.27080574274562,33.2564844513304,1.7287068271610666
6.8999999999999995,3,3,36.671504962178645,45.91165241349189,31.815809907553586,34.5,48.27080574274562,33.2564844513304,3.515192935356745
6.8999999999999995,1,3,39.72961794090122,57.80568438732256,40.13938681675535,34.5,48.27080574274562,33.2564844513304,12.870010083390671
6.933333333333334,1,3,34.520867041220676,47.83915811385443,33.08484757519195,34.66666666666667,48.21149209133704,33.29305368846822,0.4508213694733481
6.933333333333334,3,3,37.82974913359367,45.11623477070958,31.418753312058307,34.66666666666667,48.21149209133704,33.29305368846822,4.8061117833951
6.933333333333334,2,3,31.64721044557948,50.911553938308316,37.979159071963174,34.66666666666667,48.21149209133704,33.29305368846822,6.194112810867466
6.966666666666667,2,3,32.697688750169476,50.11518279349907,36.690254413252234,34.833333333333336,48.151277957285544,33.32925848982423,4.440066845059847
6.966666666666667,3,3,37.67752768517705,45.27097489091857,31.450806711195536,34.833333333333336,48.151277957285544,33.32925848982423,4.462529366829527
6.966666666666667,1,3,39.87382634295325,57.08546010014585,39.60880104408503,34.833333333333336,48.151277957285544,33.32925848982423,12.027420132040099
7.0,1,3,31.703449108447668,42.409749300132226,29.21577828763426,35.0,48.09016994374947,33.365097862825515,7.768608588807442
7.0,3,3,44.754977407989195,37.690700605446935,27.086285169025828,35.0,48.09016994374947,33.365097862825515,15.579859934944675
7.0,2,3,33.91850155819283,49.04762673595269,35.125565934462564,35.0,48.09016994374947,33.365097862825515,2.2771934963504714
7.033333333333333,2,3,34.354028655697945,48.77985022911297,34.57875581412138,35.16666666666667,48.028174751911145,33.400570824917565,1.6166373831762597
7.033333333333333,3,3,27.2315383909877,56.14424066675641,38.36907671419399,35.16666666666667,48.028174751911145,33.400570824917565,12.390433303858567
7.033333333333333,1,3,33.78514174000391,45.553734581980585,31.59126142200073,35.16666666666667,48.028174751911145,33.400570824917565,3.36230066963676
7.066666666666666,2,3,31.206509543511388,51.66514053182435,39.98931838394702,35.333333333333336,47.96529918024196,33.435676403591195,8.58310688654182
7.066666666666666,3,3,32.05026440765755,51.49271563977229,35.507197615178875,35.333333333333336,47.96529918024196,33.435676403591195,5.245227219078418
7.066666666666666,1,3,39.119158393400326,54.65385277206271,38.302929992356155,35.333333333333336,47.96529918024196,33.435676403591195,9.097218148062344
7.1,1,3,30.050951927840824,38.96815091640599,26.76505558011506,35.5,47.901550123756905,33.47041363640923,12.428176573967267
7.1,3,3,53.80335281627218,28.392213236009738,21.719510366213694,35.5,47.901550123756905,33.47041363640923,29.218327771829163
7.1,2,3,34.34909264443253,49.02991729400913,35.37012031479899,35.5,47.901550123756905,33.47041363640923,2.4913220739039255
7.133333333333333,1,3,34.43001961494192,45.73855650588657,32.124435075482516,35.666666666666664,47.836934573258404,33.5047815710329,2.7996147756334047
7.133333333333333,3,3,35.3246329800775,48.19091299537159,33.60640918850905,35.666666666666664,47.836934573258404,33.5047815710329,0.5026091311520237
7.133333333333333,2,3,35.85667684025797,47.71780300412122,33.13970581033449,35.666666666666664,47.836934573258404,33.5047815710329,0.4284582918824273
7.166666666666667,2,3,37.773604901906324,45.9832756286886,30.37285880656357,35.833333333333336,47.77145961456971,33.53877926524791,4.121323583254582
7.166666666666667,3,3,48.13387952637532,34.4272309915758,25.599485498340027,35.833333333333336,47.77145961456971,33.53877926524791,19.809196341779035
7.166666666666667,1,3,30.03694865605473,38.169780356667665,26.467777091029305,35.833333333333336,47.77145961456971,33.53877926524791,13.258559184406908
7.2,1,3,36.53294860921132,48.615191206705724,34.114082717390765,36.0,47.70513242775789,33.572405786990295,1.185603263376235
7.2,3,3,16.97273230602201,68.004572762258,46.03512033498956,36.0,47.70513242775789,33.572405786990295,30.486446951016458
7.2,2,3,36.720254689708,46.94800062231646,32.30750646836722,36.0,47.70513242775789,33.572405786990295,1.6407271787565667
7.233333333333333,2,3,38.444280873695774,45.458248766715386,29.711000787766,36.16666666666667,47.63796028634642,33.60566021437197,5.010692650135688
7.233333333333333,3,3,40.96224310027162,42.29730590001131,30.556098804335804,36.16666666666667,47.63796028634642,33.60566021437197,7.798715753148683
7.233333333333333,1,3,43.48884865785112,59.562501461031076,42.22647997139084,36.16666666666667,47.63796028634642,33.60566021437197,16.43555793460576
7.266666666666667,1,3,32.92144346493393,42.15701265987685,29.56978250233607,36.333333333333336,47.56995055651756,33.63854163570603,7.582591247875434
7.266666666666667,3,3,40.51767206614259,43.07986345672629,31.01125895301307,36.333333333333336,47.56995055651756,33.63854163570603,6.676240490678722
7.266666666666667,2,3,36.13022387538841,47.811158020189524,34.06244948957915,36.333333333333336,47.56995055651756,33.63854163570603,0.5283297843327227
7.3,2,3,35.93462347192178,48.125136209867335,34.57897259874003,36.5,47.50111069630459,33.671049149531676,1.2382986108776104
7.3,3,3,35.42284396260151,48.79411873156937,34.18427299579414,36.5,47.50111069630459,33.671049149531676,1.759412863581407
7.3,1,3,37.425946847713604,49.20005710355129,34.883144653305024,36.5,47.50111069630459,33.671049149531676,2.2831933710824357
7.333333333333333,1,3,32.59318598849309,40.96893375557798,28.809219239406787,36.666666666666664,47.43144825477395,33.703181864639014,9.07238715360745
7.333333333333333,2,3,41.049037345984374,43.275993430300645,26.13087369568777,36.666666666666664,47.43144825477395,33.703181864639014,9.685702275764402
7.333333333333333,3,3,38.73566895445818,45.335698729511726,32.37643392915936,36.666666666666664,47.43144825477395,33.703181864639014,3.2300459166740736
7.366666666666666,1,3,31.521236565427262,39.08013745832591,27.516239774222093,36.83333333333333,47.360970871197345,33.73493890009341,11.63884843536674
7.366666666666666,2,3,36.83416631096552,47.42260025083792,33.82854153521481,36.83333333333333,47.360970871197345,33.73493890009341,0.11207286731536445
7.366666666666666,3,3,37.25021738926675,46.79825521003017,33.47520603223445,36.83333333333333,47.360970871197345,33.73493890009341,0.7469286405410834
7.3999999999999995,1,3,31.236567236940555,38.43640822031632,27.027221407184545,37.0,47.28968627421411,33.76631938525972,12.530488062004295
7.3999999999999995,2,3,35.63093628943793,48.572216773741175,36.18250704174103,37.0,47.28968627421411,33.76631938525972,3.0589512446470555
7.3999999999999995,3,3,20.260189899324544,65.5733537134357,44.91593467577178,37.0,47.28968627421411,33.76631938525972,27.181384408472425
7.433333333333334,3,3,34.63555594445756,50.06870258314013,35.55514708034627,37.16666666666667,47.21760228098362,33.79732245982606,4.1982427058884895
7.433333333333334,2,3,36.84806927511154,47.51565382392776,34.46034829827263,37.16666666666667,47.21760228098362,33.79732245982606,0.793689033945212
7.433333333333334,1,3,43.9399954286051,57.659347443913354,41.750021877392086,37.16666666666667,47.21760228098362,33.79732245982606,14.770018706522476
7.466666666666667,1,3,48.39331706552182,64.20934350954036,46.609750107060655,37.333333333333336,47.14472679632803,33.827947273827505,24.0187191039149
7.466666666666667,2,3,39.24382085670105,45.29073275519727,30.285044119003377,37.333333333333336,47.14472679632803,33.827947273827505,4.43163843808978
7.466666666666667,3,3,28.235923716673767,57.005246326739176,39.82969258887444,37.333333333333336,47.14472679632803,33.827947273827505,14.697402966837286
7.5,1,3,39.80029594328276,50.532070027830976,36.48798673907146,37.5,47.071067811865476,33.8581929876693,4.917897207192835
7.5,2,3,34.88649252874549,49.644405125379535,38.473776417034394,37.5,47.071067811865476,33.8581929876693,5.895430147568245
7.5,3,3,25.46978665216662,60.23101072205411,42.17753007434395,37.5,47.071067811865476,33.8581929876693,19.675403430566114
7.533333333333333,3,3,47.89009145380183,36.01685619145466,27.22088962375243,37.666666666666664,46.99663340513366,33.88805877214992,16.417218597971388
7.533333333333333,2,3,39.025071031707334,45.595899644757075,31.3468024905758,37.666666666666664,46.99663340513366,33.88805877214992,3.2039508384274837
7.533333333333333,1,3,34.19983074258808,41.84810647304568,30.03966781943653,37.666666666666664,46.99663340513366,33.88805877214992,7.303176967583581
7.566666666666666,3,3,20.01773406959643,66.57537483034955,45.962087573673465,37.83333333333333,46.92143173870407,33.9175438084838,29.133212845260832
7.566666666666666,2,3,40.28541423956115,44.5436624455168,29.432294699962657,37.83333333333333,46.92143173870407,33.9175438084838,5.637725352285356
7.566666666666666,1,3,41.076789563234584,51.902816192149096,37.980165562644814,37.83333333333333,46.92143173870407,33.9175438084838,7.199937145954218
7.6,1,3,36.362699979474925,44.52124019337657,32.04686498428295,38.0,46.845471059286886,33.946647288323774,3.4193527571761733
7.6,3,3,30.7076239410546,55.04263256438158,38.80934143968772,38.0,46.845471059286886,33.946647288323774,12.000749965539464
7.6,2,3,40.19208829076018,44.7292090561866,30.05758916020553,38.0,46.845471059286886,33.946647288323774,4.940504940199586
7.633333333333333,3,3,28.12831579691857,57.786048952002126,41.09647386635291,38.166666666666664,46.768759696826606,33.97536841378323,16.518453123189104
7.633333333333333,2,3,38.182242098315065,46.6980049305841,33.95248327381274,38.166666666666664,46.768759696826606,33.97536841378323,0.07597736931833705
7.633333333333333,1,3,41.99195822113913,52.57202882000985,38.33304023523215,38.166666666666664,46.768759696826606,33.97536841378323,8.203663309538019
7.666666666666667,1,3,39.78375453952268,48.79907001763778,35.538469519676106,38.333333333333336,46.691306063588584,34.003706397458025,2.9836032582556045
7.666666666666667,3,3,47.01943803505739,37.07503851344922,27.9883108414674,38.333333333333336,46.691306063588584,34.003706397458025,14.286567123707774
7.666666666666667,2,3,36.388352136578455,48.566674526487745,37.57530712523899,38.333333333333336,46.691306063588584,34.003706397458025,4.478425000605944
7.7,3,3,29.85276566203371,55.90869118239852,40.047924425288144,38.5,46.61311865323652,34.03166046244801,14.049119631179153
7.7,1,3,39.79886310939777,48.614816565910324,35.63026394038265,38.5,46.61311865323652,34.03166046244801,2.8721721728026397
7.7,2,3,36.34077802332763,48.806088428676404,38.330060427539095,38.5,46.61311865323652,34.03166046244801,5.286548802426101
7.733333333333333,2,3,38.22836450922203,46.94598865046207,34.80424532328125,38.666666666666664,46.53420603990106,34.05922984237837,0.9574558822034615
7.733333333333333,3,3,34.3422306441939,51.339972025687764,37.29495518215594,38.666666666666664,46.53420603990106,34.05922984237837,7.229526408906962
7.733333333333333,1,3,41.71570791304781,50.901589294105065,37.313726938120816,38.666666666666664,46.53420603990106,34.05922984237837,6.241990095909402
7.766666666666667,2,3,40.9315981047063,44.22166635097738,29.700548623422645,38.83333333333333,46.45457687723951,34.08641378142064,5.350179216925157
7.766666666666667,3,3,44.137474761782165,40.700232773271374,30.347163375410847,38.83333333333333,46.45457687723951,34.08641378142064,8.673429884348204
7.766666666666667,1,3,35.98905475678582,42.32636631487302,30.856508225577226,38.83333333333333,46.45457687723951,34.08641378142064,5.963583902982293
7.8,1,3,37.094308561298234,43.41695768490677,31.876160406026994,39.0,46.3742398974869,34.11321153431338,4.169121693468714
7.8,3,3,16.097424526689636,72.42132910191307,50.30672783240518,39.0,46.3742398974869,34.11321153431338,38.27804578907571
7.8,2,3,40.283268002203414,45.0960192152633,31.808689554620315,39.0,46.3742398974869,34.11321153431338,2.931116925820558
7.833333333333333,3,3,33.40063858721113,52.94641869177987,38.19761949219179,39.166666666666664,46.29320391049838,34.139622366382675,9.694312116494253
7.833333333333333,1,3,30.480231311126417,34.11877859707361,24.561713962676855,39.166666666666664,46.29320391049838,34.139622366382675,17.759704960610016
7.833333333333333,2,3,40.78427590377545,44.635160154922815,30.89142744177296,39.166666666666664,46.29320391049838,34.139622366382675,3.9895537353998742
7.866666666666666,2,3,39.65731142109343,45.85447986912776,33.54710031212118,39.33333333333333,46.21147780278311,34.165645553562214,0.7842241654605075
7.866666666666666,3,3,41.59538560586367,43.771626580636514,32.65850427178539,39.33333333333333,46.21147780278311,34.165645553562214,3.6525647582357514
7.866666666666666,1,3,37.17180947639193,43.0717220700941,31.651789122851188,39.33333333333333,46.21147780278311,34.165645553562214,4.566149975560102
7.8999999999999995,2,3,42.64979532108497,42.92983735055941,27.775604788195007,39.49999999999999,46.12907053652977,34.19128038241318,7.830529795179226
7.8999999999999995,1,3,32.26966681512343,36.05693299372035,26.269002581938942,39.49999999999999,46.12907053652977,34.19128038241318,14.713536563093358
7.8999999999999995,3,3,37.41160667197553,48.484030244207304,35.70461311799335,39.49999999999999,46.12907053652977,34.19128038241318,3.4924773279006867
7.933333333333334,3,3,30.54625839652605,56.209296595855825,40.93249357507178,39.666666666666664,46.04599114862375,34.216526150143785,15.217714778523105
7.933333333333334,1,3,38.980591807075555,45.09846004007047,33.2629297847281,39.666666666666664,46.04599114862375,34.216526150143785,1.5092580769282529
7.933333333333334,2,3,39.53421528646769,46.1910699003312,34.68351466161214,39.666666666666664,46.04599114862375,34.216526150143785,0.5066255837963949
7.966666666666667,3,3,28.598911624019784,58.60869103379774,42.32994648313528,39.83333333333333,45.96224874965616,34.241382164628554,18.750189501000776
7.966666666666667,1,3,34.86149636435985,39.285665992696536,28.82194219097855,39.83333333333333,45.96224874965616,34.241382164628554,9.93308863267501
7.966666666666667,2,3,38.723849469478765,47.092820097880974,36.59087995484392,39.83333333333333,45.96224874965616,34.241382164628554,2.83359945719352
8.0,3,3,34.20715233003175,52.529402400883406,38.446665037999274,40.0,45.877852522924734,34.265847744427305,9.761118437385088
8.0,1,3,40.50876217965863,46.62879580969785,34.79961126834941,40.0,45.877852522924734,34.265847744427305,1.0524534549662297
8.0,2,3,40.288559227486274,45.576942457917184,33.76966487054952,40.0,45.877852522924734,34.265847744427305,0.648082355353038
8.033333333333333,1,3,42.57324032540908,48.94880491090601,36.8319834714512,40.166666666666664,45.79281172342679,34.289922218803795,4.713169335657213
8.033333333333333,2,3,39.34235923785634,46.620572064541506,35.92180917886452,40.166666666666664,45.79281172342679,34.289922218803795,2.0069192733965346
8.033333333333333,3,3,28.177844254968257,59.22899082985758,43.033837690105486,40.166666666666664,45.79281172342679,34.289922218803795,20.01796267277463
8.066666666666666,3,3,26.085829326114073,62.062538276584135,44.633764586562506,40.33333333333333,45.70713567684432,34.31360492774415,24.02074645007533
8.066666666666666,1,3,32.880785977297265,35.7134653230232,26.364038628954592,40.33333333333333,45.70713567684432,34.31360492774415,14.785449386936262
8.066666666666666,2,3,41.81241173241635,44.09216516212349,30.895310653054064,40.33333333333333,45.70713567684432,34.31360492774415,4.059622940918364
8.1,2,3,42.892043154524494,43.05842630573008,29.13945421259764,40.5,45.62083377852131,34.336895221974956,6.269066561752307
8.1,1,3,36.252254630522856,39.955073351536925,29.67260557090448,40.5,45.62083377852131,34.336895221974956,8.479373791087403
8.1,3,3,52.06373553490367,32.359827915596846,25.858114490722677,40.5,45.62083377852131,34.336895221974956,19.53110285432868
8.133333333333333,3,3,45.046272191521176,40.30748881418132,31.311817594104436,40.666666666666664,45.533915492433444,34.359792462981005,7.469044863821935
8.133333333333333,1,3,35.65208867576162,38.93532132970887,29.043479116847752,40.666666666666664,45.533915492433444,34.359792462981005,9.846350844119188
8.133333333333333,2,3,41.711485581341016,44.3785801849271,32.11433311861559,40.666666666666664,45.533915492433444,34.359792462981005,2.73286185242321
8.166666666666666,1,3,44.873359123914426,50.588861659716564,38.638417435292574,40.833333333333336,45.446390350150274,34.382296023022896,7.802652692146001
8.166666666666666,2,3,39.02081020721714,47.3999870627639,38.55839877375823,40.833333333333336,45.446390350150274,34.382296023022896,4.953949372262498
8.166666666666666,3,3,49.45267166611007,35.48254402112072,27.9355865525407,40.833333333333336,45.446390350150274,34.382296023022896,14.667354565844349
8.2,2,3,39.45163968766107,47.1392594669271,38.10912827551205,41.0,45.35826794978997,34.40440528515414,4.392530350063294
8.2,1,3,50.153048802049476,57.277775738998976,44.047871625189536,41.0,45.35826794978997,34.40440528515414,17.856354929299236
8.2,3,3,39.761907103825564,46.52579595690711,35.158679245606976,41.0,45.35826794978997,34.40440528515414,1.8614308674720454
8.233333333333333,3,3,27.364654100789743,60.8355299643719,44.53785554717107,41.166666666666664,45.26955795496678,34.42611964323817,23.130980058291822
8.233333333333333,1,3,45.62910509549073,51.33742490375546,39.21189425676907,41.166666666666664,45.26955795496678,34.42611964323817,8.923900755317977
8.233333333333333,2,3,41.88620661219896,44.51131227774481,32.79773835445218,41.166666666666664,45.26955795496678,34.42611964323817,1.935019344066292
8.266666666666666,1,3,39.41818772380499,42.80187754746546,32.41731710279329,41.33333333333333,45.18027009373131,34.44743850196487,3.6668687875628962
8.266666666666666,2,3,39.51413703830702,47.240917440281756,38.73314582603978,41.33333333333333,45.18027009373131,34.44743850196487,5.091466381536089
8.266666666666666,3,3,35.136069922572474,52.49062740968135,38.97099406264669,41.33333333333333,45.18027009373131,34.44743850196487,10.597639019130392
8.3,1,3,49.35433931870813,55.37956698758664,42.79253619985511,41.5,45.09041415750371,34.46836127686697,15.389905790573009
8.3,2,3,42.038543630691436,44.51060858365098,33.353887639999925,41.5,45.09041415750371,34.46836127686697,1.366841334208426
8.3,3,3,50.91349804471222,34.22793176591415,27.23331568945069,41.5,45.09041415750371,34.46836127686697,16.092027647173175
8.333333333333334,3,3,44.224300832797915,42.07876411157199,32.69325176815632,41.66666666666667,45.0,34.488887394336025,4.2777820123993475
8.333333333333334,2,3,39.48832685154282,47.47511283170384,39.90665634874046,41.66666666666667,45.0,34.488887394336025,6.342205320164852
8.333333333333334,1,3,33.2034397738754,34.5927753504947,25.903596304849454,41.66666666666667,45.0,34.488887394336025,15.926197205715923
8.366666666666667,3,3,32.33186088033264,56.09986983545699,41.61972350814073,41.833333333333336,44.90903753615141,34.50901629163815,16.311801355004725
8.366666666666667,1,3,50.14283745635303,55.40530092832934,42.88204569849667,41.833333333333336,44.90903753615141,34.50901629163815,15.790092634831923
8.366666666666667,2,3,41.18534814644069,45.708942344731774,36.24597159627172,41.833333333333336,44.90903753615141,34.50901629163815,2.0190954003010866
8.4,2,3,42.652125064798916,44.07344007891686,32.93372625123308,42.00000000000001,44.81753674101715,34.52874741692946,1.8769761484119114
8.4,1,3,38.432269038313635,40.23965405911989,30.760009805512194,42.00000000000001,44.81753674101715,34.52874741692946,6.920194885109923
8.4,3,3,46.70613171684731,39.52794239229286,30.966580209877428,42.00000000000001,44.81753674101715,34.52874741692946,7.925687309083611
8.433333333333334,3,3,42.81022958307072,43.90660562518402,33.982240054874964,42.16666666666667,44.72550764869054,34.5480802292712,1.185305384461877
8.433333333333334,2,3,41.12957441285982,46.00148155264372,37.40726584609983,42.16666666666667,44.72550764869054,34.5480802292712,3.2982741150418997
8.433333333333334,1,3,26.56496996709701,25.454737087445714,18.837107333614874,42.16666666666667,44.72550764869054,34.5480802292712,29.35319756444859
8.466666666666667,3,3,39.49133766689013,48.14395528286863,36.68326813930038,42.333333333333336,44.63296035119862,34.56701419864454,4.988241726263456
8.466666666666667,1,3,57.16787312828645,63.015938358156575,49.64046017286248,42.333333333333336,44.63296035119862,34.56701419864454,28.021531451189716
8.466666666666667,2,3,43.397137218096816,43.367030523629325,31.834152568997478,42.333333333333336,44.63296035119862,34.56701419864454,3.1941806023399346
8.5,1,3,51.334157315452615,55.426505576799975,43.66414837987608,42.5,44.53990499739547,34.585548805965146,16.70273564039949
8.5,2,3,43.786435779867254,43.033863359967135,31.29131066325188,42.5,44.53990499739547,34.585548805965146,3.8438370634429115
8.5,3,3,58.5542647594571,25.86084304582069,22.206919746435375,42.5,44.53990499739547,34.585548805965146,27.565870741751468
8.533333333333333,3,3,35.58576558865528,52.71757327844769,40.07130289247204,42.666666666666664,44.44635179184928,34.603683543097404,12.183887979894017
8.533333333333333,2,3,44.55332394518617,42.18746861459892,29.446190965926263,42.666666666666664,44.44635179184928,34.603683543097404,5.938161211909856
8.533333333333333,1,3,36.84715061308327,37.31199735774819,28.70227904628977,42.666666666666664,44.44635179184928,34.603683543097404,10.93582897288697
8.566666666666666,1,3,43.78267593449094,45.47149735693474,35.65550591151498,42.833333333333336,44.35231099372328,34.621417912868324,1.7953182110467845
8.566666666666666,2,3,42.50132967970826,44.729193576993566,35.54887895040861,42.833333333333336,44.35231099372328,34.621417912868324,1.0547278718931155
8.566666666666666,3,3,39.75295453381283,48.02581553596274,37.32459922404747,42.833333333333336,44.35231099372328,34.621417912868324,5.503685889610484
8.6,3,3,37.75813990138225,50.176041499347704,38.713101016514116,43.0,44.257792915650725,34.63875142908121,8.893991688354946
8.6,1,3,41.78295377120693,42.80466198695419,33.37247884207545,43.0,44.257792915650725,34.63875142908121,2.2795256707385776
8.6,2,3,43.14519784337829,44.10660224348938,34.50936694950368,43.0,44.257792915650725,34.63875142908121,0.2463359020237525
8.633333333333333,1,3,43.761372646649356,44.871242440760845,35.227636197692576,43.166666666666664,44.16280792260401,34.655683616528954,1.0875129535977996
8.633333333333333,2,3,43.27896358912713,44.088032314646576,34.37046759096633,43.166666666666664,44.16280792260401,34.655683616528954,0.3155157231854481
8.633333333333333,3,3,51.47998060455376,34.30287396316098,28.195706204951883,43.166666666666664,44.16280792260401,34.655683616528954,14.424312616985665
8.666666666666666,3,3,49.75514090054995,36.49186325281176,29.47783408968227,43.33333333333333,44.06736643075801,34.672214011007085,11.207561893493907
8.666666666666666,2,3,43.8314614543637,43.440633465769736,33.22773807877212,43.33333333333333,44.06736643075801,34.672214011007085,1.6514952476983724
8.666666666666666,1,3,34.626447104676046,33.85948650531539,26.32736995763763,43.33333333333333,44.06736643075801,34.672214011007085,15.800224765682664
8.7,1,3,39.52131888794794,39.26264268295755,30.83743504797437,43.49999999999999,43.97147890634781,34.68834215932649,7.268598733619456
8.7,2,3,41.75465263343435,46.09217106073477,39.763968741531,43.49999999999999,43.97147890634781,34.68834215932649,5.77109676280316
8.7,3,3,48.4932581879801,38.15588671011193,30.77659110854367,43.49999999999999,43.97147890634781,34.68834215932649,8.60555263815466
8.733333333333333,3,3,41.28819593180028,46.63158319989208,36.41194085085623,43.666666666666664,43.875155864521034,34.704067619325826,4.021423338418209
8.733333333333333,1,3,46.47724425603559,47.053005606386115,37.345526313178034,43.666666666666664,43.875155864521034,34.704067619325826,4.99753733343356
8.733333333333333,2,3,44.20172400350231,43.20617223529005,33.242353777309035,43.666666666666664,43.875155864521034,34.704067619325826,1.6942351683943413
8.766666666666666,1,3,45.16957158289555,45.284728225948896,35.990396462120565,43.83333333333333,43.77840786818467,34.71938995988368,2.3811743339235987
8.766666666666666,2,3,44.70127529457125,42.67991926854058,32.201449917609494,43.83333333333333,43.77840786818467,34.71938995988368,2.8809759645150272
8.766666666666666,3,3,43.0793445902905,44.65336933376411,35.39562330945915,43.83333333333333,43.77840786818467,34.71938995988368,1.3384125425153028
8.8,1,3,51.07093933965561,51.867241804484365,41.65066547391791,44.00000000000001,43.68124552684678,34.73430876093033,12.839186437772215
8.8,2,3,42.455590612951035,45.54759478621701,39.04400075288558,44.00000000000001,43.68124552684678,34.73430876093033,4.943875501899293
8.8,3,3,42.81395932660858,45.23139186183878,35.70289458313418,44.00000000000001,43.68124552684678,34.73430876093033,2.1789457620147914
8.833333333333334,3,3,29.11189951118258,61.77054005742521,46.928227257936136,44.16666666666667,43.583679495453005,34.74882361345932,26.565876314203482
8.833333333333334,1,3,44.635357636609854,44.05511072579687,35.29820074302824,44.16666666666667,43.583679495453005,34.74882361345932,0.862400058408623
8.833333333333334,2,3,42.54390373904065,45.62122058460693,39.72419573963665,44.16666666666667,43.583679495453005,34.74882361345932,5.615982639147866
8.866666666666667,2,3,43.87815414668404,43.98946838038375,35.9135724647225,44.333333333333336,43.48572047321815,34.76293411953863,1.3360084757739794
8.866666666666667,1,3,58.47004705267414,59.43987416829775,48.232211468125904,44.333333333333336,43.48572047321815,34.76293411953863,25.21513686661222
8.866666666666667,3,3,33.352390441084395,56.71608705026491,43.64287078084778,44.333333333333336,43.48572047321815,34.76293411953863,19.35140774400485
8.9,2,3,46.42198775688365,40.940446587482235,28.704947461608025,44.5,43.38737920245291,34.77663989232161,6.822533630038224
8.9,3,3,50.346463858111086,36.55602979728329,30.042952067453893,44.5,43.38737920245291,34.77663989232161,10.161509472662583
8.9,1,3,40.26020428423376,38.5635498625394,30.539970651968318,44.5,43.38737920245291,34.77663989232161,7.693800326509385
8.933333333333334,1,3,46.183989516621274,45.11158020044906,36.26392615082665,44.666666666666664,43.28866646738584,34.78994055605757,2.792475003070148
8.933333333333334,3,3,49.81261399512084,37.07799817123801,30.428272055486087,44.666666666666664,43.28866646738584,34.78994055605757,9.169368936894076
8.933333333333334,2,3,45.338579475528945,42.42535885711381,32.71854182236606,44.666666666666664,43.28866646738584,34.78994055605757,2.3425327247672754
8.966666666666667,2,3,44.15193760200935,44.04610628070977,36.92169963637116,44.833333333333336,43.1895930929807,34.802835746102105,2.3848478292978106
8.966666666666667,3,3,30.636173262562785,60.16412114815195,46.45467499741732,44.833333333333336,43.1895930929807,34.802835746102105,25.009184607047217
8.966666666666667,1,3,33.07928334417184,30.3130733784105,23.73972853811005,44.833333333333336,43.1895930929807,34.802835746102105,20.64836052094568
9.0,3,3,47.392271991893104,40.25616089332891,32.7143691420827,45.0,43.09016994374947,34.81532510892707,4.262462733641293
9.0,1,3,37.27237167528321,34.68089505502628,27.579246174284595,45.0,43.09016994374947,34.81532510892707,13.52009548884372
9.0,2,3,44.985522078814945,43.069707402670474,34.89590642346365,45.0,43.09016994374947,34.81532510892707,0.08439001150428682
9.033333333333333,2,3,43.63120682365364,44.956897648252806,40.28806410533694,45.166666666666664,42.99040792256087,34.82740830213025,6.003622287573764
9.033333333333333,1,3,53.258941676678475,51.91133302934301,42.6342547180856,45.166666666666664,42.99040792256087,34.82740830213025,14.353211158510575
9.033333333333333,3,3,33.801513540481224,56.628625845053456,43.989507420038734,45.166666666666664,42.99040792256087,34.82740830213025,19.977781506699387
9.066666666666666,2,3,46.77142524943871,41.03436627003506,30.133850258219393,45.33333333333333,42.890317969444716,34.839084994444825,5.2585072970085
9.066666666666666,3,3,32.291796013576715,58.54126391869472,45.54339744255271,45.33333333333333,42.890317969444716,34.839084994444825,23.01338979280686
9.066666666666666,1,3,39.52824952936662,36.508404166493015,29.398785371649495,45.33333333333333,42.890317969444716,34.839084994444825,10.199249077513945
9.1,2,3,44.81898771897681,43.651666885782824,37.20724633502109,45.49999999999999,42.7899110603923,34.850354865748365,2.600257338693509
9.1,3,3,49.74332535348822,37.86292958265765,31.32782610279745,45.49999999999999,42.7899110603923,34.850354865748365,7.395212331185142
9.1,1,3,48.882293841264534,46.216642048449906,37.99291532924288,45.49999999999999,42.7899110603923,34.850354865748365,5.749615914118886
9.133333333333333,2,3,46.28303371164686,41.906979814813205,32.68345955149121,45.666666666666664,42.68919820615266,34.86121760707165,2.3946615824647965
9.133333333333333,1,3,45.2880685242122,42.33894087049355,34.42149829759133,45.666666666666664,42.68919820615266,34.86121760707165,0.6777682684980476
9.133333333333333,3,3,47.634502160963095,40.27663962799222,33.22818548755979,45.666666666666664,42.68919820615266,34.86121760707165,3.515623604572283
9.166666666666666,2,3,44.55710822595655,44.36680637680491,39.40325898559174,45.83333333333333,42.58819045102521,34.87167292060715,5.0326431823146915
9.166666666666666,3,3,44.986347971426746,43.479931015523356,35.636508314909854,45.83333333333333,42.58819045102521,34.87167292060715,1.4482950728472632
9.166666666666666,1,3,39.23036280811836,35.59382621568194,28.857293478227366,45.83333333333333,42.58819045102521,34.87167292060715,11.344298607248811
9.2,2,3,46.034907269959376,42.42475553548935,34.60051608008768,46.0,42.48689887164855,34.88172051971716,0.29009696412121155
9.2,3,3,52.62587930318127,34.47550248150945,29.33654232974659,46.0,42.48689887164855,34.88172051971716,11.782773434925456
9.2,1,3,43.737790242502854,40.0929968157016,33.003803291767056,46.0,42.48689887164855,34.88172051971716,3.7914289068125915
9.233333333333333,2,3,45.179116815135515,43.72165558918701,38.410327913436625,46.166666666666664,42.38533457578581,34.891360128941685,3.8915476135375786
9.233333333333333,1,3,42.72505563187488,39.08306892932814,31.951209621127006,46.166666666666664,42.38533457578581,34.891360128941685,5.603046485901931
9.233333333333333,3,3,53.707483367753866,33.39005542087187,28.60276496528489,46.166666666666664,42.38533457578581,34.891360128941685,13.31635808795305
9.266666666666666,3,3,49.27737407546698,38.69374670557504,32.396158806206,46.33333333333333,42.28350870110656,34.90059148400594,5.27503081635904
9.266666666666666,1,3,43.20272213861243,39.04650031233318,32.07892088312013,46.33333333333333,42.28350870110656,34.90059148400594,5.314204996178111
9.266666666666666,2,3,46.90643259136631,41.50781046180356,32.66301507013603,46.33333333333333,42.28350870110656,34.90059148400594,2.436575204241128
9.3,2,3,47.754359457002586,40.43900995886234,30.082268751483298,46.5,42.181432413965425,34.9094143318277,5.283066165898147
9.3,1,3,51.36397453848187,47.14364760733355,39.31654844409531,46.5,42.181432413965425,34.9094143318277,8.228284087208353
9.3,3,3,39.939712927561715,50.42099297079803,40.706947478594536,46.5,42.181432413965425,34.9094143318277,12.022442149179707
9.333333333333334,1,3,50.845887165410694,46.29546624320567,38.87434299721264,46.666666666666664,42.079116908177596,34.9178284305241,7.134247907700756
9.333333333333334,3,3,49.84432674593783,38.12101091621941,31.96894201102611,46.666666666666664,42.079116908177596,34.9178284305241,5.870268966416151
9.333333333333334,2,3,47.60613700056797,40.68663471455156,31.126582566307626,46.666666666666664,42.079116908177596,34.9178284305241,4.146704278193069
9.366666666666667,3,3,48.218976929893685,40.20581146663022,33.736369851464005,46.833333333333336,41.97657340379126,34.9258335494184,2.5437039732520645
9.366666666666667,1,3,43.036288922307165,38.267602064816444,31.490317284622513,46.833333333333336,41.97657340379126,34.9258335494184,6.322719878210545
9.366666666666667,2,3,47.31596421402112,41.25839563574024,32.84013840920524,46.833333333333336,41.97657340379126,34.9258335494184,2.2580602497331648
9.4,1,3,41.03252049068202,35.95064362825901,29.622702853794394,47.0,41.87381314585725,34.9334294690462,9.944775814983407
9.4,3,3,50.27455335096732,37.74785871866377,31.95688882848701,47.0,41.87381314585725,34.9334294690462,6.050288734309237
9.4,2,3,47.829029101381174,40.67814527207885,31.422699964381113,47.0,41.87381314585725,34.9334294690462,3.80028059098912
9.433333333333334,3,3,57.16396193596334,29.3973478339459,26.123317218764846,47.16666666666667,41.77084740319584,34.94061598116154,18.187747572393132
9.433333333333334,1,3,49.00476602689076,43.60915425743287,36.62922183412115,47.16666666666667,41.77084740319584,34.94061598116154,3.099898558830676
9.433333333333334,2,3,46.163828665803486,43.29167913541659,38.9848381917539,47.16666666666667,41.77084740319584,34.94061598116154,4.4355773584003
9.466666666666667,2,3,46.32887896001013,43.27936913689011,39.496022650373575,47.333333333333336,41.667687467161024,34.94739288874257,4.929145879462707
9.466666666666667,1,3,46.70621493040546,40.92879214639191,34.41651035462705,47.333333333333336,41.667687467161024,34.94739288874257,1.1050249098433091
9.466666666666667,3,3,36.34362213047837,55.61022726573364,44.69212112254782,47.333333333333336,41.667687467161024,34.94739288874257,20.251614669148196
9.5,2,3,47.28153899806959,41.879853638835215,35.87902283641,47.5,41.56434465040231,34.95376000599692,1.0016897905491597
9.5,1,3,54.39847170272651,48.24907707681712,40.94326455160328,47.5,41.56434465040231,34.95376000599692,11.320279331709058
9.5,3,3,64.54254393775257,20.316152106177174,19.913142288498268,47.5,41.56434465040231,34.95376000599692,31.115175904863946
9.533333333333333,2,3,48.47554562986237,40.21421158558911,31.483187952850372,47.66666666666667,41.46083028562411,34.95971715836687,3.7808198419372854
9.533333333333333,3,3,52.41137856369774,35.75215947286649,30.906818069230486,47.66666666666667,41.46083028562411,34.95971715836687,8.457375743159428
9.533333333333333,1,3,65.45667363330935,58.682177228725024,50.57459128152513,47.66666666666667,41.46083028562411,34.95971715836687,29.27257133034137
9.566666666666666,1,3,53.61756273109966,46.73168644168008,39.891589408075205,47.833333333333336,41.357155724343045,34.96526418253408,9.306533747071805
9.566666666666666,3,3,43.59114814924153,46.49520178253999,38.79117602240172,47.833333333333336,41.357155724343045,34.96526418253408,7.683310083467973
9.566666666666666,2,3,47.9261600869528,41.165513197774175,34.5858115242302,47.833333333333336,41.357155724343045,34.96526418253408,0.43511835639410407
9.6,2,3,48.514227199723436,40.49703424853349,32.653797987973164,48.0,41.253332335643044,34.97040092642408,2.49059542759164
9.6,3,3,57.858445134318806,28.906019691391933,25.980824656142996,48.0,41.253332335643044,34.97040092642408,18.178491453375834
9.6,1,3,47.731840945644066,41.05507084544649,34.7752945376454,48.0,41.253332335643044,34.97040092642408,0.3863721002741841
9.633333333333333,3,3,43.75026920919415,46.81033336941708,38.96821685272324,48.166666666666664,41.14937150492867,34.97512724921042,8.21558399112588
9.633333333333333,2,3,47.15897331155945,42.76344394403095,39.87962817585785,48.166666666666664,41.14937150492867,34.97512724921042,5.260684848580298
9.633333333333333,1,3,46.97995838535893,40.06468008388834,33.95331028736321,48.166666666666664,41.14937150492867,34.97512724921042,1.9049781960226035
9.666666666666666,2,3,48.04613498109854,41.43888892101282,36.01264631097143,48.33333333333333,41.045284632676534,34.97944302131861,1.1423293163849446
9.666666666666666,3,3,39.405955307831746,52.36268450397852,43.319080703826856,48.33333333333333,41.045284632676534,34.97944302131861,16.653263191719102
9.666666666666666,1,3,42.423640932217474,35.64827185852981,29.862029663242105,48.33333333333333,41.045284632676534,34.97944302131861,9.499480545668233
9.7,2,3,48.232661944719894,41.38638980181834,36.66781908421449,48.5,40.941083133185145,34.983348124429554,1.762728021927641
9.7,3,3,54.46709229904275,33.46254928111737,29.680420181149756,48.5,40.941083133185145,34.983348124429554,10.938724964703916
9.7,1,3,42.33183257936793,35.04668924030675,29.639018117487286,48.5,40.941083133185145,34.983348124429554,10.06737462879238
9.733333333333333,1,3,41.74531360441978,34.34027489106906,29.12336171038521,48.666666666666664,40.836778433323154,34.98684245148287,11.157512845075177
9.733333333333333,3,3,46.99328903511143,42.71501497821748,36.56382269004637,48.666666666666664,40.836778433323154,34.98684245148287,2.9689782567721474
9.733333333333333,2,3,48.948898464692576,40.34909791231539,33.669670680875804,48.666666666666664,40.836778433323154,34.98684245148287,1.4326299423338527
9.766666666666666,3,3,56.45029209529582,31.139476769505997,28.06291370290371,48.83333333333333,40.73238197127632,34.989925906679844,14.072149411616293
9.766666666666666,2,3,50.109325832937806,38.566181872265254,28.265129081884293,48.83333333333333,40.73238197127632,34.989925906679844,7.179378250432467
9.766666666666666,1,3,46.1615389524965,38.18603253015376,32.58817498953785,48.83333333333333,40.73238197127632,34.989925906679844,4.403497264421636
9.8,1,3,46.05659389888144,37.87544984964477,32.45232438242759,49.00000000000001,40.62790519529313,34.99259840548598,4.76367946215061
9.8,3,3,45.2345391618839,45.24836892811068,38.19399997723058,49.00000000000001,40.62790519529313,34.99259840548598,6.765822378191519
9.8,2,3,49.43814318457302,39.84061581485727,32.40067552119446,49.00000000000001,40.62790519529313,34.99259840548598,2.744058719643028
9.833333333333334,2,3,49.83194300162127,39.32279845109192,31.28061464362865,49.16666666666667,40.52335956242944,34.99485987463336,3.9597420648254182
9.833333333333334,3,3,48.56141404973622,41.64568062172579,35.577264126978996,49.16666666666667,40.52335956242944,34.99485987463336,1.4018309468661003
9.833333333333334,1,3,54.36622033358011,45.22644579291297,39.44927295797804,49.16666666666667,40.52335956242944,34.99485987463336,8.306393582268358
9.866666666666667,1,3,46.564221990384624,37.90473118588606,32.56020164615451,49.333333333333336,40.418756537292,34.99671025212268,4.4637288542334135
9.866666666666667,3,3,47.735285730248904,42.42378626101418,36.53677576996215,49.333333333333336,40.418756537292,34.99671025212268,2.9909366649883253
9.866666666666667,2,3,49.08717688861477,40.89347075112388,36.19509688654035,49.333333333333336,40.418756537292,34.99671025212268,1.3122793550313154
9.9,3,3,40.164959955501395,52.261846163141215,43.814830599834885,49.5,40.31410759078128,34.99814948722491,17.539250139823633
9.9,2,3,49.45283764598481,40.45992822871339,35.30552949920664,49.5,40.31410759078128,34.99814948722491,0.34346821956197293
9.9,1,3,48.08180009351104,39.071027189514766,33.842321573451095,49.5,40.31410759078128,34.99814948722491,2.2118946686126217
9.933333333333334,3,3,46.26079702657245,44.39922888171938,38.00908546585551,49.66666666666667,40.20942419883357,34.999177540482684,6.181743848241338
9.933333333333334,2,3,50.11055311142087,39.357634435309436,32.352393896015116,49.66666666666667,40.20942419883357,34.999177540482684,2.8156783619053583
9.933333333333334,1,3,41.00919818801431,32.54100390847236,27.71604386349105,49.66666666666667,40.20942419883357,34.999177540482684,13.667496711739584
9.966666666666667,2,3,50.05085086130245,39.71509403339684,33.71436584034748,49.833333333333336,40.104717841162454,34.999794383711404,1.3606789212177364
9.966666666666667,1,3,61.55830086588377,50.43066422576896,44.865903543594044,49.833333333333336,40.104717841162454,34.999794383711404,18.47809899128831
9.966666666666667,3,3,40.66664565453319,51.78124630548807,43.519808825490756,49.833333333333336,40.104717841162454,34.999794383711404,17.116077998975157
10.0,3,3,45.58074198928803,45.4882745822174,39.10322843179613,50.0,40.0,35.0,8.153985701395095
10.0,2,3,49.21199995398896,41.59758521354473,40.16913636424216,50.0,40.0,35.0,5.467466811895694
10.0,1,3,53.63996428300421,43.01783307975191,38.201875569035366,50.0,40.0,35.0,5.710399604088737
10.033333333333333,1,3,63.04132093970881,51.00599907017697,45.83017302123712,50.16666666666667,39.89528215883754,34.999794383711404,20.161891140626164
10.033333333333333,2,3,50.64453783672764,38.90731634096035,31.846992660509304,50.16666666666667,39.89528215883754,34.999794383711404,3.3383522909206738
10.033333333333333,3,3,57.94186194533624,29.97592801726727,27.527040046362092,50.16666666666667,39.89528215883754,34.999794383711404,14.652279876992036
10.066666666666666,2,3,50.74288106650327,38.9339168088198,31.959334601997735,50.33333333333333,39.79057580116643,34.999177540482684,3.1846882210932033
10.066666666666666,3,3,48.46849427399585,42.16330960546685,36.71044987619302,50.33333333333333,39.79057580116643,34.999177540482684,3.469285723354033
10.066666666666666,1,3,56.12899776870722,44.79653963248821,39.717145233421164,50.33333333333333,39.79057580116643,34.999177540482684,8.994921860670656
10.1,3,3,47.28858532468449,43.927214940701504,38.29361864276963,50.5,39.68589240921872,34.99814948722491,6.257964364555141
10.1,1,3,61.30609569157682,49.0148121600076,43.93201499484767,50.5,39.68589240921872,34.99814948722491,16.840855106569435
10.1,2,3,50.60841177151648,39.45356442152062,34.251078135263135,50.5,39.68589240921872,34.99814948722491,0.7898385980649331
10.133333333333333,2,3,50.9474979213328,38.92897689080421,32.69278117767669,50.66666666666666,39.58124346270801,34.99671025212268,2.4108934141720257
10.133333333333333,1,3,48.80909296886227,38.06272915621181,33.52621711351073,50.66666666666666,39.58124346270801,34.99671025212268,2.8140390566786984
10.133333333333333,3,3,59.86304321838894,27.573545924311638,26.296879597549317,50.66666666666666,39.58124346270801,34.99671025212268,17.44835795348468
10.166666666666666,1,3,56.20652725724472,43.831376102361936,39.27644981784364,50.83333333333333,39.476640437570566,34.99485987463336,8.13430686020411
10.166666666666666,3,3,42.13970639756638,50.71049551410351,43.328826797128244,50.83333333333333,39.476640437570566,34.99485987463336,16.469172834240233
10.166666666666666,2,3,51.011353699741214,39.11487930225227,33.5763277219065,50.83333333333333,39.476640437570566,34.99485987463336,1.4747189014190754
10.2,2,3,50.77844337575097,39.8368907221956,36.74040966569694,51.0,39.37209480470687,34.99259840548598,1.8220776009772572
10.2,3,3,50.5810142895494,40.09160395565952,35.67533681298087,51.0,39.37209480470687,34.99259840548598,1.0767423911665532
10.2,1,3,70.99899888206647,56.06252188604526,51.30043487417089,51.0,39.37209480470687,34.99259840548598,30.732325696760075
10.233333333333333,3,3,48.642162516437544,42.433212138033134,37.31914468177963,51.16666666666666,39.26761802872369,34.989925906679844,4.671120569167107
10.233333333333333,1,3,42.09704676860083,31.712683692442216,27.610582698820064,51.16666666666666,39.26761802872369,34.989925906679844,13.920838484096516
10.233333333333333,2,3,50.50570227172676,40.91759521838032,40.63810632588135,51.16666666666666,39.26761802872369,34.989925906679844,5.921253305307652
10.266666666666666,2,3,52.01711245214274,37.484169341545,29.19820651415478,51.33333333333333,39.16322156667685,34.98684245148287,6.065894515482962
10.266666666666666,3,3,56.70061957423405,31.92381672732261,29.555586781554393,51.33333333333333,39.16322156667685,34.98684245148287,10.522132966844605
10.266666666666666,1,3,60.066143182138795,46.423099519448,42.108674508448985,51.33333333333333,39.16322156667685,34.98684245148287,13.404785995761234
10.3,1,3,64.19605728404105,49.6233187999339,45.12359303619718,51.5,39.05891686681486,34.983348124429554,19.380944910782087
10.3,3,3,50.88900345192129,39.916911833107925,35.35886081373843,51.5,39.05891686681486,34.983348124429554,1.1182494908473326
10.3,2,3,51.495127097264465,39.06792108145627,34.9157031246643,51.5,39.05891686681486,34.983348124429554,0.06841540071957573
10.333333333333334,2,3,51.67629473773211,38.898888689903174,35.14165622234867,51.66666666666667,38.954715367323466,34.97944302131861,0.1718209540558139
10.333333333333334,3,3,49.651767115648674,41.45315154132168,36.99987774040316,51.66666666666667,38.954715367323466,34.97944302131861,3.792645510763908
10.333333333333334,1,3,54.78861898169175,41.50599951300655,37.614506702808136,51.66666666666667,38.954715367323466,34.97944302131861,4.816554541870095
10.366666666666667,1,3,57.6823068564307,43.48449864357367,39.57014194538601,51.83333333333333,38.850628495071334,34.97512724921042,8.763412798969634
10.366666666666667,3,3,53.671940577127785,36.365410894050676,33.07726699848371,51.83333333333333,38.850628495071334,34.97512724921042,3.6274862718754415
10.366666666666667,2,3,51.839341280861184,38.82477990722384,34.687588963127325,51.83333333333333,38.850628495071334,34.97512724921042,0.2887603000601235
10.4,2,3,52.07022605587568,38.56087374552412,34.37096125834333,52.0,38.746667664356956,34.97040092642408,0.6314895049546542
10.4,1,3,61.76719150146648,46.64261982485105,42.567930819470654,52.0,38.746667664356956,34.97040092642408,14.67877892819654
10.4,3,3,51.51838199329246,39.50631595569327,35.75905371680643,52.0,38.746667664356956,34.97040092642408,1.1962418880364423
10.433333333333334,1,3,47.01090621212343,34.549091447149536,30.96803328583531,52.16666666666667,38.642844275656955,34.96526418253408,7.701852564615065
10.433333333333334,3,3,64.7873793857888,21.80138801430219,22.280132755333234,52.16666666666667,38.642844275656955,34.96526418253408,24.572944428112297
10.433333333333334,2,3,52.25335027881773,38.40875523619849,33.846908205442276,52.16666666666667,38.642844275656955,34.96526418253408,1.1458760048570276
10.466666666666667,1,3,55.5068087414783,41.07694045650155,37.523805102247415,52.33333333333333,38.53916971437589,34.95971715836687,4.804765706009349
10.466666666666667,3,3,44.152537791011284,49.58624673189645,43.300829735696844,52.33333333333333,38.53916971437589,34.95971715836687,16.07910088792279
10.466666666666667,2,3,52.053495875495784,39.44895683846249,38.1905049182011,52.33333333333333,38.53916971437589,34.95971715836687,3.36808716678435
10.5,2,3,52.62755569496236,38.04735937967801,33.45260910117163,52.5,38.435655349597695,34.95376000599692,1.5557950554719546
10.5,3,3,58.91807171061578,29.78695093677407,28.25224093997233,52.5,38.435655349597695,34.95376000599692,12.684718770839677
10.5,1,3,45.63226489411111,33.02357498207929,29.62841031946122,52.5,38.435655349597695,34.95376000599692,10.23795627422889
10.533333333333333,1,3,47.20977817372099,34.206707798657135,30.830624123895593,52.666666666666664,38.33231253283898,34.94739288874257,7.984111191007193
10.533333333333333,3,3,65.47903994398162,21.278793086803116,22.042190035477056,52.666666666666664,38.33231253283898,34.94739288874257,24.930376956185604
10.533333333333333,2,3,52.69773893761444,38.19605605505904,34.54488544612895,52.666666666666664,38.33231253283898,34.94739288874257,0.4260792826672097
10.566666666666666,2,3,52.820792715333006,38.28813238520751,34.92460716904236,52.83333333333333,38.22915259680417,34.94061598116154,0.06238721507969584
10.566666666666666,3,3,58.38978268113478,30.904377499328604,29.28331714906365,52.83333333333333,38.22915259680417,34.94061598116154,10.794975204183546
10.566666666666666,1,3,47.90704954168115,34.42800297036814,31.110503007686138,52.83333333333333,38.22915259680417,34.94061598116154,7.306625477471414
10.6,2,3,52.9741543236806,38.15195901547146,35.293627716735614,53.0,38.12618685414275,34.9334294690462,0.36204278880055374
10.6,1,3,51.88994117153407,37.3530842468241,33.891938493661144,53.0,38.12618685414275,34.9334294690462,1.7072263165458086
10.6,3,3,57.69855250776273,31.741924477448784,30.052347855220756,53.0,38.12618685414275,34.9334294690462,9.30914386415305
10.633333333333333,2,3,53.19766531723155,37.92782778429596,34.36759685144156,53.166666666666664,38.02342659620874,34.9258335494184,0.5672109485403676
10.633333333333333,1,3,54.3561098164236,38.84404995811832,35.89899474549892,53.166666666666664,38.02342659620874,34.9258335494184,1.7421941402072079
10.633333333333333,3,3,49.84665207032905,42.48005265139959,38.0801700640305,53.166666666666664,38.02342659620874,34.9258335494184,6.390137053547124
10.666666666666666,3,3,58.41790070894427,30.939234547082364,29.664783701280054,53.333333333333336,37.92088309182241,34.917828430524104,10.108942611709525
10.666666666666666,2,3,53.174341598749585,38.68598762087329,38.12518668866781,53.333333333333336,37.92088309182241,34.917828430524104,3.3011831679146115
10.666666666666666,1,3,56.93410295319309,40.73850018452789,37.76420804592885,53.333333333333336,37.92088309182241,34.917828430524104,5.3857575930784956
10.7,2,3,53.4999937492845,37.79343678413554,34.88594928090351,53.49999999999999,37.81856758603458,34.9094143318277,0.034382638904470825
10.7,1,3,41.96485854151047,29.07430089751341,26.17915653809469,53.49999999999999,37.81856758603458,34.9094143318277,16.903818785481008
10.7,3,3,51.82500588729039,40.122592111075434,36.776664273074296,53.49999999999999,37.81856758603458,34.9094143318277,3.405988348877163
10.733333333333333,3,3,58.995527546021265,30.574770937354565,29.30864467090479,53.666666666666664,37.716491298893445,34.90059148400594,10.520018876146898
10.733333333333333,1,3,69.97321463792258,49.72902621703546,47.12281115444963,53.666666666666664,37.716491298893445,34.90059148400594,23.655594593478984
10.733333333333333,2,3,53.66202861589244,37.821145344001216,35.46420350698731,53.666666666666664,37.716491298893445,34.90059148400594,0.5732647670331336
10.766666666666666,2,3,53.833973626389664,37.661353416891664,34.70707651922704,53.833333333333336,37.614665424214195,34.891360128941685,0.19010688426490482
10.766666666666666,1,3,63.2791614398524,44.68026337994781,42.12762352099729,53.833333333333336,37.614665424214195,34.891360128941685,13.83870842850505
10.766666666666666,3,3,41.30626563680372,54.48310050564415,47.986208359138146,53.833333333333336,37.614665424214195,34.891360128941685,24.75775792235097
10.8,2,3,54.079248560774786,36.70987363743767,31.69792848545497,54.0,37.51310112835145,34.88172051971716,3.2845070336316717
10.8,3,3,50.954428504258324,41.81934803399475,38.21641998529101,54.0,37.51310112835145,34.88172051971716,6.240151334201373
10.8,1,3,59.99167676664561,42.00743455439581,39.327661320265044,54.0,37.51310112835145,34.88172051971716,8.710086855043222
10.833333333333334,2,3,54.236809289427995,36.791455904710645,32.233311472710184,54.16666666666667,37.41180954897479,34.87167292060715,2.711219238871809
10.833333333333334,1,3,51.226580939963334,35.236769866287226,32.606699918107694,54.16666666666667,37.41180954897479,34.87167292060715,4.301744344295894
10.833333333333334,3,3,43.2591618976481,52.18613700981488,46.512656302934516,54.16666666666667,37.41180954897479,34.87167292060715,21.743203681010726
10.866666666666667,3,3,59.71363711779938,29.797013800510385,29.053881903549062,54.333333333333336,37.31080179384735,34.86121760707165,10.91466109393061
10.866666666666667,1,3,53.5961073577032,36.77369508790801,34.294966983508054,54.333333333333336,37.31080179384735,34.86121760707165,1.0736039872294525
10.866666666666667,2,3,54.38568387085882,36.58440439345069,31.51697517367476,54.333333333333336,37.31080179384735,34.86121760707165,3.4226234404933593
10.9,2,3,54.498614818478885,37.39432689079325,35.45147550579682,54.50000000000001,37.21008893960771,34.850354865748365,0.6287221685905148
10.9,1,3,58.99431639197759,40.56992888143518,38.34621628872718,54.50000000000001,37.21008893960771,34.850354865748365,6.611236749245114
10.9,3,3,50.7491340653794,42.14536177748402,38.95501440902405,54.50000000000001,37.21008893960771,34.850354865748365,7.434658244329809
10.933333333333334,3,3,59.79112472610451,30.219973025815563,29.38047279941652,54.666666666666664,37.109682030555284,34.839084994444825,10.174704303744697
10.933333333333334,2,3,54.71010938771859,36.69507275793323,32.55936845292489,54.666666666666664,37.109682030555284,34.839084994444825,2.3175192833364258
10.933333333333334,1,3,58.21409636957403,39.61140426751553,37.26997199494503,54.666666666666664,37.109682030555284,34.839084994444825,4.97514655635105
10.966666666666667,2,3,54.844302314629566,36.3491070371633,31.45245904225955,54.833333333333336,37.00959207743913,34.82740830213025,3.438988705081863
10.966666666666667,1,3,40.639355113457555,26.741790731289857,24.475532597348593,54.833333333333336,37.00959207743913,34.82740830213025,20.348417451918507
10.966666666666667,3,3,51.64896515726187,41.452362545745615,38.2204878170778,54.833333333333336,37.00959207743913,34.82740830213025,6.433614746749268
11.0,1,3,61.31980075798552,41.419870847635806,39.35551440572537,55.00000000000001,36.90983005625052,34.81532510892706,8.994090749561925
11.0,3,3,51.3341876587184,42.0659270853735,38.7821095325703,55.00000000000001,36.90983005625052,34.81532510892706,7.4671879150642795
11.0,2,3,55.00075497230286,37.04215727975407,35.57417634891145,55.00000000000001,36.90983005625052,34.81532510892706,0.7703027122431675
11.033333333333333,3,3,63.329281516894525,25.308432986713125,25.60019165663262,55.166666666666664,36.810406907019306,34.80283574610211,16.840794028014585
11.033333333333333,2,3,55.172920564569395,37.171771290766245,36.45820450060875,55.166666666666664,36.810406907019306,34.80283574610211,1.6943639049733812
11.033333333333333,1,3,80.14904118916768,54.43584152901467,52.77355842792922,55.166666666666664,36.810406907019306,34.80283574610211,35.46437446373297
11.066666666666666,1,3,39.40139919920243,25.632554157590793,23.37665568367085,55.333333333333336,36.71133353261417,34.78994055605757,22.512861863232324
11.066666666666666,3,3,61.16919684052816,28.61515049463157,28.324578494781196,55.333333333333336,36.71133353261417,34.78994055605757,11.891441848763224
11.066666666666666,2,3,55.281882649599595,35.61823875780176,29.224799077118163,55.333333333333336,36.71133353261417,34.78994055605757,5.67171076838292
11.1,2,3,55.590548844880324,37.71506581362202,40.09531791009945,55.49999999999999,36.61262079754709,34.77663989232161,5.432487456365716
11.1,3,3,61.33063502936898,28.174901632579747,28.26558702095512,55.49999999999999,36.61262079754709,34.77663989232161,12.148465707499513
11.1,1,3,64.10821679160728,42.55667459839635,40.95290712802995,55.49999999999999,36.61262079754709,34.77663989232161,12.148228220015643
11.133333333333333,1,3,58.862014317182705,38.84882695503655,36.94919452759676,55.666666666666664,36.51427952678185,34.76293411953863,4.521072093460967
11.133333333333333,3,3,63.25558180894738,25.77649814919571,26.304068797839356,55.666666666666664,36.51427952678185,34.76293411953863,15.634704489699184
11.133333333333333,2,3,55.6731631569605,36.45971904592386,34.879211612384346,55.666666666666664,36.51427952678185,34.76293411953863,0.12860600996873614
11.166666666666666,2,3,55.81786891273016,36.3680073435163,34.41523458872063,55.833333333333336,36.416320504546995,34.74882361345932,0.3374239873800946
11.166666666666666,3,3,59.542301149698176,31.394323130470127,30.634707210184256,55.833333333333336,36.416320504546995,34.74882361345932,7.4768210937377715
11.166666666666666,1,3,54.825530323176146,35.83047860143404,34.02595212381177,55.833333333333336,36.416320504546995,34.74882361345932,1.3716489468046025
11.2,1,3,68.04054753182842,44.36040785483064,43.37738786296975,55.99999999999999,36.31875447315323,34.73430876093033,16.862555866219505
11.2,2,3,56.12283355944401,36.99255059402614,38.0769188849162,55.99999999999999,36.31875447315323,34.73430876093033,3.4120568191051444
11.2,3,3,60.72333031842563,29.548659014913603,29.406709946010995,55.99999999999999,36.31875447315323,34.73430876093033,9.82483337992892
11.233333333333333,2,3,56.1543782511197,36.20189334620176,34.95055649265539,56.166666666666664,36.22159213181533,34.71938995988368,0.23232953575685986
11.233333333333333,3,3,63.2356605416844,26.117033894222683,26.537738290903285,56.166666666666664,36.22159213181533,34.71938995988368,14.79906063283982
11.233333333333333,1,3,45.68900406342642,29.20351604921229,27.415395101338845,56.166666666666664,36.22159213181533,34.71938995988368,14.573371141304039
11.266666666666666,1,3,57.84030482599896,37.029355016694765,35.68510562218317,56.33333333333332,36.12484413547898,34.704067619325826,2.0128434059794613
11.266666666666666,3,3,55.80551140812814,36.968443118773486,35.316869069335844,56.33333333333332,36.12484413547898,34.704067619325826,1.1686662682208329
11.266666666666666,2,3,56.25419057061409,35.75027041290228,32.81733255008052,56.33333333333332,36.12484413547898,34.704067619325826,1.9251852565547767
11.3,3,3,53.718011308237294,39.92154132360775,37.87188036622739,56.50000000000001,36.028521093652195,34.68834215932649,5.747171748498264
11.3,2,3,56.82643663324247,37.288646191824334,41.551260317750796,56.50000000000001,36.028521093652195,34.68834215932649,6.985278934144012
11.3,1,3,69.56934341520133,44.56105471391426,43.870792863710584,56.50000000000001,36.028521093652195,34.68834215932649,18.108817416491135
11.333333333333334,1,3,54.89314797204319,34.73298839252675,33.496918565933015,56.666666666666664,35.932633569242,34.672214011007085,2.442506191068301
11.333333333333334,2,3,56.507908758986254,35.34646492621159,31.311929559217305,56.666666666666664,35.932633569242,34.672214011007085,3.414719512385069
11.333333333333334,3,3,62.98560450977918,26.80601489006682,27.438011392061412,56.666666666666664,35.932633569242,34.672214011007085,13.249823829475968
11.366666666666667,1,3,53.128597337273845,33.348668106879614,31.992720863321903,56.833333333333336,35.83719207739599,34.655683616528954,5.197036749658556
11.366666666666667,2,3,56.82996979764946,35.854099622888135,34.337574932175826,56.833333333333336,35.83719207739599,34.655683616528954,0.31857544401247156
11.366666666666667,3,3,59.473169467088525,32.11945755243468,31.577625955449736,56.833333333333336,35.83719207739599,34.655683616528954,5.5013383622621586
11.4,3,3,56.92826808107026,35.87104531825371,34.82358384198785,57.00000000000001,35.742207084349275,34.63875142908121,0.23644825981564516
11.4,2,3,57.17493265573459,36.264800445033266,37.266991989298354,57.00000000000001,35.742207084349275,34.63875142908121,2.6853963761508033
11.4,1,3,58.1092235952444,36.275316944223306,35.38714813332461,57.00000000000001,35.742207084349275,34.63875142908121,1.4403752059321864
11.433333333333334,2,3,56.9494675734668,35.09164848251001,31.28934415996977,57.166666666666664,35.64768900627673,34.621417912868324,3.3851251091965677
11.433333333333334,1,3,53.13242673957851,33.04369435346078,31.833589631640223,57.166666666666664,35.64768900627673,34.621417912868324,5.552284796984166
11.433333333333334,3,3,58.26370726602514,34.090277897008086,33.5381497330771,57.166666666666664,35.64768900627673,34.621417912868324,2.1914601044195146
11.466666666666667,2,3,57.314183427895635,35.50920358256843,34.28471086889135,57.333333333333336,35.553648208150726,34.603683543097404,0.32262301609089056
11.466666666666667,1,3,71.403628704113,44.71021234987115,44.243565250787654,57.333333333333336,35.553648208150726,34.603683543097404,19.35828499740318
11.466666666666667,3,3,60.52432979094347,30.837621938921096,30.77880553602312,57.333333333333336,35.553648208150726,34.603683543097404,6.8595228648605655
11.5,1,3,49.174980568324266,30.229227926551374,28.864166117359527,57.49999999999999,35.46009500260454,34.585548805965146,11.375506088723768
11.5,2,3,57.59416278208001,35.641159583212946,35.788682132084936,57.49999999999999,35.46009500260454,34.585548805965146,1.2203199630834598
11.5,3,3,53.713551492901786,41.07595537355726,39.17640959739558,57.49999999999999,35.46009500260454,34.585548805965146,8.182364133258599
11.533333333333333,3,3,53.659394702584045,41.293143783805085,39.15897090632606,57.666666666666664,35.36703964880139,34.56701419864454,8.500764978415283
11.533333333333333,2,3,58.25005874675805,36.57179475576694,42.01904056337947,57.666666666666664,35.36703964880139,34.56701419864454,7.57129302877503
11.533333333333333,1,3,65.68350416987013,40.469639220762474,40.051332354507025,57.666666666666664,35.36703964880139,34.56701419864454,10.971962066069585
11.566666666666666,2,3,57.59136844755496,34.81630040191193,31.78500822751237,57.833333333333336,35.27449235130946,34.5480802292712,2.8112370507209086
11.566666666666666,1,3,46.32680416288863,27.883786824523433,26.687776422570643,57.833333333333336,35.27449235130946,34.5480802292712,15.77362094344833
11.566666666666666,3,3,54.70569357679784,40.11446759434505,38.1805000570782,57.833333333333336,35.27449235130946,34.5480802292712,6.811898751838891
11.6,2,3,57.98577787637676,35.147479673694,34.38320705424121,57.99999999999999,35.18246325898285,34.52874741692947,0.1503599588036874
11.6,3,3,58.940699553439075,33.86985090583629,33.49876102219439,57.99999999999999,35.18246325898285,34.52874741692947,1.915395210606108
11.6,1,3,64.27477677915778,39.023672021929244,38.68003411352765,57.99999999999999,35.18246325898285,34.52874741692947,8.44753748888674
11.633333333333333,1,3,57.16633559598957,34.554909727802304,33.815617986461376,58.166666666666664,35.09096246384859,34.509016291638154,1.3299684193268333
11.633333333333333,3,3,49.177269937673046,48.48124008882043,45.37569894598655,58.166666666666664,35.09096246384859,34.509016291638154,19.447199807051373
11.633333333333333,2,3,58.395706413994226,35.44942717408651,36.53492349146709,58.166666666666664,35.09096246384859,34.509016291638154,2.0700860215605887
11.666666666666666,2,3,58.418662816615054,35.12055406259861,34.72008899058735,58.33333333333333,35.00000000000001,34.488887394336025,0.2743511998065871
11.666666666666666,3,3,50.35991012883369,46.56623351696886,44.00099409987779,58.33333333333333,35.00000000000001,34.488887394336025,16.965653814242454
11.666666666666666,1,3,34.1221873548203,20.013511196009752,18.287301576761216,58.33333333333333,35.00000000000001,34.488887394336025,32.76073593906636
11.7,3,3,60.24253269450993,32.36866653938798,32.32066659097418,58.5,34.90958584249629,34.46836127686697,3.7557001424709906
11.7,1,3,58.41367546999087,34.904803603532415,34.44824646848568,58.5,34.90958584249629,34.46836127686697,0.08876598338902611
11.7,2,3,58.12231801666611,34.35963449176005,30.75642692289864,58.5,34.90958584249629,34.46836127686697,3.771411780339285
11.733333333333333,2,3,58.840199377121735,35.04049489135285,35.69547823124554,58.666666666666664,34.8197299062687,34.447438501964875,1.2792395968308827
11.733333333333333,1,3,48.57343539641371,28.612977373889752,27.78757590408601,58.666666666666664,34.8197299062687,34.447438501964875,13.59230901265971
11.733333333333333,3,3,59.17421813638522,34.14454366333504,33.84022354142153,58.666666666666664,34.8197299062687,34.447438501964875,1.04028600171683
11.766666666666666,1,3,54.56644497893327,32.150730129418406,31.71743232662866,58.83333333333333,34.73044204503323,34.426119643238174,5.674349017785317
11.766666666666666,2,3,58.89769872488416,34.79777581286732,34.75113236352126,58.83333333333333,34.73044204503323,34.426119643238174,0.33809763126357045
11.766666666666666,3,3,53.59682971187929,42.54480227875781,40.92859228251683,58.83333333333333,34.73044204503323,34.426119643238174,11.435355108805537
11.8,3,3,62.32113665802123,29.362402264770417,30.28693272865215,59.00000000000001,34.64173205021003,34.40440528515415,7.4736103683714585
11.8,2,3,59.181634698557225,34.844565210417954,35.77102995040475,59.00000000000001,34.64173205021003,34.40440528515415,1.3934832005701512
11.8,1,3,73.64172657425391,43.472206232929835,44.162487014504265,59.00000000000001,34.64173205021003,34.40440528515415,19.686990384606034
11.833333333333334,2,3,59.66984357113359,35.07717543355421,37.84253375562316,59.166666666666664,34.55360964984973,34.382296023022896,3.535612152536758
11.833333333333334,1,3,48.410317253080464,28.06577310128097,27.484654301958635,59.166666666666664,34.55360964984973,34.382296023022896,14.33068515808882
11.833333333333334,3,3,57.34716928894419,37.188045713990114,36.547532651687895,59.166666666666664,34.55360964984973,34.382296023022896,3.8651097968485972
11.866666666666667,3,3,59.10208220833491,34.937907065111034,34.54703941719487,59.333333333333336,34.466084507566556,34.359792462981005,0.5578127199008787
11.866666666666667,2,3,59.77520958160969,34.94846671636933,37.45505038497672,59.333333333333336,34.466084507566556,34.359792462981005,3.1636322191173667
11.866666666666667,1,3,49.15436312827979,28.40915459011023,27.618337297332317,59.333333333333336,34.466084507566556,34.359792462981005,13.628831652449035
11.9,1,3,73.37064838604525,42.61660177130397,43.51234118483339,59.5,34.3791662214787,34.336895221974956,18.559068934193867
11.9,2,3,59.685629011634674,34.54302684322585,35.58471327478209,59.5,34.3791662214787,34.336895221974956,1.2721471323047566
11.9,3,3,62.366762525696586,29.835096028432034,30.741683324791296,59.5,34.3791662214787,34.336895221974956,6.464708027724404
11.933333333333334,3,3,60.569710330525396,32.83730823959681,33.18257246256711,59.66666666666667,34.29286432315568,34.31360492774415,2.0526484863476013
11.933333333333334,2,3,59.79815509029344,34.41714556862301,35.264847458771776,59.66666666666667,34.29286432315568,34.31360492774415,0.9682961253452398
11.933333333333334,1,3,60.813594104104425,34.94897364016634,35.01858172903139,59.66666666666667,34.29286432315568,34.31360492774415,1.497636228517761
11.966666666666667,1,3,74.75642805946416,42.964077963108316,44.225654085592964,59.833333333333336,34.20718827657321,34.289922218803795,19.952459520468853
11.966666666666667,2,3,59.3498911515262,33.78946107952319,30.927517741299127,59.833333333333336,34.20718827657321,34.289922218803795,3.4225686588656115
11.966666666666667,3,3,66.25764050133775,24.21910989966847,26.105720617767364,59.833333333333336,34.20718827657321,34.289922218803795,14.422710844306357
12.0,3,3,62.231126164551696,30.769280970051184,31.47927811806463,60.0,34.12214747707527,34.265847744427305,4.897408300176542
12.0,1,3,63.11735023801828,35.88635816770974,36.46025642053312,60.0,34.12214747707527,34.265847744427305,4.200683433108243
12.0,2,3,59.91319440072659,34.06209664853391,33.8603743435918,60.0,34.12214747707527,34.265847744427305,0.4189868647807825
12.033333333333333,1,3,51.618506185174944,28.94066052564101,28.529796603806172,60.16666666666667,34.037751250343845,34.24138216462856,11.474911376206064
12.033333333333333,2,3,60.2714151511361,34.14246891378765,34.91119791419914,60.16666666666667,34.037751250343845,34.24138216462856,0.6859964813383315
12.033333333333333,3,3,68.1977209905032,21.411492067635912,23.96592758893619,60.16666666666667,34.037751250343845,34.24138216462856,18.152278678955078
12.066666666666666,3,3,51.192234369036896,48.37274195714598,46.14868662488207,60.33333333333333,33.95400885137626,34.216526150143785,20.828730356058376
12.066666666666666,2,3,60.16546920288382,33.83395441661727,32.98536305757875,60.33333333333333,33.95400885137626,34.216526150143785,1.2483404960551299
12.066666666666666,1,3,59.740942214183484,33.55693219911343,33.71740233064958,60.33333333333333,33.95400885137626,34.216526150143785,0.8704721092639014
12.1,2,3,60.54534114688509,33.91103905250626,34.48876261568609,60.5,33.87092946347024,34.19128038241318,0.3035791129945068
12.1,1,3,72.67180637649543,40.82289924613031,42.03847402310767,60.5,33.87092946347024,34.19128038241318,16.064283437504127
12.1,3,3,54.48785050389486,43.32505234511987,42.09744406592226,60.5,33.87092946347024,34.19128038241318,13.71254189475045
12.133333333333333,3,3,55.87339404875058,41.67189995254362,40.42166948046401,60.66666666666667,33.7885221972169,34.165645553562214,11.14723923654696
12.133333333333333,2,3,60.160284647544884,33.44467232875412,31.6730619329942,60.66666666666667,33.7885221972169,34.165645553562214,2.5666376033354745
12.133333333333333,1,3,69.92699359894509,39.24259881477759,40.19943539326931,60.66666666666667,33.7885221972169,34.165645553562214,12.325064968293507
12.166666666666666,1,3,60.82854105797148,33.66671499798478,34.207040451930176,60.83333333333333,33.70679608950163,34.139622366382675,0.07857899248027966
12.166666666666666,2,3,61.70034727949241,34.277674096886955,38.792654080124755,60.83333333333333,33.70679608950163,34.139622366382675,4.767422680153308
12.166666666666666,3,3,59.67292149966276,35.704088008663696,35.70080379800521,60.83333333333333,33.70679608950163,34.139622366382675,2.788013288439595
12.2,3,3,57.10325175752867,39.883520599650744,39.23503805693178,61.0,33.625760102513105,34.11321153431338,8.976487076386675
12.2,2,3,62.17366837188438,34.314871077810025,40.65819892302652,61.0,33.625760102513105,34.11321153431338,6.685000471342574
12.2,1,3,61.41235231620788,34.04670255543267,34.416083779712,61.0,33.625760102513105,34.11321153431338,0.6625394919434924
12.233333333333333,2,3,60.887933537563505,33.382108383177474,32.918903039425786,61.16666666666666,33.545423122760496,34.08641378142064,1.2113815229307723
12.233333333333333,1,3,59.955156853084475,33.00235905722685,33.41090535103811,61.16666666666666,33.545423122760496,34.08641378142064,1.489626210563488
12.233333333333333,3,3,56.19811554038789,41.37262644229824,40.64051646568349,61.16666666666666,33.545423122760496,34.08641378142064,11.353760350460556
12.266666666666666,3,3,57.43116647014176,39.694201351809035,39.31009241327721,61.33333333333333,33.46579396009895,34.05922984237837,9.032802588552764
12.266666666666666,1,3,55.47116064468195,30.14206070370159,30.442169926672168,61.33333333333333,33.46579396009895,34.05922984237837,7.648228149386006
12.266666666666666,2,3,61.50875005457218,33.564801997430074,35.28793824831553,61.33333333333333,33.46579396009895,34.05922984237837,1.2451096194178952
12.3,1,3,81.23367039584312,44.16987531465201,46.26893488605736,61.5,33.38688134676348,34.03166046244801,25.60159353481769
12.3,2,3,61.385657484786,33.33558670189664,33.31458130753653,61.5,33.38688134676348,34.03166046244801,0.727947708139838
12.3,3,3,58.05733478814621,39.092861526765795,38.68467028676927,61.5,33.38688134676348,34.03166046244801,8.127770543065159
12.333333333333334,3,3,65.01081250556118,27.74178895823789,29.51041678250873,61.66666666666667,33.308693936411416,34.003706397458025,7.89704970173164
12.333333333333334,2,3,62.36484795815669,33.66559699097777,37.84564682293416,61.66666666666667,33.308693936411416,34.003706397458025,3.9211405405893296
12.333333333333334,1,3,61.69262561541931,33.337405307534524,34.13640359030845,61.66666666666667,33.308693936411416,34.003706397458025,0.1382271856130085
12.366666666666667,2,3,62.10361841721085,33.37317951918557,35.290585777878036,61.83333333333334,33.231240303173394,33.97536841378323,1.3501842401781006
12.366666666666667,1,3,50.216753474466294,27.032578562790093,26.650254633971073,61.83333333333334,33.231240303173394,33.97536841378323,15.067369607078776
12.366666666666667,3,3,60.261619967783574,35.943386368584626,36.101168155335834,61.83333333333334,33.231240303173394,33.97536841378323,3.787485145153514
12.4,3,3,63.919765416788984,30.010975477243846,31.260759928687428,62.0,33.154528940713114,33.946647288323774,4.55866411812089
12.4,1,3,57.03549724757487,30.499060122545764,30.968024303048626,62.0,33.154528940713114,33.946647288323774,6.369458148971956
12.4,2,3,62.05934595650601,33.187921275303545,34.17719631568694,62.0,33.154528940713114,33.946647288323774,0.2403951841886913
12.433333333333334,1,3,69.72044505397034,37.219558082374476,38.42840835398302,62.16666666666667,33.07856826129593,33.9175438084838,9.723953083525961
12.433333333333334,2,3,62.02478115258699,33.01754646055829,33.24066210901799,62.16666666666667,33.07856826129593,33.9175438084838,0.6942794785550281
12.433333333333334,3,3,66.39716041833731,26.053093432559738,28.036990443917304,62.16666666666667,33.07856826129593,33.9175438084838,10.091346878670082
12.466666666666667,3,3,66.37196461708311,26.29891046876589,28.144260344026776,62.33333333333333,33.00336659486635,33.88805877214992,9.708320914339321
12.466666666666667,2,3,62.39411114367066,33.030459785934916,34.274921984458615,62.33333333333333,33.00336659486635,33.88805877214992,0.3925444284020379
12.466666666666667,1,3,69.00479755502866,36.503792730610826,38.05443973290821,62.33333333333333,33.00336659486635,33.88805877214992,8.609305912983523
12.5,1,3,61.16115626803832,32.004027550943164,32.967934789124406,62.5,32.928932188134524,33.8581929876693,1.854861392823615
12.5,2,3,61.783815807066176,32.66515489832096,30.84789942573593,62.5,32.928932188134524,33.8581929876693,3.1055378899390615
12.5,3,3,61.015295850392675,35.49786270135508,36.0550456738184,62.5,32.928932188134524,33.8581929876693,3.6918710863540944
12.533333333333333,3,3,58.93915013708407,39.04963559039237,39.128258303632876,62.66666666666667,32.85527320367196,33.827947273827505,8.964251327858035
12.533333333333333,1,3,55.676132899013645,29.139771812644526,29.51403564140637,62.66666666666667,32.85527320367196,33.827947273827505,9.015672271980744
12.533333333333333,2,3,63.162891745325304,33.043633215576506,35.857127492079904,62.66666666666667,32.85527320367196,33.827947273827505,2.097448731416647
12.566666666666666,1,3,63.03936835629311,32.9666339141283,33.981543257873284,62.83333333333333,32.78239771901638,33.79732245982606,0.3321606670099739
12.566666666666666,2,3,62.24997291261393,32.58567609952313,31.666364280055184,62.83333333333333,32.78239771901638,33.79732245982606,2.2181053942431097
12.566666666666666,3,3,67.51267921298796,24.774636379845738,27.03890403624007,62.83333333333333,32.78239771901638,33.79732245982606,11.475919968125579
12.6,2,3,63.437868870978214,32.856497277613215,35.3627802087701,63.0,32.71031372578589,33.76631938525972,1.661862190435783
12.6,3,3,57.237058106479125,42.958482169942414,42.54716780729852,63.0,32.71031372578589,33.76631938525972,14.67445926563309
12.6,1,3,45.23799803404778,23.499266569289514,23.072232174250235,63.0,32.71031372578589,33.76631938525972,22.686903817717553
12.633333333333333,3,3,58.10387737458986,41.18196467407463,40.980738801238765,63.16666666666666,32.63902912880266,33.73493890009342,12.292892229010903
12.633333333333333,1,3,49.3199943260403,25.444776235123967,25.396500230611647,63.16666666666666,32.63902912880266,33.73493890009342,17.6922912323865
12.633333333333333,2,3,63.31972647612427,32.6638819123495,34.11070925018007,63.16666666666666,32.63902912880266,33.73493890009342,0.4065074687204092
12.666666666666666,2,3,64.16030072479363,32.81443510341909,36.995626533729656,63.33333333333333,32.56855174522606,33.703181864639014,3.4036047936560325
12.666666666666666,3,3,64.57222616411013,30.36462951549943,31.875826651094766,63.33333333333333,32.56855174522606,33.703181864639014,3.119512096033722
12.666666666666666,1,3,71.9497371058109,37.0424132521603,38.629195513193515,63.33333333333333,32.56855174522606,33.703181864639014,10.886848084700128
12.7,1,3,58.3071796403639,29.93096567102634,30.618717237977922,63.5,32.49888930369541,33.67104914953168,6.548003143627907
12.7,3,3,65.05170955858424,29.916352368548132,31.374220224196403,63.5,32.49888930369541,33.67104914953168,3.788498738004063
12.7,2,3,63.45453635726456,32.48965850338124,33.62909454175691,63.5,32.49888930369541,33.67104914953168,0.06254869781818484
12.733333333333333,2,3,64.44641367224109,32.672497936568384,36.71511529579313,63.66666666666666,32.43004944348244,33.638541635706034,3.1830947441827235
12.733333333333333,3,3,63.84598920624931,32.09567858584068,33.1971474479421,63.66666666666666,32.43004944348244,33.638541635706034,0.5820560734450232
12.733333333333333,1,3,67.69853827350875,34.47864453305219,36.07162373578339,63.66666666666666,32.43004944348244,33.638541635706034,5.135427830355085
12.766666666666666,3,3,60.56935969053417,38.006253766438256,38.32959450684055,63.83333333333333,32.36203971365358,33.60566021437197,8.051473865951515
12.766666666666666,1,3,76.93882611485101,39.16268415423564,41.473952639454154,63.83333333333333,32.36203971365358,33.60566021437197,16.73059268347172
12.766666666666666,2,3,63.10116553422139,32.18392023029253,30.835242468156576,63.83333333333333,32.36203971365358,33.60566021437197,2.87106438885554
12.8,2,3,64.4627806715805,32.437320835955546,35.40822029092256,64.0,32.294867572242104,33.57240578699029,1.8985978445103107
12.8,1,3,71.13266885064115,35.77754990755444,37.69614092022016,64.0,32.294867572242104,33.57240578699029,8.944788014851863
12.8,3,3,65.14421328603193,30.106451154524805,31.71832086777644,64.0,32.294867572242104,33.57240578699029,3.088044907206308
12.833333333333334,1,3,64.39115863064134,32.23738740850145,33.761744521758125,64.16666666666667,32.22854038543029,33.53877926524791,0.31652553975483916
12.833333333333334,3,3,67.68675403355223,25.994267643036892,28.206015733181452,64.16666666666667,32.22854038543029,33.53877926524791,8.927235775199096
12.833333333333334,2,3,63.95372810436586,32.16687845975871,32.87625609590103,64.16666666666667,32.22854038543029,33.53877926524791,0.6986286383435077
12.866666666666667,2,3,64.42331394026498,32.194842136338394,34.10867693353154,64.33333333333333,32.1630654267416,33.5047815710329,0.6113884834897945
12.866666666666667,3,3,63.3182215884528,34.123383050476015,35.21121067499117,64.33333333333333,32.1630654267416,33.5047815710329,2.7901966467175656
12.866666666666667,1,3,87.78043384164555,43.73358090026123,47.06817995445275,64.33333333333333,32.1630654267416,33.5047815710329,29.45520541902922
12.9,3,3,70.93291835332359,20.578380021564932,23.51558222320812,64.5,32.098449876243095,33.47041363640923,16.528554578741833
12.9,1,3,71.85369578776914,35.80743758826246,37.71709386967954,64.5,32.098449876243095,33.47041363640923,9.26648393893892
12.9,2,3,64.62024322327476,32.124102410181884,33.66662289761868,64.5,32.098449876243095,33.47041363640923,0.231548179490447
12.933333333333334,2,3,65.51160467333236,32.22236585408224,36.22737581179014,64.66666666666667,32.03470081975804,33.43567640359119,2.9227938664836532
12.933333333333334,1,3,60.733493480158785,30.04291666343142,31.22234150644411,64.66666666666667,32.03470081975804,33.43567640359119,4.93314370431142
12.933333333333334,3,3,64.2033606325414,32.88550003694336,34.0421715314686,64.66666666666667,32.03470081975804,33.43567640359119,1.142955873758511
12.966666666666667,1,3,72.9304619660412,35.96954014872702,38.175789812396296,64.83333333333333,31.971825248088855,33.400570824917565,10.215083597297642
12.966666666666667,3,3,61.315607380817724,38.5765058141685,38.77176190606268,64.83333333333333,31.971825248088855,33.400570824917565,9.211183142632914
12.966666666666667,2,3,62.96139894306327,31.595370711861865,27.38733996659495,64.83333333333333,31.971825248088855,33.400570824917565,6.309104669824787
13.0,3,3,64.04666919559222,33.5324913091647,34.89744733107335,65.0,31.909830056250527,33.36509786282552,2.42692481490078
13.0,1,3,69.56048076270767,34.182404472779616,35.93403501869502,65.0,31.909830056250527,33.36509786282552,5.70631381686077
13.0,2,3,65.38280910667031,31.96126490402817,34.30175070939092,65.0,31.909830056250527,33.36509786282552,1.0131667733866414
13.033333333333333,2,3,63.75120202511336,31.60023484424032,28.879362556226724,65.16666666666666,31.848722042714463,33.329258489824234,4.676201434833704
13.033333333333333,1,3,55.54915618995823,27.195508176877,27.85121700950756,65.16666666666666,31.848722042714463,33.329258489824234,12.006575094958947
13.033333333333333,3,3,62.83239068272653,36.209463858121325,36.96758956899971,65.16666666666666,31.848722042714463,33.329258489824234,6.140225288336884
13.066666666666666,2,3,66.45992623088142,31.989285727333833,36.895278062114855,65.33333333333333,31.788507908662964,33.29305368846822,3.779622167276768
13.066666666666666,3,3,63.823383142352284,34.5204173407755,35.57739291439434,65.33333333333333,31.788507908662964,33.29305368846822,3.8680078106971134
13.066666666666666,1,3,66.11226239154908,32.295136517887585,33.74418999240863,65.33333333333333,31.788507908662964,33.29305368846822,1.032921579864979
13.1,1,3,63.57341896483643,30.93846199671482,32.21063331688461,65.5,31.729194257254385,33.2564844513304,2.330402666564621
13.1,3,3,63.35822991330781,35.78792837593557,36.586183642087654,65.5,31.729194257254385,33.2564844513304,5.669867586754185
13.1,2,3,63.54894580777937,31.41806451835125,27.39731578101583,65.5,31.729194257254385,33.2564844513304,6.183305886223602
13.133333333333333,2,3,64.68067712566207,31.503879086383687,30.23319209777957,65.66666666666666,31.670787592899003,33.21955178097488,3.1493456434523064
13.133333333333333,1,3,43.32722499051895,20.920841146586348,20.620713202264163,65.66666666666666,31.670787592899003,33.21955178097488,27.809040553981806
13.133333333333333,3,3,65.30496362987942,32.45477317154955,33.94989390541899,65.66666666666666,31.670787592899003,33.21955178097488,1.1308678495256048
13.166666666666666,1,3,63.81526010645086,30.669524995459035,32.16971292197782,65.83333333333333,31.61329432054576,33.18225668992948,2.4471544638727303
13.166666666666666,2,3,64.07591455593287,31.3652623775458,28.23421001961377,65.83333333333333,31.61329432054576,33.18225668992948,5.256729635004112
13.166666666666666,3,3,68.23962871750312,27.136821133987077,29.30998105175896,65.83333333333333,31.61329432054576,33.18225668992948,6.389333946807336
13.2,3,3,66.58607673192469,30.30621952270505,32.116930110075444,65.99999999999999,31.556720744979852,33.144600200657955,1.7214369165590082
13.2,1,3,62.772680131099555,30.006130540862333,31.303297991900468,65.99999999999999,31.556720744979852,33.144600200657955,4.026203837522375
13.2,2,3,67.66059258940946,31.81276560497611,38.016300598414794,65.99999999999999,31.556720744979852,33.144600200657955,5.153308789878238
13.233333333333333,1,3,61.12981054310755,29.034582982308645,30.34483765527897,66.16666666666666,31.501073070131362,33.10658334553198,6.251458407475302
13.233333333333333,3,3,66.39477672585011,31.220774827360408,32.64699924865396,66.16666666666666,31.501073070131362,33.10658334553198,0.5846527568602966
13.233333333333333,2,3,64.7565512809206,31.33133812959072,29.30672712071563,66.16666666666666,31.501073070131362,33.10658334553198,4.056617147381995
13.266666666666666,2,3,66.48856347329425,31.48981348984016,33.3918925861311,66.33333333333333,31.446357398394934,33.06820716680284,0.36160348300547696
13.266666666666666,1,3,47.26104641512426,22.606067860476486,22.51278796187171,66.33333333333333,31.446357398394934,33.06820716680284,23.52274903144928
13.266666666666666,3,3,62.85843905611716,38.15846822873021,38.926068648930176,66.33333333333333,31.446357398394934,33.06820716680284,9.562523891751841
13.299999999999999,2,3,65.9165986297079,31.314436082271033,31.44542888832469,66.49999999999999,31.392579729960566,33.02947271657287,1.6898693554071103
13.299999999999999,1,3,62.33315845233576,29.518041556480135,30.79342453059889,66.49999999999999,31.392579729960566,33.02947271657287,5.086882477232364
13.299999999999999,3,3,62.00704743964025,40.0663443058314,40.49340861083133,66.49999999999999,31.392579729960566,33.02947271657287,12.293541135932914
13.333333333333334,2,3,64.63227200940847,31.070098400031725,27.690513318196988,66.66666666666667,31.33974596215561,32.99038105676658,5.683315007596433
13.333333333333334,3,3,65.53375685252117,33.56184407742034,34.938699104819236,66.66666666666667,31.33974596215561,32.99038105676658,3.1649878194422763
13.333333333333334,1,3,66.19388534366078,31.10276681177122,32.77169210813042,66.66666666666667,31.33974596215561,32.99038105676658,0.5722815332995589
13.366666666666667,1,3,68.06184632935268,31.81638504668378,33.563624037875826,66.83333333333333,31.287861888798105,32.950933259101575,1.4710441530439793
13.366666666666667,3,3,68.7932098457026,27.20369883950481,29.593869003966894,66.83333333333333,31.287861888798105,32.950933259101575,5.638384890201487
13.366666666666667,2,3,66.47909690991477,31.265931188269505,31.944789850494114,66.83333333333333,31.287861888798105,32.950933259101575,1.0669062554818416
13.4,2,3,67.79567884730363,31.301263983364386,34.85159873496142,67.0,31.236933199561363,32.911130405059154,2.0982518002243777
13.4,1,3,53.545186900569384,25.072333613365043,25.79381854426717,67.0,31.236933199561363,32.911130405059154,16.422253551888417
13.4,3,3,68.91861911626143,27.374975037236077,29.596638884096922,67.0,31.236933199561363,32.911130405059154,5.438903768533252
13.433333333333334,1,3,74.67937325741083,34.512703245342756,36.951418515309726,67.16666666666666,31.18696547935008,32.87097358585467,9.173403012463607
13.433333333333334,2,3,66.91712666461022,31.158278183114078,32.34222628079395,67.16666666666666,31.18696547935008,32.87097358585467,0.5853775586752797
13.433333333333334,3,3,67.66553748747909,30.211643483620364,32.01332468213445,67.16666666666666,31.18696547935008,32.87097358585467,1.3912895936018321
13.466666666666667,2,3,68.36488310627011,31.25449805226248,35.63219058245245,67.33333333333333,31.137964207687855,32.8304639024076,2.9878667073101535
13.466666666666667,3,3,63.76147005114257,38.41267643493841,39.11576813880677,67.33333333333333,31.137964207687855,32.8304639024076,10.255958981980607
13.466666666666667,1,3,52.83577225855426,24.512956740334964,25.180567775996064,67.33333333333333,31.137964207687855,32.8304639024076,17.680240716809177
13.5,1,3,64.748158251289,29.95656475610755,31.442086469601605,67.5,31.08993475811632,32.78960246531138,3.2669496369083957
13.5,3,3,66.68564564331312,32.84363019970098,34.309939607286346,67.5,31.08993475811632,32.78960246531138,2.4596840742986315
13.5,2,3,67.11615559987222,31.06132160786007,31.704310069183343,67.5,31.08993475811632,32.78960246531138,1.1515271690109563
13.533333333333333,1,3,83.30455355237164,38.2232735919232,41.01565035790256,67.66666666666666,31.042882397605872,32.74839039480296,19.090550312942877
13.533333333333333,3,3,67.78399379129858,30.75749064695968,32.48479972641562,67.66666666666666,31.042882397605872,32.74839039480296,0.40582526532015817
13.533333333333333,2,3,67.78903726136537,31.05726865551559,32.72085994807301,67.66666666666666,31.042882397605872,32.74839039480296,0.1262515439933741
13.566666666666666,1,3,59.534663160046996,27.197547714211403,28.25014854060487,67.83333333333333,30.996812285978063,32.706828820732056,10.15698464361092
13.566666666666666,3,3,69.73381241025874,27.012174305363153,29.307232444652026,67.83333333333333,30.996812285978063,32.706828820732056,5.571931090622585
13.566666666666666,2,3,67.42110414060237,30.97720100760468,31.54983694047261,67.83333333333333,30.996812285978063,32.706828820732056,1.2283923316942962
13.6,2,3,68.47650860683709,30.949021091413496,33.65454718454728,68.0,30.951729475339807,32.66491888253023,1.0983769680243975
13.6,3,3,65.73855458928574,35.51691082738428,36.53574281909475,68.0,30.951729475339807,32.66491888253023,6.398303999543631
13.6,1,3,61.823197535960944,28.146499704027654,29.434924991334366,68.0,30.951729475339807,32.66491888253023,7.513658448903409
13.633333333333333,3,3,67.48025349871989,32.37781093460212,33.938694869141955,68.16666666666666,30.907638909529314,32.62266172917959,2.0891414614421357
13.633333333333333,1,3,81.11381149180912,36.90727347178979,39.49302566413667,68.16666666666666,30.907638909529314,32.62266172917959,15.83748952967744
13.633333333333333,2,3,70.56775647724548,31.116024388471665,38.19431532421564,68.16666666666666,30.907638909529314,32.62266172917959,6.070583214928989
13.666666666666666,3,3,68.42776900481239,30.54747829606304,32.406837678345596,68.33333333333333,30.86454542357399,32.580058519181364,0.3734369010898576
13.666666666666666,1,3,63.693445957879035,28.68288949465431,30.128717907133776,68.33333333333333,30.86454542357399,32.580058519181364,5.683066799305139
13.666666666666666,2,3,68.76925534513299,30.88523759081967,33.655083457198,68.33333333333333,30.86454542357399,32.580058519181364,1.1602304872371123
13.7,3,3,68.23095787702573,31.344700103825758,32.9874880204514,68.5,30.82245374316019,32.53711042052406,0.7402465181811042
13.7,1,3,64.893448037848,29.174124437138147,30.613325904876092,68.5,30.82245374316019,32.53711042052406,4.407397579007413
13.7,2,3,68.75898463425777,30.831650517749544,33.10434314929465,68.5,30.82245374316019,32.53711042052406,0.623626963843779
13.733333333333333,2,3,67.88267981955472,30.74731479482869,30.668638983794658,68.66666666666667,30.781368484114996,32.493818610651495,1.9867248678394809
13.733333333333333,1,3,71.51588016991033,31.89185849698428,33.73394097866715,68.66666666666667,30.781368484114996,32.493818610651495,3.2998650189668655
13.733333333333333,3,3,64.76066268555734,39.322434960005985,39.98096077961999,68.66666666666667,30.781368484114996,32.493818610651495,12.010994193004057
13.766666666666666,3,3,69.18513201583949,29.989114707226776,31.66531082574534,68.83333333333333,30.741294151900057,32.45018427643052,1.1426121667444882
13.766666666666666,1,3,81.79122055490735,36.45793618248152,39.13462605635553,68.83333333333333,30.741294151900057,32.45018427643052,15.661053580843435
13.766666666666666,2,3,67.82212263295176,30.684342380726243,30.2404809274342,68.83333333333333,30.741294151900057,32.45018427643052,2.430756975794078
13.799999999999999,3,3,65.04042889093284,39.256576834558054,39.70011977163832,69.0,30.70223514111749,32.40620861411843,11.918729175112926
13.799999999999999,1,3,41.69998889311527,18.825536292392805,18.20523096284255,69.0,30.70223514111749,32.40620861411843,32.98506250155311
13.799999999999999,2,3,71.02193470721843,30.78339251487171,36.669256024357594,69.0,30.70223514111749,32.40620861411843,4.718938408319826
13.833333333333334,2,3,67.65056110192177,30.590330435019045,29.107540029598916,69.16666666666667,30.664195735027985,32.36189282933024,3.59093919624309
13.833333333333334,3,3,66.31141733922271,36.841759041047005,37.833116429730055,69.16666666666667,30.664195735027985,32.36189282933024,8.732068758737173
13.833333333333334,1,3,58.79917648416772,26.26113540027085,27.094123680537223,69.16666666666667,30.664195735027985,32.36189282933024,12.434676706722186
13.866666666666667,2,3,68.09704151386664,30.56521217075717,29.635618031139902,69.33333333333334,30.627180105081088,32.31723813700556,2.953530748095845
13.866666666666667,3,3,69.19311980106426,30.90373222209196,32.51576054192623,69.33333333333334,30.627180105081088,32.31723813700556,0.36817394436604917
13.866666666666667,1,3,56.82664777542033,25.02299893391236,25.824475502272985,69.33333333333334,30.627180105081088,32.31723813700556,15.165091390254515
13.9,1,3,55.88759677689494,24.750158284840616,25.28652879073088,69.5,30.591192310457746,32.27224576137535,16.37728431672261
13.9,2,3,69.24863764570613,30.56672826268107,32.04268204558939,69.5,30.591192310457746,32.27224576137535,0.34129316195206405
13.9,3,3,67.5561523645951,35.129398987436254,35.955365071137365,69.5,30.591192310457746,32.27224576137535,6.159483040205835
13.933333333333334,2,3,69.02700811948506,30.573014734403806,30.998557750244824,69.66666666666667,30.55623629762519,32.226916935928315,1.3850309967564742
13.933333333333334,3,3,69.97561559603577,29.889495878016596,31.77226730514596,69.66666666666667,30.55623629762519,32.226916935928315,0.8641171881571887
13.933333333333334,1,3,58.93987385986381,25.829725667788328,26.748216260410025,69.66666666666667,30.55623629762519,32.226916935928315,12.939093776071147
13.966666666666667,1,3,59.17710559262774,26.030935099941946,26.8413590746066,69.83333333333334,30.522315899904143,32.18125290337709,12.73743134445065
13.966666666666667,2,3,72.68347079839845,30.58505162439644,37.86900489157468,69.83333333333334,30.522315899904143,32.18125290337709,6.362212038288329
13.966666666666667,3,3,71.65165338836289,26.37501138040997,28.68230248406599,69.83333333333334,30.522315899904143,32.18125290337709,5.722680895938266
14.0,3,3,70.60893243739335,29.22709613983119,30.9335173179779,70.0,30.489434837048464,32.135254915624216,1.8462044722616053
14.0,2,3,66.59907850174818,30.340441989441675,25.21694256487226,70.0,30.489434837048464,32.135254915624216,7.710480639264744
14.0,1,3,73.89775890585085,32.127532468827894,33.91644246395928,70.0,30.489434837048464,32.135254915624216,4.5878663256163925
14.033333333333333,2,3,70.71790530781657,30.45204844577596,33.13243269099031,70.16666666666667,30.45759671483723,32.08892423372774,1.1801714804065033
14.033333333333333,1,3,58.824662252301216,25.797037591338235,26.28028027820655,70.16666666666667,30.45759671483723,32.08892423372774,13.568427325269793
14.033333333333333,3,3,72.08787773047497,25.92710542874151,28.29320546775645,70.16666666666667,30.45759671483723,32.08892423372774,6.214811678195509
14.066666666666666,2,3,71.46965954038268,30.434418505476746,34.07985029859142,70.33333333333334,30.426805024679325,32.04226212786672,2.333036812267264
14.066666666666666,3,3,69.26277814241429,33.009621811244116,34.130609395212495,70.33333333333334,30.426805024679325,32.04226212786672,3.4897314049644517
14.066666666666666,1,3,71.93161571722833,31.140531809564543,32.720648360461105,70.33333333333334,30.426805024679325,32.04226212786672,1.8772640684531359
14.1,2,3,68.84131870025153,30.382612365443908,28.718052951610556,70.5,30.397063143230568,31.99526987730636,3.673089061972355
14.1,3,3,70.39473995281156,30.503856736874482,31.980293208649208,70.5,30.397063143230568,31.99526987730636,0.1506945579029305
14.1,1,3,75.78962366882715,32.50820771247815,34.34580085436252,70.5,30.397063143230568,31.99526987730636,6.161334743720758
14.133333333333333,1,3,61.232982561347086,26.531973933563144,27.216918261714955,70.66666666666667,30.36837433202342,31.947948770362945,11.22920359998979
14.133333333333333,2,3,69.71506310201673,30.348505533403348,30.056485158730357,70.66666666666667,30.36837433202342,31.947948770362945,2.117446270284863
14.133333333333333,3,3,69.47615468398128,33.15687576314325,34.307764340749095,70.66666666666667,30.36837433202342,31.947948770362945,3.8421073043984255
14.166666666666666,3,3,69.16738312705816,34.42001607770222,35.3083150150574,70.83333333333333,30.34074173710932,31.900300104368533,5.5704968240800214
14.166666666666666,2,3,71.45962686568325,30.37344283249872,33.179538679226795,70.83333333333333,30.34074173710932,31.900300104368533,1.4246979615723476
14.166666666666666,1,3,72.50273223554301,30.923165421134435,32.88794750044224,70.83333333333333,30.34074173710932,31.900300104368533,2.02523021441599
14.2,1,3,92.39545689781957,39.14617827734375,42.15174722631813,71.0,30.31416838871369,31.852325185635358,25.334720620354513
14.2,2,3,73.55979566642331,30.380103792732935,36.57796315534341,71.0,30.31416838871369,31.852325185635358,5.374807489770141
14.2,3,3,77.06518764237975,15.037578490648613,18.878441253971904,71.0,30.31416838871369,31.852325185635358,20.93997049480288
14.233333333333333,3,3,70.57425370564106,31.834287920018127,33.06746065064151,71.16666666666667,30.288657200903643,31.80402532942006,2.082353535586942
14.233333333333333,1,3,75.31161224177713,32.11717386230491,33.923161122977206,71.16666666666667,30.288657200903643,31.80402532942006,5.001478132830818
14.233333333333333,2,3,69.74710860232915,30.242804646724725,29.112799430544456,71.16666666666667,30.288657200903643,31.80402532942006,3.043015674216817
14.266666666666666,1,3,62.99336930063402,26.873549665212117,27.581310997375848,71.33333333333333,30.264210971268398,31.7554018598876,9.923437846210831
14.266666666666666,3,3,74.727869347979,21.50574201814192,24.29540362692195,71.33333333333333,30.264210971268398,31.7554018598876,11.99521682978084
14.266666666666666,2,3,68.86428578181844,30.240297375012105,27.142911303359757,71.33333333333333,30.264210971268398,31.7554018598876,5.231810088849374
14.299999999999999,1,3,70.6154972770432,29.92456587611401,31.320966638887274,71.5,30.240832380612527,31.70645611007495,1.015367766468018
14.299999999999999,3,3,71.18166758243801,31.048124996139208,32.39063763221053,71.5,30.240832380612527,31.70645611007495,1.1050616500388233
14.299999999999999,2,3,73.12258337219129,30.267905476180726,34.49822086520129,71.5,30.240832380612527,31.70645611007495,3.229157815929864
14.333333333333334,3,3,73.30597225950096,25.973228185168118,28.06787206901726,71.66666666666667,30.218523992661943,31.657189421854564,5.7959518958667555
14.333333333333334,1,3,59.54842750913034,25.266898790562,25.80041577790374,71.66666666666667,30.218523992661943,31.657189421854564,14.341272953883667
14.333333333333334,2,3,74.1530627331815,30.303683332025823,36.0753044550258,71.66666666666667,30.218523992661943,31.657189421854564,5.070419899672509
14.366666666666667,2,3,71.28990786153385,30.194629736988094,30.631256747924247,71.83333333333334,30.19728825378278,31.607603145897592,1.1173945587605012
14.366666666666667,3,3,71.66582506187285,30.677628986949045,32.07039491427711,71.83333333333334,30.19728825378278,31.607603145897592,0.68772266345252
14.366666666666667,1,3,75.4137112115067,31.715109216141443,33.324572462328625,71.83333333333334,30.19728825378278,31.607603145897592,4.250984575113645
14.4,1,3,83.44480411009125,34.92645922160644,37.108325855324914,72.0,30.17712749271311,31.55769864163684,13.577523907353992
14.4,3,3,69.5722189970186,36.8015749784372,37.0661181804036,72.0,30.17712749271311,31.55769864163684,8.950983795350153
14.433333333333334,3,3,75.16633144035329,21.977327483836504,24.54551191272538,72.16666666666667,30.15804392030758,31.50747727722949,11.153074549423547
14.433333333333334,1,3,61.127468657594726,25.716680315234168,26.438428917569972,72.16666666666667,30.15804392030758,31.50747727722949,12.933864643969935
14.466666666666667,3,3,71.95452942988813,31.102026889003852,32.14949754101566,72.33333333333334,30.14003962929495,31.45694042951963,1.2444063796812133
14.466666666666667,1,3,69.4769622336035,29.090158520193587,30.145289169870946,72.33333333333334,30.14003962929495,31.45694042951963,3.3138399523147997
14.5,3,3,72.57821333480766,29.740293109904385,31.075679472089757,72.5,30.123116594048625,31.406089484000464,0.5117049166510943
14.5,1,3,87.45620939540919,36.30196642226667,38.48796724533077,72.5,30.123116594048625,31.406089484000464,17.66407023608718
14.533333333333333,3,3,75.88054889526686,21.017569728936287,23.84530469238525,72.66666666666667,30.10727667037012,31.354925834776346,12.22072915020662
14.533333333333333,1,3,65.95503470849337,27.42277177804011,28.111493307046466,72.66666666666667,30.10727667037012,31.354925834776346,7.922905061961372
14.566666666666666,1,3,75.40131231296078,31.021853680571795,32.555768730830934,72.83333333333333,30.092521595285564,31.303450884524572,3.004409118733386
14.566666666666666,3,3,71.79594608149014,33.15851666628155,33.93276828579312,72.83333333333333,30.092521595285564,31.303450884524572,4.170108881344947
14.6,1,3,58.97160458406403,24.619303928883685,24.73595293971433,73.0,30.078852986855225,31.251666044456893,16.402959218554596
14.6,3,3,72.92365840943759,30.26559202679738,31.350610550554514,73.0,30.078852986855225,31.251666044456893,0.22469873781358346
14.633333333333333,1,3,61.89990431827831,25.595007920387424,26.070475512984768,73.16666666666667,30.066272343996033,31.19957273428087,13.162058261016666
14.633333333333333,3,3,73.97430055646755,27.60863447196416,29.23068397378033,73.16666666666667,30.066272343996033,31.19957273428087,3.250965912036855
14.666666666666666,3,3,74.56197591426249,26.709326507919865,28.242862560646213,73.33333333333333,30.054781046317267,31.147172382160917,4.597460625117177
14.666666666666666,1,3,66.25280358567096,27.314516171192256,27.89366681460542,73.33333333333333,30.054781046317267,31.147172382160917,8.260039441279334
14.7,1,3,102.83056891437892,41.763108372530205,44.85234985053063,73.5,30.0443803539692,31.094466424679148,34.4512730617238
14.7,3,3,68.47368577042855,45.17634547277999,43.79170427505792,73.5,30.0443803539692,31.094466424679148,20.38283719506169
14.733333333333333,1,3,68.2001053858991,27.80310327673877,28.32508162228676,73.66666666666666,30.035071407504958,31.041456306796015,6.4995127047945385
14.733333333333333,3,3,74.25289631087966,28.18739848203591,29.47760885419014,73.66666666666666,30.035071407504958,31.041456306796015,2.490618254628224
14.766666666666666,3,3,76.55635486767126,21.5204357427505,23.992561936693445,73.83333333333333,30.02685522775542,30.98814348181068,11.345139042150356
14.766666666666666,1,3,66.58703992161804,27.234475966728393,27.674403349539343,73.83333333333333,30.02685522775542,30.98814348181068,8.443164324488057
14.799999999999999,3,3,75.33150363432381,25.60304594435225,27.341720457285934,74.0,30.019732715717282,30.934529411321172,5.847076204802206
14.799999999999999,1,3,66.29068150545532,26.86625235166983,27.5179150821725,74.0,30.019732715717282,30.934529411321172,9.002848634232693
14.833333333333334,3,3,74.70130541526352,28.305610532890995,29.4438875406946,74.16666666666667,30.01370465245426,30.880615565184314,2.2951277805695085
14.833333333333334,1,3,71.87115836844126,29.198794156232236,29.82025554336,74.16666666666667,30.01370465245426,30.880615565184314,2.6566521864854313
14.866666666666667,3,3,74.97155622011026,28.221773376457364,29.356312830566363,74.33333333333334,30.008771699011415,30.82640342147543,2.4003870111913663
14.866666666666667,1,3,83.45887663579397,33.50924056191222,34.80293298052401,74.33333333333334,30.008771699011415,30.82640342147543,10.551853399247413
14.9,3,3,74.6441631304849,29.69349283713266,30.410415442007686,74.5,30.004934396342684,30.771894466447833,0.49844351546045534
14.9,1,3,77.13481840870043,31.05161736244551,31.91873926812967,74.5,30.004934396342684,30.771894466447833,3.0582783191693172
14.933333333333334,1,3,103.41436175737965,41.23340468672709,43.26808652447212,74.66666666666667,30.002193165251544,30.717090194492048,33.318127110386946
14.933333333333334,3,3,76.13727193878394,25.121577666429065,26.697394422009648,74.66666666666667,30.002193165251544,30.717090194492048,6.491613175246826
14.966666666666667,3,3,74.14414099797875,32.49238137498933,32.78945196341489,74.83333333333333,30.00054830634488,30.66199210809489,3.348179139935573
14.966666666666667,1,3,77.84600520538582,31.096456138705236,31.99864504958611,74.83333333333333,30.00054830634488,30.66199210809489,3.4733048918403613
15.0,3,3,75.69224787881785,27.596993030578446,28.962971184880722,75.0,30.0,30.606601717798213,2.992519164442396
15.0,1,3,95.2334270246925,37.803887137742045,39.889576052408515,75.0,30.0,30.606601717798213,23.58952810293598
15.033333333333333,3,3,76.990412329799,23.66072746213539,25.415883064207986,75.16666666666667,30.00054830634488,30.550920542157556,8.359903497075415
15.033333333333333,1,3,79.05255296945415,31.42266391830098,32.385516188287504,75.16666666666667,30.00054830634488,30.550920542157556,4.526396619471123
15.066666666666666,1,3,83.97129006774651,33.313588996840295,34.11608603064884,75.33333333333333,30.002193165251544,30.494950107700483,9.934398032670344
15.066666666666666,3,3,76.37298391229727,26.21045216410487,27.412823282309702,75.33333333333333,30.002193165251544,30.494950107700483,4.995766098799093
15.1,1,3,54.92831326868907,22.231990682877502,21.44824759654441,75.5,30.004934396342684,30.438691948884717,23.757967897032355
15.1,3,3,75.95324342392409,28.254881277513675,28.936515745097722,75.5,30.004934396342684,30.438691948884717,2.3504571613363816
15.133333333333333,3,3,74.63620807869164,33.896881598882246,33.62799609325058,75.66666666666666,30.008771699011415,30.38214760805611,5.168633850820183
15.133333333333333,1,3,73.86022071084685,29.33152665105736,29.556681692450663,75.66666666666666,30.008771699011415,30.38214760805611,2.098404590183308
15.166666666666666,3,3,75.27635890080656,32.33951558874386,32.04415294828932,75.83333333333333,30.01370465245426,30.325318635406312,2.9451669604619766
15.166666666666666,1,3,74.80686396182305,29.61815374507081,29.99923571900215,75.83333333333333,30.01370465245426,30.325318635406312,1.1473578166165987
15.2,1,3,72.55688692657638,28.615968773628794,28.687955257351774,76.0,30.019732715717282,30.268206588930333,4.040145432090812
15.2,3,3,76.4091039591612,28.493860234389217,28.965088098350563,76.0,30.019732715717282,30.268206588930333,2.0478697905791114
15.233333333333333,1,3,44.972962145577995,18.280265505184396,16.875428320001564,76.16666666666666,30.02685522775542,30.21081303438377,35.90072502526901
15.233333333333333,3,3,76.18089345617173,30.114004982376755,30.300311632332438,76.16666666666666,30.02685522775542,30.21081303438377,0.12572780243429973
15.266666666666666,3,3,75.97048742568796,31.051553069417395,30.88322646571185,76.33333333333333,30.035071407504958,30.15313954523991,1.3030422223180105
15.266666666666666,1,3,89.10316991371111,34.8596848534269,35.69817247566645,76.33333333333333,30.035071407504958,30.15313954523991,14.734076536778279
15.299999999999999,1,3,70.75728196349539,28.053508059461283,27.78645341679573,76.49999999999999,30.0443803539692,30.095187702646605,6.501741070090211
15.299999999999999,3,3,74.31670950196704,39.377909261009044,37.721421816460825,76.49999999999999,30.0443803539692,30.095187702646605,12.24912103034553
15.333333333333334,1,3,70.27406503292055,27.587904417051377,27.299674501068353,76.66666666666667,30.054781046317267,30.03695909538287,7.378588137446314
15.333333333333334,3,3,77.45953127685598,27.200662303748196,27.81400664415303,76.66666666666667,30.054781046317267,30.03695909538287,3.70353151562174
15.366666666666667,3,3,76.39880580479084,32.255533052688506,31.65770131923299,76.83333333333333,30.066272343996033,29.978455319815417,2.793124370708515
15.366666666666667,1,3,73.07711423945537,28.769399278417616,28.296555451616985,76.83333333333333,30.066272343996033,29.978455319815417,4.3150722816752465
15.4,3,3,76.2157194853936,33.43684807738448,32.54079629419995,77.0,30.07885298685522,29.919677979854775,4.331453355561569
15.4,1,3,73.61916181810142,29.001892551331,28.362325868675782,77.0,30.07885298685522,29.919677979854775,3.8749524113286213
15.433333333333334,3,3,78.0950187486942,25.757126534579918,26.326215245247717,77.16666666666667,30.092521595285564,29.860628686911433,5.670058756063196
15.433333333333334,1,3,83.24001896164904,32.368545407991505,32.29042389066671,77.16666666666667,30.092521595285564,29.860628686911433,6.9260231899095075
15.466666666666667,1,3,58.46295156808391,22.98319601819887,21.807761029856444,77.33333333333333,30.10727667037012,29.801309059851583,21.696558326442876
15.466666666666667,3,3,77.1455516494215,31.03611903449997,30.41159336464297,77.33333333333333,30.10727667037012,29.801309059851583,1.1271455233863086
15.5,3,3,77.29259406856573,30.845315013705495,30.354236440894983,77.5,30.12311659404862,29.741720724952756,0.9694138847908148
15.5,1,3,63.48871652584006,25.04175799122672,24.071974003704387,77.5,30.12311659404862,29.741720724952756,15.946231458462094
15.533333333333333,3,3,78.15448617629481,27.974461866818146,28.01502334426369,77.66666666666666,30.140039629294947,29.681865315859262,2.775978580173215
15.533333333333333,1,3,82.02091383836297,31.886030631583377,31.40048307176901,77.66666666666666,30.140039629294947,29.681865315859262,4.996158524629275
15.566666666666666,3,3,77.27789144896266,32.73725880631515,31.67968464372041,77.83333333333333,30.15804392030758,29.621744473537372,3.3460398771038653
15.566666666666666,1,3,79.98573979446071,31.04142523955103,30.56872844187135,77.83333333333333,30.15804392030758,29.621744473537372,2.511970295479781
15.6,3,3,77.12074308810264,34.88332060842927,33.26061146452237,78.0,30.17712749271311,29.561359846230346,6.050273456214159
15.6,1,3,72.18656027990602,28.13957051907743,27.424443068229976,78.0,30.17712749271311,29.561359846230346,6.52028627562297
15.633333333333333,1,3,69.4008987823504,26.920270726571022,26.08161086496894,78.16666666666666,30.19728825378278,29.500713089413253,9.963322262004954
15.633333333333333,3,3,77.23718410505032,35.407626971096626,33.502675078166895,78.16666666666666,30.19728825378278,29.500713089413253,6.6353046004624066
15.666666666666666,1,3,65.58450031760216,25.586875757537218,24.218052450118947,78.33333333333333,30.218523992661943,29.43980586574756,14.534497492880861
15.666666666666666,3,3,78.40128636531168,29.31074968753952,28.77256106792345,78.33333333333333,30.218523992661943,29.43980586574756,1.1286662145288493
15.7,1,3,77.54637713751988,29.96904232695371,29.110513484874478,78.49999999999999,30.240832380612524,29.37863984503558,1.0272089087064264
15.7,3,3,78.34408077213847,31.171512157278677,29.972216559632216,78.49999999999999,30.240832380612524,29.37863984503558,1.1148134231447113
15.733333333333333,3,3,76.69174624803131,40.9952230995952,37.63235129412254,78.66666666666666,30.264210971268398,29.31721670417466,13.718469127682853
15.733333333333333,1,3,96.8441521172134,36.86951871196149,36.71354788663614,78.66666666666666,30.264210971268398,29.31721670417466,20.706443021792772
15.766666666666666,3,3,79.6611864095904,25.190344556583465,25.42595754932428,78.83333333333333,30.28865720090364,29.25553812711123,6.429916013204704
15.766666666666666,1,3,62.45251765766455,24.33519538911708,22.709388051562513,78.83333333333333,30.28865720090364,29.25553812711123,18.61791907158916
15.799999999999999,3,3,78.80432631278074,31.270897552770876,30.0415302595613,78.99999999999999,30.31416838871369,29.19360580479465,1.2932883538557263
15.799999999999999,1,3,102.74946703466375,38.96173016790572,38.39137482631444,78.99999999999999,30.31416838871369,29.19360580479465,26.896402438407126
15.833333333333334,1,3,92.30388287406002,35.284271708153014,34.285498632257855,79.16666666666667,30.34074173710932,29.131421435130807,14.952907744260004
15.833333333333334,3,3,78.4799674084449,34.42382843889018,32.221454287134065,79.16666666666667,30.34074173710932,29.131421435130807,5.166377445750692
15.866666666666667,1,3,72.24591516193384,27.898217897659325,26.144410791428356,79.33333333333333,30.368374332023418,29.068986722935627,8.055204126877584
15.866666666666667,3,3,79.27473677226872,31.077204394811886,29.57349666266622,79.33333333333333,30.368374332023418,29.068986722935627,0.8720114071319642
15.9,1,3,91.68244870063843,35.09337007327474,33.979616073561594,79.5,30.397063143230568,29.00630337988826,13.971442097146603
15.9,3,3,78.95949735718375,33.323026122166745,31.36575513615935,79.5,30.397063143230568,29.00630337988826,3.7974221586712154
15.933333333333334,3,3,79.61289846751643,31.154870941732163,29.63492212830409,79.66666666666666,30.426805024679325,28.94337312448424,1.0055898883233052
15.933333333333334,1,3,56.60310175245216,21.867952423340594,19.812343409832028,79.66666666666666,30.426805024679325,28.94337312448424,26.24038277261767
15.966666666666667,1,3,52.372281606177985,20.468830436507012,18.231541196720393,79.83333333333333,30.45759671483723,28.880197681988292,31.10110446054684
15.966666666666667,3,3,79.4354809019889,33.980148844093094,31.401594148870533,79.83333333333333,30.45759671483723,28.880197681988292,4.350183927566505
16.0,3,3,79.20729108120044,36.37317143695292,33.21454277229576,80.0,30.489434837048464,28.816778784387097,7.388306429781181
16.0,1,3,59.46157621548573,22.991039237130106,20.923121081821424,80.0,30.489434837048464,28.816778784387097,23.245701109031987
16.03333333333333,1,3,73.6172695955976,28.143263439814234,26.231427698631787,80.16666666666666,30.52231589990414,28.753118170341768,7.410358657818163
16.03333333333333,3,3,80.33232360857403,29.507524186140877,28.00081440360155,80.16666666666666,30.52231589990414,28.753118170341768,1.2740507847712366
16.066666666666666,3,3,80.22020587412169,31.412730948411948,29.428861961377457,80.33333333333333,30.55623629762519,28.68921758514018,1.1373015045068042
16.066666666666666,1,3,75.10540265355029,28.639675808480227,26.721970307587323,80.33333333333333,30.55623629762519,28.68921758514018,5.905465701552038
16.1,1,3,72.18310483753032,27.56716918649275,25.512575404001627,80.5,30.591192310457746,28.625078780649176,9.380998788371572
16.1,3,3,80.46795274517038,30.364550194596575,28.390795773370662,80.5,30.591192310457746,28.625078780649176,0.32753962008222337
16.133333333333333,1,3,82.35652582121617,31.01564692388168,29.142372015385067,80.66666666666666,30.627180105081084,28.560703515266475,1.828898213557564
16.133333333333333,3,3,80.91976164898453,28.762869617535927,27.213820507685742,80.66666666666666,30.627180105081084,28.560703515266475,2.3138289695124548
16.166666666666668,3,3,80.86194454684606,30.589751332815382,28.4114728956814,80.83333333333333,30.66419573502798,28.49609355387249,0.11628080818499673
16.166666666666668,1,3,46.06743773345554,18.128853294967293,15.56932205325721,80.83333333333333,30.66419573502798,28.49609355387249,39.152314470287806
16.2,1,3,89.10959101688294,33.83842165670076,31.183810883390898,81.0,30.702235141117484,28.43125066778196,9.120182019136902
16.2,3,3,81.6209341733468,25.44942391400703,24.698964704083433,81.0,30.702235141117484,28.43125066778196,6.473603598468825
16.233333333333334,3,3,80.94713952946843,34.15107351121699,30.903919828690647,81.16666666666667,30.741294151900057,28.36617663469535,4.256163526212276
16.233333333333334,1,3,57.86906265030027,22.39323559864005,19.744107392076664,81.16666666666667,30.741294151900057,28.36617663469535,26.207031738382366
16.266666666666666,1,3,70.43249969836756,26.972763091541772,24.223228084616185,81.33333333333333,30.781368484114992,28.30087323865017,12.245849867434908
16.266666666666666,3,3,80.57841239248765,38.59803545707399,34.025573561445064,81.33333333333333,30.781368484114992,28.30087323865017,9.718147044518481
16.3,3,3,80.76108249716945,38.66132741245387,33.937547886151364,81.5,30.82245374316019,28.235342269971973,9.721578491599136
16.3,1,3,74.6958367089077,28.28661036278404,25.74417547624345,81.5,30.82245374316019,28.235342269971973,7.676786550101619
16.333333333333332,1,3,62.491597690885456,23.874314778838073,21.17932603618179,81.66666666666667,30.86454542357399,28.169585525225408,21.57337067814709
16.333333333333332,3,3,81.21999586856484,36.68596672971233,32.504428013577765,81.66666666666667,30.86454542357399,28.169585525225408,7.271816844796296
16.366666666666667,3,3,82.16500267167612,26.45162486864346,24.91224848858441,81.83333333333334,30.907638909529314,28.103604807164828,5.490976309793348
16.366666666666667,1,3,58.98112198251437,22.742216838237137,19.73197425747023,81.83333333333334,30.907638909529314,28.103604807164828,25.67064236215029
16.4,1,3,65.14132471430065,24.999799420568756,21.894925636477186,82.0,30.951729475339803,28.037401924684957,18.904243405032947
16.4,3,3,81.34198862996672,37.98509902506407,33.028822474311525,82.0,30.951729475339803,28.037401924684957,8.64959798426008
16.433333333333334,3,3,82.40869109538153,27.69650251945096,25.603226180512422,82.16666666666667,30.99681228597806,27.970978692771247,4.069013681279149
16.433333333333334,1,3,81.92528616841463,30.951310357748167,27.986014557410655,82.16666666666667,30.99681228597806,27.970978692771247,0.24609154319987686
16.466666666666665,1,3,92.33193107572835,34.456924684217,31.51279062917256,82.33333333333333,31.042882397605872,27.904336932450164,11.164612829399204
16.466666666666665,3,3,82.31388557829987,30.84706195283961,27.65687751312555,82.33333333333333,31.042882397605872,27.904336932450164,0.3161645552189126
16.5,3,3,81.95208647653207,39.6455502484246,33.88236487604201,82.5,31.08993475811632,27.837478470739235,10.489967459445063
16.5,1,3,91.96423233092762,34.87152785029416,31.158372869409654,82.5,31.08993475811632,27.837478470739235,10.719164124860821
16.53333333333333,1,3,65.71260314858276,24.992022852879202,21.945553313532614,82.66666666666666,31.13796420768785,27.77040514059696,18.951035953720986
16.53333333333333,3,3,82.96925282118993,26.229960445074497,24.180084253950227,82.66666666666666,31.13796420768785,27.77040514059696,6.088551829772644
16.566666666666666,3,3,82.69746940353762,35.138612888389154,30.38638133707156,82.83333333333334,31.18696547935008,27.70311878087255,4.778480323103194
16.566666666666666,1,3,69.21674179750289,26.39463671280619,23.14173927269256,82.83333333333334,31.18696547935008,27.70311878087255,15.138829646902625
16.6,1,3,67.2853361312593,25.49223855040555,21.96449785115464,83.0,31.236933199561367,27.635621236255567,17.666743264353578
16.6,3,3,83.00870668010037,32.57138174417072,28.517011507142573,83.0,31.236933199561367,27.635621236255567,1.5992740647252013
16.633333333333333,3,3,83.23984504128796,30.62186760257964,27.018469569390625,83.16666666666667,31.287861888798105,27.56791435722529,0.8664831439021399
16.633333333333333,1,3,90.85387190304444,34.191313804624954,30.311294206639083,83.16666666666667,31.287861888798105,27.56791435722529,8.66309935138008
16.666666666666668,1,3,48.06462125685232,18.689622742702404,15.399771000886826,83.33333333333334,31.339745962155614,27.5,39.37414393776768
16.666666666666668,3,3,83.50264233853311,27.25707632569658,24.66931541340054,83.33333333333334,31.339745962155614,27.5,4.970878406128843
16.7,3,3,83.45424897074378,33.328663684890024,28.845862078427682,83.5,31.39257972996056,27.431880026486116,2.3978864611207524
16.7,1,3,104.88294170812487,39.30294367745071,34.98205241680915,83.5,31.39257972996056,27.431880026486116,24.016851521346727
16.733333333333334,1,3,75.17899188898771,28.50269646292461,24.47691344344059,83.66666666666667,31.44635739839493,27.363556304227114,9.43601980924115
16.733333333333334,3,3,83.78527621479967,29.29869344385262,25.847117156276195,83.66666666666667,31.44635739839493,27.363556304227114,2.631751579459341
16.766666666666666,3,3,83.6125394778074,36.419983630319926,30.602339260257914,83.83333333333333,31.501073070131355,27.295030706352364,5.931502414777344
16.766666666666666,1,3,70.17350028991218,26.462914035607692,22.579440345585173,83.83333333333333,31.501073070131355,27.295030706352364,15.303949741222134
16.8,1,3,90.01676654211741,33.609488058384215,29.192975982049532,84.00000000000001,31.55672074497985,27.22630511152573,6.654556903227408
16.8,3,3,83.86567814674487,37.24188533135883,31.217426322232743,84.00000000000001,31.55672074497985,27.22630511152573,6.947531018501105
16.833333333333332,3,3,84.34276698485928,25.224750292625444,22.634671642683934,84.16666666666666,31.613294320545755,27.157381403894128,7.8293939550191105
16.833333333333332,1,3,102.36918866135436,38.20513580371855,33.305147756235876,84.16666666666666,31.613294320545755,27.157381403894128,20.31204598826402
16.866666666666667,1,3,90.38397684166662,33.955303176645955,29.068170605963374,84.33333333333334,31.670787592899003,27.08826147303581,6.763825728976784
16.866666666666667,3,3,84.38584743116226,29.37067004238284,25.370859500546455,84.33333333333334,31.670787592899003,27.08826147303581,2.8710221196942363
16.9,3,3,84.60022490549093,30.209057323803265,26.033625412819116,84.5,31.72919425725438,27.0189472139086,1.8143098907918278
16.9,1,3,103.09450040003365,38.68688934711631,33.410767007119524,84.5,31.72919425725438,27.0189472139086,20.857140896086968
16.933333333333334,1,3,87.06333085053554,32.697602282101116,27.704009075900622,84.66666666666667,31.78850790866296,26.949440526797925,2.6720451877450855
16.933333333333334,3,3,84.77165679396359,26.214367603310695,23.209080553296186,84.66666666666667,31.78850790866296,26.949440526797925,6.713594849404931
16.966666666666665,3,3,84.81983158301982,26.554226071891982,23.366817797383472,84.83333333333333,31.848722042714456,26.879743317264726,6.353937014997074
16.966666666666665,1,3,106.88972118623109,39.76697668899358,34.14165841706902,84.83333333333333,31.848722042714456,26.879743317264726,24.534025610925372
17.0,1,3,107.45456442056515,39.97976861703961,34.043009316710126,85.0,31.909830056250524,26.8098574960932,24.932907109928333
17.0,3,3,85.00668133643902,32.33771565391716,27.077100549782333,85.0,31.909830056250524,26.8098574960932,0.5045290622870365
17.03333333333333,3,3,85.11915744462999,31.03351874093123,26.0135788058872,85.16666666666666,31.971825248088848,26.739784979238454,1.1874559502425064
17.03333333333333,1,3,83.36744430046386,31.337381797905746,26.142681162766802,85.16666666666666,31.971825248088848,26.739784979238454,1.9990629260154986
17.066666666666666,1,3,111.42107005857461,41.581469152982855,35.08011360815438,85.33333333333333,32.03470081975803,26.669527687773915,29.024967675742023
17.066666666666666,3,3,85.28737489540778,24.223317426911116,21.43264721626212,85.33333333333333,32.03470081975803,26.669527687773915,9.404506353922184
17.1,3,3,85.42229357112073,29.526720570129086,24.930966872438134,85.50000000000001,32.0984498762431,26.599087547838725,3.0663425282759538
17.1,1,3,88.50372492366397,33.18498912452519,27.554914637813983,85.50000000000001,32.0984498762431,26.599087547838725,3.334147024506866
17.133333333333333,1,3,87.21858589968566,32.72502454515595,27.166414263062855,85.66666666666667,32.1630654267416,26.528466490584915,1.7695278231756766
17.133333333333333,3,3,85.76414858198109,34.661669052098176,28.11162133280916,85.66666666666667,32.1630654267416,26.528466490584915,2.9595442309444295
17.166666666666668,3,3,85.72265410804765,26.498482694313243,22.64492712440954,85.83333333333334,32.22854038543029,26.45766645212443,6.883515977721216
17.166666666666668,1,3,68.9464913008378,26.04181714803177,21.034684207708025,85.83333333333334,32.22854038543029,26.45766645212443,18.78429436177682
17.2,1,3,80.72968910111553,30.187999145384854,24.733250722875677,86.0,32.294867572242104,26.386689373476095,5.911762081671399
17.2,3,3,85.92879143065817,27.924223542640576,23.43206321857392,86.0,32.294867572242104,26.386689373476095,5.276117474911946
17.233333333333334,3,3,86.39634060342148,40.018225963532835,31.18637602260942,86.16666666666667,32.36203971365357,26.315537200512367,9.077169649230564
17.233333333333334,1,3,100.53555535914023,37.54403604648386,30.958423730552287,86.16666666666667,32.36203971365357,26.315537200512367,15.964787614653295
17.266666666666666,1,3,61.92389527456969,23.723233659667173,18.5031916031213,86.33333333333333,32.43004944348243,26.24421188390602,27.04723095670671
17.266666666666666,3,3,86.46591807008573,38.724710487466936,30.390961322679196,86.33333333333333,32.43004944348243,26.24421188390602,7.5389566439290165
17.3,3,3,86.26283260812865,24.68304886978161,21.161317816960334,86.5,32.49888930369541,26.17271537907663,9.287503194387284
17.3,1,3,98.61923611722962,36.86464952866727,29.984370750152745,86.5,32.49888930369541,26.17271537907663,13.433706230038032
17.333333333333332,1,3,93.1799827263069,34.992748134622204,28.114268632076836,86.66666666666666,32.56855174522605,26.101049646137007,7.235541784308724
17.333333333333332,3,3,86.37135027627997,26.085950284211822,21.86575637134956,86.66666666666666,32.56855174522605,26.101049646137007,7.749131731764188
17.366666666666667,3,3,87.00236513508898,34.50046884128994,27.12982128567498,86.83333333333334,32.63902912880266,26.029216649839398,2.1690689517975765
17.366666666666667,1,3,91.9940239534027,34.594339045561355,27.7564537857463,86.83333333333334,32.63902912880266,26.029216649839398,5.782673488128363
17.4,1,3,45.36430771919643,17.73006989015115,12.939754014814925,86.99999999999999,32.71031372578588,25.957218359521715,46.123670225195106
17.4,3,3,86.71430536353334,26.949907307962008,22.259042848093298,86.99999999999999,32.71031372578588,25.957218359521715,6.8513068561509565
17.433333333333334,3,3,87.13063089916962,31.534756386394683,25.134838087379507,87.16666666666667,32.78239771901638,25.88505674905342,1.456274531717472
17.433333333333334,1,3,85.1270436356844,32.175415487087434,25.433456152463695,87.16666666666667,32.78239771901638,25.88505674905342,2.17541550909957
17.466666666666665,1,3,99.69434999675042,37.21942021018046,29.615384752577125,87.33333333333333,32.85527320367196,25.812733796781547,13.649200208777986
17.466666666666665,3,3,87.29405152748636,30.68899797116527,24.366546095733156,87.33333333333333,32.85527320367196,25.812733796781547,2.6049472758399834
17.5,3,3,87.7008417289088,35.672893591084176,27.441125495014603,87.5,32.928932188134524,25.74025148547635,3.234599508018145
17.5,1,3,72.94210303427994,27.693278376807566,21.20386328435919,87.5,32.928932188134524,25.74025148547635,16.122135491547603
17.53333333333333,1,3,89.42481104517435,33.60502938289591,26.136018416967428,87.66666666666666,33.00336659486634,25.667611802277012,1.916370142447291
17.53333333333333,3,3,86.85233192780554,20.658319780061678,17.869220722329757,87.66666666666666,33.00336659486634,25.667611802277012,14.62457607462301
17.566666666666666,3,3,86.97215283717938,22.291562108977775,18.837191876043676,87.83333333333333,33.07856826129593,25.59481673863714,12.758002483172943
17.566666666666666,1,3,42.05272048817197,16.57262549709418,11.681706450335152,87.83333333333333,33.07856826129593,25.59481673863714,50.6150698597573
17.6,1,3,100.93751585291004,37.93189207415586,29.457771202320977,88.00000000000001,33.15452894071312,25.521868290270167,14.342030772738081
17.6,3,3,87.56425444175848,27.098239277598076,21.81429625844543,88.00000000000001,33.15452894071312,25.521868290270167,7.114394496107899
17.633333333333333,3,3,88.5639562335765,38.21036036188252,28.575330692880705,88.16666666666666,33.23124030317339,25.448768457094683,5.8927809201817745
17.633333333333333,1,3,75.2982073188519,28.68421199824943,21.520737043371902,88.16666666666666,33.23124030317339,25.448768457094683,14.202187971553318
17.666666666666668,1,3,105.25390870161579,39.46031707089939,30.607799363188594,88.33333333333334,33.308693936411416,25.375519243179504,18.749002459777333
17.666666666666668,3,3,88.2629709109816,32.583918770842544,24.843412863113493,88.33333333333334,33.308693936411416,25.375519243179504,0.9018797651635975
17.7,3,3,87.72809152575694,24.91669050524483,20.112049803412543,88.5,33.386881346763474,25.302122656688862,9.963775981357186
17.7,1,3,52.457167248887664,20.391087185658485,14.552004437003658,88.5,33.386881346763474,25.302122656688862,39.79373694866661
17.733333333333334,3,3,88.91878719927416,35.895048285521874,26.757599542937438,88.66666666666667,33.46579396009894,25.22858070982723,2.8814475411768314
17.733333333333334,1,3,102.3548469319965,38.38379286604253,28.92186468591292,88.66666666666667,33.46579396009894,25.22858070982723,15.00644324092284
17.766666666666666,1,3,84.1836534620093,31.862316082425664,23.70003988085104,88.83333333333333,33.545423122760496,25.154895418784243,5.1545103405925365
17.766666666666666,3,3,89.28714859762452,37.090261401644675,27.254387996105063,88.83333333333333,33.545423122760496,25.154895418784243,4.144839659114868
17.8,3,3,88.77451555029239,32.42135610655044,24.31226063951332,89.0,33.625760102513105,25.08106880367937,1.4465469974526053
17.8,1,3,104.9909084025098,39.630684411181576,29.459121540334017,89.0,33.625760102513105,25.08106880367937,17.633366475384825
17.833333333333332,1,3,70.77666526793791,27.03172295826096,19.65807421591963,89.16666666666666,33.70679608950162,25.007102888506566,20.282032947730197
17.833333333333332,3,3,88.98833351078495,32.02811792566918,24.043901589891384,89.16666666666666,33.70679608950162,25.007102888506566,1.9435842749591712
17.866666666666667,3,3,89.53733601291455,35.99722906017082,26.248236946586232,89.33333333333333,33.78852219721689,24.93299970107875,2.578730717175835
17.866666666666667,1,3,76.92203947593084,29.431002905500737,21.47537246810236,89.33333333333333,33.78852219721689,24.93299970107875,13.600859372653444
17.9,1,3,134.33453240098964,50.27762946842034,37.8938738756365,89.49999999999999,33.870929463470226,24.85876127297225,49.48968843336921
17.9,3,3,90.27974846698876,39.9468832564971,28.53064457781323,89.49999999999999,33.870929463470226,24.85876127297225,7.141984960159113
17.933333333333334,3,3,89.7323099822946,34.70641113441034,25.280721383767176,89.66666666666667,33.95400885137625,24.784389639471048,0.9037496560428505
17.933333333333334,1,3,73.00416442313758,27.928383505438177,19.883585943083688,89.66666666666667,33.95400885137625,24.784389639471048,18.38382492017772
17.966666666666665,3,3,90.19990088590968,36.77348502539914,26.253160846021814,89.83333333333331,34.03775125034383,24.709886839511086,3.162325998019792
17.966666666666665,1,3,75.5315937419709,29.057383410097174,20.57992355018731,89.83333333333331,34.03775125034383,24.709886839511086,15.697146745012882
18.0,1,3,84.34877886120348,32.0538758308034,23.25202228016501,90.0,34.122147477075266,24.635254915624213,6.174737280739329
18.0,3,3,89.94692487408494,33.883538796036824,24.483319145705586,90.0,34.122147477075266,24.635254915624213,0.28781165688444643
18.03333333333333,3,3,89.94499918443351,32.248867717039886,23.428906262263883,90.16666666666666,34.207188276573206,24.56049591388236,2.2725868577945487
18.03333333333333,1,3,69.36464773951526,26.613777933961853,18.736025472783545,90.16666666666666,34.207188276573206,24.56049591388236,22.8977799796416
18.066666666666666,1,3,114.63369826919904,43.18071613218431,31.29051031207319,90.33333333333333,34.292864323155676,24.485611883841305,26.754593781518313
18.066666666666666,3,3,89.74898885358604,29.608873254076485,21.71593194966366,90.33333333333333,34.292864323155676,24.485611883841305,5.472874723946368
18.1,3,3,90.66640407080966,35.740465891807176,25.103968210323313,90.5,34.37916622147869,24.410604878484563,1.5367432502396103
18.1,1,3,125.7903099849953,47.33871985551827,34.442392329699956,90.5,34.37916622147869,24.410604878484563,38.91005999348973
18.133333333333333,1,3,76.10239779657088,29.186264097505873,20.571634536270498,90.66666666666666,34.466084507566556,24.335476954167074,15.942425820109426
18.133333333333333,3,3,90.44173999217064,32.88056390968133,23.505805988066143,90.66666666666666,34.466084507566556,24.335476954167074,1.8035580077194693
18.166666666666668,1,3,55.129013895173706,21.57155012304822,14.529859764801209,90.83333333333334,34.55360964984973,24.260230170558838,39.21750125049792
18.166666666666668,3,3,90.57545539020101,33.3473196693218,23.455578159190445,90.83333333333334,34.55360964984973,24.260230170558838,1.4727869533898803
18.2,3,3,91.74926754971436,39.4601879858712,26.96381845103646,90.99999999999999,34.64173205021003,24.18486659058844,5.612619077369391
18.2,1,3,115.28643185535402,43.575578325488365,30.864664322999044,90.99999999999999,34.64173205021003,24.18486659058844,26.72571943430107
18.233333333333334,3,3,91.61442471402174,37.271875053079434,25.547655866589256,91.16666666666667,34.73044204503323,24.109388280386483,2.9543159365375184
18.233333333333334,1,3,114.20001933658071,43.26120879799625,30.4521336139293,91.16666666666667,34.73044204503323,24.109388280386483,25.368084968642673
18.266666666666666,3,3,92.0268480571171,39.408614079722696,26.554561311842683,91.33333333333333,34.8197299062687,24.033797309228987,5.281389190956721
18.266666666666666,1,3,108.48963186875305,41.09512208464237,28.77936540896272,91.33333333333333,34.8197299062687,24.033797309228987,18.874309073925033
18.3,3,3,90.19400649250748,26.57032050807543,19.404071855232274,91.5,34.909585842496284,23.95809574948059,9.591042643470551
18.3,1,3,115.72255511815757,44.006770645483996,30.396816572862008,91.5,34.909585842496284,23.95809574948059,26.66360953872033
18.333333333333332,3,3,92.02937832571175,37.96554538320995,25.528219890183838,91.66666666666666,34.99999999999999,23.882285676537816,3.4110289654495283
18.333333333333332,1,3,73.42547286042148,28.274778073132715,18.883226734487156,91.66666666666666,34.99999999999999,23.882285676537816,20.073872365557936
18.366666666666667,1,3,88.27489404342731,33.76419500478677,22.86324375744076,91.83333333333333,35.09096246384859,23.806369168772086,3.9130918225708804
18.366666666666667,3,3,91.1945976248031,31.93672651461793,22.162897490969655,91.83333333333333,35.09096246384859,23.806369168772086,3.613611335562999
18.4,3,3,91.17878208246913,30.891871442287695,21.37344540318103,92.0,35.182463258982835,23.73034830747283,4.963725244795906
18.4,1,3,62.63345061243733,24.385421154934356,15.868064106250262,92.0,35.182463258982835,23.73034830747283,32.26121284126725
18.433333333333334,3,3,91.33042529160575,30.719369822427204,21.184559772429946,92.16666666666666,35.274492351309455,23.65422517679034,5.2485891532857645
18.433333333333334,1,3,61.93624359496984,24.173275760726764,15.685288529705938,92.16666666666666,35.274492351309455,23.65422517679034,33.17558500117296
18.466666666666665,1,3,113.34686268150482,43.02427739518628,29.093464119586073,92.33333333333333,35.36703964880138,23.578001863678715,23.035234521651063
18.466666666666665,3,3,93.52039793379683,41.89421430104757,27.04188341735069,92.33333333333333,35.36703964880138,23.578001863678715,7.48409024026753
18.5,1,3,77.95498386498593,30.27481917942525,19.98536594560138,92.5,35.46009500260453,23.50168045783858,15.836951963027389
18.5,3,3,93.31211362897764,39.869571400854596,25.99894874951713,92.5,35.46009500260453,23.50168045783858,5.13218857542459
18.53333333333333,3,3,91.9236302022003,31.642639002841086,21.42039862148743,92.66666666666666,35.55364820815072,23.425263051659844,4.457306089434952
18.53333333333333,1,3,141.87684197564016,53.64256830184787,35.98896562738427,92.66666666666666,35.55364820815072,23.425263051659844,53.91379235879563
18.566666666666666,3,3,91.68071507388164,29.47366034127827,20.047779202909688,92.83333333333333,35.64768900627673,23.348751740164268,7.095320887736723
18.566666666666666,1,3,94.45300414474036,36.21341483343331,23.746696792181627,92.83333333333333,35.64768900627673,23.348751740164268,1.7611756054581886
18.6,3,3,92.98924320030169,35.83398276258646,23.288794270595606,93.0,35.742207084349275,23.272148620948133,0.09389122167610317
18.6,1,3,79.10290284734533,30.562882344253033,19.689372026529483,93.0,35.742207084349275,23.272148620948133,15.257490034707857
18.633333333333333,1,3,110.57040049533953,42.2272643236967,27.69693026158629,93.16666666666666,35.83719207739598,23.19545579412465,19.078423595083642
18.633333333333333,3,3,92.59699474728632,33.35069479252476,21.84466615161611,93.16666666666666,35.83719207739598,23.19545579412465,2.886490516476848
18.666666666666668,3,3,95.10506717240463,45.0932395692565,27.833029939656456,93.33333333333333,35.932633569242,23.11867536226639,10.453749670112183
18.666666666666668,1,3,132.6745516512119,50.66695777226614,33.30770023191092,93.33333333333333,35.932633569242,23.11867536226639,43.2278613425305
18.7,1,3,104.18434034875527,40.038796429458735,25.662736323332076,93.5,36.02852109365219,23.04180943034769,11.70925679688455
18.7,3,3,91.92483911304393,27.921767518200802,18.905397174174567,93.5,36.02852109365219,23.04180943034769,9.236367884937742
18.733333333333334,3,3,91.41009637763078,25.93502896341565,17.887470838510026,93.66666666666667,36.12484413547897,22.96486010568689,11.60621921560222
18.733333333333334,1,3,66.85512818290539,26.091429648859158,16.166158945423625,93.66666666666667,36.12484413547897,22.96486010568689,29.42363573036292
18.766666666666666,1,3,102.1194667610864,39.24263116837818,24.702814784775157,93.83333333333333,36.22159213181532,22.887829497888617,9.00449085926451
18.766666666666666,3,3,93.52899171394787,34.850652273908466,22.055586642950885,93.83333333333333,36.22159213181532,22.887829497888617,1.6323994869157288
18.8,1,3,124.62178155012262,47.69706017785656,30.222442783075152,94.0,36.31875447315322,22.81071971878587,33.4976564074986
18.833333333333332,1,3,83.0895393379119,32.46305516305327,20.082915836882908,94.16666666666667,36.416320504546995,22.733532882382214,12.05640192758987
18.866666666666667,1,3,77.02555420882523,29.987540668220014,18.417176228569076,94.33333333333334,36.51427952678185,22.656271104793753,18.977024627697944
18.9,1,3,117.45348800809893,44.994043495792994,27.9765558530085,94.5,36.61262079754708,22.57893650419115,25.02489066548225
18.933333333333334,1,3,97.88351321245946,37.770812760834424,23.216093694262042,94.66666666666667,36.71133353261416,22.50153120074154,3.461386642857953
18.966666666666665,1,3,69.86571336896284,27.425211541101714,16.41419888629882,94.83333333333333,36.8104069070193,22.42405731655042,27.341951962018708
19.0,1,3,86.2886624101953,33.83457037646821,20.33871180967318,95.0,36.90983005625052,22.346516975603464,9.453883132659062
19.03333333333333,1,3,77.96700860258407,30.44011691665233,18.10236358982326,95.16666666666666,37.00959207743912,22.268912303708294,18.877138808482943
19.066666666666666,1,3,102.12087890216344,39.685998703943525,23.761852992010574,95.33333333333334,37.109682030555284,22.191245428436172,7.427986979611668
19.1,1,3,97.95135761038529,38.49971168220675,22.46095048698786,95.5,37.210088939607715,22.113518479063735,2.7915927268053826
19.133333333333333,1,3,122.28639009628901,47.28140055379205,28.048172032775515,95.66666666666667,37.31080179384734,22.035733586514567,29.054636999478625
19.166666666666668,1,3,112.14155011600442,43.820546892164494,26.035435161885292,95.83333333333334,37.411809548974794,21.957892883300772,17.990447465203115
19.2,1,3,59.63423968376184,23.87048228498329,13.3069824536973,96.0,37.513101128351444,21.879998503464567,39.775446904756116
19.233333333333334,1,3,105.64479940272787,41.302044589055775,23.935871340821333,96.16666666666667,37.61466542421419,21.80205258251971,10.391580618990677
19.266666666666666,1,3,117.41799748857358,45.48207147326763,26.56200788156151,96.33333333333333,37.71649129889343,21.724057257393007,22.984191615669214
19.3,1,3,107.21402862083255,41.94282376785787,24.025390893353624,96.50000000000001,37.818567586034575,21.64601466636568,11.724390370969475
19.333333333333332,1,3,121.02875152360491,47.125490821094694,26.92071575937789,96.66666666666666,37.920883091822404,21.567926949014804,26.587371627800813
19.366666666666667,1,3,83.8815588212258,32.885470519845775,18.559744667025047,96.83333333333334,38.023426596208736,21.489796246154587,14.238407843276343
19.4,1,3,74.43983936199847,29.36724388239703,16.3649447618491,97.0,38.12618685414275,21.411624699777715,24.721426099451033
19.433333333333334,1,3,119.36814828912708,46.71127923265537,26.244628119556676,97.16666666666667,38.22915259680417,21.33341445299662,24.26875106340806
19.466666666666665,1,3,71.8269519297273,28.6219462108259,15.44722635801773,97.33333333333333,38.33231253283897,21.255167649984735,27.903384892604706
19.5,1,3,45.533980352303224,18.652168576483547,9.784790719200632,97.5,38.43565534959769,21.176886435917677,56.759434385356876
19.53333333333333,1,3,122.40471254041691,48.132039113552786,26.343152064410965,97.66666666666666,38.53916971437587,21.09857295691448,27.04625051603688
19.566666666666666,1,3,80.31259331549998,31.88257786720607,17.160882130735303,97.83333333333333,38.64284427565695,21.020229359978728,19.17216977083202
19.6,1,3,90.56820637632308,35.84412639696093,19.367683531270806,98.00000000000001,38.74666766435696,20.941857792939697,8.132301450386782
19.633333333333333,1,3,64.0327380828476,25.735455495269733,13.61516727611512,98.16666666666667,38.850628495071334,20.86346040439351,37.27828585991359
19.666666666666668,1,3,65.87136027788293,26.38490726244674,13.955313509182584,98.33333333333334,38.954715367323466,20.785039343644158,35.47428541098644
19.7,1,3,70.03913325565755,28.182417160573504,14.648436011822605,98.5,39.058916866814855,20.706596760644643,31.06477898452932
19.733333333333334,1,3,89.74128471822226,35.731658880925096,18.87140965603798,98.66666666666667,39.16322156667684,20.628134805937997,9.722353040501682
19.766666666666666,1,3,108.00713536954919,42.688125190262454,22.640942330251654,98.83333333333333,39.26761802872368,20.549655630598345,10.011592935290725
19.8,1,3,41.863969478589965,17.27523322451327,8.668845363242166,99.0,39.37209480470687,20.471161386171925,62.38663269437484
19.833333333333332,1,3,117.96094870823416,46.55258465672295,24.495935171525904,99.16666666666666,39.47664043757056,20.392654224618102,20.497095857213512
19.866666666666667,1,3,69.74169187750853,28.08702019751595,14.230978160494475,99.33333333333334,39.58124346270801,20.31413629825035,32.3231685552193
19.9,1,3,72.68484065683236,29.325700367079662,14.756791124483799,99.49999999999999,39.68589240921871,20.235609759677317,29.26437772081981
19.933333333333334,1,3,116.76803666865037,46.36194548330738,23.756329121581004,99.66666666666667,39.79057580116643,20.157076761743685,18.670682178054008
19.966666666666665,1,3,97.92616532856536,39.30037750514513,19.51280979401577,99.83333333333333,39.89528215883754,20.078539457471297,2.076355315813992
20.0,1,3,60.899017319319746,24.932285426315897,12.20619932432457,100.0,40.0,20.000000000000004,42.62236734440062
