timestamp,station_id,scenario_id,est_x,est_y,est_z,true_x,true_y,true_z,position_error_m
0.0,3,1,-47.314650264242346,60.89321307567136,29.104979588955825,0.0,40.0,20.0,52.51764594465631
0.03333333333333333,3,1,9.577640649726419,35.802604638236105,18.306030525866777,0.16666666666666666,40.10471784116246,20.078539457471294,10.498399746306035
0.06666666666666667,3,1,63.074628485072935,12.072509554976072,7.459621054828988,0.3333333333333333,40.20942419883357,20.15707676174369,69.92411218186818
0.1,3,1,9.820229042005607,35.91461390682543,18.449791216100508,0.5,40.31410759078128,20.23560975967731,10.459988620509822
0.13333333333333333,3,1,-5.738760055075019,43.325282927272056,21.31347726090902,0.6666666666666666,40.418756537292,20.314136298250354,7.104651258358887
0.16666666666666666,3,1,-8.235150581821586,44.6658775343497,21.999277662761546,0.8333333333333334,40.52335956242944,20.3926542246181,10.098469910788351
0.2,3,1,-0.09834131678651659,40.95416905088592,20.369879949710025,1.0,40.62790519529313,20.471161386171925,1.1502433138246877
0.23333333333333334,3,1,22.793930600797097,30.74271684975069,15.931321763350883,1.1666666666666667,40.73238197127632,20.549655630598345,24.266457554124568
0.26666666666666666,3,1,-35.9011379075925,57.79766155417812,28.650915052895265,1.3333333333333333,40.836778433323154,20.628134805937993,41.69463284070989
0.3,3,1,19.08203385995614,32.91983471090012,17.06524297207619,1.5,40.941083133185145,20.70659676064464,19.665395961388015
0.3333333333333333,3,1,-15.736330517739546,48.66535167408451,24.442286443916664,1.6666666666666667,41.045284632676534,20.785039343644158,19.346968472307342
0.36666666666666664,3,1,9.750578103130835,37.405993227549416,19.182927979946975,1.8333333333333333,41.149371504928666,20.86346040439351,8.917389466769794
0.4,3,1,32.68614995737149,26.701349836257485,14.394749977252028,2.0,41.253332335643044,20.9418577929397,34.58705848462619
0.43333333333333335,3,1,-32.55329126670689,57.612495244330546,28.469987421220623,2.166666666666667,41.357155724343045,21.02022935997872,39.05394265597694
0.4666666666666667,3,1,65.62836416031602,11.562574861695772,7.328487168543011,2.3333333333333335,41.46083028562412,21.098572956914474,71.34270717741414
0.5,3,1,24.323824273334694,31.124629793380866,16.40288652455367,2.5,41.56434465040231,21.176886435917673,24.658832643963716
0.5333333333333333,3,1,-7.456286020586205,46.521261613475225,23.136373636728454,2.6666666666666665,41.667687467161024,21.25516764998473,11.382894582077538
0.5666666666666667,3,1,12.24700657552711,37.143716902931864,19.18589119760751,2.833333333333333,41.77084740319583,21.33341445299662,10.706980746676685
0.6,3,1,-14.687923698043122,50.74712440104676,25.626182354589382,3.0,41.87381314585725,21.411624699777715,20.232666497646818
0.6333333333333333,3,1,6.290176782099763,40.60227377896776,20.745571075536944,3.166666666666666,41.976573403791264,21.489796246154583,3.492690367694186
0.6666666666666666,3,1,15.1115393255742,36.51053318320556,18.904090946756604,3.3333333333333335,42.079116908177596,21.5679269490148,13.297792423729925
0.7,3,1,-48.887703583307626,67.40019303247936,33.37484465324528,3.4999999999999996,42.181432413965425,21.64601466636568,59.312922931917115
0.7333333333333333,3,1,9.547160687202208,39.245652424436166,20.301384237658482,3.6666666666666665,42.283508701106555,21.724057257393,6.769991078601247
0.7666666666666666,3,1,8.345482657318186,40.32333814928163,20.93292518484048,3.833333333333333,42.385334575785805,21.802052582519707,5.036536827846056
0.8,2,1,-2.3062461077378487,48.31349817580932,24.62458668926129,4.0,42.48689887164855,21.879998503464563,9.013920552801679
0.8,3,1,30.808135984754117,29.222203901642136,15.654537565708225,4.0,42.48689887164855,21.879998503464563,30.551344512343675
0.8333333333333334,3,1,22.772086380681756,33.32562552219042,17.513925771080153,4.166666666666667,42.588190451025206,21.957892883300772,21.253366686010946
0.8333333333333334,2,1,-11.75581698392741,57.22179235293594,28.7815739606553,4.166666666666667,42.588190451025206,21.957892883300772,22.676649083859093
0.8666666666666667,2,1,14.598871134355562,33.14718735235775,17.539667527576803,4.333333333333334,42.68919820615265,22.035733586514567,14.718894234435147
0.8666666666666667,3,1,-10.833998248578595,50.30775486829946,25.063115792327366,4.333333333333334,42.68919820615265,22.035733586514567,17.24109613539918
0.9,3,1,-8.612972029067492,49.13022423039267,25.08269934891204,4.5,42.78991106039229,22.11351847906374,14.86491310323272
0.9,2,1,3.590839237471883,43.38892984180613,22.322619001655884,4.5,42.78991106039229,22.11351847906374,1.1086567643574528
0.9333333333333333,2,1,6.2282861656998705,41.36126838554725,21.462702030803836,4.666666666666667,42.890317969444716,22.191245428436176,2.303784619275727
0.9333333333333333,3,1,5.152184924379114,42.764432061170396,21.80711612215159,4.666666666666667,42.890317969444716,22.191245428436176,0.6317678089463382
0.9666666666666667,3,1,22.05146605959858,34.30128923860316,17.96292496272298,4.833333333333333,42.99040792256087,22.268912303708287,19.761234907361306
0.9666666666666667,2,1,0.06122895099105108,47.47734089291215,24.48303864247242,4.833333333333333,42.99040792256087,22.268912303708287,6.914325936807207
1.0,2,1,3.675796121664959,44.32330457517398,23.13840011710658,5.0,43.09016994374947,22.346516975603464,1.975149574187449
1.0,3,1,-10.781314112074455,51.17770162636482,26.267661124250065,5.0,43.09016994374947,22.346516975603464,18.16131645161586
1.0333333333333332,3,1,46.12852829383812,22.282225687355318,12.609549830943097,5.166666666666666,43.1895930929807,22.424057316550417,47.02463904148962
1.0333333333333332,2,1,-0.36577603037453343,48.562101546511194,25.032889624320806,5.166666666666666,43.1895930929807,22.424057316550417,8.14111634171676
1.0666666666666667,2,1,8.814453958453697,39.77419020995974,20.896293292071892,5.333333333333333,43.28866646738583,22.501531200741535,5.200628126878539
1.0666666666666667,3,1,13.898224059165216,38.98042869648156,20.18809585907877,5.333333333333333,43.28866646738583,22.501531200741535,9.862568069024492
1.1,3,1,11.91827549894768,39.99192637620022,21.118414273921534,5.500000000000001,43.38737920245291,22.578936504191145,7.406516418722853
1.1,2,1,5.151968532128443,43.80077852504774,22.87544862750903,5.500000000000001,43.38737920245291,22.578936504191145,0.616396253902613
1.1333333333333333,2,1,11.26747565760217,37.97231748876665,20.13039495398089,5.666666666666666,43.48572047321815,22.65627110479375,8.255102915842292
1.1333333333333333,3,1,26.114080177351212,33.053225721854346,17.708810821926292,5.666666666666666,43.48572047321815,22.65627110479375,23.48214277413178
1.1666666666666667,3,1,2.746527300126644,45.36193968338061,23.39601018078894,5.833333333333333,43.583679495453005,22.733532882382214,3.6234592523600733
1.1666666666666667,2,1,11.347191138347284,38.071359719358846,20.272769438738635,5.833333333333333,43.583679495453005,22.733532882382214,8.17579683782594
1.2,2,1,7.109980283444749,42.412306802127645,22.35078474152424,6.0,43.68124552684678,22.81071971878587,1.7475130614781007
1.2,3,1,22.13828537098054,35.402185493944465,18.908721754074925,6.0,43.68124552684678,22.81071971878587,18.552969515961948
1.2333333333333334,3,1,25.342946078834075,33.82552457157014,17.937281694952663,6.166666666666667,43.77840786818467,22.88782949788861,22.165231818293666
1.2333333333333334,2,1,7.261828691551472,42.53967495219249,22.32007082875668,6.166666666666667,43.77840786818467,22.88782949788861,1.748195928460748
1.2666666666666666,2,1,15.975370758817377,34.222516332987034,18.364105155798022,6.333333333333332,43.87515586452103,22.964860105686892,14.398238841924199
1.2666666666666666,3,1,-35.21540791075253,65.80902057285822,33.13411520748418,6.333333333333332,43.87515586452103,22.964860105686892,48.07084427526805
1.2666666666666666,1,1,5.819074660825646,49.528053136085155,25.535484230506924,6.333333333333332,43.87515586452103,22.964860105686892,6.231197151127004
1.3,2,1,-6.4025290350849815,56.85607576805889,29.267900880203022,6.5,43.971478906347805,23.041809430347687,19.267908722328638
1.3,1,1,6.668355379684501,41.771582181256086,21.92171620657514,6.5,43.971478906347805,23.041809430347687,2.4743681950912553
1.3,3,1,-10.570208555202981,52.462068860852916,27.04553800102503,6.5,43.971478906347805,23.041809430347687,19.481067228499732
1.3333333333333333,3,1,-20.700883348445387,58.709673934234516,29.86192321931259,6.666666666666667,44.067366430758,23.11867536226639,31.76242047636771
1.3333333333333333,1,1,7.107959868010991,38.31426875586631,20.38422220775852,6.666666666666667,44.067366430758,23.11867536226639,6.385147343687142
1.3333333333333333,2,1,7.776058972370436,42.94710907963825,22.60915683794981,6.666666666666667,44.067366430758,23.11867536226639,1.6569058353793982
1.3666666666666667,3,1,6.01226522330488,44.55640202053529,23.52644501889023,6.833333333333333,44.16280792260401,23.195455794124648,0.9688255891247675
1.3666666666666667,1,1,6.191019253338252,53.18897677370921,27.465263949265246,6.833333333333333,44.16280792260401,23.195455794124648,10.005775991282576
1.3666666666666667,2,1,18.098463469141837,32.73754797138796,17.703350595192294,6.833333333333333,44.16280792260401,23.195455794124648,16.958860263758943
1.4,1,1,6.6286016730157415,48.471670646096825,25.169680029923576,6.999999999999999,44.257792915650725,23.272148620948137,4.6363053924956885
1.4,2,1,-1.8290946555173448,53.50382939646409,27.585470340723784,6.999999999999999,44.257792915650725,23.272148620948137,13.492473727930875
1.4,3,1,-14.899697148756402,55.953679227215225,28.64732404566231,6.999999999999999,44.257792915650725,23.272148620948137,25.402421196939915
1.4333333333333333,3,1,-10.49195277392245,53.7547271241129,27.69600521993157,7.166666666666667,44.35231099372328,23.34875174016427,20.472686253980246
1.4333333333333333,2,1,13.226656594513344,38.24874120657933,20.191584086520244,7.166666666666667,44.35231099372328,23.34875174016427,9.162136741249592
1.4333333333333333,1,1,7.085708661629182,45.69822295626107,24.080637310190102,7.166666666666667,44.35231099372328,23.34875174016427,1.5341739461658228
1.4666666666666666,3,1,-20.27473846946802,59.00607233146815,30.370026485510635,7.333333333333333,44.446351791849274,23.425263051659837,31.975315948596755
1.4666666666666666,2,1,3.2298832760735507,48.679443508207626,25.40237789640563,7.333333333333333,44.446351791849274,23.425263051659837,6.218227316594431
1.4666666666666666,1,1,7.0815172377104725,50.286318229789394,26.28167541624666,7.333333333333333,44.446351791849274,23.425263051659837,6.505975018307882
1.5,3,1,-46.29772113005342,73.4478555205344,37.55375052201191,7.5,44.53990499739547,23.50168045783858,62.66837380468462
1.5,2,1,7.523401256169443,44.376575444669555,23.25426552650519,7.5,44.53990499739547,23.50168045783858,0.29738579292000716
1.5,1,1,7.008793890345473,51.25372873044494,26.790804328588795,7.5,44.53990499739547,23.50168045783858,7.492332640623958
1.5333333333333332,1,1,7.610158688287252,46.82327976521224,24.595977745706556,7.666666666666666,44.63296035119862,23.578001863678715,2.415981619014488
1.5333333333333332,2,1,5.748332297913663,46.792794043453874,24.597840046243476,7.666666666666666,44.63296035119862,23.578001863678715,3.063487921823252
1.5333333333333332,3,1,13.136126728800434,41.76215612886468,22.109934161032736,7.666666666666666,44.63296035119862,23.578001863678715,6.349152150783515
1.5666666666666667,3,1,2.3444317295481483,47.94503232940641,25.256992487930688,7.833333333333334,44.72550764869054,23.654225176790337,6.562182795338322
1.5666666666666667,2,1,6.502799937177173,46.1779406835908,24.34852281730168,7.833333333333334,44.72550764869054,23.654225176790337,2.088523414466797
1.5666666666666667,1,1,8.600777070247307,28.986418481770453,16.08689809693324,7.833333333333334,44.72550764869054,23.654225176790337,17.480627472351447
1.6,3,1,9.3590662059665,43.9809969698787,23.26076033904245,8.0,44.81753674101715,23.730348307472823,1.6635421849148002
1.6,2,1,12.557811742124358,40.08356918284061,21.257141447931406,8.0,44.81753674101715,23.730348307472823,7.021456322487332
1.6,1,1,8.156008631773316,40.48334988794928,21.612423394376027,8.0,44.81753674101715,23.730348307472823,4.826501870714464
1.6333333333333333,3,1,87.70217457061071,1.2571334001128371,2.6067548594928693,8.166666666666666,44.90903753615141,23.806369168772083,93.17086131995585
1.6333333333333333,2,1,7.861463353088759,45.23812180200441,24.03473969970664,8.166666666666666,44.90903753615141,23.806369168772083,0.503585758387063
1.6333333333333333,1,1,8.4087891315596,41.9366550738476,22.442547897426593,8.166666666666666,44.90903753615141,23.806369168772083,3.2792818193000026
1.6666666666666667,1,1,8.610884377221993,38.65114648969483,20.731643368420045,8.333333333333334,45.0,23.882285676537812,7.0930615696594375
1.6666666666666667,2,1,-7.392788532901243,62.198310193790896,32.31628746988522,8.333333333333334,45.0,23.882285676537812,24.783566505321634
1.6666666666666667,3,1,40.02239809816482,27.674801526545185,15.363088290963518,8.333333333333334,45.0,23.882285676537812,37.10708897109367
1.7,3,1,8.236407945085404,45.10085832809628,24.018618673018477,8.5,45.090414157503716,23.95809574948059,0.27065268590398084
1.7,2,1,25.912187645585863,26.235783102618772,14.767538185939156,8.5,45.090414157503716,23.95809574948059,27.26073621804249
1.7,1,1,8.376080986076621,46.40765643023626,24.53041601203532,8.5,45.090414157503716,23.95809574948059,1.4415386259188656
1.7333333333333334,1,1,8.44275857311234,52.95983547183719,27.846997600020924,8.666666666666668,45.1802700937313,24.033797309228987,8.666733454092068
1.7333333333333334,2,1,8.239887941918631,45.74126762020934,24.454251027946892,8.666666666666668,45.1802700937313,24.033797309228987,0.8207555264485001
1.7333333333333334,3,1,-5.169842169059166,53.23822601421058,27.670494595190004,8.666666666666668,45.1802700937313,24.033797309228987,16.41965887365576
1.7666666666666666,3,1,21.869938075355307,38.005080086759264,20.591505498964516,8.833333333333334,45.26955795496678,24.109388280386487,15.33301017938786
1.7666666666666666,1,1,8.94967128340158,42.11080285915963,22.513598402796823,8.833333333333334,45.26955795496678,24.109388280386487,3.5408775193913953
1.7666666666666666,2,1,5.562751796188856,48.937219293105464,26.086203651606063,8.833333333333334,45.26955795496678,24.109388280386487,5.29681435338993
1.8,1,1,9.154893907120254,37.86622134485273,20.56618606345308,9.0,45.35826794978997,24.184866590588438,8.321634647740982
1.8,3,1,-16.074699087378804,59.22274454341719,31.36648918620048,9.0,45.35826794978997,24.184866590588438,29.53878718978892
1.8,2,1,17.067838837012843,36.474720122488975,19.734336319553364,9.0,45.35826794978997,24.184866590588438,12.799010320855144
1.8333333333333333,1,1,8.978717931215991,58.84782617467764,30.851209645839468,9.166666666666666,45.44639035015027,24.260230170558838,14.935689382470892
1.8333333333333333,3,1,-19.06253144714178,61.52076980678613,31.946091110170464,9.166666666666666,45.44639035015027,24.260230170558838,33.38181779723224
1.8333333333333333,2,1,19.65529135114286,33.79560138587137,18.62525738673579,9.166666666666666,45.44639035015027,24.260230170558838,16.658482810159896
1.8666666666666667,2,1,-7.041452183731479,63.91030280364693,33.402014625690654,9.333333333333334,45.533915492433444,24.335476954167074,26.230274811575264
1.8666666666666667,1,1,9.372745621804045,42.56398335231683,22.808663442574982,9.333333333333334,45.533915492433444,24.335476954167074,3.3396421581601095
1.8666666666666667,3,1,18.716441372399686,40.46655247763265,21.769165411631718,9.333333333333334,45.533915492433444,24.335476954167074,10.96844744391442
1.9,3,1,-21.81801993766905,63.06500130765274,33.3555933896472,9.5,45.6208337785213,24.41060487848456,36.9476680328471
1.9,1,1,9.625984463474502,37.39919333803189,20.376515858600417,9.5,45.6208337785213,24.41060487848456,9.158881909822707
1.9,2,1,12.380072064410747,42.498293824055644,22.889118736661814,9.5,45.6208337785213,24.41060487848456,4.5122046654814145
1.9333333333333333,1,1,9.752809888694394,47.31047632712628,25.244409186931826,9.666666666666666,45.70713567684432,24.4856118838413,1.7759209562154967
1.9333333333333333,3,1,-28.56668066630337,67.81288088729056,35.09295676353102,9.666666666666666,45.70713567684432,24.4856118838413,45.41991396941845
1.9333333333333333,2,1,-6.015744845420279,63.38489893314145,33.3316060909404,9.666666666666666,45.70713567684432,24.4856118838413,25.232775473422596
1.9666666666666666,1,1,9.775810887902912,48.62194689936314,26.0340068459722,9.833333333333332,45.79281172342679,24.560495913882356,3.190383855030141
1.9666666666666666,3,1,-0.2687867528410237,51.51492673676162,27.261754688658353,9.833333333333332,45.79281172342679,24.560495913882356,11.920244520546701
1.9666666666666666,2,1,5.923498138033672,50.50393090659122,26.748465487439535,9.833333333333332,45.79281172342679,24.560495913882356,6.501435692767856
2.0,2,1,9.411435595475218,46.5385534978193,24.90445335835682,10.0,45.877852522924734,24.63525491562421,0.9248792559409611
2.0,3,1,31.59288741883531,33.66094818714606,18.432513839397313,10.0,45.877852522924734,24.63525491562421,25.57302358914128
2.0,1,1,10.012013024260659,41.13883711538625,22.250623862306483,10.0,45.877852522924734,24.63525491562421,5.305174512312127
2.033333333333333,3,1,-21.73573292613422,64.24799847062917,33.85077571822552,10.166666666666666,45.962248749656155,24.70988683951107,37.89046835458507
2.033333333333333,1,1,10.151954312817109,51.333272909233365,27.32334072086332,10.166666666666666,45.962248749656155,24.70988683951107,5.973128005163878
2.033333333333333,2,1,6.6795728331118625,50.12917644294405,26.64874687721276,10.166666666666666,45.962248749656155,24.70988683951107,5.769080347065909
2.0666666666666664,1,1,10.316884042320916,42.694676739205946,23.218747685702372,10.333333333333332,46.04599114862375,24.784389639471048,3.699028734322945
2.0666666666666664,3,1,13.888143011883088,43.76146313993515,23.806387487118023,10.333333333333332,46.04599114862375,24.784389639471048,4.3373065701193925
2.0666666666666664,2,1,5.608313997945459,51.5173874570165,27.41045015719011,10.333333333333332,46.04599114862375,24.784389639471048,7.691435439890655
2.1,1,1,10.36314196037521,39.76417950304662,21.864012777023824,10.500000000000002,46.12907053652977,24.85876127297224,7.035558723023311
2.1,2,1,1.7845643380660832,56.266774591665104,29.87888164391475,10.500000000000002,46.12907053652977,24.85876127297224,14.280527680221375
2.1,3,1,18.774341779234703,41.39669461411492,22.467691341848557,10.500000000000002,46.12907053652977,24.85876127297224,9.827376514928309
2.1333333333333333,3,1,8.281970555444758,47.746447133899274,25.644552629681915,10.666666666666666,46.2114778027831,24.93299970107875,2.923903890443026
2.1333333333333333,1,1,10.643902814281628,47.36836193336041,25.67673324561237,10.666666666666666,46.2114778027831,24.93299970107875,1.3755139656948483
2.1333333333333333,2,1,7.582305654549948,50.1311728402279,26.660094072920216,10.666666666666666,46.2114778027831,24.93299970107875,5.278271214032252
2.1666666666666665,1,1,10.914214425521955,51.59491283976235,27.64770022190815,10.833333333333332,46.29320391049838,25.007102888506562,5.923462973538245
2.1666666666666665,2,1,9.733175184951037,47.55064202796141,25.53384126883151,10.833333333333332,46.29320391049838,25.007102888506562,1.7518424278479734
2.1666666666666665,3,1,22.608475351888956,39.68057459465682,21.770000621338735,10.833333333333332,46.29320391049838,25.007102888506562,13.88739237992448
2.2,3,1,-11.787310297183012,60.09034225187038,31.93572030520581,11.000000000000002,46.374239897486895,25.081068803679372,27.465964785228387
2.2,2,1,9.64325193484278,47.80905630251325,25.891530296433384,11.000000000000002,46.374239897486895,25.081068803679372,2.1345517702032137
2.2,1,1,10.959691300698747,41.98803112270401,22.91508191863848,11.000000000000002,46.374239897486895,25.081068803679372,4.892029373725273
2.2333333333333334,1,1,11.303055604198263,48.691421135590105,26.405045816886766,11.166666666666666,46.454576877239504,25.154895418784243,2.566115779982062
2.2333333333333334,2,1,1.3207890210132547,58.11143247770193,30.98118543441124,11.166666666666666,46.454576877239504,25.154895418784243,16.333072106906425
2.2333333333333334,3,1,-5.42074047534787,56.357689940536225,29.80285724185613,11.166666666666666,46.454576877239504,25.154895418784243,19.870009389734236
2.2666666666666666,2,1,5.43245317013011,53.58601174408495,28.802821076557237,11.333333333333332,46.53420603990105,25.228580709827227,9.865269615636874
2.2666666666666666,1,1,11.227498411012466,45.889976482507805,24.895537017344488,11.333333333333332,46.53420603990105,25.228580709827227,0.7329057609981644
2.2666666666666666,3,1,-14.665452650518034,61.86516788824766,32.89373299018208,11.333333333333332,46.53420603990105,25.228580709827227,31.14048527737798
2.3,3,1,-0.8788715539936476,53.87170522036391,28.97833535380167,11.5,46.61311865323652,25.302122656688855,14.813442533630349
2.3,1,1,12.060672351924335,66.39546410439667,35.073789857554736,11.5,46.61311865323652,25.302122656688855,22.071271483984038
2.3,2,1,18.771244833696578,38.04907217339313,20.81907613094933,11.5,46.61311865323652,25.302122656688855,12.095933188159663
2.3333333333333335,2,1,16.201860282837337,41.19224308654712,22.54844209757069,11.666666666666666,46.691306063588584,25.375519243179504,7.668118409939103
2.3333333333333335,1,1,11.527963534259207,41.717342657707974,22.894828213255543,11.666666666666666,46.691306063588584,25.375519243179504,5.5599800816121885
2.3333333333333335,3,1,28.51503414973031,36.61336829356186,20.419684719655635,11.666666666666666,46.691306063588584,25.375519243179504,20.248274305862186
2.3666666666666667,2,1,9.53722723541238,49.71859644480277,26.84158129714644,11.833333333333334,46.768759696826606,25.448768457094673,3.989181327043614
2.3666666666666667,1,1,12.052732203604494,56.499654048727045,30.37046956210225,11.833333333333334,46.768759696826606,25.448768457094673,10.90695111014792
2.3666666666666667,3,1,15.147416963435447,44.664544377283846,24.405650406037736,11.833333333333334,46.768759696826606,25.448768457094673,4.061892131353325
2.4,2,1,16.347114546408257,41.364580938772626,22.7970056988839,12.0,46.845471059286886,25.52186829027017,7.50749209354771
2.4,1,1,11.954433087724325,46.50471233676752,25.28071100349947,12.0,46.845471059286886,25.52186829027017,0.4199400998118383
2.4,3,1,-6.494962739020039,57.90142259568233,30.976864753434697,12.0,46.845471059286886,25.52186829027017,22.2273412154041
2.433333333333333,3,1,20.552136739671255,41.520712737422976,22.946662505952503,12.166666666666666,46.921431738704065,25.594816738637135,10.319718742104348
2.433333333333333,1,1,12.121236940675352,46.07745021219644,25.03372765305308,12.166666666666666,46.921431738704065,25.594816738637135,1.0144898417684325
2.433333333333333,2,1,14.827859220025907,43.66626123679092,23.894482538288795,12.166666666666666,46.921431738704065,25.594816738637135,4.535329888272116
2.466666666666667,2,1,19.08582099992714,38.64795172886915,21.524844777275952,12.333333333333334,46.99663340513365,25.66761180227701,11.50908745481292
2.466666666666667,1,1,12.685302848832729,52.18180138570392,28.146200194285946,12.333333333333334,46.99663340513365,25.66761180227701,5.757885891850715
2.466666666666667,3,1,-48.90529129581222,84.10134653164303,43.88626383270986,12.333333333333334,46.99663340513365,25.66761180227701,73.8840183292432
2.5,3,1,17.557104211353547,43.995416759797976,24.183779567916392,12.5,47.071067811865476,25.740251485476346,6.120174607699233
2.5,1,1,12.890709309649537,53.42771999502635,29.011849487136054,12.5,47.071067811865476,25.740251485476346,7.159820823651562
2.5,2,1,14.439878983873975,44.874050312868846,24.580121196511627,12.5,47.071067811865476,25.740251485476346,3.152129224880651
2.533333333333333,2,1,9.675233651284941,50.81773333728643,27.690172811467043,12.666666666666664,47.14472679632803,25.812733796781544,5.095529981199426
2.533333333333333,1,1,13.155660898436903,56.25911224392965,30.338636175867155,12.666666666666664,47.14472679632803,25.812733796781544,10.187979671709673
2.533333333333333,3,1,25.0076197226296,39.950865763620186,21.984757349113487,12.666666666666664,47.14472679632803,25.812733796781544,14.788649788648545
2.5666666666666664,3,1,-10.93143832025045,61.91045933328382,33.34156592747307,12.833333333333332,47.21760228098362,25.88505674905342,28.91788286223878
2.5666666666666664,1,1,12.949229536218224,49.58842528111801,27.07087953880149,12.833333333333332,47.21760228098362,25.88505674905342,2.6533769646424683
2.5666666666666664,2,1,6.006104852309441,55.99098377605682,30.305365913358926,12.833333333333332,47.21760228098362,25.88505674905342,11.963377645892482
2.6,2,1,12.972189343149239,47.367669849761405,26.059522267856142,13.0,47.28968627421412,25.95721835952171,0.13160911955525598
2.6,1,1,12.709174810201503,42.9498136725143,23.774633079357596,13.0,47.28968627421412,25.95721835952171,4.866492781788044
2.6,3,1,-2.550735318873251,56.75224793500549,30.6071738954056,13.0,47.28968627421412,25.95721835952171,18.78796233303729
2.6333333333333333,2,1,-1.1441075906741531,65.56309288287291,35.23698211906694,13.166666666666666,47.360970871197345,26.0292166498394,24.91783398509573
2.6333333333333333,3,1,13.767444016890849,47.07608786767474,25.789035627973814,13.166666666666666,47.360970871197345,26.0292166498394,0.7069502623967625
2.6333333333333333,1,1,13.000084183349259,43.440096379263,24.09189775978746,13.166666666666666,47.360970871197345,26.0292166498394,4.3765524088032715
2.6666666666666665,3,1,17.963071527335785,44.391838617022934,24.48953097185285,13.333333333333334,47.43144825477394,26.101049646137003,5.7680754964269
2.6666666666666665,2,1,13.876004992618391,46.72675548709382,25.85425743259693,13.333333333333334,47.43144825477394,26.101049646137003,0.9230334897910669
2.6666666666666665,1,1,13.563102420494731,51.150960147897685,27.958884008009207,13.333333333333334,47.43144825477394,26.101049646137003,4.164025825166921
2.7,2,1,-8.160607130290721,75.63092469663053,40.572219525717145,13.5,47.50111069630459,26.17271537907663,38.312061503067824
2.7,3,1,4.672257876104538,52.88014415457713,28.77793010449894,13.5,47.50111069630459,26.17271537907663,10.660683642092144
2.7,1,1,13.788247968063853,51.721221075782815,28.366203665363276,13.5,47.50111069630459,26.17271537907663,4.764851452894359
2.7333333333333334,1,1,14.487605261351932,57.83790255993266,31.3851406166995,13.666666666666666,47.56995055651756,26.24421188390602,11.512338023023016
2.7333333333333334,3,1,-3.5459913792695943,57.948565874003144,31.77485836425717,13.666666666666666,47.56995055651756,26.24421188390602,20.84656574607197
2.7333333333333334,2,1,6.724964964544434,56.267563286072,30.76884650791271,13.666666666666666,47.56995055651756,26.24421188390602,12.012826819500656
2.7666666666666666,3,1,-1.6101458571608873,57.56045566616544,31.200462840032554,13.833333333333334,47.63796028634642,26.315537200512367,18.99524842094463
2.7666666666666666,2,1,10.544379610469917,52.063070759966685,28.561443651736848,13.833333333333334,47.63796028634642,26.315537200512367,5.953395256702904
2.7666666666666666,1,1,14.072881238135135,50.72503743631093,27.857592184975218,13.833333333333334,47.63796028634642,26.315537200512367,3.4590984524344837
2.8,1,1,14.642755232025275,55.56004777666627,30.298088437932627,13.999999999999998,47.70513242775789,26.386689373476088,8.7984016769095
2.8,2,1,17.377516478088467,43.29933579164749,24.16881835870339,13.999999999999998,47.70513242775789,26.386689373476088,5.978094462007913
2.8,3,1,20.177675893126434,43.91047290634163,24.468653275972443,13.999999999999998,47.70513242775789,26.386689373476088,7.499465500641868
2.8333333333333335,3,1,5.290211700054286,53.16346469170677,29.113292024337145,14.166666666666666,47.77145961456971,26.45766645212443,10.71995889478871
2.8333333333333335,2,1,32.94004011354461,22.71373450070198,13.682760287277908,14.166666666666666,47.77145961456971,26.45766645212443,33.81608146989732
2.8333333333333335,1,1,15.046069103898748,58.9443057872052,32.295065414100996,14.166666666666666,47.77145961456971,26.45766645212443,12.636497413653455
2.8666666666666667,1,1,14.443341664874694,49.06039223087004,27.153340749123476,14.333333333333334,47.8369345732584,26.52846649058491,1.3781938586284632
2.8666666666666667,3,1,-2.7106857409635268,58.60098620263548,32.0623114695871,14.333333333333334,47.8369345732584,26.52846649058491,20.904230048880503
2.8666666666666667,2,1,15.28969796588406,46.36778365643897,25.901438664871236,14.333333333333334,47.8369345732584,26.52846649058491,1.8617737835205639
2.9,3,1,-0.881303124461823,57.83451206132518,31.349060105925112,14.499999999999998,47.901550123756905,26.599087547838728,18.915878461290998
2.9,2,1,13.44033920210029,49.551403719249805,27.44528971725928,14.499999999999998,47.901550123756905,26.599087547838728,2.1356394837842694
2.9,1,1,13.439823958346587,36.86864403435231,20.88256924959471,14.499999999999998,47.901550123756905,26.599087547838728,12.471069379611183
2.933333333333333,2,1,2.1242908921886823,65.04374956620977,35.563204902268616,14.666666666666666,47.96529918024196,26.66952768777391,22.980038121156337
2.933333333333333,1,1,13.876725999957335,39.164777692123565,22.121402100476196,14.666666666666666,47.96529918024196,26.66952768777391,9.937737724330777
2.933333333333333,3,1,76.60304930810159,8.543345467463663,6.376444804481829,14.666666666666666,47.96529918024196,26.66952768777391,76.17095996603193
2.966666666666667,2,1,23.879917206943244,35.78258070250159,20.421115348315,14.833333333333334,48.028174751911145,26.73978497923845,16.483957028272908
2.966666666666667,1,1,13.785216164710064,37.26201093786335,21.18077904390883,14.833333333333334,48.028174751911145,26.73978497923845,12.161882249845412
2.966666666666667,3,1,32.65022223145582,36.68836803364317,20.82534916492626,14.833333333333334,48.028174751911145,26.73978497923845,21.932015352386895
3.0,2,1,2.8082619121030206,65.11874416750571,35.715635986076826,15.0,48.09016994374947,26.8098574960932,22.757937257372607
3.0,1,1,16.23801400906762,60.01768162837432,33.03998593645065,15.0,48.09016994374947,26.8098574960932,13.5134271765848
3.0,3,1,30.43808166793235,38.08767245267749,21.74699832763457,15.0,48.09016994374947,26.8098574960932,19.07922599594375
3.033333333333333,3,1,19.707956497774404,45.138203162727095,25.37435054636952,15.166666666666668,48.151277957285544,26.879743317264726,5.654037534575582
3.033333333333333,1,1,14.526780663428587,41.8090764966917,23.483192882337107,15.166666666666668,48.151277957285544,26.879743317264726,7.2228476600926355
3.033333333333333,2,1,16.752832374175973,45.88627590760405,25.71972763632191,15.166666666666668,48.151277957285544,26.879743317264726,2.998631740773295
3.0666666666666664,2,1,10.700094531647046,54.78985160365958,30.093630419184485,15.333333333333332,48.211492091337036,26.949440526797925,8.638729405774999
3.0666666666666664,1,1,16.340357728441735,57.57200573430471,31.682776609788835,15.333333333333332,48.211492091337036,26.949440526797925,10.537446762241371
3.0666666666666664,3,1,11.78453813465616,50.51807244027586,28.10651355024293,15.333333333333332,48.211492091337036,26.949440526797925,4.387832978800477
3.1,2,1,31.72757818697682,25.547203178505086,15.315702611410362,15.5,48.27080574274562,27.0189472139086,30.27643211374004
3.1,3,1,-2.592876170798476,60.16778758893598,33.258258985541374,15.5,48.27080574274562,27.0189472139086,22.534847604633708
3.1,1,1,16.087552325743516,52.71847881738656,29.292450663688506,15.5,48.27080574274562,27.0189472139086,5.02949614280931
3.1333333333333333,2,1,14.78109770845844,49.566340752512346,27.743228976413896,15.666666666666668,48.329212407101,27.08826147303581,1.6564121930375761
3.1333333333333333,3,1,3.441538629885315,56.13099160878352,31.215798983351874,15.666666666666668,48.329212407101,27.08826147303581,15.078397797066158
3.1333333333333333,1,1,17.182522329995688,61.26157834756839,34.086327877532376,15.666666666666668,48.329212407101,27.08826147303581,14.782315130315386
3.1666666666666665,1,1,16.79817220452367,55.99470274713801,31.214117505120015,15.833333333333332,48.38670567945424,27.157381403894128,8.675807813929149
3.1666666666666665,2,1,17.97782922615911,45.33783541494546,25.46403439449961,15.833333333333332,48.38670567945424,27.157381403894128,4.094129531216351
3.1666666666666665,3,1,18.26463467662957,46.635827820979216,26.37308217685097,15.833333333333332,48.38670567945424,27.157381403894128,3.09708326894074
3.2,3,1,15.649539450680805,48.847565456487544,27.473278372495116,16.0,48.44327925502015,27.22630511152573,0.5892925597357377
3.2,1,1,15.815001441907427,47.67469443698333,26.810662282830993,16.0,48.44327925502015,27.22630511152573,0.8931439134083523
3.2,2,1,11.70355693304694,54.56464134361273,30.39153135090367,16.0,48.44327925502015,27.22630511152573,8.120908446330011
3.2333333333333334,2,1,15.656335154227904,49.398856806493406,27.64530383947593,16.166666666666668,48.49892692986864,27.295030706352357,1.0922469057947062
3.2333333333333334,1,1,15.991680599336568,46.935770085405736,26.542732420733024,16.166666666666668,48.49892692986864,27.295030706352357,1.7435687983835508
3.2333333333333334,3,1,-18.24485211381213,70.89579618308755,39.02986172100278,16.166666666666668,48.49892692986864,27.295030706352357,42.70220879612001
3.2666666666666666,2,1,23.483404579688028,38.25644082242554,22.148659269227913,16.333333333333332,48.55364260160506,27.36355630422711,13.57759310020482
3.2666666666666666,3,1,28.30172476641799,40.802461540474766,23.225837255822423,16.333333333333332,48.55364260160506,27.36355630422711,14.84735398182081
3.2666666666666666,1,1,16.28973112984175,49.14904023812752,27.852686020255753,16.333333333333332,48.55364260160506,27.36355630422711,0.7717819490167601
3.3,2,1,10.636902018811483,57.087582419228056,31.932169646871035,16.499999999999996,48.607420270039434,27.431880026486112,11.249074392184118
3.3,3,1,10.626512322973923,52.53157755933767,29.512565779050647,16.499999999999996,48.607420270039434,27.431880026486112,7.363838749202393
3.3,1,1,16.535865444266143,49.98845817404579,28.122844243152514,16.499999999999996,48.607420270039434,27.431880026486112,1.544662931227421
3.3333333333333335,3,1,-13.508987181740025,68.8722507642368,37.93406195534676,16.666666666666668,48.66025403784439,27.5,37.78841814279309
3.3333333333333335,2,1,12.330639267576785,54.943161619688354,30.622224347079946,16.666666666666668,48.66025403784439,27.5,8.247687321979983
3.3333333333333335,1,1,16.085878749969552,44.566099182379645,25.323024402447924,16.666666666666668,48.66025403784439,27.5,4.6731832124414
3.3666666666666667,3,1,10.317099598148943,53.33930444286258,29.942991228387903,16.833333333333332,48.712138111201895,27.567914357225288,8.33744328294597
3.3666666666666667,2,1,13.21695302623526,54.08056159830409,30.437240138449702,16.833333333333332,48.712138111201895,27.567914357225288,7.0803395187827185
3.3666666666666667,1,1,16.728994043389502,48.42360691220515,27.52016332611976,16.833333333333332,48.712138111201895,27.567914357225288,0.31051103231950067
3.4,1,1,18.80980408078001,61.26770972019247,34.26652701017578,17.0,48.76306680043864,27.635621236255567,14.269211496924632
3.4,2,1,10.768785182838123,57.810383906388495,32.37083905393145,17.0,48.76306680043864,27.635621236255567,11.962619808974361
3.4,3,1,56.260944350643385,22.58559331453311,13.923432971407525,17.0,48.76306680043864,27.635621236255567,49.13965787854286
3.433333333333333,2,1,10.500104795535577,58.63262768993485,33.12103274850009,17.166666666666668,48.81303452064992,27.70311878087255,13.046886561647561
3.433333333333333,3,1,10.080724330320791,53.69134167404392,30.346539771258524,17.166666666666668,48.81303452064992,27.70311878087255,8.999785220175372
3.433333333333333,1,1,15.327572461464406,35.48954443938882,20.740476729684428,17.166666666666668,48.81303452064992,27.70311878087255,15.145165557828827
3.466666666666667,3,1,24.65055747883379,43.81674226960826,25.102593700034152,17.333333333333336,48.86203579231215,27.770405140596953,9.279761516770266
3.466666666666667,2,1,17.439590021259576,48.69517854919801,27.578078910363566,17.333333333333336,48.86203579231215,27.770405140596953,0.2759007106632578
3.466666666666667,1,1,17.579069077919172,50.91403258868655,28.80003562531272,17.333333333333336,48.86203579231215,27.770405140596953,2.3089425812596547
3.5,3,1,19.562832376013404,47.41607755864449,26.909227830539837,17.5,48.91006524188368,27.83747847073923,2.7108902338955176
3.5,2,1,25.57425777935191,36.694126203251834,21.225006647108966,17.5,48.91006524188368,27.83747847073923,16.066971989186342
3.5,1,1,16.361637108158728,41.7362374577551,24.193605470826473,17.5,48.91006524188368,27.83747847073923,8.126345155686506
3.533333333333333,1,1,17.901888336676112,50.361884833518566,28.808586172440144,17.666666666666668,48.95711760239413,27.904336932450164,1.6871179258443998
3.533333333333333,3,1,-2.191805297845889,62.52236892252676,35.01926890455075,17.666666666666668,48.95711760239413,27.904336932450164,25.07981676789746
3.533333333333333,2,1,25.918428110407838,36.44931428041398,21.293283422900732,17.666666666666668,48.95711760239413,27.904336932450164,16.378117699292456
3.5666666666666664,2,1,9.767855523606158,61.173113529239245,34.395760678842144,17.833333333333332,49.003187714021934,27.97097869277124,15.951076772921487
3.5666666666666664,3,1,9.08236459599918,55.20648184178114,31.137785835533002,17.833333333333332,49.003187714021934,27.97097869277124,11.184318457408947
3.5666666666666664,1,1,18.928345708705812,55.600454389211706,31.529166169755207,17.833333333333332,49.003187714021934,27.97097869277124,7.575201502742611
3.6,2,1,13.961279081426937,55.58791440630788,31.406253971581933,18.0,49.0482705246602,28.03740192468495,8.392101814847912
3.6,3,1,23.09178635606915,45.775910029322915,26.3636029324284,18.0,49.0482705246602,28.03740192468495,6.279827591086802
3.6,1,1,17.90925538665331,48.56943025954406,27.843867459657506,18.0,49.0482705246602,28.03740192468495,0.5243836129222461
3.6333333333333333,3,1,1.61844721620227,60.834536483901395,34.118576366632645,18.166666666666668,49.09236109047069,28.103604807164825,21.163698467234514
3.6333333333333333,2,1,17.61976623726442,50.14538305232471,28.41057953922358,18.166666666666668,49.09236109047069,28.103604807164825,1.2256381268342618
3.6333333333333333,1,1,19.184229236290943,55.31038808633269,31.20040798355821,18.166666666666668,49.09236109047069,28.103604807164825,7.020646923018504
3.6666666666666665,1,1,16.223093666537054,36.469521377273104,21.47032302242348,18.333333333333332,49.13545457642601,28.169585525225404,14.483062291455218
3.6666666666666665,2,1,20.9049555702626,45.20939905155067,26.108144172437093,18.333333333333332,49.13545457642601,28.169585525225404,5.126079726736501
3.6666666666666665,3,1,10.210199886083927,54.75720046488348,31.106091653103153,18.333333333333332,49.13545457642601,28.169585525225404,10.305939650282943
3.6999999999999997,1,1,20.07008166335725,58.00307156232843,32.926645521632025,18.5,49.17754625683981,28.235342269971976,10.11747891257831
3.6999999999999997,2,1,18.347548254820765,49.40716779578527,28.528952574581066,18.5,49.17754625683981,28.235342269971976,0.4027090720712874
3.6999999999999997,3,1,16.5773193857154,50.53149595502002,29.042466938166175,18.5,49.17754625683981,28.235342269971976,2.486228219563861
3.7333333333333334,2,1,18.64095675728113,49.603152646663375,28.25991504224645,18.666666666666668,49.21863151588501,28.300873238650162,0.3875500913537908
3.7333333333333334,1,1,17.749448584552905,44.39583651588387,25.753452725169833,18.666666666666668,49.21863151588501,28.300873238650162,5.530821990870145
3.7333333333333334,3,1,13.135056160260362,53.19960852095509,30.29200491825719,18.666666666666668,49.21863151588501,28.300873238650162,7.100105497456787
3.7666666666666666,3,1,14.142225801718155,52.50875250913976,30.074903465155053,18.833333333333332,49.25870584809995,28.36617663469535,5.957267876572744
3.7666666666666666,1,1,19.716231799916496,54.217670926494726,31.08898814715984,18.833333333333332,49.25870584809995,28.36617663469535,5.725779150774414
3.7666666666666666,2,1,20.80755923634095,46.185895848973566,26.82506636335595,18.833333333333332,49.25870584809995,28.36617663469535,3.964183405856133
3.8,2,1,22.968878135625996,42.97434833334873,24.992690738883486,19.0,49.297764858882516,28.43125066778196,8.219567178110424
3.8,1,1,19.27243582533039,50.7754619654984,29.19141879271312,19.0,49.297764858882516,28.43125066778196,1.6839434657926504
3.8,3,1,25.307846306700924,44.90939883571119,26.28771243531603,19.0,49.297764858882516,28.43125066778196,7.9775583693463625
3.8333333333333335,2,1,6.998165939519573,68.8731385086175,39.31022106607524,19.166666666666668,49.33580426497202,28.49609355387249,25.430792224086968
3.8333333333333335,1,1,15.263469495277633,28.56951151512311,17.24896658399912,19.166666666666668,49.33580426497202,28.49609355387249,23.936827855996704
3.8333333333333335,3,1,27.58328835232865,43.33416495200992,25.4955927170793,19.166666666666668,49.33580426497202,28.49609355387249,10.76393052346792
3.8666666666666667,2,1,18.077381796660507,51.44534658915055,29.713973937667422,19.333333333333332,49.37281989491891,28.560703515266475,2.683805847664548
3.8666666666666667,1,1,18.194144006148644,43.258037081608826,25.302623679356437,19.333333333333332,49.37281989491891,28.560703515266475,7.021638369660423
3.8666666666666667,3,1,18.9614225221908,49.78344559887289,28.80656340437951,19.333333333333332,49.37281989491891,28.560703515266475,0.6061173197220708
3.9,1,1,19.7852010726342,51.232812183498964,29.530347519312677,19.5,49.40880768954226,28.62507878064918,2.0561720587069954
3.9,2,1,22.979019906665993,43.972125376478154,25.6489638883201,19.5,49.40880768954226,28.62507878064918,7.107626462927356
3.9,3,1,36.8770559333443,37.10843456835807,22.063394592189354,19.5,49.40880768954226,28.62507878064918,22.27817207986352
3.933333333333333,2,1,26.933010840479785,37.59722004898551,22.379907806832346,19.666666666666664,49.44376370237481,28.689217585140184,15.262625726349219
3.933333333333333,3,1,42.58527672153355,33.38436333760322,19.909022618187056,19.666666666666664,49.44376370237481,28.689217585140184,29.330169630958164
3.933333333333333,1,1,22.218652881185434,62.036383559605795,35.45733883517667,19.666666666666664,49.44376370237481,28.689217585140184,14.522195900173548
3.966666666666667,1,1,20.316167436301775,51.832007513034476,29.968856538574318,19.833333333333332,49.47768410009586,28.753118170341764,2.6933227217867977
3.966666666666667,2,1,23.989124678891326,42.9526812076526,25.228509336825855,19.833333333333332,49.47768410009586,28.753118170341764,8.501125330419846
3.966666666666667,3,1,-3.8799531012685264,65.91265338549593,37.835500799782025,19.833333333333332,49.47768410009586,28.753118170341764,30.247608883498124
4.0,3,1,24.4070996805565,46.54871150352944,27.157876591172105,20.0,49.510565162951536,28.816778784387097,5.563008285167907
4.0,2,1,15.955078932696523,56.02571032398965,32.30119382230262,20.0,49.510565162951536,28.816778784387097,8.423161583785847
4.0,1,1,20.433032992788426,51.620386326941116,29.92712325323952,20.0,49.510565162951536,28.816778784387097,2.423164822370286
4.033333333333333,1,1,17.783080149089752,38.09144706760756,22.498418105164088,20.166666666666664,49.54240328516277,28.880197681988292,13.324150762818292
4.033333333333333,3,1,20.531821023589657,49.129065620671696,28.73491019377978,20.166666666666664,49.54240328516277,28.880197681988292,0.570345670183196
4.033333333333333,2,1,16.090832094796383,56.43823285284865,32.685074799612764,20.166666666666664,49.54240328516277,28.880197681988292,8.868031504457239
4.066666666666666,3,1,22.799072121432786,47.94147710318761,27.938578997235034,20.333333333333332,49.573194975320675,28.943373124484236,3.122816392862557
4.066666666666666,1,1,22.749782706643806,61.21813179258747,35.41178443556725,20.333333333333332,49.573194975320675,28.943373124484236,13.53824678240336
4.066666666666666,2,1,21.442251306017628,47.56459659227145,27.824441577463105,20.333333333333332,49.573194975320675,28.943373124484236,2.5526798352808195
4.1,1,1,23.44611685900619,64.43340498561135,37.090357151460985,20.5,49.60293685676943,29.00630337988826,17.145679188915075
4.1,2,1,20.31587362448111,50.210605262375275,29.11226087493304,20.5,49.60293685676943,29.00630337988826,0.6437316242732174
4.1,3,1,19.965464106820193,49.74332377342431,29.16174292330513,20.5,49.60293685676943,29.00630337988826,0.5741067488917398
4.133333333333333,3,1,20.222772793560438,49.882691432388754,29.198608318566958,20.666666666666664,49.63162566797658,29.06898672293562,0.526191549433408
4.133333333333333,1,1,20.626890340216363,49.84100722733995,29.278376720275467,20.666666666666664,49.63162566797658,29.06898672293562,0.2987757763495892
4.133333333333333,2,1,22.32103303040973,46.78169315087334,27.71581627872072,20.666666666666664,49.63162566797658,29.06898672293562,3.5623185804506057
4.166666666666667,1,1,20.44800275336963,47.773258815822665,28.28308324867643,20.833333333333336,49.65925826289068,29.13142143513081,2.1036043470179315
4.166666666666667,3,1,19.770259929112427,50.60300866142268,29.618699828838082,20.833333333333336,49.65925826289068,29.13142143513081,1.502740866039475
4.166666666666667,2,1,26.738508264364597,39.59750373612116,23.607033945064728,20.833333333333336,49.65925826289068,29.13142143513081,12.908479858738039
4.2,3,1,35.24398649951894,39.33277825775741,23.7092384098797,21.000000000000004,49.68583161128631,29.193605804794647,18.443295553178665
4.2,1,1,17.93429695707565,36.36525481493689,21.891280199457228,21.000000000000004,49.68583161128631,29.193605804794647,15.497104909666346
4.2,2,1,14.160971711916062,61.59098365793169,35.60704548490371,21.000000000000004,49.68583161128631,29.193605804794647,15.15378374233163
4.233333333333333,1,1,22.892437720073065,57.06918556284609,33.10354237765469,21.166666666666668,49.71134279909636,29.25553812711123,8.480758962324082
4.233333333333333,2,1,19.30491393376536,53.14190435126198,31.142627547575575,21.166666666666668,49.71134279909636,29.25553812711123,4.335433344256482
4.233333333333333,3,1,4.737288259365272,61.589149706953286,35.81564736342089,21.166666666666668,49.71134279909636,29.25553812711123,21.308256732613074
4.266666666666667,3,1,33.43170997505527,40.91355762636086,24.304594679923987,21.333333333333332,49.7357890287316,29.317216704174655,15.790150849182607
4.266666666666667,2,1,8.19845788428411,72.25721097650802,41.494389035066426,21.333333333333332,49.7357890287316,29.317216704174655,28.77538749674898
4.266666666666667,1,1,26.25843421702249,72.18529476721565,41.502732285766804,21.333333333333332,49.7357890287316,29.317216704174655,26.01391390402392
4.3,1,1,22.9464874051082,55.741501547760386,32.55029274030947,21.5,49.75916761938747,29.378639845035575,6.923873708539006
4.3,2,1,25.39296212444879,42.9127795629623,25.500249633187543,21.5,49.75916761938747,29.378639845035575,8.778957464124808
4.3,3,1,3.115051315067518,62.67461496317759,36.47083081821974,21.5,49.75916761938747,29.378639845035575,23.56086354609972
4.333333333333333,3,1,55.1583571188882,25.40608986554076,15.883991133916942,21.666666666666664,49.78147600733806,29.43980586574756,43.58454877537299
4.333333333333333,2,1,22.271429636772822,48.49246474330013,28.710578491760945,21.666666666666664,49.78147600733806,29.43980586574756,1.5997064892659785
4.333333333333333,1,1,24.058450168731213,60.3170743581094,35.1801108437599,21.666666666666664,49.78147600733806,29.43980586574756,12.233992078226848
4.366666666666666,2,1,17.29391680528522,57.855698509919726,33.882850090751596,21.833333333333332,49.80271174621722,29.500713089413253,10.230348133371745
4.366666666666666,3,1,40.30757067034235,36.35277536508077,21.974564854267722,21.833333333333332,49.80271174621722,29.500713089413253,24.059117629251084
4.366666666666666,1,1,22.9650040670403,54.29514683369129,31.997639142421775,21.833333333333332,49.80271174621722,29.500713089413253,5.262821617620129
4.4,1,1,20.04588154388424,41.675093443598904,24.896337035929456,22.000000000000004,49.82287250728689,29.561359846230346,9.589959355066743
4.4,3,1,4.71881589561292,62.27614660171723,36.611196478804466,22.000000000000004,49.82287250728689,29.561359846230346,22.437102225258826
4.4,2,1,23.24628147762825,47.589015461228136,28.334729989082156,22.000000000000004,49.82287250728689,29.561359846230346,2.8368918960991394
4.433333333333334,2,1,29.206519260437393,37.19165214271429,22.701814997302062,22.166666666666668,49.84195607969242,29.62174447353737,16.046031852019212
4.433333333333334,3,1,24.776726814121844,48.0070376171987,28.620504238336427,22.166666666666668,49.84195607969242,29.62174447353737,3.3439231070584308
4.433333333333334,1,1,24.752331065159577,61.01921498003489,35.837762118359336,22.166666666666668,49.84195607969242,29.62174447353737,13.048204944269408
4.466666666666667,1,1,19.86159815367261,39.56257375298741,23.86052766694957,22.333333333333332,49.859960370705046,29.681865315859255,12.084437015257931
4.466666666666667,3,1,33.82099939596848,41.29624819078511,24.89132402736425,22.333333333333332,49.859960370705046,29.681865315859255,15.108041689904876
4.466666666666667,2,1,27.069205886804863,41.229456962356686,24.8630811835841,22.333333333333332,49.859960370705046,29.681865315859255,10.960600277252357
4.5,2,1,21.976868680453855,50.75907313300563,30.291875751201047,22.5,49.876883405951375,29.741720724952756,1.1638709743422624
4.5,3,1,15.993217586448452,54.520000476544745,32.41557310312703,22.5,49.876883405951375,29.741720724952756,8.428893168667372
4.5,1,1,22.154551751118582,48.07574473890541,28.781247035819245,22.5,49.876883405951375,29.741720724952756,2.0702523271575144
4.533333333333333,1,1,23.256945061962302,52.23848844713692,31.09676538586784,22.666666666666664,49.89272332962988,29.801309059851583,2.743947824409415
4.533333333333333,3,1,40.51866243618879,36.665488098162825,22.35163399463983,22.666666666666664,49.89272332962988,29.801309059851583,23.433974554070783
4.533333333333333,2,1,20.913576726423827,52.95778927923665,31.5913542164116,22.666666666666664,49.89272332962988,29.801309059851583,3.958814882833428
4.566666666666666,2,1,23.317915049150088,49.106144935337774,29.294007159217575,22.833333333333332,49.90747840471444,29.860628686911436,1.0945385895861686
4.566666666666666,3,1,21.42642381675961,50.848688080375354,30.22389811122576,22.833333333333332,49.90747840471444,29.860628686911436,1.7312523548070895
4.566666666666666,1,1,24.722642510735078,57.34841535923359,33.976771999906845,22.833333333333332,49.90747840471444,29.860628686911436,8.710893622474105
4.6,2,1,18.206919375279327,59.090592332429175,35.03647149488596,23.0,49.921147013144775,29.919677979854775,11.542700083337714
4.6,3,1,60.64133866273181,22.025725529810977,14.179219005599109,23.0,49.921147013144775,29.919677979854775,49.42455831644361
4.6,1,1,23.900478051780453,53.42940733547065,31.872480494359028,23.0,49.921147013144775,29.919677979854775,4.114874101548977
4.633333333333333,2,1,18.1404010331025,58.8944279289006,34.935894734941485,23.166666666666664,49.93372765600397,29.97845531981541,11.407615927724928
4.633333333333333,3,1,30.690489669096046,44.1061666835194,26.680470667488375,23.166666666666664,49.93372765600397,29.97845531981541,10.071994947719912
4.633333333333333,1,1,23.95798648873671,53.23734139622659,31.76329957877629,23.166666666666664,49.93372765600397,29.97845531981541,3.8374105636658555
4.666666666666667,1,1,21.690987891329197,43.51727841656235,26.387623512119035,23.333333333333332,49.94521895368273,30.036959095382873,7.571880103310068
4.666666666666667,3,1,34.361972230911945,41.77508439154508,25.57005365194861,23.333333333333332,49.94521895368273,30.036959095382873,14.433822048826947
4.666666666666667,2,1,21.78246202586947,52.8287182479231,31.77240795832791,23.333333333333332,49.94521895368273,30.036959095382873,3.7056109817540994
4.7,2,1,23.349128435307172,50.167161170087105,30.269514824535232,23.5,49.9556196460308,30.095187702646598,0.3128929383333898
4.7,3,1,14.472958388616789,56.90497867304234,33.73329813474081,23.5,49.9556196460308,30.095187702646598,11.958968126726635
4.7,1,1,20.53660787038737,39.11100404625413,23.864815781232046,23.5,49.9556196460308,30.095187702646598,12.853206397623916
4.733333333333333,3,1,8.895327427258692,60.73038137879347,36.54264790765587,23.666666666666668,49.96492859249504,30.15313954523991,19.36267682251289
4.733333333333333,1,1,23.80569108582892,50.487796343453155,30.44429349339875,23.666666666666668,49.96492859249504,30.15313954523991,0.6144014124689795
4.733333333333333,2,1,24.908968156256,47.68958616784083,28.86266261491015,23.666666666666668,49.96492859249504,30.15313954523991,2.8958292159898704
4.766666666666667,2,1,21.11595654919332,54.979619780603336,32.909971976084734,23.833333333333336,49.97314477224458,30.21081303438377,6.3035218401198705
4.766666666666667,1,1,22.09837507011975,43.9002266622532,26.931520743976012,23.833333333333336,49.97314477224458,30.21081303438377,7.116471911817126
4.766666666666667,3,1,38.00625285932169,39.065913806522055,24.25973680982698,23.833333333333336,49.97314477224458,30.21081303438377,18.848200005842557
4.8,3,1,-2.6611801227067815,70.28810169693841,41.668659946937744,24.0,49.98026728428272,30.26820658893033,35.400522606811336
4.8,2,1,19.65727077272159,58.2983960424893,34.990164900709885,24.0,49.98026728428272,30.26820658893033,10.504639616747715
4.8,1,1,20.837071559491037,38.82304189062386,24.101318093855618,24.0,49.98026728428272,30.26820658893033,13.134622511338927
4.833333333333333,2,1,23.793104130479467,50.523861495420135,30.57348152393975,24.166666666666664,49.986295347545735,30.32531863540631,0.7000793890898341
4.833333333333333,1,1,21.032045473535753,39.20027110932251,24.30225413468334,24.166666666666664,49.986295347545735,30.32531863540631,12.745253032868105
4.833333333333333,3,1,33.92567419723551,42.51526509484089,26.102688928691535,24.166666666666664,49.986295347545735,30.32531863540631,12.995580889616305
4.866666666666666,3,1,58.21101890976638,24.228259005952808,15.703003068321658,24.333333333333332,49.99122830098858,30.3821476080561,45.021166703352236
4.866666666666666,2,1,22.31118331677574,54.06297827686744,32.755499250913665,24.333333333333332,49.99122830098858,30.3821476080561,5.1284536242602465
4.866666666666666,1,1,23.212161390502835,45.7685176771007,28.061010236612365,24.333333333333332,49.99122830098858,30.3821476080561,4.947321521348563
4.9,3,1,63.595270853914776,20.222825495874062,13.474768167109856,24.500000000000004,49.995065603657316,30.438691948884717,51.98654820480316
4.9,2,1,26.000552440822972,47.069690833503614,28.76131368837841,24.500000000000004,49.995065603657316,30.438691948884717,3.690944730327285
4.9,1,1,19.916664016630985,34.22034983103312,21.41934772978565,24.500000000000004,49.995065603657316,30.438691948884717,18.740256043771645
4.933333333333334,3,1,-0.5104703808335813,69.18843380272371,41.571150897392165,24.666666666666668,49.99780683474846,30.49495010770048,33.53879272225158
4.933333333333334,2,1,31.111081576046395,37.25767215515948,23.175189366081522,24.666666666666668,49.99780683474846,30.49495010770048,16.044326489225018
4.933333333333334,1,1,21.332929281537403,38.435625946062,24.02241757180643,24.666666666666668,49.99780683474846,30.49495010770048,13.663510137732619
4.966666666666667,1,1,20.68845713744534,36.02558143895182,22.56767239378498,24.833333333333336,49.99945169365512,30.55092054215756,16.6187033060048
4.966666666666667,2,1,29.419967222584315,40.9412698876617,25.449094892117348,24.833333333333336,49.99945169365512,30.55092054215756,11.362943853943133
4.966666666666667,3,1,26.18345709231255,48.80868214640316,29.921372478287594,24.833333333333336,49.99945169365512,30.55092054215756,1.9071174698862225
5.0,3,1,35.368388878849274,41.68415519116585,26.076036924660404,25.0,50.0,30.606601717798213,14.042178612041617
5.0,1,1,25.417231940327536,51.57778009445852,31.493550565426112,25.0,50.0,30.606601717798213,1.8574581494094204
5.0,2,1,21.538710140734928,56.87219343653528,34.62745152543799,25.0,50.0,30.606601717798213,8.681866348580044
5.033333333333333,1,1,26.205434371678926,53.514381485219914,32.64210122276528,25.166666666666664,49.99945169365512,30.661992108094886,4.165885486977162
5.033333333333333,2,1,23.031491289520147,53.99535139824112,32.92206477517004,25.166666666666664,49.99945169365512,30.661992108094886,5.063014596141658
5.033333333333333,3,1,37.30157858306253,40.6657334362845,25.424435733739106,25.166666666666664,49.99945169365512,30.661992108094886,16.18043202455407
5.066666666666666,1,1,30.556694488441366,67.22283916663973,40.61315489885589,25.33333333333333,49.99780683474846,30.717090194492048,20.540626505156723
5.066666666666666,2,1,18.34345290433476,64.30459091264004,39.070472622548294,25.33333333333333,49.99780683474846,30.717090194492048,17.981142818310186
5.066666666666666,3,1,42.88467027541721,36.327394274103085,22.929436673461833,25.33333333333333,49.99780683474846,30.717090194492048,23.570684236916488
5.1,2,1,25.26781217439292,50.521841907268566,31.038585613214888,25.5,49.995065603657316,30.771894466447833,0.634451438780308
5.1,3,1,3.8441383447600685,66.84305151158611,40.49407723689348,25.5,49.995065603657316,30.771894466447833,29.109307978833996
5.1,1,1,21.51843293605529,37.151065617747214,23.348640945086608,25.5,49.995065603657316,30.771894466447833,15.359879711936218
5.133333333333333,1,1,23.813405058238935,44.16106878852663,27.45300303468633,25.666666666666664,49.99122830098858,30.826403421475433,6.986069617432367
5.133333333333333,3,1,27.020206245539796,48.97307944684478,30.21272236840866,25.666666666666664,49.99122830098858,30.826403421475433,1.8014718747911496
5.133333333333333,2,1,21.858548294469248,57.78223031637322,35.28628443204045,25.666666666666664,49.99122830098858,30.826403421475433,9.751513552715473
5.166666666666667,1,1,28.31090609274815,57.894760711262826,35.322043475122314,25.833333333333336,49.986295347545735,30.880615565184314,9.402578001084782
5.166666666666667,2,1,20.170898100545312,61.92203923005159,37.76784448912501,25.833333333333336,49.986295347545735,30.880615565184314,14.898291078008256
5.166666666666667,3,1,-2.8018745236531117,71.99701512521534,43.76039330167717,25.833333333333336,49.986295347545735,30.880615565184314,38.34495519211584
5.2,3,1,29.238344279953907,47.69418068297852,29.378330490958813,26.0,49.98026728428272,30.934529411321172,4.258499818470084
5.2,1,1,25.311587260514933,48.15828762109578,29.826744909489058,26.0,49.98026728428272,30.934529411321172,2.2406937531602895
5.2,2,1,21.796041145198313,58.99967350553535,36.037414582357,26.0,49.98026728428272,30.934529411321172,11.183129960150403
5.233333333333333,2,1,28.695667444411157,44.490472692438765,27.787269903100906,26.166666666666664,49.97314477224458,30.98814348181068,6.833822483456591
5.233333333333333,3,1,63.33917784699443,20.938976031164945,14.14149025506587,26.166666666666664,49.97314477224458,30.98814348181068,50.085809036884584
5.233333333333333,1,1,25.172593223354546,47.08675593897884,29.51556277720861,26.166666666666664,49.97314477224458,30.98814348181068,3.3893828994473174
5.266666666666667,1,1,31.30836205869665,64.66292806607579,39.60492737495552,26.333333333333332,49.96492859249504,31.041456306796015,17.72329360132521
5.266666666666667,2,1,27.060585919583612,48.289333741512124,30.06675775078411,26.333333333333332,49.96492859249504,31.041456306796015,2.070398923864645
5.266666666666667,3,1,13.122779664775507,60.48405628935369,37.12539455593678,26.333333333333332,49.96492859249504,31.041456306796015,17.94951476647832
5.3,3,1,32.16783674370786,45.33751779638502,28.353376931194063,26.5,49.9556196460308,31.094466424679148,7.807996520127359
5.3,2,1,26.094415701342363,51.11264097275461,31.896067299230065,26.5,49.9556196460308,31.094466424679148,1.4648416077829505
5.3,1,1,25.492448078234847,47.05756171962461,29.37570976887651,26.5,49.9556196460308,31.094466424679148,3.516820305577789
5.333333333333333,1,1,23.266347226388298,39.95697572915893,25.34855861297599,26.666666666666668,49.94521895368273,31.14717238216091,12.03956380656549
5.333333333333333,2,1,30.896485908114663,41.10969094617606,26.093306846461754,26.666666666666668,49.94521895368273,31.14717238216091,11.02268038363112
5.333333333333333,3,1,30.40654502482041,46.93933548512242,29.67204722521853,26.666666666666668,49.94521895368273,31.14717238216091,5.019762921592532
5.366666666666666,2,1,24.802485709228712,54.16038633596471,33.6583252217266,26.833333333333332,49.93372765600397,31.19957273428087,5.294756789857248
5.366666666666666,3,1,2.354235879192572,69.17273993157198,42.30473517478807,26.833333333333332,49.93372765600397,31.19957273428087,33.05586844024566
5.366666666666666,1,1,23.005052656752454,38.51596087242614,24.580647737853937,26.833333333333332,49.93372765600397,31.19957273428087,13.741590132556746
5.4,2,1,22.717546542434423,58.95266483465706,36.76404638852372,27.0,49.921147013144775,31.251666044456893,11.414642299877976
5.4,1,1,28.112316163757466,52.83698779471785,32.86479436459929,27.0,49.921147013144775,31.251666044456893,3.513055321068291
5.4,3,1,31.024584374801286,46.674856316967194,29.257616590946938,27.0,49.921147013144775,31.251666044456893,5.54183326138807
5.433333333333334,2,1,29.08808700787707,45.59726669120476,28.779917255791368,27.166666666666668,49.90747840471444,31.303450884524565,5.351448693413822
5.433333333333334,1,1,27.969177831453667,52.597737645113085,32.83928035019758,27.166666666666668,49.90747840471444,31.303450884524565,3.2000454837060603
5.433333333333334,3,1,9.141151114553864,64.01202858303516,39.699636682491395,27.166666666666668,49.90747840471444,31.303450884524565,24.379365918870974
5.466666666666667,3,1,27.376026875024372,49.92269400335138,31.090526483329153,27.333333333333332,49.89272332962988,31.354925834776346,0.2694958196914029
5.466666666666667,1,1,23.181663862352202,37.97916851049199,24.41264051529249,27.333333333333332,49.89272332962988,31.354925834776346,14.400155321454053
5.466666666666667,2,1,19.302741813346177,67.44098092403561,41.74474190626369,27.333333333333332,49.89272332962988,31.354925834776346,21.917573377539878
5.5,3,1,39.002827097630444,40.724794878970194,25.910705555206086,27.500000000000004,49.876883405951375,31.406089484000468,15.693151377863316
5.5,1,1,24.46051335044494,41.33419430794284,26.384038035034123,27.500000000000004,49.876883405951375,31.406089484000468,10.365182915613323
5.5,2,1,28.57523746364648,47.20627814036046,29.945182752181953,27.500000000000004,49.876883405951375,31.406089484000468,3.22839225728589
5.533333333333333,2,1,28.482545353766,48.04425183539286,30.41219370942041,27.666666666666668,49.85996037070505,31.456940429519634,2.2480994698692833
5.533333333333333,1,1,29.171136019224637,54.5441876134653,34.20885626348858,27.666666666666668,49.85996037070505,31.456940429519634,5.6372381226849395
5.533333333333333,3,1,19.90246093749039,56.13088822606603,34.909353175404604,27.666666666666668,49.85996037070505,31.456940429519634,10.56061459102002
5.566666666666666,2,1,28.72746620820434,47.59540086451884,30.434997104756132,27.833333333333332,49.84195607969242,31.50747727722949,2.6451271525386484
5.566666666666666,1,1,29.660430069792156,54.76598879004763,34.605472920789325,27.833333333333332,49.84195607969242,31.50747727722949,6.0977010114093195
5.566666666666666,3,1,36.895885350261096,42.51266715127872,27.078213489988265,27.833333333333332,49.84195607969242,31.50747727722949,12.468628751897928
5.6,3,1,9.534407498105736,64.90785637741727,40.386988598651186,27.999999999999996,49.82287250728689,31.557698641636836,25.426191337932266
5.6,1,1,25.98792105017546,44.258231273544546,28.196035676380653,27.999999999999996,49.82287250728689,31.557698641636836,6.805473653800116
5.6,2,1,30.7039948184862,43.49424202327407,27.844633112399293,27.999999999999996,49.82287250728689,31.557698641636836,7.819847019346904
5.633333333333333,3,1,13.734704548714845,61.46065671868059,38.56864777280154,28.16666666666666,49.80271174621722,31.607603145897592,19.815280816903115
5.633333333333333,2,1,26.591245508580133,53.58811175493748,33.70926713196363,28.16666666666666,49.80271174621722,31.607603145897592,4.607406706781268
5.633333333333333,1,1,30.144274671323895,55.20658135998399,34.83059268801823,28.16666666666666,49.80271174621722,31.607603145897592,6.595483440301796
5.666666666666667,2,1,28.22948609831721,49.88613030947804,31.86501827376274,28.333333333333332,49.78147600733806,31.65718942185456,0.2548128781329007
5.666666666666667,1,1,30.11441632100243,54.800420350419955,34.57697932418991,28.333333333333332,49.78147600733806,31.65718942185456,6.073485984317204
5.666666666666667,3,1,27.229250536552833,50.26602224646309,32.2310808061048,28.333333333333332,49.78147600733806,31.65718942185456,1.3353408557044586
5.7,2,1,22.136668500783287,64.46814222680578,40.435413412049876,28.500000000000004,49.759167619387476,31.706456110074946,18.24940046550301
5.7,1,1,22.737771108508262,34.1921381423857,22.520602262553115,28.500000000000004,49.759167619387476,31.706456110074946,18.971441680689843
5.7,3,1,19.36361561776927,57.04387849490254,36.206200685867316,28.500000000000004,49.759167619387476,31.706456110074946,12.521510826058092
5.733333333333333,3,1,20.30356999422871,56.50803874978545,35.97685878059652,28.666666666666668,49.7357890287316,31.7554018598876,11.559647519291321
5.733333333333333,1,1,27.638082790368863,47.1061869360846,29.98888315676139,28.666666666666668,49.7357890287316,31.7554018598876,3.3306726474884965
5.733333333333333,2,1,26.410422749544335,55.133488796635824,34.937751951248686,28.666666666666668,49.7357890287316,31.7554018598876,6.659816176289758
5.766666666666667,1,1,30.203136318342274,53.360076286729814,33.91690197622421,28.833333333333332,49.71134279909636,31.804025329420057,4.433267869881943
5.766666666666667,3,1,32.99859926744765,46.457642135801066,29.87037632773919,28.833333333333332,49.71134279909636,31.804025329420057,5.628055327546351
5.766666666666667,2,1,26.823335763988613,54.60898017658544,34.3921294957189,28.833333333333332,49.71134279909636,31.804025329420057,5.892811322769739
5.8,1,1,27.026518393048434,44.73860148163207,28.81573120272515,28.999999999999996,49.68583161128631,31.852325185635355,6.1311188722598855
5.8,2,1,29.817585232872087,47.68699288334573,30.754659051193173,28.999999999999996,49.68583161128631,31.852325185635355,2.422534378708973
5.8,3,1,15.742759258497614,60.43076548162657,38.24539970307929,28.999999999999996,49.68583161128631,31.852325185635355,18.22304688414446
5.833333333333333,3,1,32.523543389386276,46.884562543850706,30.371504506701857,29.166666666666664,49.65925826289069,31.900300104368526,4.615709441054599
5.833333333333333,2,1,34.396848883860905,37.19897655853957,24.459383852925612,29.166666666666664,49.65925826289069,31.900300104368526,15.426621821961843
5.833333333333333,1,1,21.910121177671556,31.019462713830862,20.70625764426436,29.166666666666664,49.65925826289069,31.900300104368526,22.921736782870983
5.866666666666666,1,1,28.45353799255289,47.105469615063406,30.50303762449412,29.333333333333332,49.63162566797658,31.94794877036294,3.0402750640007543
5.866666666666666,2,1,29.61572956777238,48.79022999849231,31.534451095954033,29.333333333333332,49.63162566797658,31.94794877036294,0.9791193147894767
5.866666666666666,3,1,20.240157730409877,56.95991978751346,36.329720118184774,29.333333333333332,49.63162566797658,31.94794877036294,12.473558329227213
5.9,2,1,32.700817505474305,42.15774270419037,27.550922440892453,29.500000000000004,49.60293685676943,31.99526987730636,9.242747038002667
5.9,3,1,43.36970659141774,38.30605707337788,25.070635995683592,29.500000000000004,49.60293685676943,31.99526987730636,19.181731104541512
5.9,1,1,32.01285488962662,56.11508760900453,36.0828675282376,29.500000000000004,49.60293685676943,31.99526987730636,8.088943173990973
5.933333333333334,3,1,28.203800914893094,50.70859856001852,32.94885531621922,29.666666666666668,49.573194975320675,32.04226212786672,2.0618022982390776
5.933333333333334,2,1,26.33505996526622,57.84962197318381,37.2444823536474,29.666666666666668,49.573194975320675,32.04226212786672,10.32772687193536
5.933333333333334,1,1,35.19500049249159,63.43070182695506,40.24338807006213,29.666666666666668,49.573194975320675,32.04226212786672,17.025023869369594
5.966666666666667,1,1,22.171451855876704,30.407792131786103,20.514007818530505,29.833333333333336,49.54240328516277,32.08892423372774,23.63929909672286
5.966666666666667,2,1,29.862786323509457,49.246247551724615,31.923784714394646,29.833333333333336,49.54240328516277,32.08892423372774,0.3403626858575585
5.966666666666667,3,1,23.799848811721347,54.41419862552214,35.18634984677396,29.833333333333336,49.54240328516277,32.08892423372774,8.350531165095635
6.0,3,1,41.307907328080894,40.092308503664704,26.451495692139915,30.0,49.510565162951536,32.135254915624216,15.775850073806142
6.0,1,1,39.17450705600057,72.35440289176935,45.984831285016355,30.0,49.510565162951536,32.135254915624216,28.245765479320788
6.0,2,1,24.14739092113119,63.999939324237026,41.07706748876713,30.0,49.510565162951536,32.135254915624216,18.004194197714096
6.033333333333333,1,1,26.136209321345238,39.67205785704897,26.13862740073518,30.166666666666664,49.47768410009586,32.18125290337709,12.2027953926944
6.033333333333333,2,1,27.64213991057118,55.941633353701995,36.02522054759198,30.166666666666664,49.47768410009586,32.18125290337709,7.932966818612584
6.033333333333333,3,1,36.16040280527996,44.59389347964925,29.25648865007698,30.166666666666664,49.47768410009586,32.18125290337709,8.266228260885576
6.066666666666666,2,1,27.474792092516367,56.74423073692938,36.63942356413279,30.333333333333336,49.44376370237481,32.226916935928315,8.99657110748411
6.066666666666666,3,1,37.901507108556444,43.10499016866105,28.468375661792702,30.333333333333336,49.44376370237481,32.226916935928315,10.563329811809618
6.066666666666666,1,1,33.81095232101546,57.75139060218715,37.38283432548522,30.333333333333336,49.44376370237481,32.226916935928315,10.377571134803567
6.1,3,1,19.92419591895103,57.906293768349116,37.36878804930921,30.5,49.40880768954226,32.27224576137535,14.492399556765834
6.1,1,1,34.96349569892894,60.240497227206376,38.78827708126053,30.5,49.40880768954226,32.27224576137535,13.405482320917217
6.1,2,1,29.86213468376551,51.420558451571395,33.58350498376937,30.5,49.40880768954226,32.27224576137535,2.4846355947086316
6.133333333333333,2,1,30.06565444832228,51.204952065235155,33.459052764710385,30.666666666666664,49.37281989491892,32.31723813700556,2.240907097616415
6.133333333333333,3,1,40.839774576850864,40.98203615679855,27.122110748708362,30.666666666666664,49.37281989491892,32.31723813700556,14.173451410041
6.133333333333333,1,1,34.2878065574184,58.05923328536651,37.40009641599918,30.666666666666664,49.37281989491892,32.31723813700556,10.695881449533491
6.166666666666667,3,1,24.510821132319293,54.49596002845589,35.403891097451336,30.833333333333336,49.33580426497202,32.36189282933024,8.709484571353174
6.166666666666667,2,1,28.570672711932477,55.03355315556846,35.72828641860584,30.833333333333336,49.33580426497202,32.36189282933024,6.99403898372371
6.166666666666667,1,1,31.393091056448547,50.65686158585883,33.13665014769348,30.833333333333336,49.33580426497202,32.36189282933024,1.6305735359109568
6.2,1,1,26.7664805511759,39.17563386558788,26.059325707428236,31.0,49.297764858882516,32.40620861411843,12.675296659259057
6.2,2,1,27.926959929638212,57.24926155825464,37.35476976597942,31.0,49.297764858882516,32.40620861411843,9.856882494373297
6.2,3,1,9.597397159007102,67.25092299637966,43.46572421589559,31.0,49.297764858882516,32.40620861411843,30.044969309773137
6.233333333333333,3,1,26.12632776375186,53.5371774830353,34.97327545647169,31.166666666666664,49.25870584809995,32.45018427643051,7.076462738542778
6.233333333333333,2,1,33.42766346419282,43.106821154479064,28.649920747895965,31.166666666666664,49.25870584809995,32.45018427643051,7.576265220300852
6.233333333333333,1,1,33.5835970980447,54.73566738372895,35.77662418474438,31.166666666666664,49.25870584809995,32.45018427643051,6.848639487993506
6.266666666666667,3,1,53.75319764996118,30.516407609431752,20.97062639031878,31.333333333333336,49.21863151588501,32.493818610651495,31.38801449550211
6.266666666666667,2,1,29.7315285391483,53.499982104814,35.052000321121135,31.333333333333336,49.21863151588501,32.493818610651495,5.2383236944444524
6.266666666666667,1,1,28.644465402750747,42.9503280482019,28.649687066971506,31.333333333333336,49.21863151588501,32.493818610651495,7.82936692435596
6.3,3,1,29.77878231540916,50.778991822377215,33.53615149072374,31.5,49.17754625683981,32.53711042052405,2.5544669262046447
6.3,2,1,23.05322905818293,71.6783536802856,46.56947319965449,31.5,49.17754625683981,32.53711042052405,27.830585319314498
6.3,1,1,21.845875780865658,27.155316886370436,18.87389556686183,31.5,49.17754625683981,32.53711042052405,27.65617726695749
6.333333333333333,1,1,42.36742800274146,73.79931413595347,48.133565771466266,31.666666666666664,49.135454576426014,32.58005851918136,31.060004014658567
6.333333333333333,2,1,32.13570922523856,48.45245660698249,32.0713271900199,31.666666666666664,49.135454576426014,32.58005851918136,0.9722626771022479
6.333333333333333,3,1,17.156661600746546,61.254689845934955,40.02261868507905,31.666666666666664,49.135454576426014,32.58005851918136,20.317672414766022
6.366666666666666,1,1,34.661575173701735,55.24845256225773,36.46065078903602,31.83333333333333,49.09236109047069,32.62266172917959,7.786306835733954
6.366666666666666,2,1,32.62646181574338,46.969304920340164,31.145278014872513,31.83333333333333,49.09236109047069,32.62266172917959,2.705380367053613
6.366666666666666,3,1,35.66254318694656,45.838278637738505,30.592200988356293,31.83333333333333,49.09236109047069,32.62266172917959,5.419840544906543
6.4,1,1,39.24346755527746,64.95552563428821,42.42763076588978,32.0,49.0482705246602,32.66491888253023,20.02046779335172
6.4,2,1,34.02628593912949,43.12516975860068,28.893063364530423,32.0,49.0482705246602,32.66491888253023,7.308614878393465
6.4,3,1,16.591341179455,61.845569201408324,40.54793551116066,32.0,49.0482705246602,32.66491888253023,21.52532395196696
6.433333333333334,3,1,23.804272767997873,56.36355069764112,37.21677395196005,32.166666666666664,49.003187714021934,32.706828820732056,12.018493252226403
6.433333333333334,2,1,36.645840697925266,36.585097467657455,25.066955976890874,32.166666666666664,49.003187714021934,32.706828820732056,15.25252839496508
6.433333333333334,1,1,28.5718039877799,41.07825676604497,27.673551110704405,32.166666666666664,49.003187714021934,32.706828820732056,10.0529325431198
6.466666666666667,1,1,38.2424771915674,61.78311123888889,40.69878435500014,32.333333333333336,48.95711760239413,32.74839039480296,16.205951314966036
6.466666666666667,3,1,26.588638934513895,53.90348334343727,35.898238317811966,32.333333333333336,48.95711760239413,32.74839039480296,8.209116256825512
6.466666666666667,2,1,28.66512093882701,59.152231315610976,38.96495225253913,32.333333333333336,48.95711760239413,32.74839039480296,12.49166790815751
6.5,1,1,38.977833406992524,62.805540357922844,41.39694286013251,32.5,48.91006524188368,32.78960246531138,17.58217458170438
6.5,2,1,32.22893840716304,49.38634580737105,33.132296229163785,32.5,48.91006524188368,32.78960246531138,0.6463409162010443
6.5,3,1,36.02058012287763,46.102231517011205,30.978546567937027,32.5,48.91006524188368,32.78960246531138,4.853693242423417
6.533333333333333,1,1,39.018079708789095,62.358351629444826,41.42524670311837,32.666666666666664,48.86203579231215,32.8304639024076,17.215146824778316
6.533333333333333,3,1,39.35820811435507,43.119131090095266,29.00036814933782,32.666666666666664,48.86203579231215,32.8304639024076,9.613912566825217
6.533333333333333,2,1,31.711493766042867,51.35137816949673,34.48026538599143,32.666666666666664,48.86203579231215,32.8304639024076,3.135446646997598
6.566666666666666,1,1,32.82337404335275,48.62383635826981,32.7042742987108,32.83333333333333,48.81303452064992,32.87097358585467,0.2523564630422647
6.566666666666666,3,1,35.998247945643634,45.83624319417739,31.042343338356645,32.83333333333333,48.81303452064992,32.87097358585467,4.714006755048413
6.566666666666666,2,1,27.32587622853777,64.36525244132744,42.799309818302056,32.83333333333333,48.81303452064992,32.87097358585467,19.25552976051123
6.6,2,1,25.627743528430308,70.02042574487085,46.20145426084306,32.99999999999999,48.76306680043864,32.911130405059154,26.131555310900495
6.6,3,1,32.17476519483411,49.68996974850484,33.47592789243737,32.99999999999999,48.76306680043864,32.911130405059154,1.3635093547679624
6.6,1,1,28.06269957322491,38.36042834631574,26.149468161115873,32.99999999999999,48.76306680043864,32.911130405059154,13.35334784286689
6.633333333333333,3,1,26.143695547536673,54.74639085145085,36.81492435628083,33.166666666666664,48.712138111201895,32.950933259101575,10.033182778780443
6.633333333333333,1,1,32.521925694699505,47.09176365630928,32.022019456030606,33.166666666666664,48.712138111201895,32.950933259101575,1.9759010978633167
6.633333333333333,2,1,35.738107703125415,41.239172975169964,28.177445647410483,33.166666666666664,48.712138111201895,32.950933259101575,9.232751535013877
6.666666666666667,1,1,24.085988907258486,29.51100341254011,20.771678148328153,33.333333333333336,48.66025403784438,32.99038105676658,24.525576021978676
6.666666666666667,3,1,27.723044459732712,53.498585730655876,36.216742055093654,33.333333333333336,48.66025403784438,32.99038105676658,8.080482665437577
6.666666666666667,2,1,30.227854621965463,57.48723680798421,38.644889507539204,33.333333333333336,48.66025403784438,32.99038105676658,10.933118890369915
6.7,2,1,31.798580151734747,53.8197721289734,36.432994830419645,33.5,48.60742027003944,33.02947271657287,6.453480005458083
6.7,1,1,26.37626439132674,33.765879228238404,23.593641346306516,33.5,48.60742027003944,33.02947271657287,18.975085326971435
6.7,3,1,37.28201440736858,45.36103626687079,30.79726750976763,33.5,48.60742027003944,33.02947271657287,5.461261956623325
6.733333333333333,2,1,32.49238051901359,51.911122562534814,35.15581616668234,33.666666666666664,48.55364260160506,33.06820716680284,4.124285511575628
6.733333333333333,1,1,34.0894005892481,49.33194332263283,33.58826253789206,33.666666666666664,48.55364260160506,33.06820716680284,1.0270898551987417
6.733333333333333,3,1,32.74480957799191,49.44073999738425,33.66152128550755,33.666666666666664,48.55364260160506,33.06820716680284,1.4102425057388002
6.766666666666667,1,1,29.637448966337033,39.834179969063996,27.61864042927021,33.83333333333333,48.49892692986864,33.10658334553198,11.081552371762942
6.766666666666667,3,1,28.67496527007482,53.035181383690066,35.88910091661481,33.83333333333333,48.49892692986864,33.10658334553198,7.411394577219914
6.766666666666667,2,1,32.442800803112455,52.5446900392815,35.582724419115294,33.83333333333333,48.49892692986864,33.10658334553198,4.9429803227784355
6.8,2,1,33.97765662082188,48.18978680396274,33.10254985164474,34.0,48.44327925502015,33.144600200657955,0.2579261157547343
6.8,3,1,54.80801774105846,30.302727612833138,21.54443432413965,34.0,48.44327925502015,33.144600200657955,29.943564660170257
6.8,1,1,33.41821725124454,46.9497413664721,32.22876757451796,34.0,48.44327925502015,33.144600200657955,1.846043333830633
6.833333333333333,2,1,29.792193179059435,61.519848395991616,41.80204867411248,34.166666666666664,48.38670567945424,33.18225668992948,16.306939312982763
6.833333333333333,1,1,33.77062504649267,47.34076039606574,32.66638268441338,34.166666666666664,48.38670567945424,33.18225668992948,1.2316559951219812
6.833333333333333,3,1,43.98391712516854,40.00486955936453,27.7703244077614,34.166666666666664,48.38670567945424,33.18225668992948,13.997235238995192
6.866666666666666,2,1,32.73282313862873,53.43716077747491,36.54987141996187,34.333333333333336,48.329212407101,33.21955178097488,6.304268263294422
6.866666666666666,1,1,42.652455247667014,65.1187485181596,44.089762274400506,34.333333333333336,48.329212407101,33.21955178097488,21.662358791725993
6.866666666666666,3,1,44.409721540216694,39.52024385628369,27.615977478623932,34.333333333333336,48.329212407101,33.21955178097488,14.509706102711876
6.8999999999999995,1,1,40.058977865129236,59.581235380551604,40.583059840455185,34.5,48.27080574274562,33.2564844513304,14.577611616080521
6.8999999999999995,3,1,36.89742590845186,46.123073592863214,31.81327423149117,34.5,48.27080574274562,33.2564844513304,3.527500547526978
6.8999999999999995,2,1,33.45115610695087,51.12841819018164,35.06681432280124,34.5,48.27080574274562,33.2564844513304,3.541654508173738
6.933333333333334,2,1,31.390939464291133,58.49040456980964,40.01575185165896,34.66666666666667,48.21149209133704,33.29305368846822,12.711455504302052
6.933333333333334,3,1,38.12551738631717,45.42491728983953,31.415624072490886,34.66666666666667,48.21149209133704,33.29305368846822,4.822176830863474
6.933333333333334,1,1,34.515417278700255,47.777427810932046,33.072193839884214,34.66666666666667,48.21149209133704,33.29305368846822,0.5099678907541854
6.966666666666667,2,1,32.56308600791502,55.55885662247124,38.14989335485538,34.833333333333336,48.151277957285544,33.32925848982423,9.124952882148884
6.966666666666667,3,1,37.953128276405984,45.54970327418168,31.447791629007796,34.833333333333336,48.151277957285544,33.32925848982423,4.476743109330607
6.966666666666667,1,1,40.185855873166844,58.73992573901316,40.00567748030497,34.833333333333336,48.151277957285544,33.32925848982423,13.61409306275533
7.0,1,1,31.492786864823273,41.34547247284988,28.951140362272454,35.0,48.09016994374947,33.365097862825515,8.790592060049436
7.0,2,1,33.7997023099617,51.83946102777011,35.90697869280172,35.0,48.09016994374947,33.365097862825515,4.686049117457955
7.0,3,1,45.75094186192036,38.651963145712855,27.076790151679802,35.0,48.09016994374947,33.365097862825515,15.627069858132423
7.033333333333333,1,1,33.698866664789264,45.094529723796924,31.475897862003976,35.16666666666667,48.028174751911145,33.400570824917565,3.8032980438904835
7.033333333333333,2,1,34.33365947347242,50.78741405451359,35.068488291016216,35.16666666666667,48.028174751911145,33.400570824917565,3.3300527303116882
7.033333333333333,3,1,26.45484237679679,55.35983543539111,38.37623874734095,35.16666666666667,48.028174751911145,33.400570824917565,12.426037264932285
7.066666666666666,1,1,39.35257585518302,55.894629825436844,38.6120375428393,35.333333333333336,47.96529918024196,33.435676403591195,10.287045716540257
7.066666666666666,3,1,31.712280155424914,51.16643664382991,35.51000639161949,35.333333333333336,47.96529918024196,33.435676403591195,5.259482111126573
7.066666666666666,2,1,30.846159351781935,62.2822348271309,42.85403226822108,35.333333333333336,47.96529918024196,33.435676403591195,17.714818764262848
7.1,2,1,34.333249366955215,52.10972812100571,36.198300758986555,35.5,47.901550123756905,33.47041363640923,5.148925834556421
7.1,3,1,55.672995565815796,30.218094576941535,21.70452375603452,35.5,47.901550123756905,33.47041363640923,29.293182054050106
7.1,1,1,29.699036822563684,37.27662530452482,26.340755173943684,35.5,47.901550123756905,33.47041363640923,14.048922769796716
7.133333333333333,1,1,34.35812927691359,45.35752354789252,32.0397407378433,35.666666666666664,47.836934573258404,33.5047815710329,3.1632410240132782
7.133333333333333,3,1,35.29081096385013,48.156608691154034,33.60650907464189,35.666666666666664,47.836934573258404,33.5047815710329,0.5037931480107481
7.133333333333333,2,1,35.93890376114216,47.19993846358427,32.96084861343189,35.666666666666664,47.836934573258404,33.5047815710329,0.8807611150096392
7.166666666666667,2,1,37.90152397168074,40.848033783241554,28.983720017235935,35.833333333333336,47.77145961456971,33.53877926524791,8.541651041300458
7.166666666666667,3,1,49.41404014488349,35.66512654268206,25.590553488615537,35.833333333333336,47.77145961456971,33.53877926524791,19.853795378846044
7.166666666666667,1,1,29.672983178229114,36.37408354149535,26.023344437651563,35.833333333333336,47.77145961456971,33.53877926524791,14.977711975880313
7.2,2,1,36.69589244681993,44.91418370068324,31.750707957308077,36.0,47.70513242775789,33.572405786990295,3.4047384741518023
7.2,3,1,15.025491156804563,66.08303652101519,46.04828538983695,36.0,47.70513242775789,33.572405786990295,30.55036745996637
7.2,1,1,36.56137726837366,48.776162246238776,34.145788751560964,36.0,47.70513242775789,33.572405786990295,1.33828895743099
7.233333333333333,2,1,38.55242171130392,39.20192218360871,27.986258310532545,36.16666666666667,47.63796028634642,33.60566021437197,10.413272480864444
7.233333333333333,3,1,41.47529422098623,42.784400480144335,30.55314606857913,36.16666666666667,47.63796028634642,33.60566021437197,7.813860244023223
7.233333333333333,1,1,43.93997871253302,61.78162284129936,42.75921053425302,36.16666666666667,47.63796028634642,33.60566021437197,18.55411151441597
7.266666666666667,1,1,32.70586777996971,41.137112227315725,29.31596440768424,36.333333333333336,47.56995055651756,33.63854163570603,8.55713674091401
7.266666666666667,3,1,40.94868611838139,43.5060459972109,31.008917286143458,36.333333333333336,47.56995055651756,33.63854163570603,6.688178064123044
7.266666666666667,2,1,36.151478969645865,48.45919889031138,34.25744352159129,36.333333333333336,47.56995055651756,33.63854163570603,1.098577786549314
7.3,2,1,36.01226401843712,49.68219983678888,34.95383620180819,36.5,47.50111069630459,33.671049149531676,2.5769320611800888
7.3,3,1,35.298330636007115,48.68338689324263,34.18465784174065,36.5,47.50111069630459,33.671049149531676,1.7622656312026117
7.3,1,1,37.477603309603,49.5063080676472,34.958291394441275,36.5,47.50111069630459,33.671049149531676,2.5755615554798776
7.333333333333333,1,1,32.33817112140069,39.75473421906634,28.505457804497247,36.666666666666664,47.43144825477395,33.703181864639014,10.23152713317001
7.333333333333333,2,1,41.27887733714066,31.075014112342107,22.764534223347884,36.666666666666664,47.43144825477395,33.703181864639014,20.210379445840896
7.333333333333333,3,1,38.93660834029931,45.54767549735953,32.375450183448734,36.666666666666664,47.43144825477395,33.703181864639014,3.2348271082868183
7.366666666666666,1,1,31.19143261981259,37.525103053944775,27.132053558685723,36.83333333333333,47.360970871197345,33.73493890009341,13.121487499954691
7.366666666666666,2,1,36.87706378240502,47.533772881585115,33.87825396711846,36.83333333333333,47.360970871197345,33.73493890009341,0.22871837575162363
7.366666666666666,3,1,37.30469399110735,46.8416953763493,33.47503901138094,36.83333333333333,47.360970871197345,33.73493890009341,0.7479143409506154
7.3999999999999995,1,1,30.87656677175075,36.76613181039069,26.61183738487572,37.0,47.28968627421411,33.76631938525972,14.121906590390108
7.3999999999999995,2,1,35.53426694736539,52.44223321433466,37.26749819872081,37.0,47.28968627421411,33.76631938525972,6.399637992539887
7.3999999999999995,3,1,18.500815676293442,63.83913588936547,44.92249335739277,37.0,47.28968627421411,33.76631938525972,27.213311465226035
7.433333333333334,3,1,34.360735934811004,49.80505398939528,35.55604990854022,37.16666666666667,47.21760228098362,33.79732245982606,4.202532076521857
7.433333333333334,2,1,36.80226352221583,48.50616849399286,34.77823391018669,37.16666666666667,47.21760228098362,33.79732245982606,1.6599336765194046
7.433333333333334,1,1,44.360962158182545,59.62149511767274,42.24037039651574,37.16666666666667,47.21760228098362,33.79732245982606,16.640297581009573
7.466666666666667,1,1,49.06719360201399,67.39708014837812,47.38946881774813,37.333333333333336,47.14472679632803,33.827947273827505,27.050991842951714
7.466666666666667,2,1,39.34166867208342,39.670060060118004,28.680743284459925,37.333333333333336,47.14472679632803,33.827947273827505,9.29503967492547
7.466666666666667,3,1,27.286465319659,56.05526111286075,39.83229511212375,37.333333333333336,47.14472679632803,33.827947273827505,14.710179184957349
7.5,1,1,39.94230674276909,51.18280885942364,36.64849690929897,37.5,47.071067811865476,33.8581929876693,5.53688293564276
7.5,2,1,34.854188259370986,57.174520811755,40.50726983999219,37.5,47.071067811865476,33.8581929876693,12.381046210879076
7.5,3,1,24.2014386097012,58.96911492788534,42.18054342789163,37.5,47.071067811865476,33.8581929876693,19.68950931527862
7.533333333333333,3,1,48.94794823243017,37.09279543337174,27.21900490057785,37.666666666666664,46.99663340513366,33.88805877214992,16.426490796237616
7.533333333333333,2,1,39.00748195387459,41.515584383885574,30.20651285536759,37.666666666666664,46.99663340513366,33.88805877214992,6.737467205494338
7.533333333333333,1,1,33.989368405463054,40.8829810988354,29.806235424541725,37.666666666666664,46.99663340513366,33.88805877214992,8.219522423184722
7.566666666666666,3,1,18.120817660360373,64.69025211796814,45.96457184346499,37.83333333333333,46.92143173870407,33.9175438084838,29.145242086889194
7.566666666666666,2,1,40.37636843974546,37.32171546636527,27.414783917920754,37.83333333333333,46.92143173870407,33.9175438084838,11.870445074055416
7.566666666666666,1,1,41.280453426632526,52.84645082646422,38.233183401892475,37.83333333333333,46.92143173870407,33.9175438084838,8.100199579525542
7.6,1,1,36.25706710784665,44.07305611136865,31.93054210638445,38.0,46.845471059286886,33.946647288323774,3.845618261688633
7.6,2,1,40.248642686790056,38.370559136486094,28.328065371667563,38.0,46.845471059286886,33.946647288323774,10.413884423511796
7.6,3,1,29.915347873365477,54.267041267853685,38.80997090817993,38.0,46.845471059286886,33.946647288323774,12.00388357994333
7.633333333333333,1,1,42.21693978987016,53.64855036087307,38.59481716253307,38.166666666666664,46.768759696826606,33.97536841378323,9.223640208506177
7.633333333333333,2,1,38.12020134973801,46.628468577055706,33.95424519176066,38.166666666666664,46.768759696826606,33.97536841378323,0.14928769029115543
7.633333333333333,3,1,27.063975134554447,56.71529331361059,41.09686898449797,38.166666666666664,46.768759696826606,33.97536841378323,16.52026212339685
7.666666666666667,1,1,39.86872791993848,49.19036610828483,35.62912444324527,38.333333333333336,46.691306063588584,34.003706397458025,3.353314996707644
7.666666666666667,2,1,36.305819854050796,54.35513675608295,39.173480694696174,38.333333333333336,46.691306063588584,34.003706397458025,9.464231510073876
7.666666666666667,3,1,47.94937474491961,38.005849303558286,27.988436986224933,38.333333333333336,46.691306063588584,34.003706397458025,14.285967858336187
7.7,2,1,36.30989380158078,55.610797014320646,40.30592066682584,38.5,46.61311865323652,34.03166046244801,11.185755323719324
7.7,3,1,28.95462529511105,54.979654255944034,40.047338162155356,38.5,46.61311865323652,34.03166046244801,14.046404324056121
7.7,1,1,39.8765444139507,48.9883302861161,35.72772115712301,38.5,46.61311865323652,34.03166046244801,3.2269376666689427
7.733333333333333,1,1,41.89526976165028,51.71585839619611,37.505664017778784,38.666666666666664,46.53420603990106,34.05922984237837,7.010799356122225
7.733333333333333,3,1,33.87683142300665,50.8725575169412,37.29438726871922,38.666666666666664,46.53420603990106,34.05922984237837,7.22703665224913
7.733333333333333,2,1,38.213553048990015,48.19744963150649,35.12545747846593,38.666666666666664,46.53420603990106,34.05922984237837,2.0269515454241662
7.766666666666667,2,1,40.89456991624522,37.31945601137584,27.679140185451608,38.83333333333333,46.45457687723951,34.08641378142064,11.346906380960142
7.766666666666667,3,1,44.69441020769289,41.275139947209844,30.348092108788073,38.83333333333333,46.45457687723951,34.08641378142064,8.669131327150485
7.766666666666667,1,1,35.81881700147615,41.55245813721597,30.66342800541796,38.83333333333333,46.45457687723951,34.08641378142064,6.695887430284376
7.8,1,1,36.98726175853463,42.877474486147584,31.74315257509395,39.0,46.3742398974869,34.11321153431338,4.679280184042458
7.8,2,1,40.26270133664591,41.26441655649013,30.79870063055356,39.0,46.3742398974869,34.11321153431338,6.220184223389648
7.8,3,1,13.568299060004932,69.92169465466371,50.301484331911084,39.0,46.3742398974869,34.11321153431338,38.25329024295918
7.833333333333333,2,1,40.77951088788383,39.440926713260474,29.408562038376058,39.166666666666664,46.29320391049838,34.139622366382675,8.481621371939342
7.833333333333333,3,1,32.75363672183704,52.31388568823466,38.196006533600446,39.166666666666664,46.29320391049838,34.139622366382675,9.686579099666828
7.833333333333333,1,1,29.96062125273983,31.822498366448258,23.994345096988692,39.166666666666664,46.29320391049838,34.139622366382675,19.926847266408412
7.866666666666666,3,1,41.83194190292744,44.01977569187281,32.659215914349915,39.33333333333333,46.21147780278311,34.165645553562214,3.6491003254110583
7.866666666666666,2,1,39.62006891915224,44.829061975580025,33.2774468360285,39.33333333333333,46.21147780278311,34.165645553562214,1.6679891418426642
7.866666666666666,1,1,37.04357126902187,42.48426329658797,31.502144122394334,39.33333333333333,46.21147780278311,34.165645553562214,5.121462502077381
7.8999999999999995,3,1,37.18255562991897,48.25331017356969,35.70377689577855,39.49999999999999,46.12907053652977,34.19128038241318,3.488637004180015
7.8999999999999995,2,1,42.66497006631448,32.683089601181614,24.832035578911867,39.49999999999999,46.12907053652977,34.19128038241318,16.685529722675245
7.8999999999999995,1,1,31.842211501236054,34.16428927555267,25.802376859024214,39.49999999999999,46.12907053652977,34.19128038241318,16.497618544491743
7.933333333333334,3,1,29.55773454524499,55.19817496176975,40.92823850553055,39.666666666666664,46.04599114862375,34.216526150143785,15.198686125010083
7.933333333333334,2,1,39.50337115706513,46.81739867923959,34.93833643055521,39.666666666666664,46.04599114862375,34.216526150143785,1.0689925550042298
7.933333333333334,1,1,38.93274172348271,44.90884666335002,33.20378770966769,39.666666666666664,46.04599114862375,34.216526150143785,1.6903794104975345
7.966666666666667,3,1,27.367079106836762,57.35718167702452,42.32425718217319,39.83333333333333,45.96224874965616,34.241382164628554,18.72391143452976
7.966666666666667,1,1,34.562164783547516,38.0145624192556,28.503861480813047,39.83333333333333,45.96224874965616,34.241382164628554,11.129693593441727
7.966666666666667,2,1,38.703199444411005,50.81042359936028,37.682057690115414,39.83333333333333,45.96224874965616,34.241382164628554,6.051466768633741
8.0,2,1,40.26012614013237,44.715695292119456,33.565583315587105,40.0,45.877852522924734,34.265847744427305,1.3815372988783359
8.0,1,1,40.53512781041677,46.76371141261061,34.83002374499704,40.0,45.877852522924734,34.265847744427305,1.178729106086638
8.0,3,1,33.557932531713796,51.880475921415425,38.443420491460614,40.0,45.877852522924734,34.265847744427305,9.745965061850713
8.033333333333333,3,1,26.867413885025513,57.88246581304543,43.02633800676799,40.166666666666664,45.79281172342679,34.289922218803795,19.98386402517823
8.033333333333333,1,1,42.71702622082284,49.54893284098844,36.980146425540966,40.166666666666664,45.79281172342679,34.289922218803795,5.2773180677104286
8.033333333333333,2,1,39.34016473941403,49.28267576648728,36.65219376546569,40.166666666666664,45.79281172342679,34.289922218803795,4.294482894944073
8.066666666666666,3,1,24.48678581378428,60.452865384209396,44.62420928074002,40.33333333333333,45.70713567684432,34.31360492774415,23.97620017884428
8.066666666666666,1,1,32.44797843188124,33.8339630580633,25.903135986207516,40.33333333333333,45.70713567684432,34.31360492774415,16.5495328566633
8.066666666666666,2,1,41.75952009249794,38.75399813524487,29.28724243225509,40.33333333333333,45.70713567684432,34.31360492774415,8.697381806065263
8.1,3,1,53.36119482583512,33.671798957879105,25.866617727801202,40.5,45.62083377852131,34.336895221974956,19.49193080023922
8.1,1,1,36.001005944619635,38.88158993700406,29.401687310198923,40.5,45.62083377852131,34.336895221974956,9.487604133722739
8.1,2,1,42.78160203813947,34.76086089212819,26.7443150652882,40.5,45.62083377852131,34.336895221974956,13.445891282817563
8.133333333333333,1,1,35.3609171630079,37.68991547556232,28.736933557016954,40.666666666666664,45.533915492433444,34.359792462981005,11.01343980492147
8.133333333333333,2,1,41.61313726931397,40.75136575665177,31.09685140323809,40.666666666666664,45.533915492433444,34.359792462981005,5.866461705002181
8.133333333333333,3,1,45.559562282908125,40.807848773745036,31.31508154554266,40.666666666666664,45.533915492433444,34.359792462981005,7.452945639926361
8.166666666666666,1,1,45.114113697142415,51.571553310972085,38.88475636982789,40.833333333333336,45.446390350150274,34.382296023022896,8.72438255662532
8.166666666666666,2,1,39.078015493065635,53.96834878777464,40.519733115505964,40.833333333333336,45.446390350150274,34.382296023022896,10.647678169307436
8.166666666666666,3,1,50.42972692047451,36.469508632774385,27.943030201902673,40.833333333333336,45.446390350150274,34.382296023022896,14.633499908160344
8.2,3,1,39.64901322793213,46.38551489457647,35.15776821263734,41.0,45.35826794978997,34.40440528515414,1.8568675893508446
8.2,1,1,50.679230592115296,59.524571105170295,44.60174613687557,41.0,45.35826794978997,34.40440528515414,19.95889301518664
8.2,2,1,39.62321201889938,52.96227997288604,39.84505083035439,41.0,45.35826794978997,34.40440528515414,9.450776049658566
8.233333333333333,3,1,25.83799600049359,59.244648373530275,44.52464520080649,41.166666666666664,45.26955795496678,34.42611964323817,23.07057682494915
8.233333333333333,1,1,45.872358906928554,52.45905877477458,39.48472414451817,41.166666666666664,45.26955795496678,34.42611964323817,9.971055159733515
8.233333333333333,2,1,41.87271047794654,41.92675152214333,32.03973159758519,41.166666666666664,45.26955795496678,34.42611964323817,4.167457332140055
8.266666666666666,1,1,39.30371229709492,42.343606816092176,32.300763508635974,41.33333333333333,45.18027009373131,34.44743850196487,4.095635924790127
8.266666666666666,2,1,39.69873812491145,54.03858973599676,40.71928300714332,41.33333333333333,45.18027009373131,34.44743850196487,10.976236234569607
8.266666666666666,3,1,34.41600368208178,51.77073202401305,38.96480110018565,41.33333333333333,45.18027009373131,34.44743850196487,10.568358567080361
8.3,1,1,49.79070747726438,57.30283767694013,43.26633938651348,41.5,45.09041415750371,34.46836127686697,17.18381615094477
8.3,2,1,41.99023465657456,42.66798867946981,32.86397248841941,41.5,45.09041415750371,34.46836127686697,2.9466147694652576
8.3,3,1,51.9823892748953,35.32455721162384,27.24386011896133,41.5,45.09041415750371,34.46836127686697,16.045119624932997
8.333333333333334,3,1,44.51198848277377,42.37759714706048,32.69598323133583,41.66666666666667,45.0,34.488887394336025,4.264663913841722
8.333333333333334,2,1,39.67856904387602,55.953217907386616,42.47274618117713,41.66666666666667,45.0,34.488887394336025,13.699179384644198
8.333333333333334,1,1,32.71722525874525,32.605114613341556,25.418593027834746,41.66666666666667,45.0,34.488887394336025,17.776274220353443
8.366666666666667,1,1,50.60248014002598,57.37277570559769,43.34974816266642,41.833333333333336,44.90903753615141,34.50901629163815,17.618207766094002
8.366666666666667,2,1,41.30323976900361,48.3995479523372,37.07641824071675,41.833333333333336,44.90903753615141,34.50901629163815,4.3653424746035565
8.366666666666667,3,1,31.22648565644659,54.98170616759711,41.60833282059169,41.833333333333336,44.90903753615141,34.50901629163815,16.259279386795125
8.4,1,1,38.23339213725209,39.38236282079902,30.547783407605078,42.00000000000001,44.81753674101715,34.52874741692946,7.7185830809980835
8.4,2,1,42.58243050335629,41.547900845275194,32.19026632638776,42.00000000000001,44.81753674101715,34.52874741692946,4.061802308432217
8.4,3,1,47.22715038849642,40.08210755959468,30.97260296850609,42.00000000000001,44.81753674101715,34.52874741692946,7.898959048778391
8.433333333333334,1,1,25.69628071181024,21.821465791334358,17.95649439241351,42.16666666666667,44.72550764869054,34.5480802292712,32.728419874587175
8.433333333333334,2,1,41.30921991270437,50.41214529992672,38.78619690407573,42.16666666666667,44.72550764869054,34.5480802292712,7.143857197732445
8.433333333333334,3,1,42.89166981595804,43.98360811137635,33.983254659761855,42.16666666666667,44.72550764869054,34.5480802292712,1.181131835961154
8.466666666666667,3,1,39.14210069467213,47.80370441853711,36.67943149045288,42.333333333333336,44.63296035119862,34.56701419864454,4.969898440546813
8.466666666666667,2,1,43.235145507021194,39.06262126003276,30.552954135274494,42.333333333333336,44.63296035119862,34.56701419864454,6.924927507167453
8.466666666666667,1,1,57.98702361559551,66.47688414365312,50.48164474517716,42.333333333333336,44.63296035119862,34.56701419864454,31.232522977437768
8.5,3,1,60.40477829053887,27.78167710468342,22.23061947316213,42.5,44.53990499739547,34.585548805965146,27.460217889812537
8.5,2,1,43.61421273091636,37.83825814807282,29.74687524359602,42.5,44.53990499739547,34.585548805965146,8.340641602775065
8.5,1,1,51.82428123971039,57.48152919143704,44.17226444271521,42.5,44.53990499739547,34.585548805965146,18.610023485125577
8.533333333333333,3,1,34.76519373484142,51.86639062592223,40.060384123585116,42.666666666666664,44.44635179184928,34.603683543097404,12.135313428857643
8.533333333333333,2,1,44.292734795029745,34.169252316565995,26.984553388042713,42.666666666666664,44.44635179184928,34.603683543097404,12.89627913402195
8.533333333333333,1,1,36.526364759773,35.9691890771631,28.375301674147018,42.666666666666664,44.44635179184928,34.603683543097404,12.180243671804657
8.566666666666666,3,1,39.38789058650813,47.65281201607364,37.31883867111844,42.833333333333336,44.35231099372328,34.621417912868324,5.4809179402017
8.566666666666666,2,1,42.51868395519415,46.154728253692674,36.00220485629154,42.833333333333336,44.35231099372328,34.621417912868324,2.292222675336537
8.566666666666666,1,1,43.83936090813307,45.689632634194254,35.71421911701663,42.833333333333336,44.35231099372328,34.621417912868324,1.9986833473858239
8.6,1,1,41.71397782557601,42.52692683013767,33.302032960925615,43.0,44.257792915650725,34.63875142908121,2.5370389634764665
8.6,3,1,37.17157650970919,49.54228920195184,38.704284608216966,43.0,44.257792915650725,34.63875142908121,8.855788017605077
8.6,2,1,43.10786674429359,43.78726050086271,34.50175452015337,43.0,44.257792915650725,34.63875142908121,0.5018008977139486
8.633333333333333,3,1,52.46267407609492,35.31682543013783,28.210098516724376,43.166666666666664,44.16280792260401,34.655683616528954,14.360108888583886
8.633333333333333,2,1,43.337907148898644,43.65863686174725,34.222063437165055,43.166666666666664,44.16280792260401,34.655683616528954,0.6866864068205039
8.633333333333333,1,1,43.793128297120624,45.00417021944158,35.25871264898388,43.166666666666664,44.16280792260401,34.655683616528954,1.2099540086112184
8.666666666666666,1,1,34.1591020625673,31.935176002167832,25.8717864079445,43.33333333333333,44.06736643075801,34.672214011007085,17.572822482510375
8.666666666666666,2,1,43.72730918674249,41.197497395597374,32.537007220361104,43.33333333333333,44.06736643075801,34.672214011007085,3.598676602706057
8.666666666666666,3,1,50.510330437657124,37.27851177946532,29.489833564144842,43.33333333333333,44.06736643075801,34.672214011007085,11.155935729819827
8.7,2,1,42.02536957069723,53.949965826116305,42.21413480383187,43.49999999999999,43.97147890634781,34.68834215932649,12.585002623722723
8.7,3,1,49.07320072487076,38.76933335898415,30.785919934510645,43.49999999999999,43.97147890634781,34.68834215932649,8.564565595311432
8.7,1,1,39.31014003022972,38.37968753785135,30.628543091760285,43.49999999999999,43.97147890634781,34.68834215932649,8.081152500979442
8.733333333333333,3,1,41.01289569405659,46.338468324165945,36.40782795856031,43.666666666666664,43.875155864521034,34.704067619325826,4.001650652225665
8.733333333333333,2,1,44.07646036273658,40.88692664159869,32.566834813210995,43.666666666666664,43.875155864521034,34.704067619325826,3.6966483237656225
8.733333333333333,1,1,46.63028422579029,47.65897765292818,37.48774038378599,43.666666666666664,43.875155864521034,34.704067619325826,5.5542029511684055
8.766666666666666,1,1,45.24240915349518,45.57245939491838,36.058925493509875,43.83333333333333,43.77840786818467,34.71938995988368,2.6454623401945407
8.766666666666666,3,1,42.99206749837437,44.5598170726316,35.39385688725096,43.83333333333333,43.77840786818467,34.71938995988368,1.3316283963538202
8.766666666666666,2,1,44.50124808376636,38.73891419138711,31.011681439623654,43.83333333333333,43.77840786818467,34.71938995988368,6.292035370493193
8.8,3,1,42.65724138626709,45.08195158653559,35.70037715452824,44.00000000000001,43.68124552684678,34.73430876093033,2.1675484542477332
8.8,2,1,42.71769595016158,52.352590028669574,41.05148039629571,44.00000000000001,43.68124552684678,34.73430876093033,10.804775639326774
8.8,1,1,51.44705171152347,53.41379814063858,42.0239871563598,44.00000000000001,43.68124552684678,34.73430876093033,14.259052236495993
8.833333333333334,2,1,42.868279832594,53.319921753723456,42.12453069872074,44.16666666666667,43.583679495453005,34.74882361345932,12.283373994558662
8.833333333333334,3,1,27.283914404981715,59.880593509035364,46.89534727930477,44.16666666666667,43.583679495453005,34.74882361345932,26.42261848228652
8.833333333333334,1,1,44.66740177611917,44.15557278075828,35.329653091400075,44.16666666666667,43.583679495453005,34.74882361345932,0.956640194671221
8.866666666666667,2,1,43.90938201369761,45.84792215873492,36.431511061863056,44.333333333333336,43.48572047321815,34.76293411953863,2.922991710035433
8.866666666666667,3,1,32.02131758992673,55.33177915984691,43.618211039512836,44.333333333333336,43.48572047321815,34.76293411953863,19.24398003019055
8.866666666666667,1,1,59.21845715457734,62.46506810993782,48.95038566959353,44.333333333333336,43.48572047321815,34.76293411953863,27.98332234339549
8.9,1,1,40.03176070805287,37.64643172147361,30.312874767004182,44.5,43.38737920245291,34.77663989232161,8.535153158758364
8.9,2,1,46.00521745610332,31.55348765826568,25.777512455416616,44.5,43.38737920245291,34.77663989232161,14.942923519023996
8.9,3,1,51.03245443763929,37.29412967762994,30.056503104803763,44.5,43.38737920245291,34.77663989232161,10.103481679325593
8.933333333333334,2,1,45.172482769293026,39.19287334205367,31.736105588986113,44.666666666666664,43.28866646738584,34.78994055605757,5.133934092029492
8.933333333333334,3,1,50.43868154122439,37.733047018144774,30.44113987487489,44.666666666666664,43.28866646738584,34.78994055605757,9.115543348674077
8.933333333333334,1,1,46.25756206155924,45.44516968377381,36.34166056317395,44.666666666666664,43.28866646738584,34.78994055605757,3.0966577563992033
8.966666666666667,1,1,32.4574710583056,27.85612827734314,23.154641814653363,44.833333333333336,43.1895930929807,34.802835746102105,22.890118657785262
8.966666666666667,2,1,44.29075516893648,47.34554434818835,37.93159491652902,44.833333333333336,43.1895930929807,34.802835746102105,5.230244339098586
8.966666666666667,3,1,28.923734668714154,58.35130056522204,46.4193783717795,44.833333333333336,43.1895930929807,34.802835746102105,24.858333928830614
9.0,3,1,47.677960473302605,40.56300704092059,32.720965035456736,45.0,43.09016994374947,34.81532510892707,4.236079408055553
9.0,2,1,44.92782919629237,43.16420228178542,34.95688009695708,45.0,43.09016994374947,34.81532510892707,0.1752918327220352
9.0,1,1,36.86552822449336,33.076148529065165,27.19798437397015,45.0,43.09016994374947,34.81532510892707,14.982460940469828
9.033333333333333,3,1,32.42133592901781,55.164014598300525,43.96057154602531,45.166666666666664,42.99040792256087,34.82740830213025,19.850814238899762
9.033333333333333,1,1,53.68151354198296,53.60757030890538,43.04787346922489,45.166666666666664,42.99040792256087,34.82740830213025,15.899773646549455
9.033333333333333,2,1,43.90867101782639,53.22553759066015,43.03547250573061,45.166666666666664,42.99040792256087,34.82740830213025,13.180013290802584
9.066666666666666,2,1,46.42154329295949,33.73242969727922,27.879764452520618,45.33333333333333,42.890317969444716,34.839084994444825,11.553495615048465
9.066666666666666,3,1,30.706284846450323,56.852641028741544,45.50852447244617,45.33333333333333,42.890317969444716,34.839084994444825,22.863375766157805
9.066666666666666,1,1,39.23102006370581,35.30442279766879,29.1144017204697,45.33333333333333,42.890317969444716,34.839084994444825,11.294070629546102
9.1,1,1,49.06927315380818,46.891457619588316,38.158340354695746,45.49999999999999,42.7899110603923,34.850354865748365,6.364366662821603
9.1,2,1,44.9376707036449,47.260343879347126,38.368034274876635,45.49999999999999,42.7899110603923,34.850354865748365,5.716209605300756
9.1,3,1,50.24119868680437,38.41306107250852,31.33964867309335,45.49999999999999,42.7899110603923,34.850354865748365,7.345804161243344
9.133333333333333,1,1,45.262193972710385,42.26229520140977,34.39708634482346,45.666666666666664,42.68919820615266,34.86121760707165,0.7491743216440753
9.133333333333333,2,1,46.171382561538245,38.57660404093039,31.60964430637012,45.666666666666664,42.68919820615266,34.86121760707165,5.266962866034971
9.133333333333333,3,1,47.88008214904103,40.5344002140792,33.233772228701966,45.666666666666664,42.68919820615266,34.86121760707165,3.4915527983742733
9.166666666666666,3,1,44.897262491219564,43.37010191839501,35.6337295573798,45.83333333333333,42.58819045102521,34.87167292060715,1.4381740096070428
9.166666666666666,2,1,45.01888141309849,51.37012682834002,41.57087684177203,45.83333333333333,42.58819045102521,34.87167292060715,11.075426476796736
9.166666666666666,1,1,38.894131663880565,34.26366691920356,28.546597076518413,45.83333333333333,42.58819045102521,34.87167292060715,12.548179002335893
9.2,1,1,43.630537718247886,39.64670225128408,32.90943794750393,46.0,42.48689887164855,34.88172051971716,4.191773716654049
9.2,2,1,46.019885989459105,42.03992891935583,34.43462672057525,46.0,42.48689887164855,34.88172051971716,0.6325112299876342
9.2,3,1,53.442194523459435,35.35016091110531,29.356477819949266,46.0,42.48689887164855,34.88172051971716,11.69818767732023
9.233333333333333,1,1,42.54144585058301,38.42823444625619,31.801028777838194,46.166666666666664,42.38533457578581,34.891360128941685,6.192819653445651
9.233333333333333,3,1,54.623933888840945,34.38855461924078,28.62590384888898,46.166666666666664,42.38533457578581,34.891360128941685,13.218540045629688
9.233333333333333,2,1,45.471315815731515,49.16217662158517,40.09569699711499,46.166666666666664,42.38533457578581,34.891360128941685,8.572877180797482
9.266666666666666,2,1,46.75299060134134,38.10749747769051,31.55146419017117,46.33333333333333,42.28350870110656,34.90059148400594,5.3695284328326105
9.266666666666666,1,1,43.044502074759706,38.428086149974625,31.934870890725186,46.33333333333333,42.28350870110656,34.90059148400594,5.871643103302279
9.266666666666666,3,1,49.644374007705025,39.08643089618858,32.40558833215664,46.33333333333333,42.28350870110656,34.90059148400594,5.235392780468426
9.3,3,1,39.09379396926659,49.538281131085824,40.6844928186255,46.5,42.181432413965425,34.9094143318277,11.930073023453913
9.3,1,1,51.612081485855654,48.09780943360187,39.541414177709676,46.5,42.181432413965425,34.9094143318277,9.088031510110483
9.3,2,1,47.340566470447605,33.04797074025417,27.72795510809293,46.5,42.181432413965425,34.9094143318277,11.649035613241049
9.333333333333334,1,1,51.0658342686044,47.11627490244612,39.07890725719131,46.666666666666664,42.079116908177596,34.9178284305241,7.876561004074056
9.333333333333334,2,1,47.18877881304755,34.8929230275051,29.282223961316614,46.666666666666664,42.079116908177596,34.9178284305241,9.147350508063232
9.333333333333334,3,1,50.250412620995604,38.55051666419859,31.98066525095499,46.666666666666664,42.079116908177596,34.9178284305241,5.824189410587044
9.366666666666667,1,1,42.83694627598305,37.53920620699112,31.315807449578717,46.833333333333336,41.97657340379126,34.9258335494184,6.978081798955819
9.366666666666667,3,1,48.401731365427096,40.39429381061143,33.741125275172436,46.833333333333336,41.97657340379126,34.9258335494184,2.5232944325099576
9.366666666666667,2,1,47.108934216915834,38.10511410591472,31.801594388650965,46.833333333333336,41.97657340379126,34.9258335494184,4.982471603112146
9.4,1,1,40.730724998653315,34.80586995080493,29.355196415854472,47.0,41.87381314585725,34.9334294690462,10.971614012838655
9.4,2,1,47.521024977561794,35.351046197584715,29.683750553679833,47.0,41.87381314585725,34.9334294690462,8.389105101449264
9.4,3,1,50.69979150151436,38.19506687604324,31.96917879193278,47.0,41.87381314585725,34.9334294690462,6.000701071467879
9.433333333333334,3,1,58.439013185570204,30.765421357200317,26.160277699701446,47.16666666666667,41.77084740319584,34.94061598116154,18.03550772318281
9.433333333333334,1,1,49.097930997549625,43.96403537087731,36.71472058034915,47.16666666666667,41.77084740319584,34.94061598116154,3.4186696983157363
9.433333333333334,2,1,46.664479617836896,49.528476435622636,40.899979502370165,47.16666666666667,41.77084740319584,34.94061598116154,9.795254647770804
9.466666666666667,2,1,46.93328326681143,50.18171365651405,41.725711677653926,47.333333333333336,41.667687467161024,34.94739288874257,10.890100440896864
9.466666666666667,3,1,34.90042829288814,54.0943957054264,44.65041016428794,47.333333333333336,41.667687467161024,34.94739288874257,20.078564431583054
9.466666666666667,1,1,46.682985196512355,40.801409861863945,34.39098490506842,47.333333333333336,41.667687467161024,34.94739288874257,1.2177764297284182
9.5,1,1,54.7419269513862,49.5432619748186,41.24030309924839,47.5,41.56434465040231,34.95376000599692,12.475145357966454
9.5,3,1,66.740153684411,22.67230562354066,19.978821935899013,47.5,41.56434465040231,34.95376000599692,30.84382308656768
9.5,2,1,47.36048155157215,43.291876064911335,36.331173413980245,47.5,41.56434465040231,34.95376000599692,2.213842334507926
9.533333333333333,2,1,48.06398032813655,34.885727055141665,29.815650284662336,47.66666666666667,41.46083028562411,34.95971715836687,8.357706900713596
9.533333333333333,1,1,66.34007382608857,62.0162048904867,51.34991064548648,47.66666666666667,41.46083028562411,34.95971715836687,32.246829342324446
9.533333333333333,3,1,53.0004257906496,36.40800284893179,30.92486039134733,47.66666666666667,41.46083028562411,34.95971715836687,8.382131031427823
9.566666666666666,3,1,43.060495342095635,45.90505125714742,38.77358952999366,47.833333333333336,41.357155724343045,34.96526418253408,7.613585109526724
9.566666666666666,1,1,53.91078227517719,47.789331772595204,40.13421758995756,47.833333333333336,41.357155724343045,34.96526418253408,10.248236613415138
9.566666666666666,2,1,47.80196975195067,40.55969360601576,34.43246028296287,47.833333333333336,41.357155724343045,34.96526418253408,0.9595881928215177
9.6,1,1,47.71657589678252,41.011283784851265,34.76586574709824,48.0,41.253332335643044,34.97040092642408,0.42514863613433385
9.6,2,1,48.31913759332893,36.973366323462784,31.515933107718674,48.0,41.253332335643044,34.97040092642408,5.509383430055059
9.6,3,1,59.14072416490876,30.29029413220096,26.022485613880708,48.0,41.253332335643044,34.97040092642408,18.010250692568405
9.633333333333333,1,1,46.91961051772031,39.84957779964092,33.90309367230107,48.166666666666664,41.14937150492867,34.97512724921042,2.0961556967342987
9.633333333333333,3,1,43.15955498360979,46.18547731774733,38.94935685763901,48.166666666666664,41.14937150492867,34.97512724921042,8.138060588679648
9.633333333333333,2,1,47.711315191286786,50.18481127714485,42.29705766252324,48.166666666666664,41.14937150492867,34.97512724921042,11.638607383225526
9.666666666666666,2,1,48.11395515313479,43.07497519469613,36.4683278854758,48.33333333333333,41.045284632676534,34.97944302131861,2.5267664518540345
9.666666666666666,1,1,42.124954159048436,34.578274304153446,29.61170262175872,48.33333333333333,41.045284632676534,34.97944302131861,10.448867477290829
9.666666666666666,3,1,38.22582569512567,51.09456677350246,43.27838130562496,48.33333333333333,41.045284632676534,34.97944302131861,16.493094277577956
9.7,3,1,55.24771876206011,34.312054415607555,29.706439196819343,48.5,40.941083133185145,34.983348124429554,10.831504884392508
9.7,1,1,42.03748151750263,33.915197412037266,29.37933096207326,48.5,40.941083133185145,34.983348124429554,11.069427431409164
9.7,2,1,48.38532317530014,43.85439271742554,37.56863160463105,48.5,40.941083133185145,34.983348124429554,3.8966927234198168
9.733333333333333,2,1,48.74118152051354,38.319085551490545,33.06229822624583,48.666666666666664,40.836778433323154,34.98684245148287,3.1698896487997272
9.733333333333333,1,1,41.41663031115013,33.087851880073345,28.840004749288756,48.666666666666664,40.836778433323154,34.98684245148287,12.263462138445508
9.733333333333333,3,1,46.800432176899676,42.478662639993715,36.55570768720831,48.666666666666664,40.836778433323154,34.98684245148287,2.9393797044236916
9.766666666666666,2,1,49.2650135211776,28.392592557116366,24.979440868623563,48.83333333333333,40.73238197127632,34.989925906679844,15.895488708043548
9.766666666666666,1,1,46.03303695613007,37.695542389588795,32.47144934205977,48.83333333333333,40.73238197127632,34.989925906679844,4.838055255122897
9.766666666666666,3,1,57.45460248278562,32.235617410103465,28.09823922851271,48.83333333333333,40.73238197127632,34.989925906679844,13.928985426990979
9.8,3,1,44.75115775781764,44.706580413116406,38.1776667218239,49.00000000000001,40.62790519529313,34.99259840548598,6.695738354444468
9.8,2,1,49.09733860003275,35.96120348123981,31.1036191845815,49.00000000000001,40.62790519529313,34.99259840548598,6.0755031949322005
9.8,1,1,45.917212978934,37.344496021144586,32.330165169146156,49.00000000000001,40.62790519529313,34.99259840548598,5.2319119220513235
9.833333333333334,1,1,54.61814732962936,46.149048823755045,39.66356500567103,49.16666666666667,40.52335956242944,34.99485987463336,9.119420413832657
9.833333333333334,2,1,49.306181835726015,33.70920560949695,29.477301347415036,49.16666666666667,40.52335956242944,34.99485987463336,8.769014236386143
9.833333333333334,3,1,48.4383052502006,41.551951059710774,35.574367225936555,49.16666666666667,40.52335956242944,34.99485987463336,1.3872056774286785
9.866666666666667,2,1,49.33123610967806,42.75791534855686,36.714721755137084,49.333333333333336,40.418756537292,34.99671025212268,2.9022804597686442
9.866666666666667,3,1,47.524910878160064,42.19025785876423,36.5283685687404,49.333333333333336,40.418756537292,34.99671025212268,2.9588149498096348
9.866666666666667,1,1,46.429382041216485,37.41147610400965,32.443163781585056,49.333333333333336,40.418756537292,34.99671025212268,4.898700673503654
9.9,3,1,38.90517680958516,50.88790422121776,43.766215590384604,49.5,40.31410759078128,34.99814948722491,17.34746197019495
9.9,1,1,48.014122392802165,38.82573142259483,33.78774588053699,49.5,40.31410759078128,34.99814948722491,2.426555742751541
9.9,2,1,49.58564785285189,40.93558825538404,35.42947593873728,49.5,40.31410759078128,34.99814948722491,0.7613253436918294
9.933333333333334,3,1,45.820237119930596,43.8990715246307,37.99245508358184,49.66666666666667,40.20942419883357,34.999177540482684,6.112955757797363
9.933333333333334,2,1,49.703673682695445,35.357636164123846,31.081166802742292,49.66666666666667,40.20942419883357,34.999177540482684,6.236347071326032
9.933333333333334,1,1,40.59633754379312,31.033147823578954,27.37201377796162,49.66666666666667,40.20942419883357,34.999177540482684,14.988280274021385
9.966666666666667,1,1,62.11495258686278,52.4618204544697,45.332941386245516,49.833333333333336,40.104717841162454,34.999794383711404,20.25611224940387
9.966666666666667,2,1,49.899462634295084,37.77441777324645,33.08904173884582,49.833333333333336,40.104717841162454,34.999794383711404,3.014240727087976
9.966666666666667,3,1,39.4322991893018,50.420244939916124,43.4715282971709,49.833333333333336,40.104717841162454,34.999794383711404,16.92223052942167
10.0,3,1,45.001966679241114,44.831321246030555,39.07947031738641,50.0,40.0,35.0,8.060029784572704
10.0,2,1,50.036768306853524,49.370215702743906,42.67191425473518,50.0,40.0,35.0,12.110349398607216
10.0,1,1,53.82803109185454,43.637944929620566,38.355938151736396,50.0,40.0,35.0,6.257058912095759
10.033333333333333,1,1,63.65467258249924,53.20708272066818,46.341023850600486,50.16666666666667,39.89528215883754,34.999794383711404,22.08514939057742
10.033333333333333,3,1,58.99276443668066,31.143217819844764,27.571006762146602,50.16666666666667,39.89528215883754,34.999794383711404,14.480522005992372
10.033333333333333,2,1,50.128158403891035,34.159556607427724,30.33409850661882,50.16666666666667,39.89528215883754,34.999794383711404,7.393831787707653
10.066666666666666,2,1,50.292048811162196,34.404480298327464,30.445810273469142,50.33333333333333,39.79057580116643,34.999177540482684,7.053005220881624
10.066666666666666,1,1,56.396739190837984,45.78008206907947,39.935671794437916,50.33333333333333,39.79057580116643,34.999177540482684,9.849266543531266
10.066666666666666,3,1,48.21651969665598,41.88244522097212,36.700298019011136,50.33333333333333,39.79057580116643,34.999177540482684,3.427918978682292
10.1,1,1,61.804775916228415,50.84807207655427,44.34688265534822,50.5,39.68589240921872,34.99814948722491,18.433421421179144
10.1,2,1,50.48447324729352,38.32809210780836,33.89571828368544,50.5,39.68589240921872,34.99814948722491,1.7490618334115988
10.1,3,1,46.836409012293814,43.436934775988576,38.2732110665323,50.5,39.68589240921872,34.99814948722491,6.1820907556230384
10.133333333333333,2,1,50.55121548311344,35.503047242769895,31.553267767996847,50.66666666666666,39.58124346270801,34.99671025212268,5.338755428523025
10.133333333333333,3,1,61.14600003626175,28.97876830247528,26.35070731266871,50.66666666666666,39.58124346270801,34.99671025212268,17.23317365500354
10.133333333333333,1,1,48.72116407701978,37.75655755447985,33.458679689465534,50.66666666666666,39.58124346270801,34.99671025212268,3.0789603767630083
10.166666666666666,3,1,40.94020729715064,49.37686834884978,43.276463228932215,50.83333333333333,39.476640437570566,34.99485987463336,16.262638456935633
10.166666666666666,1,1,56.4625868148034,44.71222684896188,39.47282980805027,50.83333333333333,39.476640437570566,34.99485987463336,8.896745166316398
10.166666666666666,2,1,50.845840252859894,37.008916237256585,32.85700410107868,50.83333333333333,39.476640437570566,34.99485987463336,3.265003286425975
10.2,2,1,50.993365194807666,42.44119566006393,37.610832120896944,51.0,39.37209480470687,34.99259840548598,4.034175488189391
10.2,1,1,71.9233133327958,59.37801365998096,52.050233187371795,51.0,39.37209480470687,34.99259840548598,33.60036806968582
10.2,3,1,50.50231347273179,40.02248922484188,35.67063104511836,51.0,39.37209480470687,34.99259840548598,1.063218247385691
10.233333333333333,3,1,48.30443804271759,42.044230455631414,37.304136877984675,51.16666666666666,39.26761802872369,34.989925906679844,4.610585828798702
10.233333333333333,1,1,41.68094931674877,30.21360893942032,27.275149388427316,51.16666666666666,39.26761802872369,34.989925906679844,15.21419373342872
10.233333333333333,2,1,51.54957567247479,49.356172689670544,43.34772515066467,51.16666666666666,39.26761802872369,34.989925906679844,13.106424480246122
10.266666666666666,1,1,60.46331408679164,47.86153317903571,42.43323905543037,51.33333333333333,39.16322156667685,34.98684245148287,14.644657587239688
10.266666666666666,2,1,51.02121970204448,28.832391826251094,26.421521348666914,51.33333333333333,39.16322156667685,34.98684245148287,13.42341922309089
10.266666666666666,3,1,57.48083126160488,32.766625305967715,29.591545596899568,51.33333333333333,39.16322156667685,34.98684245148287,10.383515909830233
10.3,3,1,50.794622683360224,39.821021031847394,35.35680313569082,51.5,39.05891686681486,34.983348124429554,1.1035527004298504
10.3,1,1,64.75943490703197,51.703296142471316,45.5800542447254,51.5,39.05891686681486,34.983348124429554,21.165611777607186
10.3,2,1,51.49182238855802,38.98195026854874,34.86208737716331,51.5,39.05891686681486,34.983348124429554,0.14385721881477598
10.333333333333334,1,1,54.93375481325967,42.01725341576672,37.734956502683865,51.66666666666667,38.954715367323466,34.97944302131861,5.257932940020891
10.333333333333334,3,1,49.38540239626361,41.13773635402599,36.98586954323919,51.66666666666667,38.954715367323466,34.97944302131861,3.741055290645622
10.333333333333334,2,1,51.629722724318476,39.098550812364095,35.29215819407148,51.66666666666667,38.954715367323466,34.97944302131861,0.34618531077462333
10.366666666666667,1,1,57.94942111786112,44.41861483204241,39.77559621110434,51.83333333333333,38.850628495071334,34.97512724921042,9.56313253546418
10.366666666666667,3,1,53.94091440532069,36.65892535161761,33.09050274057327,51.83333333333333,38.850628495071334,34.97512724921042,3.577327240074655
10.366666666666667,2,1,51.80068081438005,38.42429678522843,34.50893674541071,51.83333333333333,38.850628495071334,34.97512724921042,0.6325808245944564
10.4,2,1,51.969372493543844,37.656176714513244,34.100215920558995,52.0,38.746667664356956,34.97040092642408,1.3954678427950877
10.4,3,1,51.43556950125909,39.425401900009646,35.75299976388643,52.0,38.746667664356956,34.97040092642408,1.179713054498161
10.4,1,1,62.1956772815682,48.2071322474836,42.90392656056477,52.0,38.746667664356956,34.97040092642408,16.012278237216808
10.433333333333334,1,1,46.78284657886673,33.73105751018395,30.79138110386265,52.16666666666667,38.642844275656955,34.96526418253408,8.39836102592009
10.433333333333334,3,1,66.61329353581574,23.830943741663184,22.371028478974345,52.16666666666667,38.642844275656955,34.96526418253408,24.22214272689688
10.433333333333334,2,1,52.10117511436934,36.77201973742982,33.261778397552646,52.16666666666667,38.642844275656955,34.96526418253408,2.531034850785126
10.466666666666667,1,1,55.648202838984325,41.58347354655475,37.63791474482042,52.33333333333333,38.53916971437589,34.95971715836687,5.2372595862912315
10.466666666666667,3,1,42.9511533319529,48.26044224653698,43.24006978738314,52.33333333333333,38.53916971437589,34.95971715836687,15.845904230548323
10.466666666666667,2,1,52.69796029809094,44.25901790197655,39.70489500369467,52.33333333333333,38.53916971437589,34.95971715836687,7.440855387414589
10.5,2,1,52.38116427874336,35.819836086999835,32.72818016946485,52.5,38.435655349597695,34.95376000599692,3.4365444783972623
10.5,3,1,59.85858347509836,30.833005979016367,28.30189590354283,52.5,38.435655349597695,34.95376000599692,12.49785278555915
10.5,1,1,45.331695192114715,31.942749983044596,29.394937595696256,52.5,38.435655349597695,34.95376000599692,11.155398715735185
10.533333333333333,1,1,46.96667037887175,33.364652634791845,30.65123575159611,52.666666666666664,38.33231253283898,34.94739288874257,8.696238766880542
10.533333333333333,3,1,67.33542659072987,23.371028136753363,22.139254395793536,52.666666666666664,38.33231253283898,34.94739288874257,24.557299528753575
10.533333333333333,2,1,52.584950934755135,37.5927659970949,34.37368528788652,52.666666666666664,38.33231253283898,34.94739288874257,0.9395461407791101
10.566666666666666,1,1,47.69018989784046,33.6617687952682,30.943733675460372,52.83333333333333,38.22915259680417,34.94061598116154,7.9553747463091655
10.566666666666666,3,1,59.18645698579007,31.81544231514134,29.326511972949692,52.83333333333333,38.22915259680417,34.94061598116154,10.630899469731297
10.566666666666666,2,1,52.85065237373203,38.28767096699372,34.86979941470551,52.83333333333333,38.22915259680417,34.94061598116154,0.09348440990130377
10.6,3,1,58.397011861787846,32.52078053059667,30.09019236859871,53.0,38.12618685414275,34.9334294690462,9.16543848920935
10.6,2,1,52.9551470114769,38.67081480489039,35.51318258440427,53.0,38.12618685414275,34.9334294690462,0.7967088992112548
10.6,1,1,51.82994474942107,37.180615353011774,33.84459047886038,53.0,38.12618685414275,34.9334294690462,1.857068953945248
10.633333333333333,2,1,53.13206694911209,37.11533039614844,34.06800438850742,53.166666666666664,38.02342659620874,34.9258335494184,1.2496826470460662
10.633333333333333,1,1,54.41543670708915,39.02322009553488,35.94209702584455,53.166666666666664,38.02342659620874,34.9258335494184,1.89520582224447
10.633333333333333,3,1,49.35779826257969,41.92963559224388,38.0560581553771,53.166666666666664,38.02342659620874,34.9258335494184,6.290012187914043
10.666666666666666,3,1,59.18551474083315,31.79234999591699,29.706679046798175,53.333333333333336,37.92088309182241,34.917828430524104,9.948016035039435
10.666666666666666,2,1,53.82419171124393,43.39547251622423,39.685227902376994,53.333333333333336,37.92088309182241,34.917828430524104,7.275999521520084
10.666666666666666,1,1,57.08668634146098,41.29762476365603,37.887328756726966,53.333333333333336,37.92088309182241,34.917828430524104,5.85730102600485
10.7,1,1,41.474978199005335,27.318295870914177,25.806646062639675,53.49999999999999,37.81856758603458,34.9094143318277,18.377084795154282
10.7,2,1,53.471403177661855,37.755353230478526,34.888851949472304,53.49999999999999,37.81856758603458,34.9094143318277,0.07236466378237287
10.7,3,1,51.572037021352095,39.83909427063535,36.761244429796584,53.49999999999999,37.81856758603458,34.9094143318277,3.3509467381568596
10.733333333333333,2,1,53.82046183324608,38.6286411068154,35.76002912577129,53.666666666666664,37.716491298893445,34.90059148400594,1.2626572319669467
10.733333333333333,3,1,59.77898296476971,31.475385648754262,29.35479149008273,53.666666666666664,37.716491298893445,34.90059148400594,10.347352697035802
10.733333333333333,1,1,70.67825525955561,52.17828919007555,47.64211852863984,53.666666666666664,37.716491298893445,34.90059148400594,25.707669208394712
10.766666666666666,3,1,39.45171110598977,52.35371606161705,47.87661674928545,53.833333333333336,37.614665424214195,34.891360128941685,24.34517531417939
10.766666666666666,1,1,63.680636515513875,46.10695927468111,42.435821152947966,53.833333333333336,37.614665424214195,34.891360128941685,15.03354006703714
10.766666666666666,2,1,53.850653198195815,37.41582305588771,34.55043108793964,53.833333333333336,37.614665424214195,34.891360128941685,0.3950580668194402
10.8,2,1,53.286077996595836,32.047866441014925,30.211501554561664,54.0,37.51310112835145,34.88172051971716,7.224224525657345
10.8,1,1,60.23826814221481,42.90674277119138,39.51393627456859,54.0,37.51310112835145,34.88172051971716,9.458582472286373
10.8,3,1,50.47685103730622,41.29320230967229,38.18797514388464,54.0,37.51310112835145,34.88172051971716,6.134579300504828
10.833333333333334,1,1,51.10186563244834,34.79631818322549,32.51122912322718,54.16666666666667,37.41180954897479,34.87167292060715,4.6696354658843005
10.833333333333334,3,1,41.63009318836237,50.308606589817366,46.411730305073334,54.16666666666667,37.41180954897479,34.87167292060715,21.369744334604967
10.833333333333334,2,1,53.669092972449896,32.92701740368033,30.97851242294267,54.16666666666667,37.41180954897479,34.87167292060715,5.959667677668491
10.866666666666667,2,1,53.616123585129586,31.714199673763524,29.89087211106485,54.333333333333336,37.31080179384735,34.86121760707165,7.519353659931172
10.866666666666667,3,1,60.54769021776958,30.73384828076369,29.104729145070102,54.333333333333336,37.31080179384735,34.86121760707165,10.724351188466391
10.866666666666667,1,1,53.564682256073944,36.66412439390405,34.271155830289594,54.333333333333336,37.31080179384735,34.86121760707165,1.1649845658156337
10.9,3,1,50.20740747418002,41.49542896126638,38.917896314464045,54.50000000000001,37.21008893960771,34.850354865748365,7.303107772104638
10.9,1,1,59.17939632874061,41.24241641972287,38.49321932707716,54.50000000000001,37.21008893960771,34.850354865748365,7.171253474249483
10.9,2,1,54.68888173103461,38.279403551508736,35.70042871776857,54.50000000000001,37.21008893960771,34.850354865748365,1.379034300310235
10.933333333333334,2,1,54.318606093125105,33.37675713574446,31.404402810529632,54.666666666666664,37.109682030555284,34.839084994444825,5.084576298734921
10.933333333333334,3,1,60.552894119377235,31.115518170131303,29.429764779562305,54.666666666666664,37.109682030555284,34.839084994444825,9.991917693705908
10.933333333333334,1,1,58.35811269337926,40.12245916586951,37.368322282118065,54.666666666666664,37.109682030555284,34.839084994444825,5.394501004964323
10.966666666666667,1,1,40.065168826556075,24.672461625784564,24.049543991920626,54.833333333333336,37.00959207743913,34.82740830213025,22.055970388302313
10.966666666666667,3,1,51.153593776221896,40.88907927942755,38.189656757569026,54.833333333333336,37.00959207743913,34.82740830213025,6.316297874123975
10.966666666666667,2,1,54.083828609563405,31.453081910045086,29.786191259022697,54.833333333333336,37.00959207743913,34.82740830213025,7.539922535876937
11.0,2,1,55.17042723529125,38.137181950081704,35.960602069968274,55.00000000000001,36.90983005625052,34.81532510892706,1.6873344159685133
11.0,3,1,50.758008253924835,41.4124646185354,38.745436472546544,55.00000000000001,36.90983005625052,34.81532510892706,7.32898269241395
11.0,1,1,61.574298411292006,42.334210397391594,39.54018422671255,55.00000000000001,36.90983005625052,34.81532510892706,9.745234495331289
11.033333333333333,1,1,81.15944132883838,58.028817659732745,53.501522545745225,55.166666666666664,36.810406907019306,34.80283574610211,38.41205771031343
11.033333333333333,3,1,64.61382932518049,26.774868129248944,25.68707965867381,55.166666666666664,36.810406907019306,34.80283574610211,16.524464587454467
11.033333333333333,2,1,55.54141927213544,39.584137380885906,37.237960649949386,55.166666666666664,36.810406907019306,34.80283574610211,3.709966786145001
11.066666666666666,2,1,54.01621330686966,27.547453138401966,26.526180948404416,55.333333333333336,36.71133353261417,34.78994055605757,12.409723280420813
11.066666666666666,1,1,38.75629249358343,23.35870776891468,22.913397454767964,55.333333333333336,36.71133353261417,34.78994055605757,24.375052283532384
11.066666666666666,3,1,62.07271180101226,29.66547873465219,28.386589893386745,55.333333333333336,36.71133353261417,34.78994055605757,11.664741389062389
11.1,1,1,64.45730131950661,43.779181496204885,41.20190662122977,55.49999999999999,36.61262079754709,34.77663989232161,13.148265730262516
11.1,3,1,62.28098237596677,29.23878724283561,28.328790629167568,55.49999999999999,36.61262079754709,34.77663989232161,11.913433736589848
11.1,2,1,56.86780134561967,45.431280222584924,42.614989535656534,55.49999999999999,36.61262079754709,34.77663989232161,11.877683263459097
11.133333333333333,2,1,55.74900389241388,36.597840063979,34.996475081212594,55.666666666666664,36.51427952678185,34.76293411953863,0.261348738087686
11.133333333333333,3,1,64.46132229295831,27.163049867741503,26.38751540744368,55.666666666666664,36.51427952678185,34.76293411953863,15.327723324880619
11.133333333333333,1,1,58.978193334846885,39.306250780960184,37.03516467917513,55.666666666666664,36.51427952678185,34.76293411953863,4.891251790122133
11.166666666666666,2,1,55.69782034509917,35.89651217049043,34.24317326491053,55.833333333333336,36.416320504546995,34.74882361345932,0.7377308107448998
11.166666666666666,1,1,54.7782245016048,35.69437601506263,33.99670923923634,55.833333333333336,36.416320504546995,34.74882361345932,1.4832850449597452
11.166666666666666,3,1,60.101835973101664,32.070037110892606,30.676057095304802,55.833333333333336,36.416320504546995,34.74882361345932,7.327872899761949
11.2,3,1,61.486948952989486,30.424094977997818,29.460801840106168,55.99999999999999,36.31875447315323,34.73430876093033,9.626187958923236
11.2,2,1,57.00614250844105,41.82131011574894,39.64421525780862,55.99999999999999,36.31875447315323,34.73430876093033,7.442957957374314
11.2,1,1,68.53262622828834,46.03920257678165,43.72323898907548,55.99999999999999,36.31875447315323,34.73430876093033,18.23059785524808
11.233333333333333,1,1,45.27450085748035,27.750032975730424,27.12635346216253,56.166666666666664,36.22159213181533,34.71938995988368,15.749945835004603
11.233333333333333,3,1,64.37433675900334,27.435907074191668,26.622221785239823,56.166666666666664,36.22159213181533,34.71938995988368,14.49545593366607
11.233333333333333,2,1,56.167880774152415,36.524256340617924,35.11446743118487,56.166666666666664,36.22159213181533,34.71938995988368,0.4976879601485586
11.266666666666666,3,1,55.708152243923124,36.86703750001231,35.31057388420054,56.33333333333332,36.12484413547898,34.704067619325826,1.1443566901301778
11.266666666666666,2,1,55.802755757706365,33.021136661673786,31.936335437509726,56.33333333333332,36.12484413547898,34.704067619325826,4.192237359331281
11.266666666666666,1,1,57.90427855300786,37.2300810615397,35.723244964104,56.33333333333332,36.12484413547898,34.704067619325826,2.1744286619835393
11.3,2,1,58.59090395319632,47.1683506064267,44.81381297162901,56.50000000000001,36.028521093652195,34.68834215932649,15.198448607866665
11.3,1,1,70.09488024679828,46.35154808124396,44.231738742098756,56.50000000000001,36.028521093652195,34.68834215932649,19.556637580305143
11.3,3,1,53.280052100419006,39.39924613237642,37.837874282563504,56.50000000000001,36.028521093652195,34.68834215932649,5.625780333251591
11.333333333333334,3,1,64.02078530422025,28.00689268266251,27.515895007334866,56.666666666666664,35.932633569242,34.672214011007085,12.96585250643902
11.333333333333334,1,1,54.82770526960656,34.49005001631793,33.45168724635498,56.666666666666664,35.932633569242,34.672214011007085,2.636761633192583
11.333333333333334,2,1,55.692893398734526,30.509669603102783,29.697855633796575,56.666666666666664,35.932633569242,34.672214011007085,7.423005713342002
11.366666666666667,1,1,52.98530956699352,32.838473214168935,31.88886808000197,56.833333333333336,35.83719207739599,34.655683616528954,5.608464133803203
11.366666666666667,2,1,56.70508636513511,35.42430857674667,34.12655292251577,56.833333333333336,35.83719207739599,34.655683616528954,0.6833003448757716
11.366666666666667,3,1,59.89247913986594,32.62201400474312,31.611473693112845,56.833333333333336,35.83719207739599,34.655683616528954,5.381724366996042
11.4,3,1,56.913841169627275,35.85562299859182,34.821232331696024,57.00000000000001,35.742207084349275,34.63875142908121,0.23148605459894617
11.4,2,1,57.80521305031181,40.06795696834091,38.458027737737176,57.00000000000001,35.742207084349275,34.63875142908121,5.8264355859398975
11.4,1,1,58.164350170231934,36.41478128444247,35.41646917980532,57.00000000000001,35.742207084349275,34.63875142908121,1.5533551665158498
11.433333333333334,2,1,56.07369042546922,30.31537288247093,29.699565473271512,57.166666666666664,35.64768900627673,34.621417912868324,7.338448319991528
11.433333333333334,1,1,52.97621331287401,32.49972213960295,31.726350546637345,57.166666666666664,35.64768900627673,34.621417912868324,5.987571273814083
11.433333333333334,3,1,58.44173360541576,34.300017647152224,33.549777617304315,57.166666666666664,35.64768900627673,34.621417912868324,2.1425281126678373
11.466666666666667,3,1,61.06280376888943,31.462842027506255,30.82259270641376,57.333333333333336,35.553648208150726,34.603683543097404,6.703752147308176
11.466666666666667,1,1,71.93542797805819,46.604406838126465,44.61129684729742,57.333333333333336,35.553648208150726,34.603683543097404,20.868463248593237
11.466666666666667,2,1,57.22784411044252,35.0552456317205,34.125737559255334,57.333333333333336,35.553648208150726,34.603683543097404,0.6985452510819584
11.5,1,1,48.850683763433146,29.121000208093474,28.646116336236073,57.49999999999999,35.46009500260454,34.585548805965146,12.25853385345932
11.5,2,1,57.964205451707116,37.350574527194276,36.37017904856851,57.49999999999999,35.46009500260454,34.585548805965146,2.640890879438639
11.5,3,1,53.07149525739902,40.328663454261694,39.12285558158369,57.49999999999999,35.46009500260454,34.585548805965146,7.993858004729919
11.533333333333333,3,1,52.97941050805729,40.500601118430986,39.10586291430568,57.666666666666664,35.36703964880139,34.56701419864454,8.302106438883197
11.533333333333333,2,1,60.148840262092115,47.2410683857713,45.552953611686725,57.666666666666664,35.36703964880139,34.56701419864454,16.365958847291783
11.533333333333333,1,1,65.98790955955702,41.53591347527947,40.25932675414801,57.666666666666664,35.36703964880139,34.56701419864454,11.819497019713959
11.566666666666666,1,1,45.89839920331111,26.35546944076376,26.391279817853412,57.833333333333336,35.27449235130946,34.5480802292712,16.986024117447673
11.566666666666666,2,1,56.87424544162998,30.85776268914361,30.49533033378888,57.833333333333336,35.27449235130946,34.5480802292712,6.07059570454166
11.566666666666666,3,1,54.14444051360883,39.485359536419125,38.138217028664904,57.833333333333336,35.27449235130946,34.5480802292712,6.650444716288474
11.6,3,1,59.089992688335904,34.055244894001014,33.51103164771841,57.99999999999999,35.18246325898285,34.52874741692947,1.869344989529468
11.6,1,1,64.51453967755705,39.84193088561583,38.835001298126045,57.99999999999999,35.18246325898285,34.52874741692947,9.093606999613883
11.6,2,1,57.97510848148716,34.93130178586226,34.323568814577605,57.99999999999999,35.18246325898285,34.52874741692947,0.3252690150276287
11.633333333333333,1,1,57.122455325035524,34.42800425076104,33.789336736122664,58.166666666666664,35.09096246384859,34.509016291638154,1.4310239623843886
11.633333333333333,2,1,58.95961707867033,38.358687028780416,37.439591599776136,58.166666666666664,35.09096246384859,34.509016291638154,4.460388528460687
11.633333333333333,3,1,47.638735927061,46.663399990708925,45.24231016673256,58.166666666666664,35.09096246384859,34.509016291638154,18.972670697088436
11.666666666666666,2,1,58.47478261545121,35.48849456414411,34.74300093535502,58.33333333333333,35.00000000000001,34.488887394336025,0.5685143184997331
11.666666666666666,3,1,49.0375509868637,44.95544168361574,43.88242009916858,58.33333333333333,35.00000000000001,34.488887394336025,16.54571984609823
11.666666666666666,1,1,33.22322896759593,16.86038884597251,17.683798696967216,58.33333333333333,35.00000000000001,34.488887394336025,35.24164922650437
11.7,3,1,60.53309632862219,32.72405499785718,32.34800593848017,58.5,34.90958584249629,34.46836127686697,3.6614112737237523
11.7,1,1,58.40837387833224,34.896922885526315,34.44770685707636,58.5,34.90958584249629,34.46836127686697,0.09477500571345296
11.7,2,1,57.144769377897674,29.06748781321666,29.008552669425498,58.5,34.90958584249629,34.46836127686697,8.110257052195623
11.733333333333333,2,1,59.19580850983883,36.835418408506634,36.23725916966851,58.666666666666664,34.8197299062687,34.447438501964875,2.747080131847074
11.733333333333333,3,1,59.2497729110944,34.24644623912682,33.84814062839132,58.666666666666664,34.8197299062687,34.447438501964875,1.013817042948105
11.733333333333333,1,1,48.20564597951141,27.31088153103871,27.542502953860243,58.666666666666664,34.8197299062687,34.447438501964875,14.611430205929988
11.766666666666666,1,1,54.41287387861686,31.606337415364322,31.618919981378777,58.83333333333333,34.73044204503323,34.426119643238174,6.097611128093891
11.766666666666666,3,1,52.69718908648751,41.458168500394926,40.84353275082843,58.83333333333333,34.73044204503323,34.426119643238174,11.139917435499417
11.766666666666666,2,1,59.01639471540598,35.26826644835887,34.876545874645494,58.83333333333333,34.73044204503323,34.426119643238174,0.7250174814159549
11.8,2,1,59.5899395658203,36.78997256020752,36.393863288616,59.00000000000001,34.64173205021003,34.40440528515415,2.9867890999621816
11.8,3,1,62.93890255559968,30.065853347571547,30.34081911927063,59.00000000000001,34.64173205021003,34.40440528515415,7.277798552538399
11.8,1,1,74.17941496689622,45.343518208758056,44.519475815570416,59.00000000000001,34.64173205021003,34.40440528515415,21.148463716209232
11.833333333333334,3,1,57.04490588296135,36.80957901913952,36.51870016093424,59.166666666666664,34.55360964984973,34.382296023022896,3.762378138747917
11.833333333333334,1,1,48.02780331351957,26.701154660051856,27.234553236030635,59.166666666666664,34.55360964984973,34.382296023022896,15.389137503963138
11.833333333333334,2,1,60.7252994166589,40.01243575382667,39.38927807982517,59.166666666666664,34.55360964984973,34.382296023022896,7.569543434048603
11.866666666666667,2,1,60.551319397949285,39.38991720209136,38.837137992153494,59.333333333333336,34.466084507566556,34.359792462981005,6.765666371087989
11.866666666666667,1,1,48.78333367683488,27.12026052256506,27.374912685409807,59.333333333333336,34.466084507566556,34.359792462981005,14.63052180470211
11.866666666666667,3,1,59.04279607520899,34.8860356345626,34.54526462321184,59.333333333333336,34.466084507566556,34.359792462981005,0.5432962080158077
11.9,1,1,73.8716246779029,44.36613881304145,43.843593444939806,59.5,34.3791662214787,34.336895221974956,19.9163382309514
11.9,3,1,62.899134443147645,30.45368727530391,30.790828782657236,59.5,34.3791662214787,34.336895221974956,6.28793186282339
11.9,2,1,60.10442273910594,36.305717016565666,36.156558964363946,59.5,34.3791662214787,34.336895221974956,2.7181061327629683
11.933333333333334,2,1,60.0669112146831,35.76413174754838,35.7076651351584,59.66666666666667,34.29286432315568,34.31360492774415,2.0659688754170196
11.933333333333334,3,1,60.74109834989221,33.03418557558034,33.198147525479826,59.66666666666667,34.29286432315568,34.31360492774415,1.9957256444168339
11.933333333333334,1,1,60.85476440511682,35.09090062953415,35.04346335377781,59.66666666666667,34.29286432315568,34.31360492774415,1.6065900237648878
11.966666666666667,3,1,67.42263962079252,25.617726808340368,26.2216078052738,59.833333333333336,34.20718827657321,34.289922218803795,14.016922476588796
11.966666666666667,1,1,75.29356236367228,44.83117814785472,44.582986510137694,59.833333333333336,34.20718827657321,34.289922218803795,21.39707958954119
11.966666666666667,2,1,58.336352904017645,29.04378126227839,29.360838206958785,59.833333333333336,34.20718827657321,34.289922218803795,7.293667911061571
12.0,2,1,59.761556321719354,33.48134567457467,33.69259223115338,60.0,34.12214747707527,34.265847744427305,0.8922467266955829
12.0,3,1,62.61955370349242,31.25340983666036,31.519280570602326,60.0,34.12214747707527,34.265847744427305,4.7576620829297145
12.0,1,1,63.23642312314585,36.274370404077054,36.53988435612369,60.0,34.12214747707527,34.265847744427305,4.503081241869929
12.033333333333333,1,1,51.32014009505598,27.873453915884046,28.32822443286356,60.16666666666667,34.037751250343845,34.24138216462856,12.297358593233522
12.033333333333333,3,1,69.67629645176515,23.186706393621836,24.115680288009546,60.16666666666667,34.037751250343845,34.24138216462856,17.626913275624613
12.033333333333333,2,1,60.38432767340797,35.11013362965847,35.2095671859537,60.16666666666667,34.037751250343845,34.24138216462856,1.4610826522953773
12.066666666666666,3,1,49.50435028057732,46.33446922566919,45.97222115915375,60.33333333333333,33.95400885137626,34.216526150143785,20.217295520943843
12.066666666666666,1,1,59.7204798098761,33.47905971957672,33.69910516835114,60.33333333333333,33.95400885137626,34.216526150143785,0.932143010170832
12.066666666666666,2,1,59.75763254474952,32.1256366188006,32.38696259428491,60.33333333333333,33.95400885137626,34.216526150143785,2.6498451320325676
12.1,1,1,73.09914238083726,42.313979632030275,42.31338479988455,60.5,33.87092946347024,34.19128038241318,17.204419927731923
12.1,3,1,53.38215940736592,41.976484166831554,41.97846730799185,60.5,33.87092946347024,34.19128038241318,13.304283218769644
12.1,2,1,60.6066379555072,34.33482824782144,34.62603728738702,60.5,33.87092946347024,34.19128038241318,0.6446606100109651
12.133333333333333,2,1,59.453434033898276,29.87146342435043,30.59814468830231,60.66666666666667,33.7885221972169,34.165645553562214,5.435287046231732
12.133333333333333,3,1,54.939189782177856,40.57764463535982,40.328004203408724,60.66666666666667,33.7885221972169,34.165645553562214,10.810681711704746
12.133333333333333,1,1,70.23912584179212,40.38347427503673,40.41011191850761,60.66666666666667,33.7885221972169,34.165645553562214,13.195405554628392
12.166666666666666,1,1,60.832905644381206,33.66571417870471,34.21000317378728,60.83333333333333,33.70679608950163,34.139622366382675,0.08149456646605155
12.166666666666666,2,1,63.043464573615836,40.88018766882439,40.87721107915445,60.83333333333333,33.70679608950163,34.139622366382675,10.08649237902062
12.166666666666666,3,1,59.433877842577104,35.43367652127335,35.67708007923071,60.83333333333333,33.70679608950163,34.139622366382675,2.7026594152870507
12.2,1,1,61.41493221385299,34.106141253021356,34.426430106967636,61.0,33.625760102513105,34.11321153431338,0.7078422607559868
12.2,3,1,56.36614837578944,38.9879719455074,39.15543329012133,61.0,33.625760102513105,34.11321153431338,8.697694922167026
12.2,2,1,64.31968380914245,43.4707197179019,43.6835300619827,61.0,33.625760102513105,34.11321153431338,14.125669086537794
12.233333333333333,3,1,55.28115549335828,40.2291112655087,40.536535241391924,61.16666666666666,33.545423122760496,34.08641378142064,10.996135494301296
12.233333333333333,1,1,59.90719670257608,32.8644291616565,33.38814857795714,61.16666666666666,33.545423122760496,34.08641378142064,1.5929820023698793
12.233333333333333,2,1,60.56294243928,31.69045128890164,32.43693654123208,61.16666666666666,33.545423122760496,34.08641378142064,2.5546386462753135
12.266666666666666,1,1,55.27775114910528,29.438767882680775,30.319330706133524,61.33333333333333,33.46579396009895,34.05922984237837,8.17764392520432
12.266666666666666,2,1,61.919757667896135,35.23875423881027,35.89995934118494,61.33333333333333,33.46579396009895,34.05922984237837,2.6221301908624297
12.266666666666666,3,1,56.699712070867065,38.78586690733879,39.2253092343957,61.33333333333333,33.46579396009895,34.05922984237837,8.744255168541162
12.3,3,1,57.380049962281085,38.27780283892495,38.609298060316156,61.5,33.38688134676348,34.03166046244801,7.864468661848879
12.3,2,1,61.109836765779235,32.361297910179424,32.96314693247335,61.5,33.38688134676348,34.03166046244801,1.5315906432438398
12.3,1,1,81.90780878714693,46.51342380277318,46.68319641981497,61.5,33.38688134676348,34.03166046244801,27.365053232594413
12.333333333333334,3,1,65.67299442676902,28.538825223407407,29.584301639300083,61.66666666666667,33.308693936411416,34.003706397458025,7.637633669998208
12.333333333333334,1,1,61.69575411312352,33.34322168210043,34.14172959020775,61.66666666666667,33.308693936411416,34.003706397458025,0.14521930484812826
12.333333333333334,2,1,63.60462064638864,38.98295305587211,39.659393503369145,61.66666666666667,33.308693936411416,34.003706397458025,8.24255293111742
12.366666666666667,1,1,49.814103543307574,25.66381965747575,26.404669679770667,61.83333333333334,33.231240303173394,33.97536841378323,16.094819641597518
12.366666666666667,3,1,59.935894063589295,35.56222993025186,36.06620265737304,61.83333333333334,33.231240303173394,33.97536841378323,3.66133531079605
12.366666666666667,2,1,62.47881287855215,35.22489304127943,35.88551425441417,61.83333333333334,33.231240303173394,33.97536841378323,2.8354809496685474
12.4,2,1,62.104719295306595,33.5258105968305,34.27159450906186,62.0,33.154528940713114,33.946647288323774,0.5043876438258471
12.4,3,1,64.29074789156682,30.474184204502528,31.306742490341833,62.0,33.154528940713114,33.946647288323774,4.404642000214968
12.4,1,1,56.86971408038048,29.918727450273348,30.86890519096919,62.0,33.154528940713114,33.946647288323774,6.801671950366842
12.433333333333334,1,1,69.96326461468524,38.10442361791856,38.57682722554357,62.16666666666667,33.07856826129593,33.9175438084838,10.380514611002097
12.433333333333334,2,1,61.798476594911875,32.076676969439006,32.93032494990266,62.16666666666667,33.07856826129593,33.9175438084838,1.4539433153929269
12.433333333333334,3,1,67.23038455349266,27.083704651169423,28.13856373786254,62.16666666666667,33.07856826129593,33.9175438084838,9.745575365160237
12.466666666666667,1,1,69.23268321642439,37.278609025186825,38.19335856102996,62.33333333333333,33.00336659486635,33.88805877214992,9.187727298927179
12.466666666666667,3,1,67.16531882644725,27.291355694356458,28.24530720271931,62.33333333333333,33.00336659486635,33.88805877214992,9.37100835596249
12.466666666666667,2,1,62.52747962646931,33.54897522636787,34.46852289052479,62.33333333333333,33.00336659486635,33.88805877214992,0.819951312352216
12.5,3,1,60.70865372703087,35.1250568106941,36.015625529389474,62.5,32.928932188134524,33.8581929876693,3.5617972990564746
12.5,2,1,60.73407092310268,28.451141889730597,29.508896095537036,62.5,32.928932188134524,33.8581929876693,6.487333421138699
12.5,1,1,61.12925483464737,31.83842513375619,32.938497991411396,62.5,32.928932188134524,33.8581929876693,1.9783798498085112
12.533333333333333,2,1,63.823800415900934,35.89755328520023,36.75221131446515,62.66666666666667,32.85527320367196,33.827947273827505,4.375585307984178
12.533333333333333,1,1,55.4459800119839,28.331078038777342,29.372589625985615,62.66666666666667,32.85527320367196,33.827947273827505,9.615449517591623
12.533333333333333,3,1,58.205935085618684,38.12175522795148,39.03218859335269,62.66666666666667,32.85527320367196,33.827947273827505,8.64396245144965
12.566666666666666,3,1,68.46753974844451,25.958764486757865,27.162553855854572,62.83333333333333,32.78239771901638,33.79732245982606,11.060126890985861
12.566666666666666,2,1,61.52636662108506,29.55552315667541,30.759498493946847,62.83333333333333,32.78239771901638,33.79732245982606,4.620525497784684
12.566666666666666,1,1,63.04256611680178,32.99458018369743,33.98784067617842,62.83333333333333,32.78239771901638,33.79732245982606,0.3536904674403381
12.6,1,1,44.65614265826373,21.469541175720575,22.726029566443028,63.0,32.71031372578589,33.76631938525972,24.181399235357347
12.6,2,1,63.969002090814946,35.124972354303296,36.043215224496194,63.0,32.71031372578589,33.76631938525972,3.45742621136152
12.6,3,1,56.006535808097254,41.466152865487615,42.38230347946101,63.0,32.71031372578589,33.76631938525972,14.135361415800029
12.633333333333333,3,1,57.088943987619984,39.89034574770391,40.84445612391946,63.16666666666666,32.63902912880266,33.73493890009342,11.834928847560969
12.633333333333333,2,1,63.5064245195981,33.224294541757104,34.24170260756273,63.16666666666666,32.63902912880266,33.73493890009342,0.8454468980588656
12.633333333333333,1,1,48.87087866575332,23.867157374081895,25.127711205227925,63.16666666666666,32.63902912880266,33.73493890009342,18.852046500037744
12.666666666666666,2,1,65.3392749084411,37.372546441659516,38.476452804316914,63.33333333333333,32.56855174522606,33.703181864639014,7.063022165452984
12.666666666666666,1,1,72.22013190389376,38.01707986451186,38.78522236793893,63.33333333333333,32.56855174522606,33.703181864639014,11.596929903105554
12.666666666666666,3,1,64.83754478147577,30.688694595234377,31.910549600244046,63.33333333333333,32.56855174522606,33.703181864639014,3.001673769823673
12.7,2,1,63.44192571053637,32.4002435910734,33.63328949023376,63.5,32.49888930369541,33.67104914953168,0.1205379259225296
12.7,1,1,58.13522187942485,29.3492135009445,30.521198020806636,63.5,32.49888930369541,33.67104914953168,6.973009685821961
12.7,3,1,65.3560192395914,30.31742856939875,31.41917057244929,63.5,32.49888930369541,33.67104914953168,3.6434235931242185
12.733333333333333,1,1,67.82895662769037,34.93206242982919,36.149481529962415,63.66666666666666,32.43004944348244,33.638541635706034,5.4671332392813365
12.733333333333333,2,1,65.46072784342844,36.92802291994385,38.105408082836384,63.66666666666666,32.43004944348244,33.638541635706034,6.588119364235377
12.733333333333333,3,1,63.88416801093913,32.14714952875333,33.2069168633366,63.66666666666666,32.43004944348244,33.638541635706034,0.5600349459069778
12.766666666666666,2,1,62.05719529404043,28.36637540974517,29.59368060005677,63.83333333333333,32.36203971365358,33.60566021437197,5.934305350235345
12.766666666666666,3,1,59.89499331268268,37.144068967969474,38.2362978238841,63.83333333333333,32.36203971365358,33.60566021437197,7.734412102934507
12.766666666666666,1,1,77.34786554500745,40.63817424485743,41.72455930213864,63.83333333333333,32.36203971365358,33.60566021437197,17.805996351687277
12.8,3,1,65.41069015972305,30.42398543334181,31.755928891661533,64.0,32.294867572242104,33.57240578699029,2.964765592025577
12.8,1,1,71.3645335493204,36.5661887264888,37.825818626462876,64.0,32.294867572242104,33.57240578699029,9.516935409299112
12.8,2,1,65.05400911424465,34.958259257462586,36.24735030981705,64.0,32.294867572242104,33.57240578699029,3.9191732140865234
12.833333333333334,2,1,63.75930967326427,31.213358705831954,32.601991953475974,64.16666666666667,32.22854038543029,33.53877926524791,1.4401749998395477
12.833333333333334,3,1,68.43339554439201,26.948078381075668,28.315268938400898,64.16666666666667,32.22854038543029,33.53877926524791,8.565822460810498
12.833333333333334,1,1,64.40751729801937,32.25941292109873,33.76950800568028,64.16666666666667,32.22854038543029,33.53877926524791,0.334959537471469
12.866666666666667,1,1,88.52170469597024,46.31637754282068,47.49123663259835,64.33333333333333,32.1630654267416,33.5047815710329,31.321150652892275
12.866666666666667,2,1,64.64185574746432,32.952795152332584,34.427429369504324,64.33333333333333,32.1630654267416,33.5047815710329,1.2530515071326416
12.866666666666667,3,1,63.079719308849036,33.835606898097176,35.17523993761264,64.33333333333333,32.1630654267416,33.5047815710329,2.6757007026691553
12.9,3,1,72.31299590252335,22.355963421226654,23.725182985166878,64.5,32.098449876243095,33.47041363640923,15.840721818936757
12.9,2,1,64.66764845391836,32.46178448745779,33.71316712887226,64.5,32.098449876243095,33.47041363640923,0.4680248945416758
12.9,1,1,72.07836421625929,36.61882133592317,37.84879877909269,64.5,32.098449876243095,33.47041363640923,9.850665905685803
12.933333333333334,1,1,60.61631844622088,29.610923255856598,31.154226158930527,64.66666666666667,32.03470081975804,33.43567640359119,5.2426170568717465
12.933333333333334,2,1,66.49393445896087,36.11106227848016,37.44370235504118,64.66666666666667,32.03470081975804,33.43567640359119,6.001658300370615
12.933333333333334,3,1,64.09888735131346,32.757879056525866,34.03015299647285,64.66666666666667,32.03470081975804,33.43567640359119,1.094880145295261
12.966666666666667,3,1,60.511718034833294,37.57803010065502,38.6576695383063,64.83333333333333,31.971825248088855,33.400570824917565,8.817197883652122
12.966666666666667,1,1,73.18164506684968,36.85557355960424,38.32390377846753,64.83333333333333,31.971825248088855,33.400570824917565,10.85285739986052
12.966666666666667,2,1,60.774611572208755,23.215667954131057,24.783939296122732,64.83333333333333,31.971825248088855,33.400570824917565,12.937923009269213
13.0,1,1,69.69648479223002,34.67924154079235,36.01231224932987,65.0,31.909830056250527,33.36509786282552,6.0608871778375475
13.0,2,1,65.75651687351397,33.34451011807226,34.65575951653784,65.0,31.909830056250527,33.36509786282552,2.0727836751729742
13.0,3,1,63.857069565911715,33.26679113291346,34.86275703311361,65.0,31.909830056250527,33.36509786282552,2.3217700857517025
13.033333333333333,3,1,62.304261917441025,35.53745046582725,36.8873229560905,65.16666666666666,31.848722042714463,33.329258489824234,5.870255622541172
13.033333333333333,2,1,62.078159191490215,25.427582888342155,26.949440083042962,65.16666666666666,31.848722042714463,33.329258489824234,9.564098983570748
13.033333333333333,1,1,55.25403256954505,26.15540163626311,27.68435074307944,65.16666666666666,31.848722042714463,33.329258489824234,12.749086063839737
13.066666666666666,2,1,67.79896513332531,36.94643107982641,38.48084214675357,65.33333333333333,31.788507908662964,33.29305368846822,7.719887350258107
13.066666666666666,1,1,66.12747023358702,32.384357487250846,33.75774809147845,65.33333333333333,31.788507908662964,33.29305368846822,1.0961893197969623
13.066666666666666,3,1,63.495238839618565,34.08871676663521,35.5264260393387,65.33333333333333,31.788507908662964,33.29305368846822,3.695606068799981
13.1,3,1,62.86487459671667,35.160023577427,36.51125192444654,65.5,31.729194257254385,33.2564844513304,5.413685160705232
13.1,2,1,61.3340535685519,23.26966641719606,24.87893127314091,65.5,31.729194257254385,33.2564844513304,12.613568812981118
13.1,1,1,63.50716805241205,30.737427733166243,32.179123487317895,65.5,31.729194257254385,33.2564844513304,2.4729914388058485
13.133333333333333,1,1,42.656893180492,18.530365719602642,20.242986142210402,65.66666666666666,31.670787592899003,33.21955178097488,29.50443388154456
13.133333333333333,2,1,63.58174488729383,27.36940169271822,28.93979872753872,65.66666666666666,31.670787592899003,33.21955178097488,6.416003872097754
13.133333333333333,3,1,65.20855970839682,32.339207766055786,33.932252056394255,65.66666666666666,31.670787592899003,33.21955178097488,1.0791613390411257
13.166666666666666,3,1,68.77735673445352,27.85076874148733,29.40121332069879,65.83333333333333,31.61329432054576,33.18225668992948,6.092631736730494
13.166666666666666,2,1,62.19173992386713,24.43228713411418,26.142057956044802,65.83333333333333,31.61329432054576,33.18225668992948,10.695441317871884
13.166666666666666,1,1,63.7565183357297,30.45690288922458,32.140004290730786,65.83333333333333,31.61329432054576,33.18225668992948,2.5955137719418544
13.2,2,1,69.46704411368198,38.55029150745473,40.12459116554526,65.99999999999999,31.556720744979852,33.144600200657955,10.47142305352376
13.2,1,1,62.67684455509605,29.662491272768985,31.24832795702765,65.99999999999999,31.556720744979852,33.144600200657955,4.269346065423798
13.2,3,1,66.74150805091323,30.491591391954504,32.141282210358995,65.99999999999999,31.556720744979852,33.144600200657955,1.6404212013696033
13.233333333333333,3,1,66.42042832589534,31.283970736288747,32.65978587614827,66.16666666666666,31.501073070131362,33.10658334553198,0.5578139310756716
13.233333333333333,1,1,60.987196652422824,28.499731562007508,30.263204093219745,66.16666666666666,31.501073070131362,33.10658334553198,6.627198959539231
13.233333333333333,2,1,63.27452964455976,25.99319744159266,27.714931528545772,66.16666666666666,31.501073070131362,33.10658334553198,8.232318009509996
13.266666666666666,1,1,46.69085752483535,20.601609512699905,22.202019771371866,66.33333333333333,31.446357398394934,33.06820716680284,24.930091076936282
13.266666666666666,2,1,66.53716956628253,31.99701067376386,33.50684879575651,66.33333333333333,31.446357398394934,33.06820716680284,0.7329220410033901
13.266666666666666,3,1,62.048740031766975,37.08671446455769,38.781221828279676,66.33333333333333,31.446357398394934,33.06820716680284,9.099994731640708
13.299999999999999,3,1,60.96036682746586,38.67372878548318,40.307646030644264,66.49999999999999,31.392579729960566,33.02947271657287,11.690785860866637
13.299999999999999,2,1,65.32311364829455,29.10560178054123,30.774351056012954,66.49999999999999,31.392579729960566,33.02947271657287,3.420658318202404
13.299999999999999,1,1,62.2074408414435,29.084607170908622,30.727948112491458,66.49999999999999,31.392579729960566,33.02947271657287,5.389788211630958
13.333333333333334,2,1,62.6740481979493,23.62124207159088,25.47412616326453,66.66666666666667,31.33974596215561,32.99038105676658,11.489577545301632
13.333333333333334,1,1,66.18214157763367,31.05328825548029,32.76554154845332,66.66666666666667,31.33974596215561,32.99038105676658,0.606114992484651
13.333333333333334,3,1,65.26554718918024,33.20463093791051,34.88916009967358,66.66666666666667,31.33974596215561,32.99038105676658,3.007705706476454
13.366666666666667,3,1,69.29638134810787,27.8388052974222,29.67876720599847,66.83333333333333,31.287861888798105,32.950933259101575,5.35440636977422
13.366666666666667,1,1,68.09892142737594,31.94193487954962,33.58114660875151,66.83333333333333,31.287861888798105,32.950933259101575,1.5577848269546206
13.366666666666667,2,1,66.03460114982403,29.90574820939525,31.504736746105294,66.83333333333333,31.287861888798105,32.950933259101575,2.15399528271736
13.4,1,1,53.1585760641713,23.682034875978825,25.587476250091257,67.0,31.236933199561363,32.911130405059154,17.38670225869703
13.4,2,1,68.59017950719905,34.04783151603994,35.644556968870695,67.0,31.236933199561363,32.911130405059154,4.2310094528904685
13.4,3,1,69.38768747646472,27.99453497322441,29.682517798425284,67.0,31.236933199561363,32.911130405059154,5.161214692989881
13.433333333333334,3,1,67.7826515078695,30.37214939983017,32.03599362349993,67.16666666666666,31.18696547935008,32.87097358585467,1.3193006122828173
13.433333333333334,2,1,66.73180480337066,30.370988674233274,32.14164387390683,67.16666666666666,31.18696547935008,32.87097358585467,1.1776437557121469
13.433333333333334,1,1,74.90415815420009,35.283612314638475,37.069393313047186,67.16666666666666,31.18696547935008,32.87097358585467,9.709686813610933
13.466666666666667,1,1,52.42464683646291,23.02438357347644,24.960723627714827,67.33333333333333,31.137964207687855,32.8304639024076,18.709140433513728
13.466666666666667,2,1,69.44969334350782,35.07045326123776,36.851347662951966,67.33333333333333,31.137964207687855,32.8304639024076,6.009239225123674
13.466666666666667,3,1,62.878582549244975,37.235060573983056,38.94778629962081,67.33333333333333,31.137964207687855,32.8304639024076,9.718077071091395
13.5,3,1,66.47048282699674,32.56531235665663,34.26858470748518,67.5,31.08993475811632,32.78960246531138,2.3289553753665215
13.5,1,1,64.66492789420766,29.680367052076292,31.40403800347659,67.5,31.08993475811632,32.78960246531138,3.456053217306162
13.5,2,1,66.65385627816323,29.614253927259334,31.223579063779273,67.5,31.08993475811632,32.78960246531138,2.312146709598841
13.533333333333333,1,1,83.73969012085307,39.82259024652072,41.24971910759585,67.66666666666666,31.042882397605872,32.74839039480296,20.19153146133498
13.533333333333333,2,1,67.72936530962495,31.17733140904219,32.64325609285755,67.66666666666666,31.042882397605872,32.74839039480296,0.18182650508263037
13.533333333333333,3,1,67.81951918782948,30.801020507334655,32.49227166322079,67.66666666666666,31.042882397605872,32.74839039480296,0.3840024373082265
13.566666666666666,2,1,66.9043942568452,29.44979474934692,31.034870787966135,67.83333333333333,30.996812285978063,32.706828820732056,2.460007058892597
13.566666666666666,3,1,70.21934292702672,27.660670396581953,29.401333579384733,67.83333333333333,30.996812285978063,32.706828820732056,5.267749356029587
13.566666666666666,1,1,59.30296459759835,26.351368882207833,28.123949925829596,67.83333333333333,30.996812285978063,32.706828820732056,10.74011704547858
13.6,3,1,65.18799505668652,34.75528178842723,36.42786449216324,68.0,30.951729475339807,32.66491888253023,6.044347910293425
13.6,1,1,61.6526257068998,27.52021804191794,29.34400555560743,68.0,30.951729475339807,32.66491888253023,7.9431037044311426
13.6,2,1,68.95156354188859,32.38085941090885,34.038250463804395,68.0,30.951729475339807,32.66491888253023,2.1986189253975152
13.633333333333333,2,1,72.74013795620455,38.93246206634382,40.49618358031574,68.16666666666666,30.907638909529314,32.62266172917959,12.137000151383868
13.633333333333333,3,1,67.30203231676079,32.13581289416314,33.900542563654554,68.16666666666666,30.907638909529314,32.62266172917959,1.97205053755904
13.633333333333333,1,1,81.46244543014993,38.223060567763106,39.685872810224375,68.16666666666666,30.907638909529314,32.62266172917959,16.738640259610175
13.666666666666666,1,1,63.57143538522174,28.212289028097707,30.0602547543805,68.33333333333333,30.86454542357399,32.580058519181364,6.004960205420082
13.666666666666666,3,1,68.47169274269012,30.587807499842896,32.41095730528562,68.33333333333333,30.86454542357399,32.580058519181364,0.3525938529378695
13.666666666666666,2,1,69.2369322020561,32.34540922929098,34.11524277056903,68.33333333333333,30.86454542357399,32.580058519181364,2.3165144533001274
13.7,2,1,69.00627389604085,31.63177254551638,33.33453003072883,68.5,30.82245374316019,32.53711042052406,1.2438602077399097
13.7,3,1,68.16910425277,31.2537425332022,32.97437917737977,68.5,30.82245374316019,32.53711042052406,0.6976431621344394
13.7,1,1,64.79586873405816,28.810667197969302,30.559710943246706,68.5,30.82245374316019,32.53711042052406,4.655962009238877
13.733333333333333,3,1,63.722427389781515,37.90439230485731,39.75626549132085,68.66666666666667,30.781368484114996,32.493818610651495,11.310442302248855
13.733333333333333,1,1,71.59903929077717,32.16838876785098,33.7669911637727,68.66666666666667,30.781368484114996,32.493818610651495,3.4847672553771667
13.733333333333333,2,1,67.09194788140485,28.237692287236385,29.902762070851075,68.66666666666667,30.781368484114996,32.493818610651495,3.957726852584173
13.766666666666666,2,1,66.90573675984042,27.58160600219408,29.336238156883006,68.83333333333333,30.741294151900057,32.45018427643052,4.836932725289757
13.766666666666666,1,1,82.14493180476977,37.747474835567594,39.31866337622936,68.83333333333333,30.741294151900057,32.45018427643052,16.53666310902289
13.766666666666666,3,1,69.27318993599363,30.120170220023855,31.690419980879078,68.83333333333333,30.741294151900057,32.45018427643052,1.07541180691305
13.799999999999999,1,1,40.945654984793705,16.120123071524063,17.81735223244899,69.0,30.70223514111749,32.40620861411843,34.82124347531819
13.799999999999999,3,1,64.00424830161383,37.813683809897796,39.47884215177694,69.0,30.70223514111749,32.40620861411843,11.205015946380328
13.799999999999999,2,1,72.84804726851678,36.816445417919546,38.38770110493653,69.0,30.70223514111749,32.40620861411843,9.379194395437418
13.833333333333334,2,1,66.27938796940401,26.03220365515504,27.775573060103394,69.16666666666667,30.664195735027985,32.36189282933024,7.129239645942153
13.833333333333334,3,1,65.56858674795639,35.786853678304155,37.66195862065678,69.16666666666667,30.664195735027985,32.36189282933024,8.202347279750262
13.833333333333334,1,1,58.511019904229194,25.241450263494325,26.950100539011046,69.16666666666667,30.664195735027985,32.36189282933024,13.123889368950096
13.866666666666667,3,1,69.15974313665134,30.855537902475852,32.510084113353244,69.33333333333334,30.627180105081088,32.31723813700556,0.3456449198362026
13.866666666666667,1,1,56.496362637635144,23.786541713913127,25.647800884658984,69.33333333333334,30.627180105081088,32.31723813700556,16.00198561128973
13.866666666666667,2,1,66.96518230910671,26.83995453644719,28.528645182271223,69.33333333333334,30.627180105081088,32.31723813700556,5.857017445588041
13.9,2,1,69.20981370514073,30.069832845362928,32.00921050440758,69.5,30.591192310457746,32.27224576137535,0.6520822984686891
13.9,3,1,66.99533225207293,34.37946351060969,35.84123404604428,69.5,30.591192310457746,32.27224576137535,5.775987931904876
13.9,1,1,55.5162952970697,23.416159102029177,25.097270510029123,69.5,30.591192310457746,32.27224576137535,17.277307910037333
13.933333333333334,2,1,68.42514826682122,28.811865157972296,30.51598842136991,69.66666666666667,30.55623629762519,32.226916935928315,2.740707024097571
13.933333333333334,1,1,58.65753940354412,24.77829077710692,26.60031228850757,69.66666666666667,30.55623629762519,32.226916935928315,13.64713220394974
13.933333333333334,3,1,70.05822427182943,30.001490987434483,31.785399178892607,69.66666666666667,30.55623629762519,32.226916935928315,0.8099368167438878
13.966666666666667,2,1,75.21479079536633,38.624151118974204,40.15211922288529,69.83333333333334,30.522315899904143,32.18125290337709,12.575155196501738
13.966666666666667,1,1,58.888018576446626,24.996221265372217,26.697788039194975,69.83333333333334,30.522315899904143,32.18125290337709,13.431530960908532
13.966666666666667,3,1,72.15644645625667,27.081779864639582,28.795555044388323,69.83333333333334,30.522315899904143,32.18125290337709,5.3569667522035
14.0,2,1,63.64757296265674,20.657504613543267,22.401960046820783,70.0,30.489434837048464,32.135254915624216,15.223574159431807
14.0,1,1,73.99977924010454,32.502988282608705,33.96309368971167,70.0,30.489434837048464,32.135254915624216,4.83669577622537
14.0,3,1,70.75529140533155,29.457999006675983,30.97435790756955,70.0,30.489434837048464,32.135254915624216,1.7268488186445694
14.033333333333333,3,1,72.64171087617576,26.69837376663658,28.419192985847186,70.16666666666667,30.45759671483723,32.08892423372774,5.807282363117351
14.033333333333333,1,1,58.51056682212818,24.703636246615194,26.12550774034978,70.16666666666667,30.45759671483723,32.08892423372774,14.301575470178257
14.033333333333333,2,1,71.21423471151681,31.94180726027563,33.54416674224372,70.16666666666667,30.45759671483723,32.08892423372774,2.327662026664004
14.066666666666666,2,1,72.39795092206771,33.41081096671617,34.861847435922826,70.33333333333334,30.426805024679325,32.04226212786672,4.595323553268948
14.066666666666666,1,1,71.96912722651845,31.29454712422714,32.73802645388698,70.33333333333334,30.426805024679325,32.04226212786672,1.9781016176303419
14.066666666666666,3,1,68.94450209587403,32.573461433897904,34.06154734034763,70.33333333333334,30.426805024679325,32.04226212786672,3.2579899807590023
14.1,2,1,67.3343965134174,25.815740037412272,27.385362699578778,70.5,30.397063143230568,31.99526987730636,7.229163922711448
14.1,1,1,75.93140768838302,33.00927933767084,34.406386847491426,70.5,30.397063143230568,31.99526987730636,6.491328675073894
14.1,3,1,70.38360854672135,30.47896517016949,31.982469176381116,70.5,30.397063143230568,31.99526987730636,0.1428942628561354
14.133333333333333,3,1,69.13923797230092,32.669466576914346,34.22623633023607,70.66666666666667,30.36837433202342,31.947948770362945,3.5803153689782214
14.133333333333333,2,1,68.86310543747891,27.72830161795336,29.282066154834947,70.66666666666667,30.36837433202342,31.947948770362945,4.162901291501029
14.133333333333333,1,1,60.97611427336517,25.632314295303164,27.092263084794318,70.66666666666667,30.36837433202342,31.947948770362945,11.82855670975019
14.166666666666666,3,1,68.66930132141796,33.71622648115915,35.18944908075765,70.83333333333333,30.34074173710932,31.900300104368533,5.186080677620544
14.166666666666666,2,1,72.00177319460043,32.12269798718216,33.713266422917876,70.83333333333333,30.34074173710932,31.900300104368533,2.797761008157397
14.166666666666666,1,1,72.55707743774511,31.080148854354842,32.91480015988817,70.83333333333333,30.34074173710932,31.900300104368533,2.1324227970027554
14.2,1,1,92.95473962535104,41.17452062645557,42.41924855766453,71.0,30.31416838871369,31.852325185635358,26.676163747719055
14.2,2,1,75.6492490357893,37.0923537265583,38.46015533510785,71.0,30.31416838871369,31.852325185635358,10.546218865320263
14.2,3,1,78.93341955072397,17.671632424577247,19.339919463329235,71.0,30.31416838871369,31.852325185635358,19.4764770513533
14.233333333333333,3,1,70.38297997676517,31.571354952741164,33.02250243085271,71.16666666666667,30.288657200903643,31.80402532942006,1.9349844436618904
14.233333333333333,2,1,68.56113584705346,26.481766638459174,28.022808369602537,71.16666666666667,30.288657200903643,31.80402532942006,5.9647974235169725
14.233333333333333,1,1,75.41397331727921,32.51417583844428,33.97878230736592,71.16666666666667,30.288657200903643,31.80402532942006,5.265179474956431
14.266666666666666,3,1,75.79856938829532,23.025051443227362,24.568225919332594,71.33333333333333,30.264210971268398,31.7554018598876,11.135495574937496
14.266666666666666,2,1,66.73075594114329,23.793174470764633,25.282033717744643,71.33333333333333,30.264210971268398,31.7554018598876,10.245122114726707
14.266666666666666,1,1,62.77168667856617,26.08689959359915,27.47298083575319,71.33333333333333,30.264210971268398,31.7554018598876,10.444656701636442
14.299999999999999,3,1,71.08358066015855,30.906283789508727,32.36532541732737,71.5,30.240832380612527,31.70645611007495,1.0248606774753402
14.299999999999999,2,1,74.38368025664991,34.31045958662723,35.58301688218319,71.5,30.240832380612527,31.70645611007495,6.317056342821074
14.299999999999999,1,1,70.59048545074808,29.843273042370544,31.311142854949654,71.5,30.240832380612527,31.70645611007495,1.0684300222298557
14.333333333333334,1,1,59.23577943090547,24.131361403896406,25.649765497901313,71.66666666666667,30.218523992661943,31.657189421854564,15.08872585914276
14.333333333333334,2,1,76.08279848033351,36.589276987061375,37.83222192350103,71.66666666666667,30.218523992661943,31.657189421854564,9.910587283694134
14.333333333333334,3,1,73.82323043589608,26.71847274780623,28.20233929480304,71.66666666666667,30.218523992661943,31.657189421854564,5.370020056550711
14.366666666666667,3,1,71.60747181276666,30.593461085506082,32.0518932071293,71.83333333333334,30.19728825378278,31.607603145897592,0.6366788810519985
14.366666666666667,2,1,70.83097677738186,28.82477076525371,30.239298746807542,71.83333333333334,30.19728825378278,31.607603145897592,2.181921137471801
14.366666666666667,1,1,75.50175716840485,32.051367558508375,33.368539834509775,71.83333333333334,30.19728825378278,31.607603145897592,4.471670998992763
14.4,3,1,68.75778128682475,35.64741296336154,36.85554345207257,72.0,30.17712749271311,31.55769864163684,8.276663878031524
14.4,2,1,65.31410544241511,21.000459633476186,22.64035028643067,72.0,30.17712749271311,31.55769864163684,14.437157639992485
14.4,1,1,83.73207388704266,35.995974454222356,37.25063600142487,72.0,30.17712749271311,31.55769864163684,14.279708450628954
14.433333333333334,1,1,60.84857810383953,24.69496734081892,26.30938346129401,72.16666666666667,30.15804392030758,31.50747727722949,13.600165945628119
14.433333333333334,2,1,76.5588084917996,36.2104307299938,37.33715011024588,72.16666666666667,30.15804392030758,31.50747727722949,9.481950287053559
14.433333333333334,3,1,76.16476337035448,23.42053648056243,24.81706212907331,72.16666666666667,30.15804392030758,31.50747727722949,10.302448185132418
14.466666666666667,1,1,69.398886955265,28.829406031417395,30.11211336694476,72.33333333333334,30.14003962929495,31.45694042951963,3.483862196166438
14.466666666666667,3,1,71.83647699769963,30.931991615935807,32.124203176191685,72.33333333333334,30.14003962929495,31.45694042951963,1.148605128188139
14.466666666666667,2,1,71.66902108568434,29.306867359232708,30.71054147878696,72.33333333333334,30.14003962929495,31.45694042951963,1.3009989191509634
14.5,1,1,87.82375248270728,37.686635355945754,38.66691728013563,72.5,30.123116594048625,31.406089484000464,18.567278381550064
14.5,3,1,72.62953467688351,29.79839883761562,31.08924905383045,72.5,30.123116594048625,31.406089484000464,0.4718142770715191
14.5,2,1,76.05689245925893,34.68850683412852,35.957513966654076,72.5,30.123116594048625,31.406089484000464,7.362726182077431
14.533333333333333,1,1,65.78399634140881,26.805354235062396,28.029772625844362,72.66666666666667,30.10727667037012,31.354925834776346,8.32649304556512
14.533333333333333,3,1,76.99505562785136,22.625973031001273,24.147753594298447,72.66666666666667,30.10727667037012,31.354925834776346,11.253807659972432
14.533333333333333,2,1,72.4793466758395,29.966777461023682,31.179377419970237,72.66666666666667,30.10727667037012,31.354925834776346,0.29265346868165654
14.566666666666666,1,1,75.47274539585639,31.25451413140652,32.587489905419034,72.83333333333333,30.092521595285564,31.303450884524572,3.156814675740829
14.566666666666666,3,1,71.41992645925563,32.615550784447265,33.823905051484275,72.83333333333333,30.092521595285564,31.303450884524572,3.836154909384728
14.566666666666666,2,1,71.65958674209747,28.63532434587645,29.68691828708068,72.83333333333333,30.092521595285564,31.303450884524572,2.472707528746975
14.6,1,1,58.61370850724087,23.34160804484919,24.573286754745997,73.0,30.078852986855225,31.251666044456893,17.232428797486993
14.6,3,1,72.90038400002004,30.232780681480726,31.347507760040408,73.0,30.078852986855225,31.251666044456893,0.20688817528007808
14.6,2,1,71.56817950952224,28.274437076726414,29.367306279445085,73.0,30.078852986855225,31.251666044456893,2.976044088664232
14.633333333333333,1,1,61.621130600145115,24.57047180096457,25.942777361194597,73.16666666666667,30.066272343996033,31.19957273428087,13.825235052853035
14.633333333333333,3,1,74.2791205356204,28.039975596559177,29.312107978069378,73.16666666666667,30.066272343996033,31.19957273428087,2.984284725887226
14.633333333333333,2,1,77.9056771873972,36.08787509751052,37.171705025869294,73.16666666666667,30.066272343996033,31.19957273428087,9.71515746372446
14.666666666666666,2,1,78.01091225426539,35.855650917789404,37.00007086337651,73.33333333333333,30.054781046317267,31.147172382160917,9.475561010236644
14.666666666666666,3,1,74.95901108099456,27.333920500117774,28.367392765669486,73.33333333333333,30.054781046317267,31.147172382160917,4.2158136779709725
14.666666666666666,1,1,66.07359791008125,26.673896442767504,27.812990351794184,73.33333333333333,30.054781046317267,31.147172382160917,8.674728176131017
14.7,1,1,103.55029109962908,44.42329919077485,45.195405368366195,73.5,30.0443803539692,31.094466424679148,36.17471190184492
14.7,3,1,66.62958380186377,42.44467259848233,43.24358666227027,73.5,30.0443803539692,31.094466424679148,18.67005594615054
14.7,2,1,66.57722268177193,21.172877159787955,22.523742993450025,73.5,30.0443803539692,31.094466424679148,14.1451657769275
14.733333333333333,3,1,74.47926563397849,28.519543924609437,29.54613368225181,73.66666666666666,30.035071407504958,31.041456306796015,2.2788440895685804
14.733333333333333,1,1,68.06647630025023,27.30611276642227,28.257855870482167,73.66666666666666,30.035071407504958,31.041456306796015,6.823326079991332
14.733333333333333,2,1,70.56365710950504,26.152508322826293,27.32436869255149,73.66666666666666,30.035071407504958,31.041456306796015,6.206424473907329
14.766666666666666,3,1,77.59836419868135,23.05502247829543,24.299854178341345,73.83333333333333,30.02685522775542,30.98814348181068,10.368949952158534
14.766666666666666,1,1,66.40583852671648,26.58433143331421,27.5930669453688,73.83333333333333,30.02685522775542,30.98814348181068,8.862572643759394
14.766666666666666,2,1,79.67583004845879,37.43487571650562,38.07829006163055,73.83333333333333,30.02685522775542,30.98814348181068,11.801852140716134
14.799999999999999,2,1,72.83354246361563,28.471240260643523,29.445157497601443,74.0,30.019732715717282,30.934529411321172,2.4447250898588626
14.799999999999999,1,1,66.11196019439419,26.17248626798111,27.434433450780407,74.0,30.019732715717282,30.934529411321172,9.448446906102303
14.799999999999999,3,1,75.87848008618079,26.389682597825317,27.50107323346703,74.0,30.019732715717282,30.934529411321172,5.338030780899453
14.833333333333334,3,1,74.90913427414837,28.617966773212665,29.509063580773066,74.16666666666667,30.01370465245426,30.880615565184314,2.0929637411221087
14.833333333333334,1,1,71.80980662299442,28.995786698982833,29.794304552086746,74.16666666666667,30.01370465245426,30.880615565184314,2.7876545414802223
14.833333333333334,2,1,69.59685878260599,24.40360660583876,25.411046498425605,74.16666666666667,30.01370465245426,30.880615565184314,9.07042060578813
14.866666666666667,3,1,75.18205502836919,28.56276541532748,29.422966933983982,74.33333333333334,30.008771699011415,30.82640342147543,2.1865261632325104
14.866666666666667,1,1,83.68164641970063,34.31953169694758,34.898862285150635,74.33333333333334,30.008771699011415,30.82640342147543,11.070615634050311
14.866666666666667,2,1,74.38551140382012,29.94505655403999,30.89838106017108,74.33333333333334,30.008771699011415,30.82640342147543,0.10937527696263949
14.9,3,1,74.6748729244778,29.764336328960542,30.428794852159175,74.5,30.004934396342684,30.771894466447833,0.4540763317642355
14.9,1,1,77.19655207055244,31.28606045612368,31.946360170715455,74.5,30.004934396342684,30.771894466447833,3.2081219959271317
14.9,2,1,74.18295348100754,29.493851610561283,30.35815040887719,74.5,30.004934396342684,30.771894466447833,0.7300056536098404
14.933333333333334,2,1,74.34224998017882,29.601513051847018,30.315975801270486,74.66666666666667,30.002193165251544,30.717090194492048,0.6532101470423757
14.933333333333334,1,1,104.09732053642423,43.780596543310295,43.568578701101615,74.66666666666667,30.002193165251544,30.717090194492048,34.945222043728585
14.933333333333334,3,1,76.73163949809994,26.020060414688388,26.885206260332478,74.66666666666667,30.002193165251544,30.717090194492048,5.899561722919376
14.966666666666667,2,1,73.21176146566205,27.98860193619236,28.733947420400934,74.83333333333333,30.00054830634488,30.66199210809489,3.2240936456836504
14.966666666666667,1,1,77.92261110469369,31.36042133729121,32.03085269718733,74.83333333333333,30.00054830634488,30.66199210809489,3.642344179410683
14.966666666666667,3,1,73.8381138301731,32.03688160448511,32.68699498654833,74.83333333333333,30.00054830634488,30.66199210809489,3.039367009482382
15.0,1,1,95.72271128790747,39.58749681468586,40.1152617137031,75.0,30.0,30.606601717798213,24.733893207728162
15.0,3,1,75.9945657377171,28.022142926334098,29.035997674728932,75.0,30.0,30.606601717798213,2.7143832947092363
15.0,2,1,73.93802028612205,28.662755004925884,29.401984882370588,75.0,30.0,30.606601717798213,2.089767166393118
15.033333333333333,3,1,77.76355699827569,24.83437088534668,25.66360098544418,75.16666666666667,30.00054830634488,30.550920542157556,7.570939240878176
15.033333333333333,2,1,73.62276953131185,28.03267024581608,28.754378802150423,75.16666666666667,30.00054830634488,30.550920542157556,3.0795656591888525
15.033333333333333,1,1,79.15179444390714,31.762525616388146,32.43000155759358,75.16666666666667,30.00054830634488,30.550920542157556,4.74518207286221
15.066666666666666,1,1,84.17437474945372,34.06825786496057,34.20148331042333,75.33333333333333,30.002193165251544,30.494950107700483,10.413226389868933
15.066666666666666,3,1,76.83771662328896,26.909538357593416,27.563550831340333,75.33333333333333,30.002193165251544,30.494950107700483,4.518936219938655
15.066666666666666,2,1,76.48869957088496,31.466853075624755,31.772932130186607,75.33333333333333,30.002193165251544,30.494950107700483,2.2612690785765417
15.1,2,1,72.61055678025586,26.513664824142364,27.29703867915893,75.5,30.004934396342684,30.438691948884717,5.51432957058933
15.1,3,1,76.16719261292982,28.579956691186478,29.012390681059465,75.5,30.004934396342684,30.438691948884717,2.1236861231218453
15.1,1,1,54.43411179112878,20.43881860672622,21.235229346701132,75.5,30.004934396342684,30.438691948884717,24.899516886855473
15.133333333333333,3,1,74.16237500790568,33.17071986607623,33.463363012684695,75.66666666666666,30.008771699011415,30.38214760805611,4.664193175195782
15.133333333333333,2,1,74.605214941097,28.79918482988159,29.246801195183778,75.66666666666666,30.008771699011415,30.38214760805611,1.9694648097663887
15.133333333333333,1,1,73.81607130662292,29.17439440038094,29.537019681820055,75.66666666666666,30.008771699011415,30.38214760805611,2.198892874787074
15.166666666666666,1,1,74.78487253241812,29.529862816380785,29.991882084617345,75.83333333333333,30.01370465245426,30.325318635406312,1.2018955473720474
15.166666666666666,2,1,75.27960492513955,29.4360158419616,29.7546631480449,75.83333333333333,30.01370465245426,30.325318635406312,0.9828464768543087
15.166666666666666,3,1,74.98238111799618,31.92415298982256,31.960452957363014,75.83333333333333,30.01370465245426,30.325318635406312,2.654731017143037
15.2,3,1,76.59213029263148,28.785734278456577,29.033102282745688,76.0,30.019732715717282,30.268206588930333,1.8435978611859911
15.2,1,1,72.48007925146351,28.3148874429177,28.65059367909074,76.0,30.019732715717282,30.268206588930333,4.2323765199051575
15.2,2,1,80.71658552317142,35.4549510460478,35.54088931221845,76.0,30.019732715717282,30.268206588930333,8.921264506571479
15.233333333333333,2,1,77.49926385840782,31.57567876122036,31.75065630903735,76.16666666666666,30.02685522775542,30.21081303438377,2.5584735534586063
15.233333333333333,3,1,76.16712414270597,30.102633425959283,30.295137410993078,76.16666666666666,30.02685522775542,30.21081303438377,0.1133717120709539
15.233333333333333,1,1,44.23776473158559,15.591137126975406,16.563319783472686,76.16666666666666,30.02685522775542,30.21081303438377,37.60450515428803
15.266666666666666,3,1,75.85525401576642,30.847328629451418,30.847312972187677,76.33333333333333,30.035071407504958,30.15313954523991,1.1705547296772711
15.266666666666666,2,1,75.887770243637,29.611565865658815,29.714252631398626,76.33333333333333,30.035071407504958,30.15313954523991,0.7553179026180081
15.266666666666666,1,1,89.40331880224926,35.958440112712424,35.82864955973013,76.33333333333333,30.035071407504958,30.15313954523991,15.43120963826503
15.299999999999999,1,1,70.61508777124115,27.566467304479986,27.732735401568693,76.49999999999999,30.0443803539692,30.095187702646605,6.808335031113888
15.299999999999999,3,1,73.16997926048128,37.627855412430044,37.313283083133456,76.49999999999999,30.0443803539692,30.095187702646605,10.986311164796309
15.299999999999999,2,1,78.409243528827,32.35845604211357,32.247573664156135,76.49999999999999,30.0443803539692,30.095187702646605,3.6922787638708994
15.333333333333334,3,1,77.79886639726243,27.75422680183423,27.931539385048584,76.66666666666667,30.054781046317267,30.03695909538287,3.317712799269119
15.333333333333334,1,1,70.12846901940048,27.039491770165583,27.236004205032287,76.66666666666667,30.054781046317267,30.03695909538287,7.7256291777027
15.333333333333334,2,1,78.17927190090768,31.846339317274676,31.575460461204077,76.66666666666667,30.054781046317267,30.03695909538287,2.8043969201100833
15.366666666666667,3,1,76.1213815740521,31.858256063796382,31.568057926196598,76.83333333333333,30.066272343996033,29.978455319815417,2.4989832744112124
15.366666666666667,1,1,72.98161298895303,28.45131280631073,28.25734158417309,76.83333333333333,30.066272343996033,29.978455319815417,4.517308536140794
15.366666666666667,2,1,81.04263679020723,34.63688591064621,34.22846241760981,76.83333333333333,30.066272343996033,29.978455319815417,7.52803455750569
15.4,1,1,73.52742911999886,28.718319872362006,28.325994046475596,77.0,30.07885298685522,29.919677979854775,4.055814018390816
15.4,3,1,75.80585596273764,32.800681417699494,32.398685010570944,77.0,30.07885298685522,29.919677979854775,3.870375414222972
15.4,2,1,79.08729085238238,32.220832752649166,31.77607701315069,77.0,30.07885298685522,29.919677979854775,3.520096275719154
15.433333333333334,2,1,84.05306647253965,37.6497890651467,37.018112979116495,77.16666666666667,30.092521595285564,29.860628686911433,12.480559894913007
15.433333333333334,3,1,78.62629222311406,26.57999897781802,26.523452057782617,77.16666666666667,30.092521595285564,29.860628686911433,5.06014523084654
15.433333333333334,1,1,83.37825037967497,32.882982998570974,32.346007351364975,77.16666666666667,30.092521595285564,29.860628686911433,7.248969180004587
15.466666666666667,1,1,58.030508602115944,21.3847158720122,21.6249949738037,77.33333333333333,30.10727667037012,29.801309059851583,22.705378691377355
15.466666666666667,3,1,77.02709129344167,30.86962015721568,30.380254205038522,77.33333333333333,30.10727667037012,29.801309059851583,1.005051869342264
15.466666666666667,2,1,82.66003812534032,35.85156682975285,34.96314974700695,77.33333333333333,30.10727667037012,29.801309059851583,9.38164445371621
15.5,2,1,77.29962806701161,29.94828650897413,29.62010920400918,77.5,30.12311659404862,29.741720724952756,0.29241038319948065
15.5,3,1,77.21116225115804,30.696076311900015,30.318851051248593,77.5,30.12311659404862,29.741720724952756,0.8630118753335766
15.5,1,1,63.16137739038439,23.864078033163004,23.941838459004774,77.5,30.12311659404862,29.741720724952756,16.685631433856226
15.533333333333333,2,1,76.05584886712077,28.391536306661287,28.006286421591692,77.66666666666666,30.140039629294947,29.681865315859262,2.9085327028434333
15.533333333333333,3,1,78.41651069945041,28.3920421372344,28.109335747634745,77.66666666666666,30.140039629294947,29.681865315859262,2.4679162361578943
15.533333333333333,1,1,82.11183943775983,32.25526301664681,31.43944151177634,77.66666666666666,30.140039629294947,29.681865315859262,5.2271220597689085
15.566666666666666,2,1,81.37041009518171,33.96283698564667,33.023780923433435,77.83333333333333,30.15804392030758,29.621744473537372,6.209767652310483
15.566666666666666,3,1,76.96675322574681,32.23587980245424,31.560204985608237,77.83333333333333,30.15804392030758,29.621744473537372,2.9708571478377905
15.566666666666666,1,1,80.03078740164652,31.22466823788156,30.59052642686037,77.83333333333333,30.15804392030758,29.621744473537372,2.627742432254478
15.6,1,1,72.05107788446045,27.657785319292266,27.376051749735364,78.0,30.17712749271311,29.561359846230346,6.8199949266945135
15.6,2,1,80.01557102492481,32.45043459288846,31.57702457877855,78.0,30.17712749271311,29.561359846230346,3.6460054912551536
15.6,3,1,76.53917750450532,33.98736551153927,33.04424917974126,78.0,30.17712749271311,29.561359846230346,5.36492630265651
15.633333333333333,3,1,76.58900251274116,34.42155989119408,33.26831225732063,78.16666666666666,30.19728825378278,29.500713089413253,5.876078500091311
15.633333333333333,2,1,77.73722005457772,29.821850178157096,29.145347429436175,78.16666666666666,30.19728825378278,29.500713089413253,0.6720586979982689
15.633333333333333,1,1,69.20609851148318,26.189207730835403,26.004046692202966,78.16666666666666,30.19728825378278,29.500713089413253,10.42032470873619
15.666666666666666,1,1,65.29025464817968,24.527341487438203,24.100146578592568,78.33333333333333,30.218523992661943,29.43980586574756,15.199454634879984
15.666666666666666,2,1,72.3456804045941,23.825804489182815,23.6791355261868,78.33333333333333,30.218523992661943,29.43980586574756,10.483519113651525
15.666666666666666,3,1,78.5247075180884,29.46634444446835,28.811744144191806,78.33333333333333,30.218523992661943,29.43980586574756,0.9984286040548728
15.7,2,1,70.9829775023556,22.28520535888186,22.279217360409138,78.49999999999999,30.240832380612524,29.37863984503558,13.04605028942486
15.7,3,1,78.22520504922974,31.00271082812141,29.93956964874675,78.49999999999999,30.240832380612524,29.37863984503558,0.9851970759390337
15.7,1,1,77.52185658263144,29.892729046685087,29.10471883335365,78.49999999999999,30.240832380612524,29.37863984503558,1.073765894724571
15.733333333333333,3,1,75.38589545511996,38.906133251645464,37.12697065882497,78.66666666666666,30.264210971268398,29.31721670417466,12.101179168773898
15.733333333333333,1,1,97.26041608815099,38.37188870302395,36.881230924093735,78.66666666666666,30.264210971268398,29.31721670417466,21.648932233948443
15.733333333333333,2,1,80.03839351741621,31.8096492765299,30.702931338489357,78.66666666666666,30.264210971268398,29.31721670417466,2.488015103690239
15.766666666666666,2,1,82.01516703926376,33.59369265231334,32.3294319617428,78.83333333333333,30.28865720090364,29.25553812711123,5.522331787737481
15.766666666666666,1,1,62.0801495435092,22.98431773070961,22.562677108182623,78.83333333333333,30.28865720090364,29.25553812711123,19.463219949693688
15.766666666666666,3,1,80.29405975968243,26.16307296589858,25.65934828226797,78.83333333333333,30.28865720090364,29.25553812711123,5.66451660540515
15.799999999999999,2,1,82.35416823876606,33.84596946913408,32.29367745477323,78.99999999999999,30.31416838871369,29.19360580479465,5.773604392457689
15.799999999999999,1,1,103.28322038397346,40.91343984068137,38.59615077481811,78.99999999999999,30.31416838871369,29.19360580479465,28.114537155045525
15.799999999999999,3,1,78.69399868790732,31.07143511134086,29.986266688471726,78.99999999999999,30.31416838871369,29.19360580479465,1.1381568295769486
15.833333333333334,2,1,73.78249608410975,24.66724510243524,24.139042163553732,79.16666666666667,30.34074173710932,29.131421435130807,9.27910058771872
15.833333333333334,1,1,92.58961086623943,36.36646929249611,34.40054891377504,79.16666666666667,30.34074173710932,29.131421435130807,15.628452512734436
15.833333333333334,3,1,77.98115851723436,33.62755259333082,32.02914210175481,79.16666666666667,30.34074173710932,29.131421435130807,4.539310546627733
15.866666666666667,3,1,79.18068985676844,30.949965728979723,29.542359383483678,79.33333333333333,30.368374332023418,29.068986722935627,0.7652648297849207
15.866666666666667,1,1,72.07855369402958,27.319761032303195,26.07918008417742,79.33333333333333,30.368374332023418,29.068986722935627,8.418124161786277
15.866666666666667,2,1,83.71590525005257,34.906107698805265,33.12858128543716,79.33333333333333,30.368374332023418,29.068986722935627,7.501884344957172
15.9,2,1,77.22361878734147,28.075700386863012,26.896835018977033,79.5,30.397063143230568,29.00630337988826,3.875628108794833
15.9,1,1,91.94198162902696,36.096641252275795,34.09136405960556,79.5,30.397063143230568,29.00630337988826,14.599518471324963
15.9,3,1,78.6151137972079,32.72666882522471,31.211796193980028,79.5,30.397063143230568,29.00630337988826,3.3278047987346957
15.933333333333334,2,1,81.34227849158344,32.13354960962992,30.451131243244923,79.66666666666666,30.426805024679325,28.94337312448424,2.8273638978291924
15.933333333333334,1,1,56.09549806089106,19.98545379599571,19.611247689758848,79.66666666666666,30.426805024679325,28.94337312448424,27.41733703429424
15.933333333333334,3,1,79.5206196917034,31.010604493738985,29.586635419877272,79.66666666666666,30.426805024679325,28.94337312448424,0.8808733845704337
15.966666666666667,3,1,78.98683923584395,33.31503231780026,31.24117300331386,79.83333333333333,30.45759671483723,28.880197681988292,3.802064564164242
15.966666666666667,1,1,51.761957817591096,18.237239257437388,17.996729620690463,79.83333333333333,30.45759671483723,28.880197681988292,32.492909022950386
15.966666666666667,2,1,81.62844837152471,32.3062480487753,30.499177856510727,79.83333333333333,30.45759671483723,28.880197681988292,3.0431967666104924
16.0,3,1,78.48169074397339,35.22079173034928,32.92664305383274,80.0,30.489434837048464,28.816778784387097,6.448409521888886
16.0,1,1,59.00872718970081,21.32596335254879,20.748959839874765,80.0,30.489434837048464,28.816778784387097,24.2835838863434
16.0,2,1,76.47525806939029,26.958924617633535,25.7036327696246,80.0,30.489434837048464,28.816778784387097,5.880474997483035
16.03333333333333,2,1,77.54711385960539,27.904110399311143,26.475707727160326,80.16666666666666,30.52231589990414,28.753118170341768,4.347833400560545
16.03333333333333,1,1,73.47244306288209,27.613715339173037,26.17586225894953,80.16666666666666,30.52231589990414,28.753118170341768,7.740467357476416
16.03333333333333,3,1,80.4535560672933,29.711689952971206,28.050411307632572,80.16666666666666,30.52231589990414,28.753118170341768,1.110502989159162
16.066666666666666,2,1,71.20779661402106,21.317660012846986,20.609330527996296,80.33333333333333,30.55623629762519,28.68921758514018,15.294158592135235
16.066666666666666,1,1,74.99167999698355,28.21779765590243,26.678741747892612,80.33333333333333,30.55623629762519,28.68921758514018,6.1679468819855465
16.066666666666666,3,1,80.11775801202624,31.235571946949005,29.37674931262204,80.33333333333333,30.55623629762519,28.68921758514018,0.9902875945365816
16.1,2,1,76.46280676321047,26.492639506315165,25.02430848256512,80.5,30.591192310457746,28.625078780649176,6.786944162072391
16.1,1,1,72.0013756294553,26.89822739538519,25.44429821038913,80.5,30.591192310457746,28.625078780649176,9.797038894059623
16.1,3,1,80.50146023187133,30.405067213420466,28.40841569437107,80.5,30.591192310457746,28.625078780649176,0.285635391679339
16.133333333333333,3,1,81.14597253697784,29.13465528643296,27.304720100122385,80.66666666666666,30.627180105081084,28.560703515266475,2.0086957934720697
16.133333333333333,1,1,82.40565872925798,31.14522445350763,29.155027462938374,80.66666666666666,30.627180105081084,28.560703515266475,1.9093675118919917
16.133333333333333,2,1,72.61491928525062,22.502433831281344,21.59812091047712,80.66666666666666,30.627180105081084,28.560703515266475,13.391030372464922
16.166666666666668,2,1,82.77659964017855,32.75585012456504,30.079690171925996,80.83333333333333,30.66419573502798,28.49609355387249,3.2648246925830504
16.166666666666668,1,1,45.30662476759628,15.34711132917923,15.285812804379994,80.83333333333333,30.66419573502798,28.49609355387249,40.881188995565196
16.166666666666668,3,1,80.86795038662886,30.609963178038967,28.41801153552431,80.83333333333333,30.66419573502798,28.49609355387249,0.1011746618761734
16.2,3,1,82.26469264973694,26.491088501190667,24.95543850493202,81.0,30.702235141117484,28.43125066778196,5.604861614052675
16.2,1,1,89.27139438711959,34.48986805023502,31.242531716132213,81.0,30.702235141117484,28.43125066778196,9.521839596124103
16.2,2,1,81.27853678874487,31.013127187248678,28.630194431852185,81.0,30.702235141117484,28.43125066778196,0.46240158768582956
16.233333333333334,2,1,85.28381796444627,34.84376253852073,32.017767140304386,81.16666666666667,30.741294151900057,28.36617663469535,6.864058194150477
16.233333333333334,1,1,57.35831833568638,20.538790716239507,19.556579683287538,81.16666666666667,30.741294151900057,28.36617663469535,27.359413828702753
16.233333333333334,3,1,80.51091446465696,33.48882078192333,30.72487617407904,81.16666666666667,30.741294151900057,28.36617663469535,3.679996881821567
16.266666666666666,3,1,79.61349242081783,37.03821152375109,33.620920667585196,81.33333333333333,30.781368484114992,28.30087323865017,8.39099768997245
16.266666666666666,1,1,70.18780905877986,26.109008424658057,24.13481513470478,81.33333333333333,30.781368484114992,28.30087323865017,12.783180355659464
16.266666666666666,2,1,83.06227833559018,32.46381787553432,29.50099637144087,81.33333333333333,30.781368484114992,28.30087323865017,2.6944725475268
16.3,2,1,78.550379656397,27.97262550923805,25.73993571548034,81.5,30.82245374316019,28.235342269971973,4.800920224962739
16.3,1,1,74.55289299776837,27.745515113233026,25.69021481290355,81.5,30.82245374316019,28.235342269971973,8.012959553468207
16.3,3,1,79.79532685009693,37.0924458675097,33.531571889445416,81.5,30.82245374316019,28.235342269971973,8.38264635837593
16.333333333333332,1,1,62.08097856105158,22.356841328808542,21.028104665834938,81.66666666666667,30.86454542357399,28.169585525225408,22.51623761643054
16.333333333333332,3,1,80.49497752280311,35.52091520148543,32.18912766186753,81.66666666666667,30.86454542357399,28.169585525225408,6.261896992664147
16.333333333333332,2,1,83.24278421919574,32.44859393029312,29.553921280504298,81.66666666666667,30.86454542357399,28.169585525225408,2.628638753114035
16.366666666666667,2,1,80.06848206040281,29.128434103666127,26.496007767177492,81.83333333333334,30.907638909529314,28.103604807164828,2.977354194540383
16.366666666666667,3,1,82.72012918794309,27.337318151220888,25.143240569970462,81.83333333333334,30.907638909529314,28.103604807164828,4.722007372063333
16.366666666666667,1,1,58.48294744090009,20.940146331679717,19.551874640298617,81.83333333333334,30.907638909529314,28.103604807164828,26.79036241751728
16.4,3,1,80.4862250361696,36.560492865051664,32.66658794252102,82.0,30.951729475339803,28.037401924684957,7.428263901519703
16.4,1,1,64.77089068379192,23.675007478467165,21.762875836337038,82.0,30.951729475339803,28.037401924684957,19.727203767462253
16.4,2,1,84.82208875321197,33.66412075294526,30.569933932562837,82.0,30.951729475339803,28.037401924684957,4.662077835553759
16.433333333333334,2,1,83.69174107003099,32.57554263838918,29.01355165797591,82.16666666666667,30.99681228597806,27.970978692771247,2.430061696582374
16.433333333333334,1,1,81.91908899983169,30.933930112730728,27.98654500128466,82.16666666666667,30.99681228597806,27.970978692771247,0.255912443598386
16.433333333333334,3,1,82.81646023942464,28.361148452388417,25.777956382669636,82.16666666666667,30.99681228597806,27.970978692771247,3.489742452315561
16.466666666666665,3,1,82.34006338207324,30.89066386384802,27.67820586404333,82.33333333333333,31.042882397605872,27.904336932450164,0.27267386320336606
16.466666666666665,1,1,92.55732138868744,35.235319752807484,31.590430279647165,82.33333333333333,31.042882397605872,27.904336932450164,11.648765895903457
16.466666666666665,2,1,77.59357365694109,26.390750028727716,24.17171514186187,82.33333333333333,31.042882397605872,27.904336932450164,7.618406841268869
16.5,2,1,82.5132362304362,31.01350154451059,27.946606286063634,82.5,31.08993475811632,27.837478470739235,0.1338884386933239
16.5,1,1,92.14505027384988,35.62084878942299,31.22906919190271,82.5,31.08993475811632,27.837478470739235,11.182981014204817
16.5,3,1,80.89260235473097,37.919002966142344,33.430819059182255,82.5,31.08993475811632,27.837478470739235,8.972477847184258
16.53333333333333,3,1,83.57263022049185,27.235461144088575,24.453964288335776,82.66666666666666,31.13796420768785,27.77040514059696,5.200873008333139
16.53333333333333,2,1,82.88604126194267,31.39889978906204,28.04337922704144,82.66666666666666,31.13796420768785,27.77040514059696,0.43672353102368666
16.53333333333333,1,1,65.35543484609909,23.670446552022632,21.820298283565588,82.66666666666666,31.13796420768785,27.77040514059696,19.769834058312043
16.566666666666666,1,1,68.9240226014209,25.338948350780868,23.043857066978248,82.83333333333334,31.18696547935008,27.70311878087255,15.791673410107453
16.566666666666666,3,1,82.19526188373455,34.357112969550144,30.185163409075706,82.83333333333334,31.18696547935008,27.70311878087255,4.076458735324942
16.566666666666666,2,1,81.3620654221069,29.71826339917361,26.50534647490408,82.83333333333334,31.18696547935008,27.70311878087255,2.39924437351937
16.6,3,1,82.83235438786552,32.31588974607885,28.450854299384236,83.0,31.236933199561367,27.635621236255567,1.3626654863755212
16.6,2,1,87.38133666365361,35.45916701701498,31.103184965455046,83.0,31.236933199561367,27.635621236255567,7.003382581694653
16.6,1,1,66.95361540154565,24.26992685680712,21.84417705591612,83.0,31.236933199561367,27.635621236255567,18.42732920841972
16.633333333333333,2,1,91.79939342432577,39.30392932132977,34.07653865008853,83.16666666666667,31.287861888798105,27.56791435722529,13.458956071737052
16.633333333333333,3,1,83.31525376723789,30.770887484020616,27.06320466177963,83.16666666666667,31.287861888798105,27.56791435722529,0.7376127292340161
16.633333333333333,1,1,91.01010009820244,34.7904855647148,30.36979034048761,83.16666666666667,31.287861888798105,27.56791435722529,9.035393164417771
16.666666666666668,3,1,84.00864274641191,28.08855183543146,24.890046521675604,83.33333333333334,31.339745962155614,27.5,4.223524974716708
16.666666666666668,1,1,47.31801382311733,15.96634337761027,15.140318200856504,83.33333333333334,31.339745962155614,27.5,41.06344457818329
16.666666666666668,2,1,81.45773965857748,29.5948903965921,26.138159067552223,83.33333333333334,31.339745962155614,27.5,2.9012037678785
16.7,2,1,81.7211685345745,29.794482374822113,26.016074966072015,83.5,31.39257972996056,27.431880026486116,2.778967525535787
16.7,3,1,83.21198794780446,32.930640459468314,28.73251924518253,83.5,31.39257972996056,27.431880026486116,2.0347589850090437
16.7,1,1,105.32460820364888,40.958369812374066,35.14286175737296,83.5,31.39257972996056,27.431880026486116,25.045500641784926
16.733333333333334,3,1,84.04475003408423,29.74824632986192,25.96811644887811,83.66666666666667,31.44635739839493,27.363556304227114,2.230197440516998
16.733333333333334,2,1,72.21725216963549,20.77435246945983,18.730667439451793,83.66666666666667,31.44635739839493,27.363556304227114,17.874774171429543
16.733333333333334,1,1,74.99432487985867,27.85237039539991,24.415829692720536,83.66666666666667,31.44635739839493,27.363556304227114,9.839478991343872
16.766666666666666,1,1,69.89166137055827,25.41193148801358,22.47989204173492,83.83333333333333,31.501073070131355,27.295030706352364,15.95723731365169
16.766666666666666,3,1,83.01254012198041,35.40590388693296,30.34098744168207,83.83333333333333,31.501073070131355,27.295030706352364,5.019886217549851
16.766666666666666,2,1,83.11249864247381,30.89805150144243,26.865869207346602,83.83333333333333,31.501073070131355,27.295030706352364,1.0331588726229188
16.8,3,1,83.16141941014243,36.065728043905324,30.893155775423253,84.00000000000001,31.55672074497985,27.22630511152573,5.871980757697935
16.8,1,1,90.14852793547024,34.06703403523286,29.234200412185082,84.00000000000001,31.55672074497985,27.22630511152573,6.93813462876648
16.8,2,1,81.78439105278089,29.483990841762235,25.486487325445562,84.00000000000001,31.55672074497985,27.22630511152573,3.4974416631948024
16.833333333333332,1,1,102.7487843421518,39.59715838839912,33.43439334432967,84.16666666666666,31.613294320545755,27.157381403894128,21.176356194112046
16.833333333333332,3,1,85.12649054798737,26.56266980643283,23.00449416878858,84.16666666666666,31.613294320545755,27.157381403894128,6.608823061121746
16.833333333333332,2,1,72.9458128089526,21.22028880619603,18.870240551256888,84.16666666666666,31.613294320545755,27.157381403894128,17.39536801648443
16.866666666666667,1,1,90.50424524512664,34.419037856859305,29.1095395926066,84.33333333333334,31.670787592899003,27.08826147303581,7.051141650337617
16.866666666666667,2,1,85.84035545007677,33.057526321086975,28.20307505116791,84.33333333333334,31.670787592899003,27.08826147303581,2.3317309610240056
16.866666666666667,3,1,84.66663157177085,29.8615880373878,25.51495238356493,84.33333333333334,31.670787592899003,27.08826147303581,2.42065946353864
16.9,1,1,103.47045999520644,40.10958688000303,33.545602685198425,84.5,31.72919425725438,27.0189472139086,21.741816036892256
16.9,2,1,87.62555486536499,34.65933618326871,29.179007523957203,84.5,31.72919425725438,27.0189472139086,4.797987647549852
16.9,3,1,84.7787440812399,30.53071232285661,26.113552492683784,84.5,31.72919425725438,27.0189472139086,1.52767693283818
16.933333333333334,1,1,87.11036012636073,32.88044020156699,27.719695539232852,84.66666666666667,31.78850790866296,26.949440526797925,2.785183412527675
16.933333333333334,2,1,80.59497530061945,28.352708415269845,24.2156887332339,84.66666666666667,31.78850790866296,26.949440526797925,5.988053741238332
16.933333333333334,3,1,85.45614623972745,27.375655466263886,23.518917333480793,84.66666666666667,31.78850790866296,26.949440526797925,5.644912227356106
16.966666666666665,3,1,85.48174213519346,27.644160092834895,23.659388637090345,84.83333333333333,31.848722042714456,26.879743317264726,5.335677972931439
16.966666666666665,2,1,82.83790068480391,30.016218554508807,25.47949883339273,84.83333333333333,31.848722042714456,26.879743317264726,3.049672950287776
16.966666666666665,1,1,107.35026574408057,41.43693283704322,34.293171401236435,84.83333333333333,31.848722042714456,26.879743317264726,25.57156521182978
17.0,1,1,107.92101835918785,41.67588148825831,34.192911372179175,85.0,31.909830056250524,26.8098574960932,25.9857331574854
17.0,2,1,79.75984685311673,27.281252458276168,23.03602909735418,85.0,31.909830056250524,26.8098574960932,7.945106441476404
17.0,3,1,84.95240011090583,32.25134553924963,27.055177697593862,85.0,31.909830056250524,26.8098574960932,0.4231791297242967
17.03333333333333,3,1,85.24006557050966,31.232445913835623,26.077771678787165,85.16666666666666,31.971825248088848,26.739784979238454,0.9951536609893495
17.03333333333333,1,1,83.32925082287075,31.201964194312243,26.13021445989263,85.16666666666666,31.971825248088848,26.739784979238454,2.083352884945274
17.03333333333333,2,1,89.31149586200966,35.714905747042756,29.642297611019384,85.16666666666666,31.971825248088848,26.739784979238454,6.294032114460861
17.066666666666666,2,1,77.11170975532627,24.500449245911987,20.849812166682366,85.33333333333333,32.03470081975803,26.669527687773915,12.578916081398944
17.066666666666666,1,1,111.95308754499469,43.548741938686355,35.25432056537005,85.33333333333333,32.03470081975803,26.669527687773915,30.247034994009912
17.066666666666666,3,1,86.25461666100071,25.861500128839964,21.88020187318739,85.33333333333333,32.03470081975803,26.669527687773915,7.867325561997168
17.1,3,1,85.74822974450048,30.055294558756664,25.073421397840583,85.50000000000001,32.0984498762431,26.599087547838725,2.5619833837630606
17.1,1,1,88.56551445477666,33.41057618005263,27.57474213762274,85.50000000000001,32.0984498762431,26.599087547838725,3.4743281635677463
17.1,2,1,83.80795137947003,30.544346593072284,25.363859640111837,85.50000000000001,32.0984498762431,26.599087547838725,2.608458075765661
17.133333333333333,2,1,96.4297426974669,41.91601727769917,33.95521823896361,85.66666666666667,32.1630654267416,26.528466490584915,16.313200697102
17.133333333333333,1,1,87.25208185301538,32.84203677796671,27.179958533632632,85.66666666666667,32.1630654267416,26.528466490584915,1.8436337193282344
17.133333333333333,3,1,85.44494021411901,34.15125213481416,27.976748452676638,85.66666666666667,32.1630654267416,26.528466490584915,2.4697306832195283
17.166666666666668,3,1,86.43359658313192,27.70716080262483,22.977823800198994,85.83333333333334,32.22854038543029,26.45766645212443,5.736941186994013
17.166666666666668,1,1,68.60268096840856,24.777401161506862,20.922024059315092,85.83333333333334,32.22854038543029,26.45766645212443,19.571872505109113
17.166666666666668,2,1,86.13083942232119,32.51302148192325,26.604138535841273,85.83333333333334,32.22854038543029,26.45766645212443,0.43691353670381394
17.2,3,1,86.46664488614988,28.857390073345105,23.693037262115688,86.0,32.294867572242104,26.386689373476095,4.392012147322613
17.2,2,1,88.58951944506148,34.6311964978279,28.235569452309008,86.0,32.294867572242104,26.386689373476095,3.9474550473419727
17.2,1,1,80.63211259925217,29.79037185739892,24.69900440379663,86.0,32.294867572242104,26.386689373476095,6.159139102963755
17.233333333333334,2,1,85.33184323139797,31.6653038232922,25.710977831353464,86.16666666666667,32.36203971365357,26.315537200512367,1.244131464046025
17.233333333333334,1,1,100.83239157420181,38.61439730670813,31.054759839461987,86.16666666666667,32.36203971365357,26.315537200512367,16.632368855832173
17.233333333333334,3,1,85.44129668479437,38.41721739583473,30.760951392647247,86.16666666666667,32.36203971365357,26.315537200512367,7.546724170991043
17.266666666666666,3,1,85.69415421990713,37.38214679957355,30.0203746474009,86.33333333333333,32.43004944348243,26.24421188390602,6.260289400630789
17.266666666666666,1,1,61.41640822295389,21.91104123871204,18.343169992116152,86.33333333333333,32.43004944348243,26.24421188390602,28.176748455847466
17.266666666666666,2,1,79.61627072054318,26.47928775890531,21.84693225866398,86.33333333333333,32.43004944348243,26.24421188390602,9.993325916497623
17.3,2,1,86.27122695401431,32.381657910752985,26.04586028875952,86.5,32.49888930369541,26.17271537907663,0.28665749597761037
17.3,1,1,98.86870178036162,37.76318690874158,30.062964452657777,86.5,32.49888930369541,26.17271537907663,13.99398623911409
17.3,3,1,87.2312198396027,26.337014296102797,21.608464307623162,86.5,32.49888930369541,26.17271537907663,7.702971758113044
17.333333333333332,2,1,89.04360640015543,34.56071103872576,27.704261519395097,86.66666666666666,32.56855174522605,26.101049646137007,3.491250414661005
17.333333333333332,1,1,93.30955533648316,35.47642941383858,28.155635636802405,86.66666666666666,32.56855174522605,26.101049646137007,7.536912233018929
17.333333333333332,3,1,87.18259051278596,27.460427685667373,22.24749000667008,86.66666666666666,32.56855174522605,26.101049646137007,6.4194260427054735
17.366666666666667,3,1,86.7573021366545,34.12517702005099,27.03311485333778,86.83333333333334,32.63902912880266,26.029216649839398,1.7950565173602606
17.366666666666667,1,1,92.09626588134039,34.97821382153699,27.792311103227664,86.83333333333334,32.63902912880266,26.029216649839398,6.023184048587838
17.366666666666667,2,1,80.9135635217006,27.39459227689232,22.12790506374549,86.83333333333334,32.63902912880266,26.029216649839398,8.818618066805266
17.4,2,1,89.05575621887635,34.43219876241115,27.21093247777831,86.99999999999999,32.71031372578588,25.957218359521715,2.960206209222387
17.4,3,1,87.43358285098908,28.17432375398933,22.595931644719688,86.99999999999999,32.71031372578588,25.957218359521715,5.662282886964877
17.4,1,1,44.506921668235506,14.662294576960115,12.673416518445187,86.99999999999999,32.71031372578588,25.957218359521715,48.0401092073992
17.433333333333334,2,1,94.50618189522254,39.28457889936249,30.48975503414603,87.16666666666667,32.78239771901638,25.88505674905342,10.83282466344699
17.433333333333334,3,1,87.2826468200215,31.799540692799543,25.202464465292366,87.16666666666667,32.78239771901638,25.88505674905342,1.2022443827301275
17.433333333333334,1,1,85.08051938623424,32.02915728773141,25.42436300739372,87.16666666666667,32.78239771901638,25.88505674905342,2.2653080025864916
17.466666666666665,2,1,93.65060730337703,38.40676773867651,29.899014856415523,87.33333333333333,32.85527320367196,25.812733796781547,9.350119511701461
17.466666666666665,3,1,87.55280621681733,31.167690931791448,24.501657308213883,87.33333333333333,32.85527320367196,25.812733796781547,2.1482606522079903
17.466666666666665,1,1,99.95254734085657,38.12409403307074,29.69341531119872,87.33333333333333,32.85527320367196,25.812733796781547,14.214947207651399
17.5,1,1,72.64237503794143,26.627131563853837,21.111139287086367,87.5,32.928932188134524,25.74025148547635,16.789591727217587
17.5,3,1,87.35282693195084,35.09481062624984,27.284390061977476,87.5,32.928932188134524,25.74025148547635,2.664029516370034
17.5,2,1,78.04562206979162,24.63916521300019,19.82051051659186,87.5,32.928932188134524,25.74025148547635,13.89779952682901
17.53333333333333,2,1,81.78913257080936,27.816131477288447,22.12051469357019,87.66666666666666,33.00336659486634,25.667611802277012,8.604342689107328
17.53333333333333,3,1,88.39992195626026,23.29851667031004,18.594320840510253,87.66666666666666,33.00336659486634,25.667611802277012,12.031343250347767
17.53333333333333,1,1,89.46176003669707,33.73245745987959,26.14547946922574,87.66666666666666,33.00336659486634,25.667611802277012,1.995567890022271
17.566666666666666,2,1,78.09333762407066,24.503820956114314,19.586756011048443,87.83333333333333,33.07856826129593,25.59481673863714,14.300021030423984
17.566666666666666,3,1,88.33696819566502,24.58513524010432,19.469302299432666,87.83333333333333,33.07856826129593,25.59481673863714,10.48398682300423
17.566666666666666,1,1,41.1158052987768,13.233639774260594,11.398210115216974,87.83333333333333,33.07856826129593,25.59481673863714,52.705713655497156
17.6,1,1,101.19642683485412,38.87639135093939,29.538246890575763,88.00000000000001,33.15452894071312,25.521868290270167,14.933743258480467
17.6,2,1,94.5178457851602,38.8142598037462,29.573936764853162,88.00000000000001,33.15452894071312,25.521868290270167,9.535938655623209
17.6,3,1,88.32316690149145,28.38870297136632,22.162392628551764,88.00000000000001,33.15452894071312,25.521868290270167,5.839829683988929
17.633333333333333,1,1,75.02996109535843,27.751084211751117,21.44079247457383,88.16666666666666,33.23124030317339,25.448768457094683,14.787461429537432
17.633333333333333,3,1,87.93796582604973,37.141891053175094,28.277360261034335,88.16666666666666,33.23124030317339,25.448768457094683,4.831813837090826
17.633333333333333,2,1,91.8724959505919,36.52922496702623,27.726808468219517,88.16666666666666,33.23124030317339,25.448768457094683,5.458877157153479
17.666666666666668,2,1,92.6129306986636,37.11126371725326,28.048831638784492,88.33333333333334,33.308693936411416,25.375519243179504,6.318313834561288
17.666666666666668,3,1,88.3551539736649,32.746162010575674,24.896304700434982,88.33333333333334,33.308693936411416,25.375519243179504,0.7393002677578233
17.666666666666668,1,1,105.59847723097039,40.68864141897021,30.715292688261666,88.33333333333334,33.308693936411416,25.375519243179504,19.52080938629964
17.7,1,1,51.721136872043125,17.78331915144347,14.33401503521897,88.5,33.386881346763474,25.302122656688862,41.43012564504664
17.7,3,1,88.79948300610089,26.72848154608318,20.608016360788547,88.5,33.386881346763474,25.302122656688862,8.152215152573781
17.7,2,1,83.12101309289511,28.584151967846633,22.003062214299682,88.5,33.386881346763474,25.302122656688862,7.929912322116421
17.733333333333334,1,1,102.63170308195313,39.36991966020234,28.995481713695646,88.66666666666667,33.46579396009894,25.22858070982723,15.622755375920194
17.733333333333334,3,1,88.60832551070699,35.37307473686031,26.609008351818954,88.66666666666667,33.46579396009894,25.22858070982723,2.355144183836096
17.733333333333334,2,1,81.34124818889336,27.147758362135345,20.93980765491035,88.66666666666667,33.46579396009894,25.22858070982723,10.581725001540105
17.766666666666666,3,1,88.82257570614502,36.34714712220927,27.05313269578065,88.83333333333333,33.545423122760496,25.154895418784243,3.384239627362209
17.766666666666666,2,1,89.27841701959278,33.95861176081072,25.513605462207497,88.83333333333333,33.545423122760496,25.154895418784243,0.7053348379605339
17.766666666666666,1,1,84.0882643463134,31.52684297830154,23.670471903608263,88.83333333333333,33.545423122760496,25.154895418784243,5.365990930256007
17.8,1,1,105.30180774575724,40.785130317179934,29.546494956903338,89.0,33.625760102513105,25.08106880367937,18.35607660640438
17.8,2,1,89.73222086412635,34.11146819673499,25.396243995218846,89.0,33.625760102513105,25.08106880367937,0.9334854835596191
17.8,3,1,88.94120880060946,32.67229531684505,24.387825840628235,89.0,33.625760102513105,25.08106880367937,1.1803123774894175
17.833333333333332,3,1,89.20141781243352,32.384152419820985,24.136824259163728,89.16666666666666,33.70679608950162,25.007102888506566,1.583659941960149
17.833333333333332,1,1,70.40417742658714,25.711405531745402,19.549670227294072,89.16666666666666,33.70679608950162,25.007102888506566,21.11257549203379
17.833333333333332,2,1,83.78581346258903,28.984197512804258,21.766956742434576,89.16666666666666,33.70679608950162,25.007102888506566,7.858439130537411
17.866666666666667,1,1,76.66498624080904,28.545156627434952,21.405106405369995,89.33333333333333,33.78852219721689,24.93299970107875,14.15718657293708
17.866666666666667,2,1,90.23634700375905,34.51061132923452,25.568722039977835,89.33333333333333,33.78852219721689,24.93299970107875,1.3194655341194144
17.866666666666667,3,1,89.26259650253799,35.518794123635935,26.119242179162338,89.33333333333333,33.78852219721689,24.93299970107875,2.0990511797940345
17.9,2,1,93.63012381677481,37.45596669463365,27.29170268800288,89.49999999999999,33.870929463470226,24.85876127297225,5.985784712106661
17.9,3,1,89.49430705321116,38.644585945225906,28.166574741794612,89.49999999999999,33.870929463470226,24.85876127297225,5.807706824554232
17.9,1,1,135.2361007414974,53.48794644530554,38.15866110728723,89.49999999999999,33.870929463470226,24.85876127297225,51.51218886734311
17.933333333333334,3,1,89.63993440999675,34.537148959497756,25.230115483610064,89.66666666666667,33.95400885137625,24.784389639471048,0.7344647897483344
17.933333333333334,1,1,72.66449622525838,26.73900523761335,19.78506395988681,89.66666666666667,33.95400885137625,24.784389639471048,19.134349586956443
17.933333333333334,2,1,91.27295186994853,35.08774807100927,25.617241231219573,89.66666666666667,33.95400885137625,24.784389639471048,2.135218617915829
17.966666666666665,2,1,83.02753130042599,28.18989994729761,20.908689885409984,89.83333333333331,34.03775125034383,24.709886839511086,9.745019469325461
17.966666666666665,3,1,89.84654057000037,36.19408681744194,26.101738833848835,89.83333333333331,34.03775125034383,24.709886839511086,2.5665559575381716
17.966666666666665,1,1,75.23152335569802,28.042388873244853,20.496774533657042,89.83333333333331,34.03775125034383,24.709886839511086,16.337305162034603
18.0,1,1,84.23749310971104,31.652742343269146,23.224094683470632,90.0,34.122147477075266,24.635254915624213,6.426182426317162
18.0,3,1,89.98060988996791,33.93369220402093,24.49876413470565,90.0,34.122147477075266,24.635254915624213,0.2334975365711616
18.0,2,1,76.11639481680416,22.24323215281267,16.74622897413162,90.0,34.122147477075266,24.635254915624213,19.902257471689143
18.03333333333333,2,1,88.44982925455798,32.761395791452614,23.576695209926918,90.16666666666666,34.207188276573206,24.56049591388236,2.45065510318168
18.03333333333333,3,1,90.19057362792586,32.673692127039274,23.542204171720385,90.16666666666666,34.207188276573206,24.56049591388236,1.8409508563748547
18.03333333333333,1,1,68.9464725548272,25.13739084819147,18.618485452689633,90.16666666666666,34.207188276573206,24.56049591388236,23.829925552904058
18.066666666666666,3,1,90.34241290244968,30.629643384207142,21.99558183765423,90.33333333333333,34.292864323155676,24.485611883841305,4.429392702960613
18.066666666666666,1,1,115.12158490945046,44.90275955502391,31.427515664477202,90.33333333333333,34.292864323155676,24.485611883841305,27.84272474330953
18.066666666666666,2,1,91.36947567048165,35.3189892269538,25.060685520343736,90.33333333333333,34.292864323155676,24.485611883841305,1.5675563621210016
18.1,2,1,88.73660276487752,33.01036440841761,23.300984117746605,90.5,34.37916622147869,24.410604878484563,2.4928791476799685
18.1,1,1,126.49771128080168,49.836763424099054,34.645603682472384,90.5,34.37916622147869,24.410604878484563,40.49108209534595
18.1,3,1,90.495360702209,35.45302010400802,25.036328900834725,90.5,34.37916622147869,24.410604878484563,1.2428653331127115
18.133333333333333,1,1,75.81060584220188,28.160407866001588,20.495216869581828,90.66666666666666,34.466084507566556,24.335476954167074,16.58950567815189
18.133333333333333,3,1,90.6448169514143,33.21528603911607,23.5881947023531,90.66666666666666,34.466084507566556,24.335476954167074,1.4571907845614616
18.133333333333333,2,1,87.77111066611657,31.974072608621345,22.807177191271066,90.66666666666666,34.466084507566556,24.335476954167074,4.114616388203659
18.166666666666668,2,1,86.17363680486791,30.575575610201557,21.614102961920473,90.83333333333334,34.55360964984973,24.260230170558838,6.673793206437299
18.166666666666668,3,1,90.74193646765748,33.61093860086168,23.540143770966488,90.83333333333334,34.55360964984973,24.260230170558838,1.1897506110666567
18.166666666666668,1,1,54.41035478278185,19.057754211711565,14.333162742972407,90.83333333333334,34.55360964984973,24.260230170558838,40.80810666969809
18.2,2,1,95.90144349337172,38.81021001593742,26.786738765478162,90.99999999999999,34.64173205021003,24.18486659058844,6.940467972978205
18.2,1,1,115.7715170355925,45.28442355395747,30.998797566649948,90.99999999999999,34.64173205021003,24.18486659058844,27.80871435422929
18.2,3,1,91.12587703330371,38.41757621345165,26.677737460621163,90.99999999999999,34.64173205021003,24.18486659058844,4.526284276010165
18.233333333333334,3,1,91.27901739015545,36.72764976277654,25.399847932897575,91.16666666666667,34.73044204503323,24.109388280386483,2.380493114386373
18.233333333333334,1,1,114.65751328266369,44.88034408606419,30.57958802872415,91.16666666666667,34.73044204503323,24.109388280386483,26.395148625499566
18.233333333333334,2,1,90.76558816417604,34.50976890025992,23.85845864851473,91.16666666666667,34.73044204503323,24.109388280386483,0.5220404985588416
18.266666666666666,3,1,91.44041327674975,38.41826882547044,26.296073439230348,91.33333333333333,34.8197299062687,24.033797309228987,4.251922124835502
18.266666666666666,1,1,108.83474358512225,42.296870972448716,28.87484710802202,91.33333333333333,34.8197299062687,24.033797309228987,19.637789144386193
18.3,3,1,91.26472290102477,28.3686247762628,19.87342362220319,91.5,34.909585842496284,23.95809574948059,7.715184597314661
18.3,1,1,116.19609413321605,45.70558058038082,30.525050892696548,91.5,34.909585842496284,23.95809574948059,27.741223254754093
18.333333333333332,1,1,73.06079547976415,27.000780105541548,18.783768105783878,91.66666666666666,34.99999999999999,23.882285676537816,20.88446415311619
18.333333333333332,3,1,91.665307654456,37.311697550398556,25.356859518717965,91.66666666666666,34.99999999999999,23.882285676537816,2.741954672760808
18.366666666666667,1,1,88.20473921433342,33.51592511108928,22.8444077156252,91.83333333333333,35.09096246384859,23.806369168772086,4.070971355876664
18.366666666666667,3,1,91.6162202607427,32.60021819247862,22.331983014199267,91.83333333333333,35.09096246384859,23.806369168772086,2.9025436507394837
18.4,3,1,91.74482243951223,31.813886723829423,21.61946572842267,92.0,35.182463258982835,23.73034830747283,3.983497046955113
18.4,1,1,62.04593166055672,22.343079509577116,15.711929877687126,92.0,35.182463258982835,23.73034830747283,33.56174934748886
18.433333333333334,3,1,91.92503008356576,31.701539899086377,21.442965184973623,92.16666666666666,35.274492351309455,23.65422517679034,4.208806032065252
18.433333333333334,1,1,61.331773886189495,22.075336473121098,15.526433415225998,92.16666666666666,35.274492351309455,23.65422517679034,34.5118722702723
18.466666666666665,1,1,113.77019709550913,44.47787917164183,29.203437891093426,92.33333333333333,35.36703964880138,23.578001863678715,23.962304882201405
18.466666666666665,3,1,92.67230474267524,40.48843534203746,26.679558774252378,92.33333333333333,35.36703964880138,23.578001863678715,5.996936779104443
18.5,3,1,92.73837257806001,38.90404937027469,25.731429019194525,92.5,35.46009500260453,23.50168045783858,4.1096741743639775
18.5,1,1,77.65956095917052,29.273395622138104,19.914599971785165,92.5,35.46009500260453,23.50168045783858,16.473646425799746
18.53333333333333,3,1,92.43300188794316,32.480284704822594,21.63089045516912,92.66666666666666,35.55364820815072,23.425263051659844,3.5665018529985493
18.53333333333333,1,1,142.8593568797613,57.03656732783304,36.23738470537965,92.66666666666666,35.55364820815072,23.425263051659844,56.080053726795
18.566666666666666,1,1,94.48662275803287,36.32421119630208,23.754582305908702,92.83333333333333,35.64768900627673,23.348751740164268,1.831869712482979
18.566666666666666,3,1,92.48149074206962,30.815122909658648,20.397747022082857,92.83333333333333,35.64768900627673,23.348751740164268,5.673263358363369
18.6,3,1,92.98159711840496,35.8145650140955,23.287707272657908,93.0,35.742207084349275,23.272148620948133,0.07626537675240759
18.6,1,1,78.8281641824313,29.60617273229037,19.61826717911175,93.0,35.742207084349275,23.272148620948133,15.869552533098295
18.633333333333333,1,1,110.91934245316088,43.42104678873176,27.78657401171186,93.16666666666666,35.83719207739598,23.19545579412465,19.843152883321977
18.633333333333333,3,1,92.93230990746463,33.886883867999785,21.98941485764671,93.16666666666666,35.83719207739598,23.19545579412465,2.3050292715456933
18.666666666666668,3,1,93.92134463900015,43.10915525659292,27.330031017830418,93.33333333333333,35.932633569242,23.11867536226639,8.341686716861359
18.666666666666668,1,1,133.4497800001389,53.36812595714085,33.51124317970098,93.33333333333333,35.932633569242,23.11867536226639,44.95921656144724
18.7,1,1,104.39356475837877,40.77063630058024,25.71442767312675,93.5,36.02852109365219,23.04180943034769,12.17786098017241
18.7,3,1,92.97407000129117,29.677845569604873,19.347947762693597,93.5,36.02852109365219,23.04180943034769,7.365615791978278
18.733333333333334,1,1,66.3260315524831,24.25877573987161,16.03215921809356,93.66666666666667,36.12484413547897,22.96486010568689,30.600265508864407
18.766666666666666,1,1,102.28447455760084,39.80527407853821,24.738058102312344,93.83333333333333,36.22159213181532,22.887829497888617,9.364182301536488
18.8,1,1,125.22774609903253,49.7799385584691,30.367913906307347,94.0,36.31875447315322,22.81071971878587,34.835137252382275
18.833333333333332,1,1,82.86321029386932,31.714145054486185,20.030436849437272,94.16666666666667,36.416320504546995,22.733532882382214,12.537356503593985
18.866666666666667,1,1,76.686542524403,28.812440076488382,18.333482452604454,94.33333333333334,36.51427952678185,22.656271104793753,19.73357693130523
18.9,1,1,117.91461737997884,46.54251518125753,28.082131284871437,94.5,36.61262079754708,22.57893650419115,26.021765165271894
18.933333333333334,1,1,97.95312358246089,37.98477576433463,23.230090381833126,94.66666666666667,36.71133353261416,22.50153120074154,3.5990627470570296
18.966666666666665,1,1,69.37498491744915,25.739945492058222,16.295816624832806,94.83333333333333,36.8104069070193,22.42405731655042,28.42952609489504
19.0,1,1,86.10912212141457,33.25186735660256,20.29912227008843,95.0,36.90983005625052,22.346516975603464,9.8295587715882
19.03333333333333,1,1,77.63272003744342,29.281253236751873,18.020682986236203,95.16666666666666,37.00959207743912,22.268912303708294,19.626868266912922
19.066666666666666,1,1,102.25296680540816,40.14210915069287,23.792630539666657,95.33333333333334,37.109682030555284,22.191245428436172,7.722782911701898
19.1,1,1,97.98106694478429,38.6714296214579,22.46740130656281,95.5,37.210088939607715,22.113518479063735,2.901110619836882
19.133333333333333,1,1,122.81051736653754,49.06013329327494,28.16502290726633,95.66666666666667,37.31080179384734,22.035733586514567,30.206019417953822
19.166666666666668,1,1,112.4517663835574,44.916968585327915,26.116438293708065,95.83333333333334,37.411809548974794,21.957892883300772,18.702759933660907
19.2,1,1,58.915797875857905,21.445609485192346,13.141304972886234,96.0,37.513101128351444,21.879998503464567,41.34933009745846
19.233333333333334,1,1,105.82550072071078,41.93524737868754,23.97750621350082,96.16666666666667,37.61466542421419,21.80205258251971,10.802458155875069
19.266666666666666,1,1,117.84101867957177,46.87782229242198,26.65683398801005,96.33333333333333,37.71649129889343,21.724057257393007,23.892316773387712
19.3,1,1,107.42041559356717,42.65494572725287,24.071736652292927,96.50000000000001,37.818567586034575,21.64601466636568,12.187294917826913
19.333333333333332,1,1,121.50598630202784,48.73754950496299,27.02456735081733,96.66666666666666,37.920883091822404,21.567926949014804,27.636334719267435
19.366666666666667,1,1,83.63768599723113,32.02492110554259,18.502563116372315,96.83333333333334,38.023426596208736,21.489796246154587,14.799687108584497
19.4,1,1,74.00668468922403,27.875121747753465,16.26649917083302,97.0,38.12618685414275,21.411624699777715,25.695314777305125
19.433333333333334,1,1,119.79999496434084,48.175024901282875,26.340296887877557,97.16666666666667,38.22915259680417,21.33341445299662,25.22413125251322
19.466666666666665,1,1,71.32749950101885,26.943239988604702,15.335414235977199,97.33333333333333,38.33231253283897,21.255167649984735,29.00099734861608
19.5,1,1,44.51997131568511,15.238102185672219,9.563272996349264,97.5,38.43565534959769,21.176886435917677,58.99055796742137
19.53333333333333,1,1,122.87911825305206,49.75734484165874,26.444397847288453,97.66666666666666,38.53916971437587,21.09857295691448,28.1085932045835
19.566666666666666,1,1,79.973599100085,30.734284989721132,17.08611776141145,97.83333333333333,38.64284427565695,21.020229359978728,19.924674424727886
19.6,1,1,90.42630951440694,35.357341124571235,19.337080371662516,98.00000000000001,38.74666766435696,20.941857792939697,8.451250353450668
19.633333333333333,1,1,63.37116637552979,23.50789737191099,13.473869838305504,98.16666666666667,38.850628495071334,20.86346040439351,38.73928610032091
19.666666666666668,1,1,65.24606721621399,24.269029213014004,13.822034528797138,98.33333333333334,38.954715367323466,20.785039343644158,36.86353201986394
19.7,1,1,69.48419091713697,26.33191962664774,14.531431964571862,98.5,39.058916866814855,20.706596760644643,32.28043208730383
19.733333333333334,1,1,89.56899927923416,35.15253424453282,18.83722552781317,98.66666666666667,39.16322156667684,20.628134805937997,10.102500716695513
19.766666666666666,1,1,108.19096073440512,43.28071022986563,22.68186496438069,98.83333333333333,39.26761802872368,20.549655630598345,10.402711965407125
19.8,1,1,40.76085915551155,13.577210080785266,8.438710902277524,99.0,39.37209480470687,20.471161386171925,64.82247657157151
19.833333333333332,1,1,118.33387338891636,47.763179905144305,24.57617023960553,99.16666666666666,39.47664043757056,20.392654224618102,21.296721722574297
19.866666666666667,1,1,69.17178769978732,26.177068504444684,14.113657991611266,99.33333333333334,39.58124346270801,20.31413629825035,33.583279657402656
19.9,1,1,72.16615315038155,27.59867072236769,14.651227380877978,99.49999999999999,39.68589240921871,20.235609759677317,30.404365447384723
19.933333333333334,1,1,117.1013098545284,47.46066369943187,23.826230827061497,99.66666666666667,39.79057580116643,20.157076761743685,19.397415369327156
19.966666666666665,1,1,97.88207965461925,39.18046001752052,19.5018673845224,99.83333333333333,39.89528215883754,20.078539457471297,2.1565973875833824
20.0,1,1,60.14161939986319,22.426824919050617,12.055956546356958,100.0,40.0,20.000000000000004,44.278830301673864
