timestamp,station_id,scenario_id,est_x,est_y,est_z,true_x,true_y,true_z,position_error_m
0.0,3,2,-38.15406388226003,57.69656841916289,28.236246563251886,0.0,40.0,20.0,42.85716838518816
0.03333333333333333,3,2,7.749627443360382,36.45423322169406,18.47824816723691,0.16666666666666666,40.10471784116246,20.078539457471294,8.566695063526582
0.06666666666666667,3,2,50.88230541604972,16.373694232338572,8.689243335287873,0.3333333333333333,40.20942419883357,20.15707676174369,57.051308531460045
0.1,3,2,8.000370362255765,36.57565020551258,18.62342326361083,0.5,40.31410759078128,20.23560975967731,8.534094239611717
0.13333333333333333,3,2,-4.500047796618475,42.8862144668647,21.21957034476771,0.6666666666666666,40.418756537292,20.314136298250354,5.796817902256709
0.16666666666666666,3,2,-6.473699082292114,44.038226253730365,21.84666335670335,0.8333333333333334,40.52335956242944,20.3926542246181,8.23778812162616
0.2,3,2,0.09764548731770617,40.90286895969371,20.381083695593194,1.0,40.62790519529313,20.471161386171925,0.9476089534356649
0.23333333333333334,3,2,18.55960288856609,32.26197709244414,16.37663896256041,1.1666666666666667,40.73238197127632,20.549655630598345,19.790807394902497
0.26666666666666666,3,2,-28.618805007898118,55.21013094478839,27.866959942838765,1.3333333333333333,40.836778433323154,20.628134805937993,34.0018299947773
0.3,3,2,15.647644058286502,34.14488150701974,17.419540315373748,1.5,40.941083133185145,20.70659676064464,16.035863837594142
0.3333333333333333,3,2,-12.345720604657558,47.4961653181165,24.08755498674861,1.6666666666666667,41.045284632676534,20.785039343644158,15.775533849359938
0.36666666666666664,3,2,8.19444319224344,37.97237830269064,19.34611344514798,1.8333333333333333,41.149371504928666,20.86346040439351,7.270443331662906
0.4,3,2,26.647330163187462,28.896949913981885,15.033371753735631,2.0,41.253332335643044,20.9418577929397,28.197185639687106
0.43333333333333335,3,2,-25.72879505084812,55.14610811596123,27.74814306471882,2.166666666666667,41.357155724343045,21.02022935997872,31.836407072879247
0.4666666666666667,3,2,53.16965364524066,16.10219852069772,8.669706291077235,2.3333333333333335,41.46083028562412,21.098572956914474,58.15383387568816
0.5,3,2,20.016996398300826,32.701672907314176,16.867206420511735,2.5,41.56434465040231,21.176886435917673,20.098891886843074
0.5333333333333333,3,2,-5.467840477100452,45.79255460147082,22.957930463525862,2.6666666666666665,41.667687467161024,21.25516764998473,9.278153725116107
0.5666666666666667,3,2,10.378528220760586,37.8397583173338,19.394410564274988,2.833333333333333,41.77084740319583,21.33341445299662,8.726005006342794
0.6,3,2,-11.16483106077088,49.40949044294233,25.21189238150395,3.0,41.87381314585725,21.411624699777715,16.488508293922646
0.6333333333333333,3,2,5.677356880415914,40.815503649133184,20.81803548607345,3.166666666666666,41.976573403791264,21.489796246154583,2.8465612312723576
0.6666666666666666,3,2,12.784997179017779,37.357863712447205,19.163191697651868,3.3333333333333335,42.079116908177596,21.5679269490148,10.835447975010561
0.7,3,2,-38.508006327038416,63.59615687667051,32.23801437413469,3.4999999999999996,42.181432413965425,21.64601466636568,48.326529745011264
0.7333333333333333,3,2,8.367487191369847,39.69903235249026,20.439788564175068,3.6666666666666665,42.283508701106555,21.724057257393,5.5160291585892995
0.7666666666666666,3,2,7.462316940271208,40.63665450383802,21.01763208137398,3.833333333333333,42.385334575785805,21.802052582519707,4.103988247554915
0.8,3,2,25.467623936377635,31.218337876426,16.260181302306428,4.0,42.48689887164855,21.879998503464563,24.888183737493137
0.8333333333333334,3,2,19.056934304262008,34.7198053799436,17.944818048312538,4.166666666666667,42.588190451025206,21.957892883300772,17.312894719753103
0.8666666666666667,3,2,-7.820452459090177,49.17221453537534,24.776875785910104,4.333333333333334,42.68919820615265,22.035733586514567,14.044852094998744
0.9,3,2,-6.00781925140862,48.174776770889956,24.794669491478384,4.5,42.78991106039229,22.11351847906374,12.10783279087299
0.9333333333333333,3,2,5.052339352850865,42.79190146939047,21.84567002123977,4.666666666666667,42.890317969444716,22.191245428436176,0.5271162968552813
0.9666666666666667,3,2,18.596365605419493,35.60923644767143,18.379422256165753,4.833333333333333,42.99040792256087,22.268912303708287,16.09443638323937
1.0,3,2,-7.609501311928739,49.96448200641602,25.882718034513445,5.0,43.09016994374947,22.346516975603464,14.790551294643869
1.0333333333333332,3,2,37.90724897759872,25.40816949231479,13.571137071788408,5.166666666666666,43.1895930929807,22.424057316550417,38.294894596869604
1.0666666666666667,3,2,12.173262043564876,39.632838519249546,20.41268597007815,5.333333333333333,43.28866646738583,22.501531200741535,8.031997083234607
1.1,3,2,10.625540602691757,40.49439908021625,21.26124575474922,5.500000000000001,43.38737920245291,22.578936504191145,6.031319040530277
1.1333333333333333,3,2,22.007624836595028,34.617393177335174,18.19296929477057,5.666666666666666,43.48572047321815,22.65627110479375,19.120544081840553
1.1666666666666667,3,2,3.3750179109282215,45.10284353294732,23.33220976838074,5.833333333333333,43.583679495453005,22.733532882382214,2.9512011288083597
1.2,3,2,18.89335378046406,36.64137947030415,19.29111470544956,6.0,43.68124552684678,22.81071971878587,15.105823554251188
1.2333333333333334,3,2,21.46694132194027,35.31751745608507,18.417316188503563,6.166666666666667,43.77840786818467,22.88782949788861,18.046344791723214
1.2666666666666666,3,2,-26.815008636076925,62.54300368971262,32.14888907783851,6.333333333333332,43.87515586452103,22.964860105686892,39.13626842082413
1.3,3,2,-7.1495123912433485,51.193986670836786,26.658940866413833,6.5,43.971478906347805,23.041809430347687,15.860562624087056
1.3333333333333333,3,2,-15.15292326307761,56.53427726739592,29.208247196698903,6.666666666666667,44.067366430758,23.11867536226639,25.857324989982853
1.3666666666666667,3,2,6.180745893542436,44.4942518700732,23.493356654233537,6.833333333333333,44.16280792260401,23.195455794124648,0.7902343825349616
1.4,3,2,-10.458800144795006,54.218713368029206,28.1271967087231,6.999999999999999,44.257792915650725,23.272148620948137,20.678518580621617
1.4333333333333333,3,2,-6.911093637041844,52.36024230530757,27.27484908283249,7.166666666666667,44.35231099372328,23.34875174016427,16.66506943891413
1.4666666666666666,3,2,-14.675897423637352,56.8444953527836,29.695568560971516,7.333333333333333,44.446351791849274,23.425263051659837,26.027618666547774
1.5,3,2,-35.34101258822075,69.15631000749715,36.17771037039477,7.5,44.53990499739547,23.50168045783858,51.009817580044995
1.5333333333333332,3,2,12.024868351956698,42.19167975045628,22.2534979109961,7.666666666666666,44.63296035119862,23.578001863678715,5.1679864185094
1.5666666666666667,3,2,3.4837639813362955,47.469485135576456,25.09882232605042,7.833333333333334,44.72550764869054,23.654225176790337,5.341818690298188
1.6,3,2,9.07167057597492,44.10478376877241,23.30708101304218,8.0,44.81753674101715,23.730348307472823,1.3548615521110527
1.6333333333333333,3,2,71.415538188256,7.713474133041529,4.666266792019094,8.166666666666666,44.90903753615141,23.806369168772083,75.83055587704646
1.6666666666666667,3,2,33.53962445073081,30.248447249469184,16.194654220899345,8.333333333333334,45.0,23.882285676537812,30.20041552436665
1.7,3,2,8.282090820420592,45.09622010478983,24.01266783297025,8.5,45.090414157503716,23.95809574948059,0.22471366639628795
1.7333333333333334,3,2,-2.3123486892357334,52.055033294247266,27.317299147716877,8.666666666666668,45.1802700937313,24.033797309228987,13.363477525392206
1.7666666666666666,3,2,19.191819622706973,39.077461637297795,20.936165890045157,8.833333333333334,45.26955795496678,24.109388280386487,12.478366694122872
1.8,3,2,-10.913188358324803,57.168642772975126,30.65506619386053,9.0,45.35826794978997,24.184866590588438,24.0392077025103
1.8333333333333333,3,2,-13.239191722206314,59.152505984874225,31.196733878100694,9.166666666666666,45.44639035015027,24.260230170558838,27.166066693936315
1.8666666666666667,3,2,16.79736128349513,41.22020166034033,22.02043128159735,9.333333333333334,45.533915492433444,24.335476954167074,8.92632492866307
1.9,3,2,-15.35930176952354,60.488949922882206,32.472224380071225,9.5,45.6208337785213,24.41060487848456,30.06718262722339
1.9333333333333333,3,2,-20.64906527795634,64.56003624412853,34.05881272078281,9.666666666666666,45.70713567684432,24.4856118838413,36.96108274120982
1.9666666666666666,3,2,1.8140218381316373,50.67517382538101,26.999295342923304,9.833333333333332,45.79281172342679,24.560495913882356,9.700235007811065
2.0,3,2,27.127633991765038,35.46815733099757,19.037113148177816,10.0,45.877852522924734,24.63525491562421,20.81001661203384
2.033333333333333,3,2,-15.120846316885846,61.55850522951473,32.95338265096807,10.166666666666666,45.962248749656155,24.70988683951107,30.832722102863
2.0666666666666664,3,2,13.136929702951733,44.090378724407664,23.902029852811527,10.333333333333332,46.04599114862375,24.784389639471048,3.5303160411781294
2.0666666666666664,2,2,9.466991570841294,50.04829997101645,26.81264371881779,10.333333333333332,46.04599114862375,24.784389639471048,4.56977445500617
2.1,3,2,17.058374875912023,42.0938399618169,22.701794408399724,10.500000000000002,46.12907053652977,24.85876127297224,7.996741390026025
2.1,2,2,8.919616532033865,53.54283828494893,28.73575823959312,10.500000000000002,46.12907053652977,24.85876127297224,8.51426271690675
2.1333333333333333,2,2,10.225039074199598,49.037354639791744,26.275828656982103,10.666666666666666,46.2114778027831,24.93299970107875,3.1597158785534374
2.1333333333333333,3,2,8.787999822357278,47.523508222219434,25.57482922836106,10.666666666666666,46.2114778027831,24.93299970107875,2.3796550328829404
2.1666666666666665,3,2,20.181730270785714,40.654334000139215,22.088267252688443,10.833333333333332,46.29320391049838,25.007102888506562,11.300839819900323
2.1666666666666665,2,2,10.621417946861953,47.23874462569523,25.419217832122605,10.833333333333332,46.29320391049838,25.007102888506562,1.0529929258404112
2.2,2,2,10.699612985406453,47.45770581347509,25.707913788495343,11.000000000000002,46.374239897486895,25.081068803679372,1.287270517270357
2.2,3,2,-7.009193675191412,58.077693846325005,31.2605142598456,11.000000000000002,46.374239897486895,25.081068803679372,22.34921558598561
2.2333333333333334,3,2,-1.9576139711840597,54.91312425439148,29.352528914429953,11.166666666666666,46.454576877239504,25.154895418784243,16.16829901246123
2.2333333333333334,2,2,9.44248652165408,55.058280880101265,29.685856486124283,11.166666666666666,46.454576877239504,25.154895418784243,9.8755317798621
2.2666666666666666,3,2,-9.233237485347544,59.62052932499538,32.143048383931216,11.333333333333332,46.53420603990105,25.228580709827227,25.338617870318952
2.2666666666666666,2,2,10.322798951423916,51.73703690470833,28.010399622506874,11.333333333333332,46.53420603990105,25.228580709827227,5.985745167291581
2.3,2,2,12.799823171493983,40.262789516239934,21.804098960980202,11.5,46.61311865323652,25.302122656688855,7.36562218696287
2.3,3,2,1.706668594977728,52.80843531347593,28.617988674848863,11.5,46.61311865323652,25.302122656688855,12.053474850831352
2.3333333333333335,3,2,24.985333680958405,38.08394446585484,20.90638560661002,11.666666666666666,46.691306063588584,25.375519243179504,16.47564020526186
2.3333333333333335,2,2,12.41662414997367,42.62805415891923,23.16670382878372,11.666666666666666,46.691306063588584,25.375519243179504,4.685223346057235
2.3666666666666667,2,2,11.513498803935178,48.93365441477478,26.541789701391306,11.833333333333334,46.768759696826606,25.448768457094673,2.4461722560929755
2.3666666666666667,3,2,14.44232468762334,44.97064918738557,24.507924324525053,11.833333333333334,46.768759696826606,25.448768457094673,3.3053328081621363
2.4,3,2,-2.6180445469254323,56.28857606483945,30.445048133279244,12.0,46.845471059286886,25.52186829027017,18.085827553319174
2.4,2,2,12.641442152298708,42.801276572222804,23.384529867751898,12.0,46.845471059286886,25.52186829027017,4.619001257449279
2.433333333333333,2,2,12.598921930551093,44.49818633169167,24.260056705220208,12.166666666666666,46.921431738704065,25.594816738637135,2.800097723753516
2.433333333333333,3,2,18.760869243064043,42.302801810845565,23.205868378901766,12.166666666666666,46.921431738704065,25.594816738637135,8.39775709904486
2.466666666666667,3,2,-36.02601632382542,78.69435156536494,42.12069697497435,12.333333333333334,46.99663340513365,25.66761180227701,60.11718595816699
2.466666666666667,2,2,13.40436012522975,40.747160401271245,22.40666414743475,12.333333333333334,46.99663340513365,25.66761180227701,7.1299923437957595
2.5,2,2,12.88657059702842,45.38053635778307,24.825707000211384,12.5,47.071067811865476,25.740251485476346,1.9605420269041491
2.5,3,2,16.490800434919606,44.44417401309445,24.336266054922866,12.5,47.071067811865476,25.740251485476346,4.979782548523845
2.533333333333333,3,2,22.42646430364141,41.010579769918344,22.359134045458006,12.666666666666664,47.14472679632803,25.812733796781544,12.033651187343375
2.533333333333333,2,2,12.182394522747959,49.914240766327325,27.29544010671188,12.666666666666664,47.14472679632803,25.812733796781544,3.178544500381284
2.5666666666666664,2,2,11.874420097240122,53.7691091980881,29.3820788085357,12.833333333333332,47.21760228098362,25.88505674905342,7.488051867056499
2.5666666666666664,3,2,-5.8997013599483665,59.76746938421458,32.608992930674034,12.833333333333332,47.21760228098362,25.88505674905342,23.52949363889842
2.6,3,2,0.725793552319459,55.37790112404921,30.155243860956393,13.0,47.28968627421412,25.95721835952171,15.287209735202541
2.6,2,2,13.014013298652525,47.32932253401606,26.035931775521245,13.0,47.28968627421412,25.95721835952171,0.08923680568312202
2.6333333333333333,3,2,13.643773235185833,47.120524871111684,25.812966153884396,13.166666666666666,47.360970871197345,26.0292166498394,0.576375948216192
2.6333333333333333,2,2,11.081280932401064,61.09952642207426,33.343421890136185,13.166666666666666,47.360970871197345,26.0292166498394,15.70332259690268
2.6666666666666665,2,2,13.409228956535134,46.88596117083121,25.901355557314837,13.333333333333334,47.43144825477394,26.101049646137003,0.5858276482721259
2.6666666666666665,3,2,16.963332491809226,44.83462469189678,24.64760593118061,13.333333333333334,47.43144825477394,26.101049646137003,4.693920018470273
2.7,2,2,10.554246106986412,68.73386928928278,37.636680477240574,13.5,47.50111069630459,26.17271537907663,24.30905179635386
2.7,3,2,6.532302159264717,52.101405414550335,28.525308421934632,13.5,47.50111069630459,26.17271537907663,8.674457834343924
2.7333333333333334,3,2,0.0928963272153851,56.436293403408136,31.23054961357683,13.666666666666666,47.56995055651756,26.24421188390602,16.962394897570142
2.7333333333333334,2,2,12.60083696708626,54.22853562052934,29.853464908132207,13.666666666666666,47.56995055651756,26.24421188390602,7.648493668433956
2.7666666666666666,2,2,13.443705294636231,50.968217096849244,28.110389559699357,13.833333333333334,47.63796028634642,26.315537200512367,3.803145464443675
2.7666666666666666,3,2,1.688963035235247,56.121428132070236,30.72364231907179,13.833333333333334,47.63796028634642,26.315537200512367,15.455948607672926
2.8,3,2,18.870565320878463,44.46159741197122,24.656556474540064,13.999999999999998,47.70513242775789,26.386689373476088,6.102154192705961
2.8,2,2,14.456410209023582,44.340794910407936,24.6101299207048,13.999999999999998,47.70513242775789,26.386689373476088,3.831871696544707
2.8333333333333335,2,2,16.47338633788051,28.72394160649371,16.218132164709466,14.166666666666666,47.77145961456971,26.45766645212443,21.748033481965468
2.8333333333333335,3,2,7.162368946374556,52.3841387334458,28.85591276712683,14.166666666666666,47.77145961456971,26.45766645212443,8.72287685317335
2.8666666666666667,3,2,0.9273568978088065,57.038783057959506,31.519957519737332,14.333333333333334,47.8369345732584,26.52846649058491,17.0090917576261
2.8666666666666667,2,2,14.375803522730894,46.74649700733913,26.02211297147355,14.333333333333334,47.8369345732584,26.52846649058491,1.2030177423761708
2.9,3,2,2.4068909513672594,56.40146287971749,30.889784055801726,14.499999999999998,47.901550123756905,26.599087547838728,15.391617193930935
2.9,2,2,14.462701513345124,49.10648719492407,27.278546763584973,14.499999999999998,47.901550123756905,26.599087547838728,1.3838097226288568
2.933333333333333,2,2,13.25077196293935,60.987490868324855,33.82983765912283,14.666666666666666,47.96529918024196,26.66952768777391,14.928237439799013
2.933333333333333,3,2,63.35175971082324,14.2637905808507,8.35975111250484,14.666666666666666,47.96529918024196,26.66952768777391,61.97804357052018
2.966666666666667,3,2,28.834345941335577,38.33490207666278,21.40372512938564,14.833333333333334,48.028174751911145,26.73978497923845,17.845487494808474
2.966666666666667,2,2,15.888927586876235,38.6315074937861,21.6386302169011,14.833333333333334,48.028174751911145,26.73978497923845,10.743994354863979
3.0,2,2,13.78557653071137,61.063793102551685,34.00060098036879,15.0,48.09016994374947,26.8098574960932,14.882758954105919
3.0,3,2,27.12069189539468,39.53187044805024,22.24377717950491,15.0,48.09016994374947,26.8098574960932,15.524327738704404
3.033333333333333,3,2,18.726483888639898,45.57259241664517,25.521779257329772,15.166666666666668,48.151277957285544,26.879743317264726,4.600650406131719
3.033333333333333,2,2,15.304160597409105,46.42803897505026,25.94018345735303,15.166666666666668,48.151277957285544,26.879743317264726,1.9675441294272413
3.0666666666666664,2,2,14.910953576571323,53.271768857453395,29.51157477090548,15.333333333333332,48.211492091337036,26.949440526797925,5.687647799701381
3.0666666666666664,3,2,12.547422986622479,50.18522797114599,27.99351643233787,15.333333333333332,48.211492091337036,26.949440526797925,3.570297505766834
3.1,3,2,1.3186761921819965,58.44271332269432,32.64384381863391,15.5,48.27080574274562,27.0189472139086,18.33622399980579
3.1,2,2,17.09366057201605,30.7503497843752,17.513318352909707,15.5,48.27080574274562,27.0189472139086,19.996577483435793
3.1333333333333333,2,2,15.578555093178277,49.2848036550085,27.621029936859035,15.666666666666668,48.329212407101,27.08826147303581,1.0976158337526765
3.1333333333333333,3,2,6.067325372429252,55.00180996554891,30.811015358322486,15.666666666666668,48.329212407101,27.08826147303581,12.269058967609281
3.1666666666666665,2,2,16.024557244488747,46.046762633663036,25.77931828889442,15.833333333333332,48.38670567945424,27.157381403894128,2.7223074754088454
3.1666666666666665,3,2,17.73014495503633,46.8850023836649,26.44958396375669,15.833333333333332,48.38670567945424,27.157381403894128,2.5207110768743872
3.2,3,2,15.74255915753308,48.78776006373437,27.44825342489514,16.0,48.44327925502015,27.22630511152573,0.4839461424063672
3.2,2,2,15.618964719737779,53.18739436214925,29.812357085521672,16.0,48.44327925502015,27.22630511152573,5.4165931032987285
3.2333333333333334,2,2,16.190307494389337,49.17177710264737,27.584634186859507,16.166666666666668,48.49892692986864,27.295030706352357,0.7329095576301591
3.2333333333333334,3,2,-10.81422064259111,67.66302958710578,37.88110796230074,16.166666666666668,48.49892692986864,27.295030706352357,34.746167304048065
3.2666666666666666,3,2,25.719173527442784,41.92580932343167,23.6308479652767,16.333333333333332,48.55364260160506,27.36355630422711,12.081195373649626
3.2666666666666666,2,2,16.925292939773705,40.523150504206455,23.090648543512064,16.333333333333332,48.55364260160506,27.36355630422711,9.11575341009274
3.3,2,2,16.03175613973394,55.20796868396157,31.12231208183838,16.499999999999996,48.607420270039434,27.431880026486112,7.576660242638469
3.3,3,2,11.904874970874573,51.964078004584266,29.308166777136208,16.499999999999996,48.607420270039434,27.431880026486112,5.99189261843365
3.3333333333333335,3,2,-6.9479022061255336,65.956370205052,36.91483032014837,16.666666666666668,48.66025403784439,27.5,30.7480491653466
3.3333333333333335,2,2,16.323378628896346,53.59159476223219,30.07456324413815,16.666666666666668,48.66025403784439,27.5,5.573539621725943
3.3666666666666667,2,2,16.600257376420885,52.88531925843165,29.9277202431681,16.833333333333332,48.712138111201895,27.567914357225288,4.799838446095332
3.3666666666666667,3,2,11.756956896983155,52.67126936042672,29.709584876314118,16.833333333333332,48.712138111201895,27.567914357225288,6.784620150344017
3.4,3,2,47.72531500991644,26.360724291480114,15.272322464916565,17.0,48.76306680043864,27.635621236255567,39.98451061169411
3.4,2,2,16.517255311035765,55.88266564889699,31.543000777205762,17.0,48.76306680043864,27.635621236255567,8.135683442386929
3.433333333333333,2,2,16.70877096839409,56.50159767958482,32.16644031942835,17.166666666666668,48.81303452064992,27.70311878087255,8.90196108034424
3.433333333333333,3,2,11.639513581514777,52.984829168820966,30.085732756539652,17.166666666666668,48.81303452064992,27.70311878087255,7.323260282842392
3.466666666666667,3,2,23.041113166926394,44.54375540911084,25.363865393686808,17.333333333333336,48.86203579231215,27.770405140596953,7.551008518745771
3.466666666666667,2,2,17.335731669048236,48.74625981439621,27.61455854745856,17.333333333333336,48.86203579231215,27.770405140596953,0.1941597014558804
3.5,2,2,17.921180378651222,39.34406702055351,22.35696164331836,17.5,48.91006524188368,27.83747847073923,11.032759381836263
3.5,3,2,19.096424896962567,47.6359883623559,27.00118151007592,17.5,48.91006524188368,27.83747847073923,2.2070878897325024
3.533333333333333,3,2,2.160730509769749,60.56856454429006,34.32280443083547,17.666666666666668,48.95711760239413,27.904336932450164,20.40726540264658
3.533333333333333,2,2,18.089168515511428,39.108431415458355,22.41743995710353,17.666666666666668,48.95711760239413,27.904336932450164,11.281895489636694
3.5666666666666664,2,2,17.399614272316253,58.634540159032255,33.314132689133096,17.833333333333332,49.003187714021934,27.97097869277124,11.022720026052259
3.5666666666666664,3,2,11.017477582401568,54.31423877657817,30.828043801291845,17.833333333333332,49.003187714021934,27.97097869277124,9.100877652233063
3.6,3,2,21.9969378533307,46.24451698380217,26.52720749869955,18.0,49.0482705246602,28.03740192468495,5.1105022576591335
3.6,2,2,17.964033023735336,54.144233187238314,30.844398043600563,18.0,49.0482705246602,28.03740192468495,5.818019963301878
3.6333333333333333,2,2,18.23071775230234,49.90678268741331,28.366844991328595,18.166666666666668,49.09236109047069,28.103604807164825,0.8583009225768405
3.6333333333333333,3,2,5.280541502043334,59.144977138915976,33.531102357198336,18.166666666666668,49.09236109047069,28.103604807164825,17.22106387048774
3.6666666666666665,3,2,11.998861242006157,53.94970373645558,30.81910121460372,18.333333333333332,49.13545457642601,28.169585525225404,8.385849094689828
3.6666666666666665,2,2,18.45253581822049,46.003877331208315,26.44695563163735,18.333333333333332,49.13545457642601,28.169585525225404,3.5760927036993437
3.6999999999999997,2,2,18.492229979206876,49.340739328598545,28.47560989341389,18.5,49.17754625683981,28.235342269971976,0.2905527194290246
3.6999999999999997,3,2,17.00722819778872,50.33382122017243,28.962362272577607,18.5,49.17754625683981,28.235342269971976,2.0233382140649785
3.7333333333333334,3,2,14.363987061127503,52.629865144204,30.098081022315625,18.666666666666668,49.21863151588501,28.300873238650162,5.77750140394312
3.7333333333333334,2,2,18.8090992794286,49.472472166030656,28.27257805029152,18.666666666666668,49.21863151588501,28.300873238650162,0.2924427166622669
3.7666666666666666,3,2,15.176852241053396,52.042553955223916,29.90793241067431,18.833333333333332,49.25870584809995,28.36617663469535,4.847336911594122
3.7666666666666666,2,2,18.899146421400847,46.78648310086005,27.07030768521947,18.833333333333332,49.25870584809995,28.36617663469535,2.7920410112939047
3.8,3,2,23.92212661366211,45.53275963944104,26.497445857948914,19.0,49.297764858882516,28.43125066778196,6.491702068477557
3.8,2,2,19.068942137396554,44.26174797300517,25.541951198319364,19.0,49.297764858882516,28.43125066778196,5.806399100766963
3.8333333333333335,3,2,25.716327167169993,44.18856125988226,25.78983720233622,19.166666666666668,49.33580426497202,28.49609355387249,8.758766275311226
3.8333333333333335,2,2,19.020252065899008,64.8993228890026,37.57924492127015,19.166666666666668,49.33580426497202,28.49609355387249,18.02077101455215
3.8666666666666667,3,2,19.05937055130959,49.722410585695165,28.781721259831002,19.333333333333332,49.37281989491891,28.560703515266475,0.4961029131379861
3.8666666666666667,2,2,19.342205367911895,51.01515427024738,29.531436806979436,19.333333333333332,49.37281989491891,28.560703515266475,1.9077903545785602
3.9,2,2,19.603918750730518,45.008772955967174,26.112331211724054,19.5,49.40880768954226,28.62507878064918,5.068037599363255
3.9,3,2,33.010069803614634,38.871172899848766,22.70659062182276,19.5,49.40880768954226,28.62507878064918,18.12711326013238
3.933333333333333,3,2,37.49235228764102,35.69562599605406,20.766463505512544,19.666666666666664,49.44376370237481,28.689217585140184,23.86496156410118
3.933333333333333,2,2,19.670199730990266,39.92037783380292,23.353581855042453,19.666666666666664,49.44376370237481,28.689217585140184,10.91622185229642
3.966666666666667,3,2,1.3804407941067751,63.5537261705153,36.943003311678716,19.833333333333332,49.47768410009586,28.753118170341764,24.611347424729775
3.966666666666667,2,2,19.942733931741028,44.16042320679864,25.767079546453633,19.833333333333332,49.47768410009586,28.753118170341764,6.0993162372245955
4.0,2,2,19.968671924302516,54.801085493028154,31.775476774387034,20.0,49.510565162951536,28.816778784387097,6.061722577560819
4.0,3,2,23.438209417518777,46.97484691291173,27.320398230291424,20.0,49.510565162951536,28.816778784387097,4.526621897726319
4.033333333333333,2,2,20.27521989894693,55.06859816337517,32.109440934981826,20.166666666666664,49.54240328516277,28.880197681988292,6.401454961430544
4.033333333333333,3,2,20.43876541162397,49.18702788341879,28.74893952367053,20.166666666666664,49.54240328516277,28.880197681988292,0.4664312460556265
4.066666666666666,3,2,22.255083422127562,48.17877789404066,28.037507786370806,20.333333333333332,49.573194975320675,28.943373124484236,2.5412820408489636
4.066666666666666,2,2,20.24614676578347,47.99021872485618,27.99251699795135,20.333333333333332,49.573194975320675,28.943373124484236,1.8486596983925658
4.1,2,2,20.631957812755843,50.05072108028092,29.10213905357503,20.5,49.60293685676943,29.00630337988826,0.4765585499433328
4.1,3,2,20.065020598455128,49.72288866170027,29.14659210490581,20.5,49.60293685676943,29.00630337988826,0.4725213663333655
4.133333333333333,2,2,20.597203099653925,47.3095720483912,27.909454598202856,20.666666666666664,49.63162566797658,29.06898672293562,2.596396146133897
4.133333333333333,3,2,20.31537396475627,49.84763542982372,29.186219608541652,20.666666666666664,49.63162566797658,29.06898672293562,0.4287310684989847
4.166666666666667,3,2,20.025132264810196,50.466612515608894,29.570550307734884,20.833333333333336,49.65925826289068,29.13142143513081,1.223864381089119
4.166666666666667,2,2,20.6320213050042,41.49668111798812,24.40924475583863,20.833333333333336,49.65925826289068,29.13142143513081,9.43223964759625
4.2,3,2,32.042315326598555,40.8097577422544,24.24831058780191,21.000000000000004,49.68583161128631,29.193605804794647,15.005777550122342
4.2,2,2,21.34355546214734,59.33212690354944,34.687826709894416,21.000000000000004,49.68583161128631,29.193605804794647,11.106552416260607
4.233333333333333,2,2,21.342696239077355,52.452657554542284,30.872247741989778,21.166666666666668,49.71134279909636,29.25553812711123,3.187403798960746
4.233333333333333,3,2,8.436453636694637,59.88448714593593,35.17142488900407,21.166666666666668,49.71134279909636,29.25553812711123,17.336346381796904
4.266666666666667,3,2,30.691339777824055,42.18487131802588,24.794501901928772,21.333333333333332,49.7357890287316,29.317216704174655,12.84692928568665
4.266666666666667,2,2,21.870350516123136,68.18286377764669,39.78708764901486,21.333333333333332,49.7357890287316,29.317216704174655,21.217944100413714
4.3,2,2,21.265911022782223,44.1923003768121,26.044864482699996,21.5,49.75916761938747,29.378639845035575,6.492985962731576
4.3,3,2,7.223192437909233,60.83344757160023,35.780239509215704,21.5,49.75916761938747,29.378639845035575,19.168917259078164
4.333333333333333,3,2,47.587658720362604,28.90678456825367,17.205388320112995,21.666666666666664,49.78147600733806,29.43980586574756,35.45887116654564
4.333333333333333,2,2,21.531896899455834,48.78182247473042,28.813023767225996,21.666666666666664,49.78147600733806,29.43980586574756,1.187571418667562
4.366666666666666,2,2,22.143089280604684,56.400915037809895,33.2831534243672,21.833333333333332,49.80271174621722,29.500713089413253,7.611773138470491
4.366666666666666,3,2,36.128447222586914,38.284781325821605,22.710756170819973,21.833333333333332,49.80271174621722,29.500713089413253,19.573362440627264
4.4,3,2,8.62177813870629,60.49101812851635,35.91782393643286,22.000000000000004,49.82287250728689,29.561359846230346,18.25351437109546
4.4,2,2,21.903982349665664,47.99268250893378,28.501548830048957,22.000000000000004,49.82287250728689,29.561359846230346,2.117076807597423
4.433333333333334,2,2,21.603982360310447,39.4450622541175,23.63513522497491,22.166666666666668,49.84195607969242,29.62174447353737,12.010474809260083
4.433333333333334,3,2,24.193791439037746,48.268448804389294,28.718351061398028,22.166666666666668,49.84195607969242,29.62174447353737,2.720529295061741
4.466666666666667,3,2,31.19812504043903,42.5250304237817,25.36061681835284,22.333333333333332,49.859960370705046,29.681865315859255,12.290602829554144
4.466666666666667,2,2,21.89842880472773,42.78255949641162,25.507008946463657,22.333333333333332,49.859960370705046,29.681865315859255,8.228497480678595
4.5,2,2,22.51688597479847,50.612918207288175,30.217612093414864,22.5,49.876883405951375,29.741720724952756,0.8766441464474249
4.5,3,2,17.461748925265283,53.854448705874916,32.152823340198864,22.5,49.876883405951375,29.741720724952756,6.856997552024355
4.533333333333333,2,2,22.773232046628753,52.44514345525312,31.35477245409415,22.666666666666664,49.89272332962988,29.801309059851583,2.989891836696544
4.533333333333333,3,2,36.44682060038668,38.56396833291011,23.08079962802277,22.666666666666664,49.89272332962988,29.801309059851583,19.063016005764208
4.566666666666666,3,2,21.729674825071122,50.72143440124023,30.190635995217598,22.833333333333332,49.90747840471444,29.860628686911436,1.410493279202471
4.566666666666666,2,2,22.82459660374378,49.23752923534444,29.370294303289924,22.833333333333332,49.90747840471444,29.860628686911436,0.8302626257666678
4.6,2,2,23.645596051616497,57.444337647194786,34.37836759147426,23.0,49.921147013144775,29.919677979854775,8.768985382065823
4.6,3,2,52.05478026120025,26.037443262611532,15.71555259997832,23.0,49.921147013144775,29.919677979854775,40.20408858159973
4.633333333333333,3,2,28.944577700655437,44.94409080351936,27.00404496256361,23.166666666666664,49.93372765600397,29.97845531981541,8.1931586588866
4.633333333333333,2,2,23.565050938806213,57.45899541884545,34.31029714365376,23.166666666666664,49.93372765600397,29.97845531981541,8.69213544058677
4.666666666666667,2,2,23.50834794857587,52.33257773246109,31.550415125103324,23.333333333333332,49.94521895368273,30.036959095382873,2.8320771896358634
4.666666666666667,3,2,31.850754146170736,42.93994781752744,26.00904067997977,23.333333333333332,49.94521895368273,30.036959095382873,11.740715811020626
4.7,3,2,16.549467867275652,55.915650137064866,33.38051758854095,23.5,49.9556196460308,30.095187702646598,9.727551225320793
4.7,2,2,23.486171036256753,50.14232427173468,30.24653705863106,23.5,49.9556196460308,30.095187702646598,0.2407415316357981
4.733333333333333,2,2,23.53884557514249,48.05215367045207,29.021677486963462,23.666666666666668,49.96492859249504,30.15313954523991,2.226039649951029
4.733333333333333,3,2,12.270677873753186,59.185443115806784,35.91078071572211,23.666666666666668,49.96492859249504,30.15313954523991,15.749186661248386
4.766666666666667,3,2,34.730425377640394,40.62009746039503,24.845238247703467,23.833333333333336,49.97314477224458,30.21081303438377,15.33021532240352
4.766666666666667,2,2,24.131301709529268,54.20285064262559,32.58585862297914,23.833333333333336,49.97314477224458,30.21081303438377,4.860045107923871
4.8,2,2,24.61978099308328,56.93379550768536,34.41981074412992,24.0,49.98026728428272,30.26820658893033,8.12228417962059
4.8,3,2,3.492719259848485,67.37794239083175,40.55101579408785,24.0,49.98026728428272,30.26820658893033,28.79173193154759
4.833333333333333,3,2,31.66593554271273,43.58575517625836,26.51721426168129,24.166666666666664,49.986295347545735,30.32531863540631,10.569181949454759
4.833333333333333,2,2,24.141200651802702,50.48335341274081,30.545984997238968,24.166666666666664,49.986295347545735,30.32531863540631,0.5444344600895382
4.866666666666666,2,2,24.714863705725595,53.366737224875465,32.47270888928864,24.333333333333332,49.99122830098858,30.3821476080561,3.9887432094440975
4.866666666666666,3,2,50.37751177599752,27.923805037528204,17.141263412744813,24.333333333333332,49.99122830098858,30.3821476080561,36.61408765100792
4.9,3,2,54.55097739579946,24.494536229611157,15.140269026235952,24.500000000000004,49.995065603657316,30.438691948884717,42.27741695893525
4.9,2,2,24.25763815829802,47.53826557152006,28.957500389722053,24.500000000000004,49.995065603657316,30.438691948884717,2.878981433625014
4.933333333333334,2,2,23.53743175062399,39.30461515917234,24.020783743545604,24.666666666666668,49.99780683474846,30.49495010770048,12.551268852868008
4.933333333333334,3,2,5.32819671559966,66.43578068961682,40.47960127762222,24.666666666666668,49.99780683474846,30.49495010770048,27.27410243228321
4.966666666666667,1,2,29.372867825800625,50.9018555578725,25.397051820888954,24.833333333333336,49.99945169365512,30.55092054215756,6.9270534095332055
4.966666666666667,2,2,24.027157500293757,42.35743267645263,26.031294736848476,24.833333333333336,49.99945169365512,30.55092054215756,8.915009341166014
4.966666666666667,3,2,25.85577264660082,48.979894982294184,29.9832658871005,24.833333333333336,49.99945169365512,30.55092054215756,1.5514863339404426
5.0,3,2,32.92843247643309,42.869270251209805,26.52155137246089,25.0,50.0,30.606601717798213,11.419062334867123
5.0,2,2,25.62870755326989,55.79408350590795,34.17037581023556,25.0,50.0,30.606601717798213,6.83133681228651
5.0,1,2,24.500297930559462,49.87358220215271,31.17841706238191,25.0,50.0,30.606601717798213,0.7698418059037109
5.033333333333333,1,2,24.042619580261952,49.76042335338369,31.936908543203774,25.166666666666664,49.99945169365512,30.661992108094886,1.7163998125199709
5.033333333333333,3,2,34.48261605360442,41.998479000811315,25.93989811899898,25.166666666666664,49.99945169365512,30.661992108094886,13.156771969349997
5.033333333333333,2,2,25.448320253779606,53.441410771043905,32.671687232337035,25.166666666666664,49.99945169365512,30.661992108094886,3.995658334486988
5.066666666666666,1,2,19.90747490094079,48.87225300800847,37.048989180701945,25.33333333333333,49.99780683474846,30.717090194492048,8.414259083057768
5.066666666666666,2,2,26.816865956412784,62.04694233731847,38.14207772998217,25.33333333333333,49.99780683474846,30.717090194492048,14.230705369208433
5.066666666666666,3,2,38.779327311489006,38.284444042270216,23.695337191625153,25.33333333333333,49.99780683474846,30.717090194492048,19.165141199638544
5.1,1,2,29.506179896054412,50.81370445632402,26.036739867378643,25.5,49.995065603657316,30.771894466447833,6.256303701686172
5.1,3,2,8.913119173134504,64.42436767239421,39.53684936355439,25.5,49.995065603657316,30.771894466447833,23.667568698618055
5.1,2,2,25.573701910557872,50.43267931575646,31.01027271778137,25.5,49.995065603657316,30.771894466447833,0.5037478767656562
5.133333333333333,2,2,26.48690593954864,56.604681784012726,34.80673376170062,25.666666666666664,49.99122830098858,30.826403421475433,7.7623185359929225
5.133333333333333,3,2,26.705656769769035,49.11958192689737,30.27320463250378,25.666666666666664,49.99122830098858,30.826403421475433,1.4646831520607921
5.133333333333333,1,2,27.47527654987668,50.35084532281101,28.68030839788099,25.666666666666664,49.99122830098858,30.826403421475433,2.8295084312166687
5.166666666666667,1,2,23.37840304184273,49.465013924012894,33.716995624038155,25.833333333333336,49.986295347545735,30.880615565184314,3.787277240559805
5.166666666666667,2,2,27.220880797820133,60.069495466562074,37.03364484050544,25.833333333333336,49.986295347545735,30.880615565184314,11.893526889417355
5.166666666666667,3,2,3.8926856731108757,68.84405967545048,42.49179976978618,25.833333333333336,49.986295347545735,30.880615565184314,31.174138221128388
5.2,1,2,26.56219353005742,50.04935441725327,30.23775208515626,26.0,49.98026728428272,30.934529411321172,0.8979606001590715
5.2,2,2,27.11097792100049,57.59964905950203,35.50361187341478,26.0,49.98026728428272,30.934529411321172,8.953533666821505
5.2,3,2,28.4930940864893,48.02776730050345,29.532521867556436,26.0,49.98026728428272,30.934529411321172,3.4631487787155772
5.233333333333333,1,2,27.11044807705355,50.144468255028514,30.033147471188997,26.166666666666664,49.97314477224458,30.98814348181068,1.3535481028202914
5.233333333333333,3,2,54.60671569470993,25.10807092325714,15.800734103428688,26.166666666666664,49.97314477224458,30.98814348181068,40.7156688494696
5.233333333333333,2,2,25.466997207733684,45.347499142033485,28.12056973589544,26.166666666666664,49.97314477224458,30.98814348181068,5.487177237552743
5.266666666666667,3,2,16.24887351006035,58.97132331721739,36.526110442956686,26.333333333333332,49.96492859249504,31.041456306796015,14.590850107448087
5.266666666666667,2,2,26.084939874902428,48.56714502386443,30.167143217969457,26.333333333333332,49.96492859249504,31.041456306796015,1.6673096869563369
5.266666666666667,1,2,21.919859135591732,49.09571739774548,36.432917837063584,26.333333333333332,49.96492859249504,31.041456306796015,7.021548264276472
5.3,3,2,30.809743706134334,46.00526129252095,28.62362509243503,26.5,49.9556196460308,31.094466424679148,6.346989744976388
5.3,2,2,26.740804236549266,50.86817737282149,31.810808522598695,26.5,49.9556196460308,31.094466424679148,1.1848604501447644
5.3,1,2,27.358134950451888,50.11696369593177,30.01827995559105,26.5,49.9556196460308,31.094466424679148,1.3858588715572073
5.333333333333333,3,2,29.530027099120908,47.359763096983265,29.815369071426197,26.666666666666668,49.94521895368273,31.14717238216091,4.081312902923526
5.333333333333333,1,2,29.61473743285501,50.55152052952332,27.51274208895185,26.666666666666668,49.94521895368273,31.14717238216091,4.718877663122535
5.333333333333333,2,2,25.630366535950287,42.33413487787722,26.597876142108113,26.666666666666668,49.94521895368273,31.14717238216091,8.927408081277655
5.366666666666666,2,2,27.327920913792404,53.585646861741424,33.41629862222504,26.833333333333332,49.93372765600397,31.19957273428087,4.30058187019621
5.366666666666666,1,2,30.155596523967553,50.67034861139702,27.061586319366164,26.833333333333332,49.93372765600397,31.19957273428087,5.35751572184216
5.366666666666666,3,2,8.133353478087727,66.41898641156695,41.21747351439923,26.833333333333332,49.93372765600397,31.19957273428087,26.86654683551188
5.4,1,2,26.1083619767952,49.77492160998372,32.27280837995503,27.0,49.921147013144775,31.251666044456893,1.3634998724975236
5.4,2,2,28.103755772805698,57.70253195730777,36.22031010747624,27.0,49.921147013144775,31.251666044456893,9.298153165022923
5.4,3,2,30.059232040997458,47.146257315808334,29.45478640737803,27.0,49.921147013144775,31.251666044456893,4.504185824674429
5.433333333333334,3,2,13.4070673447184,61.98791360888376,38.87136317157643,27.166666666666668,49.90747840471444,31.303450884524565,19.812541094145477
5.433333333333334,1,2,26.417571742722597,49.68864054535,32.260506718094156,27.166666666666668,49.90747840471444,31.303450884524565,1.2349044830834361
5.433333333333334,2,2,26.545556391549315,46.23003993860385,29.022680672811596,27.166666666666668,49.90747840471444,31.303450884524565,4.37164092813252
5.466666666666667,1,2,30.713393709445114,50.64824693269577,27.04706844616402,27.333333333333332,49.89272332962988,31.354925834776346,5.5275002796537605
5.466666666666667,3,2,27.359268730668546,49.92911643632883,31.11975628244235,27.333333333333332,49.89272332962988,31.354925834776346,0.23937798853509687
5.466666666666667,2,2,29.724535758258096,65.00237719512369,40.756941931389896,27.333333333333332,49.89272332962988,31.354925834776346,17.955984953574067
5.5,2,2,27.02386589613829,47.628905823991204,30.080280574352813,27.500000000000004,49.876883405951375,31.406089484000468,2.652899575701425
5.5,1,2,29.89677755833339,50.403399211323844,28.300098077396004,27.500000000000004,49.876883405951375,31.406089484000468,3.958401719802873
5.5,3,2,36.25957706958789,42.04483392129485,26.45192027235802,27.500000000000004,49.876883405951375,31.406089484000468,12.752057957276715
5.533333333333333,2,2,27.404466697693344,48.29084571401489,30.508033117954575,27.666666666666668,49.85996037070505,31.456940429519634,1.8523754250991131
5.533333333333333,1,2,26.404453060524535,49.50652856118642,33.151268294175395,27.666666666666668,49.85996037070505,31.456940429519634,2.1421587579959835
5.533333333333333,3,2,21.75054798009863,55.2379136027338,34.57382376071927,27.666666666666668,49.85996037070505,31.456940429519634,8.581247169249822
5.566666666666666,2,2,27.418462728480108,47.930543835592175,30.52804467905193,27.833333333333332,49.84195607969242,31.50747727722949,2.187442022098065
5.566666666666666,3,2,34.71669764547581,43.572107654034994,27.514952384510977,27.833333333333332,49.84195607969242,31.50747727722949,10.130743237955082
5.566666666666666,1,2,26.52488682084388,49.56362569519069,33.386305573532525,27.833333333333332,49.84195607969242,31.50747727722949,2.3064032270987784
5.6,2,2,26.97087675664788,44.390656646032525,28.17730953443158,27.999999999999996,49.82287250728689,31.557698641636836,6.480362206650414
5.6,3,2,13.975847930189985,62.73400817543907,39.51696705077407,27.999999999999996,49.82287250728689,31.557698641636836,20.657304256056207
5.6,1,2,29.48784530533136,50.17226862236814,29.50337408793723,27.999999999999996,49.82287250728689,31.557698641636836,2.5604707906483766
5.633333333333333,1,2,26.718680953622055,49.46055417326444,33.57820817512855,28.16666666666666,49.80271174621722,31.607603145897592,2.469214168746928
5.633333333333333,3,2,17.20180240623816,59.780560489830116,37.88060496282732,28.16666666666666,49.80271174621722,31.607603145897592,16.09770994878599
5.633333333333333,2,2,28.817694245190758,53.05181182943177,33.52689628099457,28.16666666666666,49.80271174621722,31.607603145897592,3.829383030877707
5.666666666666667,3,2,27.463823318495933,50.19369424950301,32.1724903056032,28.333333333333332,49.78147600733806,31.65718942185456,1.0915615172166084
5.666666666666667,2,2,28.304849255749833,49.88869672013783,31.84406666395655,28.333333333333332,49.78147600733806,31.65718942185456,0.21732631581269587
5.666666666666667,1,2,26.994997743767044,49.43280243379717,33.44833621358565,28.333333333333332,49.78147600733806,31.65718942185456,2.2629454789530574
5.7,1,2,32.630132628030545,50.777955694715594,26.103664416868945,28.500000000000004,49.759167619387476,31.706456110074946,7.034713883663741
5.7,3,2,21.558721877576133,55.99167785727422,35.75936778242007,28.500000000000004,49.759167619387476,31.706456110074946,10.171116893539011
5.7,2,2,30.87619018683094,62.53862801018799,39.68875397980016,28.500000000000004,49.759167619387476,31.706456110074946,15.253785332338023
5.733333333333333,3,2,22.327052604657453,55.525518245758605,35.55622324961854,28.666666666666668,49.7357890287316,31.7554018598876,9.389244596790379
5.733333333333333,2,2,29.602599751834227,54.40430694003176,34.66993356116521,28.666666666666668,49.7357890287316,31.7554018598876,5.582609180821617
5.733333333333333,1,2,29.30031985035273,49.875121616363764,30.7082145400958,28.666666666666668,49.7357890287316,31.7554018598876,1.2318811671198189
5.766666666666667,1,2,27.872312194543003,49.46639458645693,33.095910646100634,28.833333333333332,49.71134279909636,31.804025329420057,1.6286586282987567
5.766666666666667,3,2,32.00850785768412,46.92287361494508,30.0609123719084,28.833333333333332,49.71134279909636,31.804025329420057,4.57118545168456
5.766666666666667,2,2,29.71965006575835,53.96502293087286,34.185430592007805,28.833333333333332,49.71134279909636,31.804025329420057,4.954840364565479
5.8,2,2,28.63426080047799,47.9482517486025,30.842703384136826,28.999999999999996,49.68583161128631,31.852325185635355,2.04261722389008
5.8,3,2,18.942301185896504,58.886013884384155,37.615806733475864,28.999999999999996,49.68583161128631,31.852325185635355,14.799269537573151
5.8,1,2,30.263467778052334,49.97208946809673,30.022739405677257,28.999999999999996,49.68583161128631,31.852325185635355,2.2418025142699545
5.833333333333333,2,2,26.981088284669067,38.772155855814944,25.058255070639362,29.166666666666664,49.65925826289069,31.900300104368526,13.042980178225665
5.833333333333333,1,2,33.91391259540573,50.84625898132538,25.143908211562596,29.166666666666664,49.65925826289069,31.900300104368526,8.342310592555746
5.833333333333333,3,2,31.71312835237046,47.278892798853846,30.5214848204417,29.166666666666664,49.65925826289069,31.900300104368526,3.748564851556788
5.866666666666666,3,2,22.434534890906335,55.90776167642585,35.89827547259795,29.333333333333332,49.63162566797658,31.94794877036294,10.12859240961831
5.866666666666666,2,2,29.130825585952365,48.92234981181052,31.56567977945219,29.333333333333332,49.63162566797658,31.94794877036294,0.8307895096240286
5.866666666666666,1,2,29.966392408804328,49.837104942703895,31.06973334589113,29.333333333333332,49.63162566797658,31.94794877036294,1.1019291525133819
5.9,1,2,27.938968254357228,49.17476225578952,34.423325630126016,29.500000000000004,49.60293685676943,31.99526987730636,2.918151527701992
5.9,3,2,40.00048100244424,39.9405070240204,25.755034451317933,29.500000000000004,49.60293685676943,31.99526987730636,15.57444027011089
5.9,2,2,28.234561894691243,43.0173664755921,27.89609532912794,29.500000000000004,49.60293685676943,31.99526987730636,7.859663022053893
5.933333333333334,1,2,26.19864397248821,48.65829664129152,36.99353002883437,29.666666666666668,49.573194975320675,32.04226212786672,6.113859190077797
5.933333333333334,3,2,28.563556336995283,50.53650047399712,32.85613892444793,29.666666666666668,49.573194975320675,32.04226212786672,1.6754716718647575
5.933333333333334,2,2,31.248749018389105,56.787218782236664,36.840949385019805,29.666666666666668,49.573194975320675,32.04226212786672,8.807526522602453
5.966666666666667,2,2,29.70910953873514,49.326606610381546,31.936291932112123,29.833333333333336,49.54240328516277,32.08892423372774,0.2920554322170496
5.966666666666667,1,2,34.51049834300715,50.807351841033416,25.16413991756196,29.833333333333336,49.54240328516277,32.08892423372774,8.451544545355707
5.966666666666667,3,2,25.26874813454051,53.70721033440003,34.87758849564263,29.833333333333336,49.54240328516277,32.08892423372774,6.779211175357812
6.0,2,2,32.793211374002375,62.24402315690624,40.412708676469684,30.0,49.510565162951536,32.135254915624216,15.44212495178691
6.0,3,2,38.53458161439434,41.452440780189036,27.014419823074334,30.0,49.510565162951536,32.135254915624216,12.806069027844563
6.0,1,2,24.49174816483191,47.981308083184054,40.40690125965745,30.0,49.510565162951536,32.135254915624216,10.054829622445624
6.033333333333333,1,2,32.49379023143167,50.11186255130486,28.59070125278479,30.166666666666664,49.47768410009586,32.18125290337709,4.325476569030694
6.033333333333333,3,2,34.70373457067206,45.29569342642777,29.545789813504843,30.166666666666664,49.47768410009586,32.18125290337709,6.709671889018255
6.033333333333333,2,2,31.48690043604448,55.14294194165129,35.74839396878461,30.166666666666664,49.47768410009586,32.18125290337709,6.82368368241286
6.066666666666666,2,2,31.82730241140333,55.86200172545651,36.32617947426367,30.333333333333336,49.44376370237481,32.226916935928315,7.760778072162648
6.066666666666666,3,2,36.04235962055479,44.01749876984474,28.840590098780986,30.333333333333336,49.44376370237481,32.226916935928315,8.573478973799105
6.066666666666666,1,2,28.378367818023364,48.912587266193164,35.27873655563893,30.333333333333336,49.44376370237481,32.226916935928315,3.663009904935619
6.1,2,2,31.024781656539627,51.101540672894714,33.48965887213549,30.5,49.40880768954226,32.27224576137535,2.1500780037525304
6.1,1,2,27.93789045029738,48.663817757187644,36.15620767404045,30.5,49.40880768954226,32.27224576137535,4.712173116834761
6.1,3,2,22.48886968631283,56.69094857818529,36.868905019393466,30.5,49.40880768954226,32.27224576137535,11.761677650711563
6.133333333333333,3,2,38.341324924527314,42.19771585771263,27.637333365786247,30.666666666666664,49.37281989491892,32.31723813700556,11.501478426157393
6.133333333333333,1,2,28.583686187998204,48.76148779638283,35.369157846213994,30.666666666666664,49.37281989491892,32.31723813700556,3.7452301024996206
6.133333333333333,2,2,31.132891123426635,50.93300339024701,33.37999377838403,30.666666666666664,49.37281989491892,32.31723813700556,1.9444761084819417
6.166666666666667,1,2,30.517726680359882,49.24321183545714,32.8258202753016,30.833333333333336,49.33580426497202,32.36189282933024,0.5686911222536253
6.166666666666667,3,2,26.05211678759042,53.75811776920575,35.10579854251924,30.833333333333336,49.33580426497202,32.36189282933024,7.067241820532607
6.166666666666667,2,2,31.999303216791844,54.41471356564314,35.505391013461306,30.833333333333336,49.33580426497202,32.36189282933024,6.085752729713161
6.2,2,2,32.69734666907648,56.35061094984964,37.027880707185005,31.0,49.297764858882516,32.40620861411843,8.601364812268205
6.2,1,2,33.23973599075629,50.000832057589186,28.68261678122188,31.0,49.297764858882516,32.40620861411843,4.401801555295302
6.2,3,2,14.894121836135,64.64664766379352,42.367570043419065,31.0,49.297764858882516,32.40620861411843,24.37655095195615
6.233333333333333,2,2,29.756463805975567,43.842468506699475,28.895240669268908,31.166666666666664,49.25870584809995,32.45018427643051,6.630378804923698
6.233333333333333,3,2,27.375044366691547,52.92049845071505,34.724780474745046,31.166666666666664,49.25870584809995,32.45018427643051,5.740985333165571
6.233333333333333,1,2,29.90156927969311,48.89452581477315,34.41958745417837,31.166666666666664,49.25870584809995,32.45018427643051,2.368891591382895
6.266666666666667,2,2,32.300057340508445,53.02008879811439,34.89223183989779,31.333333333333336,49.21863151588501,32.493818610651495,4.597610117537927
6.266666666666667,3,2,48.211302674708264,33.2253485032532,22.118648088564996,31.333333333333336,49.21863151588501,32.493818610651495,25.461640048765553
6.266666666666667,1,2,32.73499450531159,49.663153268140185,30.232451908772283,31.333333333333336,49.21863151588501,32.493818610651495,2.697412276539782
6.3,1,2,36.366995900867686,50.69718073593966,24.53145046393046,31.5,49.17754625683981,32.53711042052405,9.491445063305061
6.3,2,2,36.58234065581854,69.2024532154755,45.70034472770118,31.5,49.17754625683981,32.53711042052405,24.496894143328596
6.3,3,2,30.224469480733717,50.541515746686464,33.43583838328222,31.5,49.17754625683981,32.53711042052405,2.072462985400631
6.333333333333333,2,2,31.67340443133633,48.42027215929919,32.10269450243052,31.666666666666664,49.135454576426014,32.58005851918136,0.8598881855965943
6.333333333333333,3,2,20.754390092047792,59.50270495445923,39.286708926657305,31.666666666666664,49.135454576426014,32.58005851918136,16.478374316961702
6.333333333333333,1,2,26.37999180156506,47.39257286960928,41.623586169568554,31.666666666666664,49.135454576426014,32.58005851918136,10.619414302896901
6.366666666666666,1,2,30.480886789879808,48.682004449828426,34.866838107513765,31.83333333333333,49.09236109047069,32.62266172917959,2.6521372216557104
6.366666666666666,3,2,34.70453544498519,46.31183490858297,30.79425339684373,31.83333333333333,49.09236109047069,32.62266172917959,4.395247938839446
6.366666666666666,2,2,31.347160251307713,47.20142531786776,31.234657144717552,31.83333333333333,49.09236109047069,32.62266172917959,2.3955289788026697
6.4,3,2,20.41269965495359,59.99893356925361,39.769660854532816,32.0,49.0482705246602,32.66491888253023,17.454509700683996
6.4,2,2,30.48767131787259,43.8328131316801,29.111751072305648,32.0,49.0482705246602,32.66491888253023,6.489463409897012
6.4,1,2,28.521956596373087,47.93133563984554,38.39378126509902,32.0,49.0482705246602,32.66491888253023,6.794423717493661
6.433333333333334,1,2,33.82233974641818,49.55629815746058,29.790008358642023,32.166666666666664,49.003187714021934,32.706828820732056,3.3992684680268908
6.433333333333334,3,2,25.9236352526194,55.28749851148069,36.76781724479246,32.166666666666664,49.003187714021934,32.706828820732056,9.744723208803334
6.433333333333334,2,2,29.149523288856734,37.89504129279962,25.497175788939508,32.166666666666664,49.003187714021934,32.706828820732056,13.582089968646649
6.466666666666667,2,2,34.83228499854672,58.103269657743425,38.62709850626076,32.333333333333336,48.95711760239413,32.74839039480296,11.155987894595558
6.466666666666667,3,2,28.039824706217473,53.17889939806848,35.582990988572426,32.333333333333336,48.95711760239413,32.74839039480296,6.6552699710533085
6.466666666666667,1,2,29.602285742313967,48.040706137289106,37.386763446691205,32.333333333333336,48.95711760239413,32.74839039480296,5.460122295908004
6.5,1,2,29.558322754516944,47.91210592060119,37.80913255586004,32.5,48.91006524188368,32.78960246531138,5.9029712987148075
6.5,3,2,35.15595554432753,46.50806807541378,31.158766930717583,32.5,48.91006524188368,32.78960246531138,3.934884341637937
6.5,2,2,32.5410361808446,49.38862450636098,33.11358959948267,32.5,48.91006524188368,32.78960246531138,0.5793708664265877
6.533333333333333,2,2,33.23751039007622,51.134847128480686,34.39307865881058,32.666666666666664,48.86203579231215,32.8304639024076,2.816611226864765
6.533333333333333,3,2,37.65659813556404,43.968328547606994,29.383357599583547,32.666666666666664,48.86203579231215,32.8304639024076,7.792966606122558
6.533333333333333,1,2,29.89836192376542,47.90876055030065,37.79019363817732,32.666666666666664,48.86203579231215,32.8304639024076,5.759441282666226
6.566666666666666,1,2,32.83582032848931,48.83960531093239,32.78657720250532,32.83333333333333,48.81303452064992,32.87097358585467,0.0885152052677471
6.566666666666666,3,2,35.169145090287394,46.275757807789574,31.225244086989022,32.83333333333333,48.81303452064992,32.87097358585467,3.8212845045854444
6.566666666666666,2,2,36.77855234684544,62.834541301904736,42.29268378616713,32.83333333333333,48.81303452064992,32.87097358585467,17.347507849256736
6.6,2,2,38.546873601267876,67.9206851160185,45.54847175102262,32.99999999999999,48.76306680043864,32.911130405059154,23.611110574648567
6.6,3,2,32.40821820441164,49.54851507780704,33.41859420152142,32.99999999999999,48.76306680043864,32.911130405059154,1.1066409511357627
6.6,1,2,35.036807773914084,49.499205705354505,29.037635566998112,32.99999999999999,48.76306680043864,32.911130405059154,4.437842793035052
6.633333333333333,1,2,33.48892411614506,48.87345424140136,32.4039119069663,33.166666666666664,48.712138111201895,32.950933259101575,0.6550611553883762
6.633333333333333,3,2,27.925813220898718,53.8631265427377,36.42827228375945,33.166666666666664,48.712138111201895,32.950933259101575,8.129644109937534
6.633333333333333,2,2,31.190344356999173,41.97058147564148,28.407042157191146,33.166666666666664,48.712138111201895,32.950933259101575,8.366682860499665
6.666666666666667,2,2,35.63019237216922,56.685545662864726,38.38074927573503,33.333333333333336,48.66025403784438,32.99038105676658,9.936646146812759
6.666666666666667,3,2,29.156529971076807,52.78364378037024,35.89100343584562,33.333333333333336,48.66025403784438,32.99038105676658,6.546880133448225
6.666666666666667,1,2,37.11240489073698,50.07130134483277,25.97099014157067,33.333333333333336,48.66025403784438,32.99038105676658,8.095942512077965
6.7,1,2,36.389763858303056,49.74637949454457,27.61332223328441,33.5,48.60742027003944,33.02947271657287,6.24360867843795
6.7,3,2,36.31253251621965,45.84406591152058,31.02198721154159,33.5,48.60742027003944,33.02947271657287,4.424529864115361
6.7,2,2,34.96474073382865,53.28814976569308,36.27756510951542,33.5,48.60742027003944,33.02947271657287,5.882584314900222
6.733333333333333,2,2,34.55734045444953,51.62535245227595,35.06524459025086,33.666666666666664,48.55364260160506,33.06820716680284,3.7705251190787656
6.733333333333333,3,2,32.99202387091038,49.30642201084982,33.60116633440994,33.666666666666664,48.55364260160506,33.06820716680284,1.1427445975305213
6.733333333333333,1,2,33.51241382545091,48.50628924256924,33.363965358199245,33.666666666666664,48.55364260160506,33.06820716680284,0.33691124560212904
6.766666666666667,3,2,29.994982681337433,52.37413995354746,35.61285419781968,33.83333333333333,48.49892692986864,33.10658334553198,6.002633196489205
6.766666666666667,2,2,34.93258280449422,52.200789829601106,35.479405621958136,33.83333333333333,48.49892692986864,33.10658334553198,4.532375081981563
6.766666666666667,1,2,35.492508274904665,49.18728237590992,29.95957855004094,33.83333333333333,48.49892692986864,33.10658334553198,3.6235802584842167
6.8,1,2,34.253665569994695,48.596849854419034,32.620996013181056,34.0,48.44327925502015,33.144600200657955,0.6017403888254541
6.8,2,2,33.84515301093536,48.26562644798332,33.10313082959175,34.0,48.44327925502015,33.144600200657955,0.23928606020216742
6.8,3,2,49.46783107190308,32.95862245422697,22.706006782959964,34.0,48.44327925502015,33.144600200657955,24.24855927364116
6.833333333333333,3,2,41.48371266387642,41.231334406104295,28.31238064206451,34.166666666666664,48.38670567945424,33.18225668992948,11.333763404374285
6.833333333333333,2,2,37.880086718174354,60.38426447080113,41.45820758361448,34.166666666666664,48.38670567945424,33.18225668992948,15.040687106161405
6.833333333333333,1,2,34.37997532936499,48.514912368465765,32.864568852278815,34.166666666666664,48.38670567945424,33.18225668992948,0.4035630098021896
6.866666666666666,1,2,31.274987361331785,46.990544984550816,39.39458270983639,34.333333333333336,48.329212407101,33.21955178097488,7.019723464998568
6.866666666666666,2,2,35.8640682449907,52.95656107182974,36.42214987468082,34.333333333333336,48.329212407101,33.21955178097488,5.83199276273063
6.866666666666666,3,2,41.818779519568935,40.80961366306908,28.177567314533373,34.333333333333336,48.329212407101,33.21955178097488,11.747249773377296
6.8999999999999995,3,2,36.26986441580636,46.44344456887884,31.95896331994773,34.5,48.27080574274562,33.2564844513304,2.8557363317501743
6.8999999999999995,2,2,35.24401740141942,50.954455341308844,35.00103547124712,34.5,48.27080574274562,33.2564844513304,3.2861824846736543
6.8999999999999995,1,2,32.48220001578197,47.34420278089337,37.41053610775274,34.5,48.27080574274562,33.2564844513304,4.710228761901998
6.933333333333334,1,2,34.74576454129725,48.26792363667589,33.15955541123027,34.66666666666667,48.21149209133704,33.29305368846822,0.16511445456381035
6.933333333333334,2,2,37.74155147814126,57.615095895606316,39.777565268946645,34.66666666666667,48.21149209133704,33.29305368846822,11.829267582942888
6.933333333333334,3,2,37.258291571723646,45.830711917994535,31.603809686993497,34.66666666666667,48.21149209133704,33.29305368846822,3.903611043484057
6.966666666666667,3,2,37.15192028947261,45.938648640685145,31.63840675671334,34.833333333333336,48.151277957285544,33.32925848982423,3.623610568096803
6.966666666666667,2,2,37.13263340295869,54.9013993891258,37.98638066410171,34.833333333333336,48.151277957285544,33.32925848982423,8.51702454504596
6.966666666666667,1,2,32.907518194078136,47.251604497298,37.15279363912188,34.833333333333336,48.151277957285544,33.32925848982423,4.374653966098933
7.0,1,2,36.185829531455234,48.6361300240907,30.869182520342584,35.0,48.09016994374947,33.365097862825515,2.8167104011309405
7.0,2,2,36.13012909066157,51.54335288256905,35.823523788596454,35.0,48.09016994374947,33.365097862825515,4.386971871692007
7.0,3,2,42.95430833585558,40.050306091172445,27.708176995898533,35.0,48.09016994374947,33.365097862825515,12.645599454533984
7.033333333333333,3,2,28.68985530063005,54.28295543012616,37.87424627717423,35.16666666666667,48.028174751911145,33.400570824917565,10.054110545240533
7.033333333333333,2,2,36.04454599528495,50.5561459972068,35.01812255827637,35.16666666666667,48.028174751911145,33.400570824917565,3.1269448896245353
7.033333333333333,1,2,35.6572143719288,48.279863417770386,32.31738418370655,35.16666666666667,48.028174751911145,33.400570824917565,1.2154330649434983
7.066666666666666,1,2,34.00227371468044,47.280320206583745,36.35269968232355,35.333333333333336,47.96529918024196,33.435676403591195,3.2787102207161785
7.066666666666666,2,2,39.780337184193016,61.19530181265142,42.5756302221878,35.333333333333336,47.96529918024196,33.435676403591195,16.683751637722274
7.066666666666666,3,2,32.655309013869115,50.69475700255266,35.30172528300236,35.333333333333336,47.96529918024196,33.435676403591195,4.254866940312769
7.1,3,2,50.414819161596455,32.8370850913676,22.88492460954143,35.5,47.901550123756905,33.47041363640923,23.69477822797976
7.1,1,2,37.30153454115824,48.73567084157169,29.469283655360734,35.5,47.901550123756905,33.47041363640923,4.4665786906892455
7.1,2,2,36.9333990898068,51.718922031211136,36.12187377681819,35.5,47.901550123756905,33.47041363640923,4.8638669910532295
7.133333333333333,3,2,35.381713148248906,48.11574520208829,33.59825093189947,35.666666666666664,47.836934573258404,33.5047815710329,0.4094757573141326
7.133333333333333,2,2,35.52414013610276,47.2066627809951,32.976140505316245,35.666666666666664,47.836934573258404,33.5047815710329,0.8348758712523789
7.133333333333333,1,2,36.134790290803494,48.07733645722389,32.64812324140261,35.666666666666664,47.836934573258404,33.5047815710329,1.005383651654491
7.166666666666667,1,2,37.7367981585593,48.74368850227888,29.31046270260704,35.833333333333336,47.77145961456971,33.53877926524791,4.737833714354255
7.166666666666667,2,2,33.564037300432176,41.36633046950685,29.098162960861632,35.833333333333336,47.77145961456971,33.53877926524791,8.117540083834255
7.166666666666667,3,2,45.845658219197475,37.4549575184049,26.391268405197074,35.833333333333336,47.77145961456971,33.53877926524791,16.055023407482526
7.2,2,2,34.97179451839895,45.19256552257281,31.79380009420871,36.0,47.70513242775789,33.572405786990295,3.24555652790409
7.2,3,2,20.52217003687923,63.35679892802594,44.7808372597747,36.0,47.70513242775789,33.572405786990295,24.701555025605092
7.2,1,2,35.78640023589308,47.58744670549403,33.920937875712085,36.0,47.70513242775789,33.572405786990295,0.4253814821076132
7.233333333333333,1,2,33.79592794425389,46.37741527031974,38.79371764626395,36.16666666666667,47.63796028634642,33.60566021437197,5.841687747901857
7.233333333333333,2,2,33.263397239266126,39.859145321389676,28.11102448748253,36.16666666666667,47.63796028634642,33.60566021437197,9.956402834273208
7.233333333333333,3,2,40.069914020008326,43.49859374129039,30.860036373224204,36.16666666666667,47.63796028634642,33.60566021437197,6.317289416575494
7.266666666666667,3,2,39.74136664815198,44.103025564611606,31.27344594012258,36.333333333333336,47.56995055651756,33.63854163570603,5.406286861024229
7.266666666666667,2,2,36.695436562861545,48.352269214692285,34.24437814888516,36.333333333333336,47.56995055651756,33.63854163570603,1.053650374870199
7.266666666666667,1,2,37.37331164139999,48.115098158550936,31.220823207397714,36.333333333333336,47.56995055651756,33.63854163570603,2.68776918425551
7.3,1,2,36.204167211952104,47.297459914708845,34.39371090234929,36.5,47.50111069630459,33.671049149531676,0.806988654389997
7.3,2,2,37.36181692678794,49.455053095956956,34.93012812629877,36.5,47.50111069630459,33.671049149531676,2.479092411789909
7.3,3,2,35.61486840708131,48.51861540579627,34.13724588983711,36.5,47.50111069630459,33.671049149531676,1.4269243747627018
7.333333333333333,3,2,38.34994688693386,45.82611973823737,32.509902380811184,36.666666666666664,47.43144825477395,33.703181864639014,2.6142738709769335
7.333333333333333,2,2,30.927084946315333,32.20321810133069,22.95815803304603,36.666666666666664,47.43144825477395,33.703181864639014,19.501213528196924
7.333333333333333,1,2,37.853773339626564,48.10145118035196,30.808548398998052,36.666666666666664,47.43144825477395,33.703181864639014,3.199535759087186
7.366666666666666,1,2,38.37758430945252,48.23519666808143,30.045180689166507,36.83333333333333,47.360970871197345,33.73493890009341,4.0943006089300775
7.366666666666666,2,2,36.96684961336283,47.468379786213106,33.875722213700726,36.83333333333333,47.360970871197345,33.73493890009341,0.2217728870895524
7.366666666666666,3,2,37.17209518638712,46.91778216713245,33.50044626052125,36.83333333333333,47.360970871197345,33.73493890009341,0.6051137236162114
7.3999999999999995,3,2,23.419239991416305,61.3739350685744,43.79146688148861,37.0,47.28968627421411,33.76631938525972,21.984237281136902
7.3999999999999995,2,2,38.8194765635504,52.126238835705905,37.215920518753904,37.0,47.28968627421411,33.76631938525972,6.21308970042976
7.3999999999999995,1,2,38.618875772853,48.213445834703336,29.7835615784624,37.0,47.28968627421411,33.76631938525972,4.397323076728687
7.433333333333334,1,2,35.29766092926688,46.098809870961524,38.48707169071707,37.16666666666667,47.21760228098362,33.79732245982606,5.1709406060985845
7.433333333333334,2,2,37.625580651568896,48.42864218994363,34.764855360551515,37.16666666666667,47.21760228098362,33.79732245982606,1.6165826983544387
7.433333333333334,3,2,35.11807182877806,49.41562992352664,35.37694229748614,37.16666666666667,47.21760228098362,33.79732245982606,3.394593518926281
7.466666666666667,2,2,34.56902154707441,40.1500773251357,28.74085480454463,37.333333333333336,47.14472679632803,33.827947273827505,9.079925697247512
7.466666666666667,3,2,29.955231815755546,54.73216920234,39.2251385572893,37.333333333333336,47.14472679632803,33.827947273827505,11.880039478827856
7.466666666666667,1,2,34.27571390172366,45.246612795587595,41.40617459660328,37.333333333333336,47.14472679632803,33.827947273827505,8.389362473038652
7.5,2,2,41.31443819979572,56.52118042599055,40.440837349948204,37.5,47.071067811865476,33.8581929876693,12.13201442465137
7.5,1,2,36.88375888193691,46.69092206212441,35.411559050403646,37.5,47.071067811865476,33.8581929876693,1.7138290555048519
7.5,3,2,27.765890472603544,57.182026577189305,41.32796989523462,37.5,47.071067811865476,33.8581929876693,15.899117664015991
7.533333333333333,2,2,35.51045452916282,41.908880961859566,30.23802910433795,37.666666666666664,46.99663340513366,33.88805877214992,6.622476295304342
7.533333333333333,1,2,38.603985108204625,47.581827405534376,31.601321047414675,37.666666666666664,46.99663340513366,33.88805877214992,2.5397218943576214
7.533333333333333,3,2,45.96220101941872,38.560497945278016,27.895895845872367,37.666666666666664,46.99663340513366,33.88805877214992,13.262363598913218
7.566666666666666,3,2,23.414300831071237,62.03544913684035,44.742314058984135,37.83333333333333,46.92143173870407,33.9175438084838,23.526956266983916
7.566666666666666,1,2,37.081388171278775,46.40452684585297,36.245520543967416,37.83333333333333,46.92143173870407,33.9175438084838,2.5004175403207394
7.566666666666666,2,2,34.18997402203707,37.864924602625464,27.460445919222842,37.83333333333333,46.92143173870407,33.9175438084838,11.704208718599913
7.6,2,2,34.7668795152025,38.819581807034155,28.358686287052013,38.0,46.845471059286886,33.946647288323774,10.300158955587882
7.6,1,2,38.379090423570794,47.07866011056175,32.84891559052655,38.0,46.845471059286886,33.946647288323774,1.1845258811973367
7.6,3,2,32.09653543357503,53.16140301438862,38.319987769555055,38.0,46.845471059286886,33.946647288323774,9.68854980444889
7.633333333333333,3,2,30.065269420935763,55.2125398927713,40.36334514394616,38.166666666666664,46.768759696826606,33.97536841378323,13.331778127304215
7.633333333333333,1,2,37.202818037593296,46.074084634692426,36.54894671098777,38.166666666666664,46.768759696826606,33.97536841378323,2.8345868964559835
7.633333333333333,2,2,38.046110137118546,46.685047911538646,33.954254574382375,38.166666666666664,46.768759696826606,33.97536841378323,0.1482812666085262
7.666666666666667,2,2,41.296757845148946,53.995237846833064,39.16140573816854,38.333333333333336,46.691306063588584,34.003706397458025,9.4197222263018
7.666666666666667,1,2,37.95631402862327,46.427900701864765,34.92466656228103,38.333333333333336,46.691306063588584,34.003706397458025,1.0294141857871109
7.666666666666667,3,2,45.34790689401014,39.3112331661489,28.60063979123506,38.333333333333336,46.691306063588584,34.003706397458025,11.526614722499902
7.7,3,2,31.520596931600885,53.72340823931832,39.429804049238626,38.5,46.61311865323652,34.03166046244801,11.331735938184005
7.7,1,2,38.21555015544598,46.385336110770105,34.95100808323371,38.5,46.61311865323652,34.03166046244801,0.9889371307437075
7.7,2,2,42.15189658063473,55.103639090457634,40.30097475240453,38.5,46.61311865323652,34.03166046244801,11.168240129795475
7.733333333333333,3,2,35.189680743819544,50.20729398164041,36.958448765419014,38.666666666666664,46.53420603990106,34.05922984237837,5.829792148880183
7.733333333333333,1,2,37.92371685091993,45.98886253427953,35.99578087408305,38.666666666666664,46.53420603990106,34.05922984237837,2.144668707805043
7.733333333333333,2,2,39.30707685087327,48.138224391197156,35.12628184569616,38.666666666666664,46.53420603990106,34.05922984237837,2.0301724195532516
7.766666666666667,2,2,34.95186184083709,37.871625955505124,27.66385245395006,38.83333333333333,46.45457687723951,34.08641378142064,11.400971953174992
7.766666666666667,1,2,39.46443983706402,46.94569444034909,32.2044565521009,38.83333333333333,46.45457687723951,34.08641378142064,2.044811701070466
7.766666666666667,3,2,43.109937566230776,42.05818224342184,30.730364537079556,38.83333333333333,46.45457687723951,34.08641378142064,6.991473097390816
7.8,2,2,36.904778707351454,41.49092917228826,30.78574595287685,39.0,46.3742398974869,34.11321153431338,6.269665310018761
7.8,1,2,39.42281047269216,46.75540403433018,32.80508384253906,39.0,46.3742398974869,34.11321153431338,1.4266228839537294
7.8,3,2,20.543290658779583,66.3611581259794,48.6476509395923,39.0,46.3742398974869,34.11321153431338,30.84439898594984
7.833333333333333,3,2,34.521855549589745,51.4053681283419,37.78329310089579,39.166666666666664,46.29320391049838,34.139622366382675,7.809278438182899
7.833333333333333,1,2,41.029213425829326,47.760530703770755,28.554282738634527,39.166666666666664,46.29320391049838,34.139622366382675,6.067795901776538
7.833333333333333,2,2,36.275094939719,39.769361542259304,29.382234222148835,39.166666666666664,46.29320391049838,34.139622366382675,8.576388998442818
7.866666666666666,2,2,38.71567786124571,44.91480109583485,33.27121697867407,39.33333333333333,46.21147780278311,34.165645553562214,1.692002139513543
7.866666666666666,1,2,39.764353137619295,46.5885154369836,32.71688173701824,39.33333333333333,46.21147780278311,34.165645553562214,1.5578356926894685
7.866666666666666,3,2,41.16039111835969,44.34525133493577,32.81233320767397,39.33333333333333,46.21147780278311,34.165645553562214,2.94149548438425
7.8999999999999995,2,2,33.75855397939179,33.236422000916725,24.74976591852128,39.49999999999999,46.12907053652977,34.19128038241318,16.980187986070202
7.8999999999999995,1,2,40.989495012608295,47.38548437859572,29.57551605398258,39.49999999999999,46.12907053652977,34.19128038241318,5.010234672221688
7.8999999999999995,3,2,37.821355800582026,47.93056567178287,35.54832532886241,39.49999999999999,46.12907053652977,34.19128038241318,2.8115479823868528
7.933333333333334,2,2,40.013671176804024,46.779042400919735,34.94648040170854,39.666666666666664,46.04599114862375,34.216526150143785,1.09115052945313
7.933333333333334,1,2,39.74487774858003,46.113400257522834,33.70670003703195,39.666666666666664,46.04599114862375,34.216526150143785,0.5201765343682369
7.933333333333334,3,2,32.34372404065923,53.802975587953334,40.232497133248096,39.666666666666664,46.04599114862375,34.216526150143785,12.246967100688684
7.966666666666667,3,2,30.80653278224068,55.63010978638212,41.49356875667137,39.83333333333333,45.96224874965616,34.241382164628554,15.08459066665238
7.966666666666667,1,2,40.78472859113328,46.77355237959456,31.109517721142634,39.83333333333333,45.96224874965616,34.241382164628554,3.372230924608639
7.966666666666667,2,2,41.9372310635833,50.638104599215325,37.72363037507621,39.83333333333333,45.96224874965616,34.241382164628554,6.1980695530442
8.0,2,2,39.484769832276385,44.76147595598184,33.5564917571358,40.0,45.877852522924734,34.265847744427305,1.4194874714691974
8.0,1,2,39.889973229336164,45.76522362377964,34.586312377384154,40.0,45.877852522924734,34.265847744427305,0.3570556541514446
8.0,3,2,35.347826001630786,50.96953504191234,38.01544369300301,40.0,45.877852522924734,34.265847744427305,7.850313596464913
8.033333333333333,2,2,41.687784418589445,49.18916583788385,36.68776744014361,40.166666666666664,45.79281172342679,34.289922218803795,4.427039890435392
8.033333333333333,1,2,39.71333738048852,45.38895235823392,35.765038273680254,40.166666666666664,45.79281172342679,34.289922218803795,1.5951730952830978
8.033333333333333,3,2,30.54739581579794,56.04520205703336,42.124320474512494,40.166666666666664,45.79281172342679,34.289922218803795,16.09408820915474
8.066666666666666,2,2,37.102613511971214,39.04825397648743,29.20155365606209,40.33333333333333,45.70713567684432,34.31360492774415,8.99507222137744
8.066666666666666,1,2,41.709731409733784,47.028418029047344,29.69486612698018,40.33333333333333,45.70713567684432,34.31360492774415,4.997299953839538
8.066666666666666,3,2,28.901214054050342,58.212524141617905,43.567640126579995,40.33333333333333,45.70713567684432,34.31360492774415,19.30583485198034
8.1,3,2,49.76615496525017,35.49051348124735,26.736722178901143,40.5,45.62083377852131,34.336895221974956,15.692279867822174
8.1,2,2,35.471131755057314,35.154512428830486,26.603078227497335,40.5,45.62083377852131,34.336895221974956,13.95153481607159
8.1,1,2,41.222230532718896,46.33589742282042,31.660406684232026,40.5,45.62083377852131,34.336895221974956,2.862957186277685
8.133333333333333,3,2,44.18394114281476,41.515183286095805,31.625176918808613,40.666666666666664,45.533915492433444,34.359792462981005,5.999962538320345
8.133333333333333,1,2,41.54206560144366,46.41459198992531,31.28155999485304,40.666666666666664,45.533915492433444,34.359792462981005,3.319251348735197
8.133333333333333,2,2,38.392565217291306,40.94649634768203,31.031269829919655,40.666666666666664,45.533915492433444,34.359792462981005,6.106964444835468
8.166666666666666,2,2,44.85615967398035,53.70095409496878,40.65514860027045,40.833333333333336,45.446390350150274,34.382296023022896,11.1206849537318
8.166666666666666,1,2,40.155762273114604,44.77424417118979,36.829955635731054,40.833333333333336,45.446390350150274,34.382296023022896,2.6271506632128583
8.166666666666666,3,2,47.72703806009707,37.84360046416477,28.60594402097815,40.833333333333336,45.446390350150274,34.382296023022896,11.776749184803693
8.2,3,2,39.99915179273014,46.23876683798795,35.08169733656306,41.0,45.35826794978997,34.40440528515414,1.495225718416749
8.2,1,2,39.476353597250984,43.72528247186371,39.97841220302052,41.0,45.35826794978997,34.40440528515414,6.004805829679284
8.2,2,2,44.76572993404244,52.62948776361179,39.973998266387305,41.0,45.35826794978997,34.40440528515414,9.903116958496454
8.233333333333333,2,2,39.58465849352008,41.997427527331425,31.979358611058878,41.166666666666664,45.26955795496678,34.42611964323817,4.381349899739893
8.233333333333333,3,2,30.122012027940535,57.12037111549739,43.48385716722294,41.166666666666664,45.26955795496678,34.42611964323817,18.55987008866016
8.233333333333333,1,2,40.44082704498608,44.40284151691171,37.20201473675628,41.166666666666664,45.26955795496678,34.42611964323817,2.9972711106295065
8.266666666666666,3,2,36.374431207951524,50.767767763055794,38.50339338754599,41.33333333333333,45.18027009373131,34.44743850196487,8.50068294478109
8.266666666666666,1,2,41.62101894796815,45.487172181258494,33.29072382221294,41.33333333333333,45.18027009373131,34.44743850196487,1.2308292954548845
8.266666666666666,2,2,45.74394772752302,53.73091131095633,40.887909307039436,41.33333333333333,45.18027009373131,34.44743850196487,11.577851646612102
8.3,3,2,49.00646971917086,36.83309399145192,27.98995454873951,41.5,45.09041415750371,34.46836127686697,12.903494786474003
8.3,1,2,40.30130123555931,43.62796012953754,39.26760821867177,41.5,45.09041415750371,34.46836127686697,5.158335169432943
8.3,2,2,40.32440723006523,42.71943024340078,32.81905109759041,41.5,45.09041415750371,34.46836127686697,3.11830196567347
8.333333333333334,3,2,43.71634455774525,42.77122728943094,32.87932418134949,41.66666666666667,45.0,34.488887394336025,3.4291837205307676
8.333333333333334,1,2,42.96140311322826,46.47295926939205,29.52983906149077,41.66666666666667,45.0,34.488887394336025,5.332739618886169
8.333333333333334,2,2,47.21367788911998,55.63608134954285,42.71708109332398,41.66666666666667,45.0,34.488887394336025,14.546433635918506
8.366666666666667,3,2,34.24903175121908,53.438422296050746,40.878449249397626,41.833333333333336,44.90903753615141,34.50901629163815,13.070643101020567
8.366666666666667,1,2,40.57036655826499,43.33030641305017,39.389298160496224,41.833333333333336,44.90903753615141,34.50901629163815,5.282483142753977
8.366666666666667,2,2,43.69731226801261,48.245090868960276,37.15969997422881,41.833333333333336,44.90903753615141,34.50901629163815,4.650784158980678
8.4,2,2,40.3168109609899,41.627661190373445,32.111286202371,42.00000000000001,44.81753674101715,34.52874741692946,4.341952336626088
8.4,1,2,42.488517856206194,45.47696149172418,32.36615450727506,42.00000000000001,44.81753674101715,34.52874741692946,2.3130712895552534
8.4,3,2,45.753761644683756,40.810336424403225,31.341456328565425,42.00000000000001,44.81753674101715,34.52874741692946,6.348795582197808
8.433333333333334,3,2,42.67459825941406,44.102524160694585,34.04279426342339,42.16666666666667,44.72550764869054,34.5480802292712,0.9494297427978856
8.433333333333334,1,2,44.38843962270641,47.640701902260275,25.456675682272074,42.16666666666667,44.72550764869054,34.5480802292712,9.802462407039975
8.433333333333334,2,2,45.24388865171912,50.199094809921064,38.938992449085525,42.16666666666667,44.72550764869054,34.5480802292712,7.662216499094275
8.466666666666667,3,2,40.067254206574034,47.31880699925209,36.46394043511635,42.333333333333336,44.63296035119862,34.56701419864454,3.993396545825289
8.466666666666667,1,2,40.31669298207382,41.859742668213755,43.265623140785685,42.333333333333336,44.63296035119862,34.56701419864454,9.350046639019823
8.466666666666667,2,2,39.35722067820399,39.21578751413409,30.40322387578307,42.333333333333336,44.63296035119862,34.56701419864454,7.452526949659803
8.5,2,2,38.923169060768416,37.97891736991352,29.55795161245865,42.5,44.53990499739547,34.585548805965146,9.006498307109704
8.5,1,2,41.36089471487378,42.91674751972936,39.78980512013434,42.5,44.53990499739547,34.585548805965146,5.5692445476452
8.5,3,2,55.272052521764685,30.37031770927772,23.5106384983477,42.5,44.53990499739547,34.585548805965146,22.05801822141044
8.533333333333333,2,2,37.076820283136044,34.39172023878078,26.672380264123,42.666666666666664,44.44635179184928,34.603683543097404,13.97310165863332
8.533333333333333,1,2,43.40221924722152,45.53776532572836,31.20603395089495,42.666666666666664,44.44635179184928,34.603683543097404,3.643658031716043
8.533333333333333,3,2,37.03593868849361,50.72104532100007,39.49334272165831,42.666666666666664,44.44635179184928,34.603683543097404,9.746057835424152
8.566666666666666,3,2,40.4039086687312,47.122352520066165,37.03038254450363,42.833333333333336,44.35231099372328,34.621417912868324,4.40208414902658
8.566666666666666,1,2,42.73380441487052,44.2097174441311,35.194648000174745,42.833333333333336,44.35231099372328,34.621417912868324,0.5990255912638468
8.566666666666666,2,2,43.795779048090694,46.14364113309634,36.061954204527744,42.833333333333336,44.35231099372328,34.621417912868324,2.492049403536972
8.6,3,2,38.83684558999236,48.72611517480663,38.2787278159061,43.0,44.257792915650725,34.63875142908121,7.109654460652571
8.6,1,2,43.13557802649309,44.46743997846291,33.922072482600704,43.0,44.257792915650725,34.63875142908121,0.7589216063217252
8.6,2,2,42.77480320695653,43.782071083036726,34.498804049297604,43.0,44.257792915650725,34.63875142908121,0.5446192493210129
8.633333333333333,2,2,42.96283695442105,43.600385981215126,34.20124241575789,43.166666666666664,44.16280792260401,34.655683616528954,0.7512534836578252
8.633333333333333,3,2,49.76601924458638,36.6828031172657,28.880720526290457,43.166666666666664,44.16280792260401,34.655683616528954,11.52614961854985
8.633333333333333,1,2,43.09308054379141,44.044239339029545,34.989406602482866,43.166666666666664,44.16280792260401,34.655683616528954,0.36172428428937714
8.666666666666666,3,2,48.4162818187517,38.342279255825275,30.03126062596793,43.33333333333333,44.06736643075801,34.672214011007085,8.952733481350963
8.666666666666666,1,2,44.3822097768626,45.7885576531298,29.821637646445392,43.33333333333333,44.06736643075801,34.672214011007085,5.252688081944791
8.666666666666666,2,2,41.68557625590761,41.25649575020056,32.434248489092624,43.33333333333333,44.06736643075801,34.672214011007085,3.952794839895173
8.7,2,2,49.17624535074262,53.85690123570606,42.59184021490106,43.49999999999999,43.97147890634781,34.68834215932649,13.871071242916786
8.7,1,2,43.95228049172401,44.765966663347676,32.45309004281947,43.49999999999999,43.97147890634781,34.68834215932649,2.41497835674896
8.7,3,2,47.45974661591038,39.57579474329928,31.19294272319727,43.49999999999999,43.97147890634781,34.68834215932649,6.871640978804259
8.733333333333333,3,2,41.77224982290428,45.96729290614547,36.23414167058491,43.666666666666664,43.875155864521034,34.704067619325826,3.210448439268892
8.733333333333333,1,2,43.34593973847484,43.333345012852085,36.239678687851374,43.666666666666664,43.875155864521034,34.704067619325826,1.6596765092124934
8.733333333333333,2,2,41.93406353536683,40.93114282597804,32.45772578948567,43.666666666666664,43.875155864521034,34.704067619325826,4.0884199879893375
8.766666666666666,2,2,40.87211064847596,38.804114726327015,30.81409066876446,43.83333333333333,43.77840786818467,34.71938995988368,6.983107804098564
8.766666666666666,3,2,43.241191128742116,44.43301337615056,35.32132314162699,43.83333333333333,43.77840786818467,34.71938995988368,1.068393334311409
8.766666666666666,1,2,43.68908723203191,43.524352684954174,35.45383635750797,43.83333333333333,43.77840786818467,34.71938995988368,0.7904191829973746
8.8,3,2,43.063455285139355,44.86226779099139,35.600265864759855,44.00000000000001,43.68124552684678,34.73430876093033,1.7383357837344007
8.8,1,2,43.29989057799558,42.31459867217261,38.70833248328063,44.00000000000001,43.68124552684678,34.73430876093033,4.260368689910895
8.8,2,2,49.008816149324595,52.36042578223568,41.39613796187896,44.00000000000001,43.68124552684678,34.73430876093033,12.033136641203706
8.833333333333334,1,2,44.13735901515622,43.54709756922009,35.0353338819536,44.16666666666667,43.583679495453005,34.74882361345932,0.2903193237051748
8.833333333333334,3,2,32.27117037772527,57.328769181926255,45.62463165975215,44.16666666666667,43.583679495453005,34.74882361345932,21.1828591816407
8.833333333333334,2,2,49.95341551506998,53.286216663154136,42.54772705683522,44.16666666666667,43.583679495453005,34.74882361345932,13.727657653227636
8.866666666666667,3,2,35.661286582008636,53.47821701017537,42.69175675954779,44.333333333333336,43.48572047321815,34.76293411953863,15.424675372758585
8.866666666666667,1,2,42.98810210838716,40.71685902822043,42.53790029844345,44.333333333333336,43.48572047321815,34.76293411953863,8.36219706974662
8.866666666666667,2,2,45.64743321164436,45.91560557133185,36.52723138666314,44.333333333333336,43.48572047321815,34.76293411953863,3.2777957421101007
8.9,2,2,37.32254217186565,31.548799099109797,25.22953978131001,44.5,43.38737920245291,34.77663989232161,16.817104396048574
8.9,1,2,44.848838768826546,44.16797387252577,32.372277004884765,44.5,43.38737920245291,34.77663989232161,2.551857641026675
8.9,3,2,49.115633395115886,38.248744681819375,30.55198395166305,44.5,43.38737920245291,34.77663989232161,8.096749606582714
8.933333333333334,3,2,48.71308307723196,38.61585100991154,30.89948257595833,44.666666666666664,43.28866646738584,34.78994055605757,7.303721884232773
8.933333333333334,1,2,44.54298400176289,42.95879275172797,35.64578660003237,44.666666666666664,43.28866646738584,34.78994055605757,0.9255195950745416
8.933333333333334,2,2,42.15827749907625,39.18995375190933,31.54538910222632,44.666666666666664,43.28866646738584,34.78994055605757,5.798152833157492
8.966666666666667,3,2,33.64752241039562,55.97115117400033,45.19631084635385,44.833333333333336,43.1895930929807,34.802835746102105,19.91268233166351
8.966666666666667,1,2,45.83870852321842,45.48263822584809,28.433443811138385,44.833333333333336,43.1895930929807,34.802835746102105,6.843828524662506
8.966666666666667,2,2,47.36872574721754,47.38734009295331,38.1328663278435,44.833333333333336,43.1895930929807,34.802835746102105,5.927765029376042
9.0,3,2,46.87531112248542,40.970022249679566,32.944139542124674,45.0,43.09016994374947,34.81532510892707,3.3931038115856516
9.0,1,2,45.637129989276254,44.607483931638505,30.647755782629442,45.0,43.09016994374947,34.81532510892707,4.480715394953772
9.0,2,2,44.99539180941551,43.21443551935023,34.968136872297684,45.0,43.09016994374947,34.81532510892707,0.1970142221371029
9.033333333333333,3,2,36.211252664703174,53.263733136047875,43.00736228533475,45.166666666666664,42.99040792256087,34.82740830213025,15.895040045749326
9.033333333333333,1,2,44.56738944106394,41.42679299054116,39.27969901688335,45.166666666666664,42.99040792256087,34.82740830213025,4.756775951990776
9.033333333333333,2,2,51.569987164565646,53.39132263668034,43.609365789209896,45.166666666666664,42.99040792256087,34.82740830213025,15.043414426056156
9.066666666666666,3,2,35.072930099015664,54.66162565621678,44.387725792159564,45.33333333333333,42.890317969444716,34.839084994444825,18.303445038331933
9.066666666666666,1,2,45.757784013749934,44.07243094506536,31.701362315080083,45.33333333333333,42.890317969444716,34.839084994444825,3.379771157909464
9.066666666666666,2,2,39.5537525356569,33.60211497748156,27.391427226186234,45.33333333333333,42.890317969444716,34.839084994444825,13.234117849327394
9.1,3,2,48.836130648733175,39.10406113708171,31.710816701469923,45.49999999999999,42.7899110603923,34.850354865748365,5.879792279285589
9.1,2,2,48.314709315205135,47.37392296510805,38.624269177363274,45.49999999999999,42.7899110603923,34.850354865748365,6.571010797669577
9.1,1,2,45.24448047773907,42.17960790631869,36.637272992066585,45.49999999999999,42.7899110603923,34.850354865748365,1.9054754147700959
9.133333333333333,3,2,47.21244157797101,40.87356877697213,33.40490669072274,45.666666666666664,42.68919820615266,34.86121760707165,2.7940600898336814
9.133333333333333,1,2,45.684906473051335,42.71488268408776,34.634303452133544,45.666666666666664,42.68919820615266,34.86121760707165,0.2290904115300866
9.133333333333333,2,2,43.049277148007306,38.46301173001699,31.367134007199404,45.666666666666664,42.68919820615266,34.86121760707165,6.0761830310118325
9.166666666666666,1,2,46.27547801022044,43.945926917694976,31.3933671912336,45.83333333333333,42.58819045102521,34.87167292060715,3.7599934807413407
9.166666666666666,2,2,51.66979388028144,51.44517605934851,42.07738782787393,45.83333333333333,42.58819045102521,34.87167292060715,12.823135073254688
9.166666666666666,3,2,45.171999303136964,43.242565884973644,35.55034589230991,45.83333333333333,42.58819045102521,34.87167292060715,1.1515932053337317
9.2,3,2,51.19812145048343,36.47699929636976,29.939898267319702,46.0,42.48689887164855,34.88172051971716,9.3574017063073
9.2,1,2,46.16440512781447,43.023685334032365,33.7540388481341,46.0,42.48689887164855,34.88172051971716,1.259696274772055
9.2,2,2,45.67659542093917,42.04043758819087,34.397028121398385,46.0,42.48689887164855,34.88172051971716,0.7340605699614976
9.233333333333333,3,2,52.08316485302953,35.650703632835864,29.28817455996354,46.166666666666664,42.38533457578581,34.891360128941685,10.571465993294352
9.233333333333333,1,2,46.42237112067108,43.065812753817305,33.18209529604357,46.166666666666664,42.38533457578581,34.891360128941685,1.8574233732665728
9.233333333333333,2,2,50.66216116943512,49.326113526223594,40.50928289459151,46.166666666666664,42.38533457578581,34.891360128941685,9.997246594141217
9.266666666666666,1,2,46.514340030955374,42.9275893684561,33.27035946922766,46.33333333333333,42.28350870110656,34.90059148400594,1.7621747225078255
9.266666666666666,2,2,43.53046910118577,37.983319174903926,31.275229184777714,46.33333333333333,42.28350870110656,34.90059148400594,6.284180906512826
9.266666666666666,3,2,48.63799072861465,39.593764837032175,32.66966534097608,46.33333333333333,42.28350870110656,34.90059148400594,4.186072051411061
9.3,3,2,41.37949765074465,48.3551752047617,40.069033350087544,46.5,42.181432413965425,34.9094143318277,9.537101906199137
9.3,2,2,40.27562825332653,32.80634450008709,27.12553144130706,46.5,42.181432413965425,34.9094143318277,13.682978838216275
9.3,1,2,46.23415003648522,41.20298277982208,37.443155500420275,46.5,42.181432413965425,34.9094143318277,2.7290812005282907
9.333333333333334,3,2,49.135100818761565,39.12850380411283,32.29585227449906,46.666666666666664,42.079116908177596,34.9178284305241,4.6555390467561315
9.333333333333334,1,2,46.465516585872535,41.30617851461781,37.14715481388892,46.666666666666664,42.079116908177596,34.9178284305241,2.368077540708652
9.333333333333334,2,2,41.62252626323729,34.77181333928327,28.798616649392535,46.666666666666664,42.079116908177596,34.9178284305241,10.783542584875516
9.366666666666667,1,2,47.02949730511396,42.700426513757535,32.96587057908786,46.833333333333336,41.97657340379126,34.9258335494184,2.098546752802878
9.366666666666667,2,2,44.08982153010054,38.01927288061809,31.52529645317091,46.833333333333336,41.97657340379126,34.9258335494184,5.894975571462499
9.366666666666667,3,2,47.91562699912694,40.64568966804885,33.866018476297924,46.833333333333336,41.97657340379126,34.9258335494184,2.016387632945109
9.4,2,2,42.40232303665379,35.13992027613402,29.21042090455183,47.0,41.87381314585725,34.9334294690462,9.961765589967959
9.4,1,2,47.2819158415611,43.086070766361495,31.875626221093732,47.0,41.87381314585725,34.9334294690462,3.301394521014173
9.4,3,2,49.5453349181215,38.7921553095359,32.2859346528228,47.0,41.87381314585725,34.9334294690462,4.794222947204179
9.433333333333334,3,2,54.95253184876148,32.53322132862946,27.093555227471022,47.16666666666667,41.77084740319584,34.94061598116154,14.405894439408298
9.433333333333334,1,2,47.09294525216267,41.40962874233841,35.90199618863712,47.16666666666667,41.77084740319584,34.94061598116154,1.0296434680188515
9.433333333333334,2,2,52.74908129448736,49.700699665776696,41.43977170365973,47.16666666666667,41.77084740319584,34.94061598116154,11.674113888794563
9.466666666666667,2,2,53.64588682957675,50.31921267953609,42.36327654389699,47.333333333333336,41.667687467161024,34.94739288874257,13.026609325917583
9.466666666666667,1,2,47.34503087215976,41.843049400127015,34.624094777751154,47.333333333333336,41.667687467161024,34.94739288874257,0.3679813969737909
9.466666666666667,3,2,38.777750453625124,52.094344973121835,43.618680115778275,47.333333333333336,41.667687467161024,34.94739288874257,16.034475586433057
9.5,2,2,48.73506531256841,43.37002531460506,36.463236640772415,47.5,41.56434465040231,34.95376000599692,2.6578917770139796
9.5,3,2,60.75754867015522,25.701666132090132,21.572172435175208,47.5,41.56434465040231,34.95376000599692,24.62628783297286
9.5,1,2,47.22499307173128,40.12614772006236,38.41978652756964,47.5,41.56434465040231,34.95376000599692,3.762629276088804
9.533333333333333,2,2,42.82700314791123,34.668280357299466,29.314790068341974,47.66666666666667,41.46083028562411,34.95971715836687,10.071061481058113
9.533333333333333,3,2,51.3675377809803,37.20946220673907,31.353881395550932,47.66666666666667,41.46083028562411,34.95971715836687,6.6912352443570615
9.533333333333333,1,2,47.03389054085843,37.78832480004768,43.95217462574925,47.66666666666667,41.46083028562411,34.95971715836687,9.734063564085812
9.566666666666666,2,2,47.17882774199339,40.59753306450094,34.38277337261774,47.833333333333336,41.357155724343045,34.96526418253408,1.159611873894815
9.566666666666666,3,2,44.541027031722436,45.170312210813144,38.36301446362403,47.833333333333336,41.357155724343045,34.96526418253408,6.076524512135428
9.566666666666666,1,2,47.610806683846356,40.16651198865932,37.81467568172943,47.833333333333336,41.357155724343045,34.96526418253408,3.096174495535016
9.6,2,2,44.86064708038758,36.7389876450583,31.16347465639178,48.0,41.253332335643044,34.97040092642408,6.6878645593905155
9.6,3,2,55.6384400428833,32.07165622072971,26.977936257908567,48.0,41.253332335643044,34.97040092642408,14.371097176115743
9.6,1,2,48.0188929522382,41.30648489200003,34.85501567645234,48.0,41.253332335643044,34.97040092642408,0.12843634144040972
9.633333333333333,1,2,48.205955278907986,41.38761778696826,34.38839998414909,48.166666666666664,41.14937150492867,34.97512724921042,0.6344712519286356
9.633333333333333,3,2,44.74268801656856,45.370938286635464,38.525385231613754,48.166666666666664,41.14937150492867,34.97512724921042,6.492271376826176
9.633333333333333,2,2,55.026428571907445,50.56493731012725,43.061313378013956,48.166666666666664,41.14937150492867,34.97512724921042,14.180818697743511
9.666666666666666,3,2,41.43173485577185,49.45087120205538,42.38016591534289,48.33333333333333,41.045284632676534,34.97944302131861,13.155099637590594
9.666666666666666,2,2,49.76277456992106,43.23827002472731,36.619835310672315,48.33333333333333,41.045284632676534,34.97944302131861,3.0892351871582515
9.666666666666666,1,2,48.508003157799756,42.22451478923192,32.046419996892766,48.33333333333333,41.045284632676534,34.97944302131861,3.1660254849765326
9.7,1,2,48.61147557521668,42.25839993845549,31.897582974174263,48.5,40.941083133185145,34.983348124429554,3.3570369273881417
9.7,2,2,50.7844935700429,44.00481407639312,37.858276658788284,48.5,40.941083133185145,34.983348124429554,4.782318709748169
9.7,3,2,53.12789364053633,35.375746288246646,30.270005332526196,48.5,40.941083133185145,34.983348124429554,8.637474979398432
9.733333333333333,3,2,47.375745313939525,42.20857400679236,36.38268997305211,48.666666666666664,40.836778433323154,34.98684245148287,2.344502364636803
9.733333333333333,1,2,48.79079338377566,42.343350716502144,31.58436675620849,48.666666666666664,40.836778433323154,34.98684245148287,3.723171812215534
9.733333333333333,2,2,46.68669925007602,38.23220378848548,32.85443392541083,48.666666666666664,40.836778433323154,34.98684245148287,3.905284390842321
9.766666666666666,2,2,39.08118889179146,27.794416960416363,23.857530636796426,48.83333333333333,40.73238197127632,34.989925906679844,19.65770801176615
9.766666666666666,1,2,48.85934355881222,41.27322212896895,33.62238121965113,48.83333333333333,40.73238197127632,34.989925906679844,1.470837543382312
9.766666666666666,3,2,54.72387400139315,33.61077895776155,28.836920638115746,48.83333333333333,40.73238197127632,34.989925906679844,11.10293531815559
9.8,2,2,45.223179225426,35.748479484793464,30.656629750704056,49.00000000000001,40.62790519529313,34.99259840548598,7.541471647018924
9.8,1,2,49.03023355466417,41.253327534592174,33.52920442834034,49.00000000000001,40.62790519529313,34.99259840548598,1.5917251969696398
9.8,3,2,46.07581121895054,44.06405164774471,37.84228820196304,49.00000000000001,40.62790519529313,34.99259840548598,5.336545175116261
9.833333333333334,2,2,43.63643286239291,33.391021615834795,28.836787539340285,49.16666666666667,40.52335956242944,34.99485987463336,10.925913481309841
9.833333333333334,1,2,49.1019360658512,39.44179901452484,37.55245293169981,49.16666666666667,40.52335956242944,34.99485987463336,2.7776330778236593
9.833333333333334,3,2,48.70134439050527,41.383496754730736,35.51614835100464,49.16666666666667,40.52335956242944,34.99485987463336,1.1081978550193408
9.866666666666667,3,2,48.10529966212051,41.89728166293156,36.36138527654139,49.333333333333336,40.418756537292,34.99671025212268,2.3572104630372204
9.866666666666667,1,2,49.35436031807538,40.973884890236995,33.609441618771925,49.333333333333336,40.418756537292,34.99671025212268,1.4943640397873759
9.866666666666667,2,2,51.26711428596738,42.82137376142447,36.90887105932295,49.333333333333336,40.418756537292,34.99671025212268,3.6288341448819375
9.9,3,2,42.317363617630704,49.15517546113443,42.817789042903776,49.5,40.31410759078128,34.99814948722491,13.81671123206472
9.9,2,2,50.09383842085666,40.88700843415958,35.47794122931742,49.5,40.31410759078128,34.99814948722491,0.9544944013504079
9.9,1,2,49.515749399241145,40.62355173540953,34.32528903340727,49.5,40.31410759078128,34.99814948722491,0.740773185619482
9.933333333333334,3,2,47.03467382806086,43.31060469083911,37.67357921110955,49.66666666666667,40.20942419883357,34.999177540482684,4.867969909759073
9.933333333333334,2,2,45.61035120688916,35.11298099278061,30.603193188302775,49.66666666666667,40.20942419883357,34.999177540482684,7.858250879576447
9.933333333333334,1,2,49.71169250267488,42.03889424375369,30.799614769657765,49.66666666666667,40.20942419883357,34.999177540482684,4.580973197614994
9.966666666666667,1,2,49.80415065537713,37.61789376814707,40.67737306377711,49.833333333333336,40.104717841162454,34.999794383711404,6.198390538450944
9.966666666666667,3,2,42.78046672656952,48.741782015012504,42.56083571998812,49.833333333333336,40.104717841162454,34.999794383711404,13.472607431558798
9.966666666666667,2,2,47.9165455937415,37.60591916242764,32.85114473240901,49.833333333333336,40.104717841162454,34.999794383711404,3.8124487405784637
10.0,3,2,46.6016582274273,44.04640482395424,38.638709566010306,50.0,40.0,35.0,6.415787255536737
10.0,2,2,58.029897406523375,49.862228605423354,43.64075785693236,50.0,40.0,35.0,15.375483789691296
10.0,1,2,49.965930028774586,39.32309195349926,36.795908748946,50.0,40.0,35.0,1.9195451286431193
10.033333333333333,1,2,50.18229201743271,37.18967634812479,41.21128746535789,50.16666666666667,39.89528215883754,34.999794383711404,6.775189536676544
10.033333333333333,2,2,45.216152250594114,33.84836095698935,29.735220966813863,50.16666666666667,39.89528215883754,34.999794383711404,9.422769352319284
10.033333333333333,3,2,56.126616955018605,32.58848049409527,28.374191400887636,50.16666666666667,39.89528215883754,34.999794383711404,11.524277543234971
10.066666666666666,3,2,48.8992650315882,41.54436521686263,36.518153196791104,50.33333333333333,39.79057580116643,34.999177540482684,2.7275659942769046
10.066666666666666,2,2,45.634687274128794,34.065676589637064,29.846228455144352,50.33333333333333,39.79057580116643,34.999177540482684,9.022451443368206
10.066666666666666,1,2,50.36271557013953,38.51316331158935,37.741163276732074,50.33333333333333,39.79057580116643,34.999177540482684,3.0250837611812273
10.1,3,2,48.05458156028146,42.80304245271325,37.91253506733262,50.5,39.68589240921872,34.99814948722491,4.918367518650185
10.1,1,2,50.59129016491632,37.34080747527119,40.15852233682471,50.5,39.68589240921872,34.99814948722491,5.668968617705068
10.1,2,2,49.3101341072623,38.24683512531783,33.75011558577387,50.5,39.68589240921872,34.99814948722491,2.2459419690231934
10.133333333333333,1,2,50.662778688148144,39.98868315411113,34.14062146101865,50.66666666666666,39.58124346270801,34.99671025212268,0.9481087684235383
10.133333333333333,2,2,46.99374216123374,35.27223258974021,31.085576131085265,50.66666666666666,39.58124346270801,34.99671025212268,6.881491062168682
10.133333333333333,3,2,57.71468702742613,30.708084262991964,27.284932398002525,50.66666666666666,39.58124346270801,34.99671025212268,13.70689836762802
10.166666666666666,3,2,44.183522320219595,47.75124449217947,42.380956155528224,50.83333333333333,39.476640437570566,34.99485987463336,12.932264961766275
10.166666666666666,2,2,48.67019433135188,36.78682376982836,32.55967275926294,50.83333333333333,39.476640437570566,34.99485987463336,4.224265656279589
10.166666666666666,1,2,50.85727919257868,38.312420583947734,37.478619060245364,50.83333333333333,39.476640437570566,34.99485987463336,2.7431808113678104
10.2,3,2,50.69884406173925,39.89287806532193,35.59096656394619,51.0,39.37209480470687,34.99259840548598,0.8485013593068849
10.2,2,2,53.70563938001742,42.7203859711952,37.97933766952213,51.0,39.37209480470687,34.99259840548598,5.239479899915646
10.2,1,2,51.26349783427267,35.02589429719898,44.40937762897087,51.0,39.37209480470687,34.99259840548598,10.37471064194009
10.233333333333333,1,2,51.01928777392858,41.236886585463566,30.720208618946643,51.16666666666666,39.26761802872369,34.989925906679844,4.704277298773619
10.233333333333333,2,2,60.46853490541408,49.97073642599625,44.524203346300894,51.16666666666666,39.26761802872369,34.989925906679844,17.087537635736737
10.233333333333333,3,2,49.23182790253264,41.596255751282165,37.05561505034412,51.16666666666666,39.26761802872369,34.989925906679844,3.665136603780332
10.266666666666666,3,2,55.41036433337306,33.83768974701758,30.178389647898882,51.33333333333333,39.16322156667685,34.98684245148287,8.252556531268546
10.266666666666666,2,2,41.84056318021169,28.093755695383816,25.190415067715158,51.33333333333333,39.16322156667685,34.98684245148287,17.567462803181122
10.266666666666666,1,2,51.502543885917625,37.2590187115488,39.09852838427942,51.33333333333333,39.16322156667685,34.98684245148287,4.534377789128375
10.3,3,2,51.0191334142129,39.71378300333501,35.32437376868425,51.5,39.05891686681486,34.983348124429554,0.8811247471991089
10.3,2,2,51.415440770574776,38.9715866757508,34.841311334193556,51.5,39.05891686681486,34.983348124429554,0.1869526018348456
10.3,1,2,51.79869145841567,36.20590039836209,40.88537754331879,51.5,39.05891686681486,34.983348124429554,6.5622306282259855
10.333333333333334,2,2,51.78697617417963,39.17318969808018,35.349397274729796,51.66666666666667,38.954715367323466,34.97944302131861,0.4461743610009799
10.333333333333334,1,2,51.73514543821863,38.311067595112604,36.47943757143907,51.66666666666667,38.954715367323466,34.97944302131861,1.6336938046085498
10.333333333333334,3,2,50.13604680277325,40.773270486420806,36.764225535773235,51.66666666666667,38.954715367323466,34.97944302131861,2.9724381428119293
10.366666666666667,1,2,51.95861622022158,37.55155523824399,37.64682320720101,51.83333333333333,38.850628495071334,34.97512724921042,2.9734233503311107
10.366666666666667,3,2,53.22544554558342,37.0286905365358,33.29667772477424,51.83333333333333,38.850628495071334,34.97512724921042,2.841588841181729
10.366666666666667,2,2,51.40041632331855,38.38458975236077,34.43303111245051,51.83333333333333,38.850628495071334,34.97512724921042,0.8357496447844922
10.4,1,2,52.28572169101801,36.51077779202127,39.417724120494704,52.0,38.746667664356956,34.97040092642408,4.985932610700834
10.4,2,2,50.985147550489344,37.560197369066614,33.97035795645589,52.0,38.746667664356956,34.97040092642408,1.8541098127314128
10.4,3,2,51.65562596446458,39.286840487385504,35.65958749041663,52.0,38.746667664356956,34.97040092642408,0.9409347878984159
10.433333333333334,2,2,50.372704069800555,36.57314503662033,32.992078228359645,52.16666666666667,38.642844275656955,34.96526418253408,3.375710228792552
10.433333333333334,1,2,52.01610257709088,39.817621388232986,32.62949285925855,52.16666666666667,38.642844275656955,34.96526418253408,2.6188926064156557
10.433333333333334,3,2,61.735106086854536,26.29722269684491,23.742940671264492,52.16666666666667,38.642844275656955,34.96526418253408,19.233043183454587
10.466666666666667,2,2,57.93688719756305,44.690498118509154,40.439838148523464,52.33333333333333,38.53916971437589,34.95971715836687,9.9634523691126
10.466666666666667,1,2,52.43703976539562,37.84678162694763,36.43820254827804,52.33333333333333,38.53916971437589,34.95971715836687,1.6358714301082575
10.466666666666667,3,2,46.1405924138859,46.631257410704784,42.33673661463208,52.33333333333333,38.53916971437589,34.95971715836687,12.579838609401614
10.5,3,2,57.34115366564386,32.120217619822085,29.029971478329436,52.5,38.435655349597695,34.95376000599692,9.920322225289619
10.5,1,2,52.2614631418235,40.00012442603162,31.844432513858585,52.5,38.435655349597695,34.95376000599692,3.4888939188794477
10.5,2,2,49.96384438077824,35.563144229415045,32.37418446676483,52.5,38.435655349597695,34.95376000599692,4.61926568007163
10.533333333333333,3,2,62.36789828061242,25.86095686561915,23.53827380809969,52.666666666666664,38.33231253283898,34.94739288874257,19.488884144609365
10.533333333333333,1,2,52.50240049606105,39.585400212866475,32.534402244169605,52.666666666666664,38.33231253283898,34.94739288874257,2.723919227774341
10.533333333333333,2,2,51.907577763360706,37.56385827309137,34.284713880429365,52.666666666666664,38.33231253283898,34.94739288874257,1.26723375132825
10.566666666666666,2,2,52.8857365102112,38.26144932943559,34.850658571175735,52.83333333333333,38.22915259680417,34.94061598116154,0.10900232794263598
10.566666666666666,1,2,52.6517475629245,39.33625194556849,32.7113398164844,52.83333333333333,38.22915259680417,34.94061598116154,2.4956591470886
10.566666666666666,3,2,57.032438718515294,32.88865291710356,29.9404621142443,52.83333333333333,38.22915259680417,34.94061598116154,8.435340038053825
10.6,3,2,56.540327519357064,33.46446347841413,30.62002403432703,53.0,38.12618685414275,34.9334294690462,7.271248188612218
10.6,1,2,52.99107531523346,38.29545506917818,34.36736135033474,53.0,38.12618685414275,34.9334294690462,0.5909014246395062
10.6,2,2,53.48505113642676,38.80869238253656,35.61690395779349,53.0,38.12618685414275,34.9334294690462,1.0808449370771802
10.633333333333333,2,2,52.261376777547504,36.986887645292526,33.919135921117174,53.166666666666664,38.02342659620874,34.9258335494184,1.7051108160278572
10.633333333333333,1,2,53.18754408228006,37.79012878268475,35.47564324378863,53.166666666666664,38.02342659620874,34.9258335494184,0.5976239924076512
10.633333333333333,3,2,50.64628372140949,41.29717603434934,37.723996529385936,53.166666666666664,38.02342659620874,34.9258335494184,4.989938039387855
10.666666666666666,3,2,57.16207160042035,32.818551673146146,30.27547840332867,53.333333333333336,37.92088309182241,34.917828430524104,7.889514332255747
10.666666666666666,1,2,53.51172043463423,37.1122909975207,36.567805507538736,53.333333333333336,37.92088309182241,34.917828430524104,1.846095200023961
10.666666666666666,2,2,59.031158302159895,43.901334469303265,40.49938123667279,53.333333333333336,37.92088309182241,34.917828430524104,9.969189524812048
10.7,2,2,53.41680152448795,37.7738194750754,34.887666906651916,53.49999999999999,37.81856758603458,34.9094143318277,0.09693982805699328
10.7,1,2,52.94237386367541,40.4944358097803,29.793620577155085,53.49999999999999,37.81856758603458,34.9094143318277,5.800220978472428
10.7,3,2,52.248907838290975,39.488735294002936,36.554587976500684,53.49999999999999,37.81856758603458,34.9094143318277,2.657308429775626
10.733333333333333,2,2,54.7096338467586,38.676407157069235,35.914497839534285,53.666666666666664,37.716491298893445,34.90059148400594,1.7427636360984384
10.733333333333333,1,2,54.417618073553186,33.94962329751523,42.06206428599806,53.666666666666664,37.716491298893445,34.90059148400594,8.12649464707784
10.733333333333333,3,2,57.66909791975227,32.529323503015156,29.963812343402516,53.666666666666664,37.716491298893445,34.90059148400594,8.203533017022014
10.766666666666666,2,2,53.62861666600156,37.33477972990666,34.47872363499862,53.833333333333336,37.614665424214195,34.891360128941685,0.5389933134047794
10.766666666666666,1,2,54.31807609152071,35.458109116127915,39.10697327566257,53.833333333333336,37.614665424214195,34.891360128941685,4.759947988620021
10.766666666666666,3,2,44.43203336793869,49.87742502150759,46.45220937995546,53.833333333333336,37.614665424214195,34.891360128941685,19.29800376684092
10.8,3,2,51.72504190917867,40.6451375605047,37.82358682325299,54.0,37.51310112835145,34.88172051971716,4.862063746518367
10.8,1,2,54.34184426801916,36.093881715710936,37.501908205201985,54.0,37.51310112835145,34.88172051971716,2.9994040661370645
10.8,2,2,47.9974136266288,31.622592038417253,29.379158537944054,54.0,37.51310112835145,34.88172051971716,10.05024023949845
10.833333333333334,2,2,49.2935547426235,32.473882118196045,30.273219620214803,54.16666666666667,37.41180954897479,34.87167292060715,8.32322773278361
10.833333333333334,1,2,54.00468811932803,38.07478553865757,33.55458632832791,54.16666666666667,37.41180954897479,34.87167292060715,1.4834053068044355
10.833333333333334,3,2,46.00735531672574,48.12614483478095,45.137938859626594,54.16666666666667,37.41180954897479,34.87167292060715,16.93421266704232
10.866666666666667,1,2,54.29274503870171,37.47670935195647,34.53223455819746,54.333333333333336,37.31080179384735,34.86121760707165,0.37067853181078086
10.866666666666667,2,2,48.10504707248195,31.172262187296173,28.974563866879357,54.333333333333336,37.31080179384735,34.86121760707165,10.541627507421587
10.866666666666667,3,2,58.35083613283676,31.85146474320007,29.7371594339153,54.333333333333336,37.31080179384735,34.86121760707165,8.497097265447678
10.9,1,2,54.78543563419674,36.194693843307505,36.877837141225655,54.50000000000001,37.21008893960771,34.850354865748365,2.285428861337486
10.9,2,2,55.73026191572546,38.32675068179613,35.8513293738091,54.50000000000001,37.21008893960771,34.850354865748365,1.9396978614050082
10.9,3,2,51.705406048168754,40.762474864813875,38.46256712876034,54.50000000000001,37.21008893960771,34.850354865748365,5.785955284157387
10.933333333333334,3,2,58.49570446853601,32.12898382472753,30.025413072909313,54.666666666666664,37.109682030555284,34.839084994444825,7.914563947171042
10.933333333333334,1,2,54.88458884198392,36.22331663979238,36.29996709534116,54.666666666666664,37.109682030555284,34.839084994444825,1.722588225071961
10.933333333333334,2,2,50.58077122880485,32.84877978079082,30.748677687727405,54.666666666666664,37.109682030555284,34.839084994444825,7.182009568779139
10.966666666666667,3,2,52.45687385875321,40.235192580197236,37.82270392237909,54.833333333333336,37.00959207743913,34.82740830213025,5.002384840293363
10.966666666666667,2,2,48.501866007115055,30.834673520035395,28.818984401028487,54.833333333333336,37.00959207743913,34.82740830213025,10.691971542651507
10.966666666666667,1,2,53.876498505059494,40.4024228308661,28.722400616983904,54.833333333333336,37.00959207743913,34.82740830213025,7.049677456855287
11.0,1,2,55.42858221943219,35.387547385071514,37.50463208739892,55.00000000000001,36.90983005625052,34.81532510892706,3.1198396231605754
11.0,3,2,52.27027892509268,40.64896359972105,38.315173211749446,55.00000000000001,36.90983005625052,34.81532510892706,5.803570758208184
11.0,2,2,56.416297233103016,38.282310710479294,36.18595255656979,55.00000000000001,36.90983005625052,34.81532510892706,2.4017120141597106
11.033333333333333,2,2,58.33932608871616,39.90569296632951,37.710772352761474,55.166666666666664,36.810406907019306,34.80283574610211,5.301194101863194
11.033333333333333,3,2,61.21056132319775,28.51018532184108,26.69370236749083,55.166666666666664,36.810406907019306,34.80283574610211,13.083592210643499
11.033333333333333,1,2,56.87314829206773,30.829445834674463,45.433438743773806,55.166666666666664,36.810406907019306,34.80283574610211,12.316399432498212
11.066666666666666,1,2,54.240957843545424,40.538087148978214,28.04881746205396,55.333333333333336,36.71133353261417,34.78994055605757,7.828158660857194
11.066666666666666,3,2,59.6626634108686,30.87279807679168,29.094023753606002,55.333333333333336,36.71133353261417,34.78994055605757,9.23444981629106
11.066666666666666,2,2,44.67264470301657,26.455008170166362,24.89080162883947,55.333333333333336,36.71133353261417,34.78994055605757,17.79987200834096
11.1,3,2,59.81648468431463,30.49951424368092,29.038494936663074,55.49999999999999,36.61262079754709,34.77663989232161,9.430186599479029
11.1,2,2,65.88556845878,46.42410171419388,44.17551746729359,55.49999999999999,36.61262079754709,34.77663989232161,17.101581495845387
11.1,1,2,56.10449088704118,34.557563140776274,38.423276917803044,55.49999999999999,36.61262079754709,34.77663989232161,4.2292591314295525
11.133333333333333,1,2,55.95454158722396,35.6987172410478,36.08155179352731,55.666666666666664,36.51427952678185,34.76293411953863,1.5769484398524052
11.133333333333333,2,2,55.874116602564335,36.583829075938354,35.05530946060971,55.666666666666664,36.51427952678185,34.76293411953863,0.3651793473873553
11.133333333333333,3,2,61.28428857942592,28.76288275630486,27.311661752660598,55.666666666666664,36.51427952678185,34.76293411953863,12.131087656656105
11.166666666666666,2,2,55.14792344458893,35.86793332742964,34.137444581238235,55.833333333333336,36.416320504546995,34.74882361345932,1.069719370982385
11.166666666666666,3,2,58.579288430428775,32.81367768982176,31.127922444070137,55.833333333333336,36.416320504546995,34.74882361345932,5.799157690927172
11.166666666666666,1,2,55.794430647685644,36.642534416387306,34.32843167477425,55.833333333333336,36.416320504546995,34.74882361345932,0.4789734178136528
11.2,1,2,56.871225272631264,33.47020872548128,39.81816560516841,55.99999999999999,36.31875447315323,34.73430876093033,5.892270085880121
11.2,3,2,59.48649937603215,31.435159815085015,30.04277620096534,55.99999999999999,36.31875447315323,34.73430876093033,7.616800669874241
11.2,2,2,62.73414383131985,42.409487113497605,40.653025748264035,55.99999999999999,36.31875447315323,34.73430876093033,10.838677410699711
11.233333333333333,3,2,61.3642069490162,28.96370422696526,27.519695017446033,56.166666666666664,36.22159213181533,34.71938995988368,11.468520789106902
11.233333333333333,2,2,56.50923171483909,36.62982840529969,35.20756321457127,56.166666666666664,36.22159213181533,34.71938995988368,0.722717644595768
11.233333333333333,1,2,55.350146858533925,38.77927022839274,30.38480508167901,56.166666666666664,36.22159213181533,34.71938995988368,5.098730029050917
11.266666666666666,1,2,56.42640950857618,35.74827300483438,35.29314815080124,56.33333333333332,36.12484413547898,34.704067619325826,0.7053260688476947
11.266666666666666,3,2,55.94542478050388,36.738769808353815,35.24485917335256,56.33333333333332,36.12484413547898,34.704067619325826,0.9054464545624444
11.266666666666666,2,2,52.544258302403776,32.62388114044764,31.354113121218703,56.33333333333332,36.12484413547898,34.704067619325826,6.151099627056997
11.3,3,2,54.45466628548927,38.81877619874892,37.48722928908257,56.50000000000001,36.028521093652195,34.68834215932649,4.450020530328695
11.3,1,2,57.520746900675455,32.89139987210436,40.11512336008008,56.50000000000001,36.028521093652195,34.68834215932649,6.350858839147417
11.3,2,2,70.40838137697199,48.54239969523496,46.977171523095585,56.50000000000001,36.028521093652195,34.68834215932649,22.384270310070097
11.333333333333334,2,2,49.90403500078153,29.76206686513285,28.621454844584022,56.666666666666664,35.932633569242,34.672214011007085,10.973639641811893
11.333333333333334,3,2,61.31007277529747,29.368787301719387,28.30687857040635,56.666666666666664,35.932633569242,34.672214011007085,10.254891193216444
11.333333333333334,1,2,56.50011195400386,36.38672902850604,33.96326890877653,56.666666666666664,35.932633569242,34.672214011007085,0.8582227661924982
11.366666666666667,1,2,56.50400202095151,36.714775071673465,33.0871293981086,56.833333333333336,35.83719207739599,34.655683616528954,1.8272857908068012
11.366666666666667,3,2,58.76760370445847,33.180548207638026,31.950873173529196,56.833333333333336,35.83719207739599,34.655683616528954,4.256190556342102
11.366666666666667,2,2,56.220458310458966,35.37623118507874,33.99943873850454,56.833333333333336,35.83719207739599,34.655683616528954,1.0093354634820175
11.4,1,2,57.03099965301826,35.48653558820375,35.075974824938285,57.00000000000001,35.742207084349275,34.63875142908121,0.5074378684266037
11.4,3,2,56.95487285236814,35.8263668404841,34.79770719933489,57.00000000000001,35.742207084349275,34.63875142908121,0.18543532808772145
11.4,2,2,62.43255522517137,40.659786262779505,39.2873013202204,57.00000000000001,35.742207084349275,34.63875142908121,8.67780256407562
11.433333333333334,1,2,56.809079372866414,36.629244301378534,32.966953043863995,57.166666666666664,35.64768900627673,34.621417912868324,1.9566740844604886
11.433333333333334,3,2,57.98381845674914,34.51370420037256,33.66221840682647,57.166666666666664,35.64768900627673,34.621417912868324,1.6952056749691033
11.433333333333334,2,2,50.278600914936476,29.591671840517495,28.60133605337156,57.166666666666664,35.64768900627673,34.621417912868324,10.970969843508406
11.466666666666667,2,2,56.67853293429889,34.98351707344372,34.01650949297288,57.333333333333336,35.553648208150726,34.603683543097404,1.0481347425200631
11.466666666666667,3,2,59.65774960365058,32.17811219242478,31.242933142857744,57.333333333333336,35.553648208150726,34.603683543097404,5.300169586333023
11.466666666666667,1,2,58.658737748635374,32.09812428014967,40.34434789907603,57.333333333333336,35.553648208150726,34.603683543097404,6.830268642527426
11.5,1,2,56.76332832081074,37.4813032314277,31.191345859140462,57.49999999999999,35.46009500260454,34.585548805965146,4.01852976988044
11.5,3,2,54.74682155294917,39.47407537631272,38.61620337136681,57.49999999999999,35.46009500260454,34.585548805965146,6.319668205484596
11.5,2,2,60.058014802670456,37.57297376320541,36.77912764555641,57.49999999999999,35.46009500260454,34.585548805965146,3.9773715583513227
11.533333333333333,2,2,73.24936795693237,49.0270612201988,48.0836825298215,57.666666666666664,35.36703964880139,34.56701419864454,24.7410002143756
11.533333333333333,3,2,54.73699756584371,39.62568836858853,38.61109811146318,57.666666666666664,35.36703964880139,34.56701419864454,6.56305299786463
11.533333333333333,1,2,58.43103430243975,33.40581016300059,37.82701739603316,57.666666666666664,35.36703964880139,34.56701419864454,3.880502522299893
11.566666666666666,3,2,55.55131419346864,38.76429027537348,37.75014270980692,57.833333333333336,35.27449235130946,34.5480802292712,5.257328697614877
11.566666666666666,1,2,56.67101130901278,38.0967041835022,29.870434772137635,57.833333333333336,35.27449235130946,34.5480802292712,5.585359356087268
11.566666666666666,2,2,51.98010479631266,30.207613282405053,29.557061741817297,57.833333333333336,35.27449235130946,34.5480802292712,9.211070152137669
11.6,2,2,57.70590813749155,34.87402699911868,34.277353915032435,57.99999999999999,35.18246325898285,34.52874741692947,0.494794546037783
11.6,3,2,58.69046831007647,34.241952294599216,33.62196528999046,57.99999999999999,35.18246325898285,34.52874741692947,1.477687784033463
11.6,1,2,58.59667756929393,33.61946072961962,37.012728049323094,57.99999999999999,35.18246325898285,34.52874741692947,2.9948557245051073
11.633333333333333,3,2,51.65120507659815,44.64838407867687,44.05112127879701,58.166666666666664,35.09096246384859,34.509016291638154,14.994909644316195
11.633333333333333,2,2,62.60757466008384,38.79335147842029,38.12130882227609,58.166666666666664,35.09096246384859,34.509016291638154,6.817477946287793
11.633333333333333,1,2,58.10210654481728,35.32428080347337,34.103198599758414,58.166666666666664,35.09096246384859,34.509016291638154,0.47253936976835176
11.666666666666666,1,2,55.85234980470341,41.00286273781972,24.828307521009393,58.33333333333333,35.00000000000001,34.488887394336025,11.64115302740072
11.666666666666666,2,2,58.97401022618936,35.49387952100025,34.78466905156986,58.33333333333333,35.00000000000001,34.488887394336025,0.8613191342696842
11.666666666666666,3,2,52.55342472925906,43.23769944408568,42.83861346736278,58.33333333333333,35.00000000000001,34.488887394336025,13.076121791155197
11.7,3,2,59.75801854678719,33.10819061467552,32.585525372211706,58.5,34.90958584249629,34.46836127686697,2.893562937752524
11.7,2,2,50.50571029646052,28.11988568671579,27.691309152011776,58.5,34.90958584249629,34.46836127686697,12.487478991875319
11.7,1,2,58.50478285677021,34.93880970380439,34.45262957467267,58.5,34.90958584249629,34.46836127686697,0.033532018170242005
11.733333333333333,1,2,57.574204734292884,37.34306388649081,30.46305078144605,58.666666666666664,34.8197299062687,34.447438501964875,4.841077664823259
11.733333333333333,2,2,61.478023990196284,37.101451935297675,36.6627053740821,58.666666666666664,34.8197299062687,34.447438501964875,4.24468994545182
11.733333333333333,3,2,59.03413795457763,34.345739990051314,33.91600009288187,58.666666666666664,34.8197299062687,34.447438501964875,0.8013291276144773
11.766666666666666,2,2,59.62616036126566,35.30076988774026,34.98111048436803,58.83333333333333,34.73044204503323,34.426119643238174,1.123326923974004
11.766666666666666,3,2,55.06387107829164,40.27910937717055,40.12622375390002,58.83333333333333,34.73044204503323,34.426119643238174,8.802712180191735
11.766666666666666,1,2,58.36247310182541,35.82636260661599,32.791024303260066,58.83333333333333,34.73044204503323,34.426119643238174,2.023928853920929
11.8,1,2,60.588322424009135,31.02891947133666,40.21902652404332,59.00000000000001,34.64173205021003,34.40440528515415,7.027446407082516
11.8,2,2,62.07251539486094,37.09666028162141,36.88362123574755,59.00000000000001,34.64173205021003,34.40440528515415,4.6490359433666235
11.8,3,2,61.388712396607545,30.861764998633376,30.787787539822492,59.00000000000001,34.64173205021003,34.40440528515415,5.7510018032130255
11.833333333333334,1,2,57.929455825930525,37.29299754471549,30.234923700576076,59.166666666666664,34.55360964984973,34.382296023022896,5.122073201738726
11.833333333333334,2,2,67.0611302543123,40.76129855132878,40.624041790979035,59.166666666666664,34.55360964984973,34.382296023022896,11.824438551830161
11.833333333333334,3,2,57.85256552291467,36.424449928212404,36.28259361691581,59.166666666666664,34.55360964984973,34.382296023022896,2.972883467024839
11.866666666666667,3,2,59.15996529333866,34.82400640222703,34.531595371739556,59.333333333333336,34.466084507566556,34.359792462981005,0.43322142078484127
11.866666666666667,1,2,58.201342843587895,36.977086383304595,30.33648266671963,59.333333333333336,34.466084507566556,34.359792462981005,4.875813225045318
11.866666666666667,2,2,66.24551965118455,40.24981708780837,39.9517282429219,59.333333333333336,34.466084507566556,34.359792462981005,10.60658418245117
11.9,1,2,61.08111103512055,30.95083891388985,39.80743398048142,59.5,34.3791662214787,34.336895221974956,6.646813863924642
11.9,3,2,61.553691906572226,31.137361814241043,31.18134967376091,59.5,34.3791662214787,34.336895221974956,4.968341168716098
11.9,2,2,62.38517009202949,36.56055136427031,36.6183211655863,59.5,34.3791662214787,34.336895221974956,4.27639473590972
11.933333333333334,2,2,61.80725305623315,36.02101089159136,36.06653665947171,59.66666666666667,34.29286432315568,34.31360492774415,3.262111326930862
11.933333333333334,3,2,60.3131339648993,33.252786205959055,33.32008994846426,59.66666666666667,34.29286432315568,34.31360492774415,1.5769446634581086
11.933333333333334,1,2,59.79787270891055,33.99553365443009,34.74127637104718,59.66666666666667,34.29286432315568,34.31360492774415,0.5371437568314513
11.966666666666667,1,2,61.56889866751843,30.54493333553113,40.19455285816289,59.833333333333336,34.20718827657321,34.289922218803795,7.1616311877721275
11.966666666666667,3,2,64.41906209966822,27.123818002650452,27.1172595146037,59.833333333333336,34.20718827657321,34.289922218803795,11.074752052488892
11.966666666666667,2,2,52.17285703553949,28.177991884952675,28.08199476701051,59.833333333333336,34.20718827657321,34.289922218803795,11.55735564411341
12.0,2,2,58.99667359783242,33.42366821320604,33.54727946197368,60.0,34.12214747707527,34.265847744427305,1.4180541343299262
12.0,3,2,61.59563252076505,31.750990520430893,31.824078992012627,60.0,34.12214747707527,34.265847744427305,3.759077425996278
12.0,1,2,60.32870588380109,33.39575661894719,35.54973117066076,60.0,34.12214747707527,34.265847744427305,1.5113066826340962
12.033333333333333,1,2,59.0966758537284,36.11473698788253,30.838104587512195,60.16666666666667,34.037751250343845,34.24138216462856,4.128080469251352
12.033333333333333,3,2,65.8863274456618,25.081763402415632,25.23888501881167,60.16666666666667,34.037751250343845,34.24138216462856,13.927282312764913
12.033333333333333,2,2,61.64065313530689,35.3676793542857,35.4622092469025,60.16666666666667,34.037751250343845,34.24138216462856,2.330614433191888
12.066666666666666,3,2,53.849549330698366,44.149233390209574,44.66580312098023,60.33333333333333,33.95400885137626,34.216526150143785,15.974024151831838
12.066666666666666,2,2,57.50962121846696,31.801987827066682,31.893446658791113,60.33333333333333,33.95400885137626,34.216526150143785,4.242787164100613
12.066666666666666,1,2,60.25444565901052,34.06967838228253,33.932521890119446,60.33333333333333,33.95400885137626,34.216526150143785,0.3166403721133983
12.1,1,2,62.0054672149695,30.83662503769219,38.886565226599494,60.5,33.87092946347024,34.19128038241318,5.789571197566358
12.1,3,2,56.24428111539783,40.543425885568716,41.11027625176992,60.5,33.87092946347024,34.19128038241318,10.512176538084397
12.1,2,2,61.16224633852221,34.445227458591035,34.742798028145515,60.5,33.87092946347024,34.19128038241318,1.0356447815925933
12.133333333333333,3,2,57.27310197028607,39.38536963948498,39.654872433356324,60.66666666666667,33.7885221972169,34.165645553562214,8.542399802069538
12.133333333333333,1,2,61.89162128813711,31.494723043247657,37.77256336171614,60.66666666666667,33.7885221972169,34.165645553562214,4.446558720875021
12.133333333333333,2,2,54.71775320997113,29.20684392653758,29.646969386001288,60.66666666666667,33.7885221972169,34.165645553562214,8.763548447892067
12.166666666666666,2,2,71.82029279885344,42.21419135635361,42.69944153095094,60.83333333333333,33.70679608950163,34.139622366382675,16.320525624303517
12.166666666666666,1,2,60.8071706072094,33.72887621856975,34.16827563507025,60.83333333333333,33.70679608950163,34.139622366382675,0.04464336618561733
12.166666666666666,3,2,60.01611788057294,35.12733208158896,35.50918174106855,60.83333333333333,33.70679608950163,34.139622366382675,2.135756653234603
12.2,1,2,61.125241032118865,33.53027719703982,34.296456771180765,61.0,33.625760102513105,34.11321153431338,0.24162184958815833
12.2,3,2,58.25009920910058,38.04726575167128,38.5996311108852,61.0,33.625760102513105,34.11321153431338,6.87310898956024
12.2,2,2,76.59022380883651,45.188949510789,46.32933930535908,61.0,33.625760102513105,34.11321153431338,22.934607156430445
12.233333333333333,3,2,57.666505514339306,39.05701874315902,39.82082955002958,61.16666666666666,33.545423122760496,34.08641378142064,8.689783575114433
12.233333333333333,2,2,58.29963407508669,31.375943902965187,31.992064741061093,61.16666666666666,33.545423122760496,34.08641378142064,4.160866961242614
12.233333333333333,1,2,61.05066553925131,33.87289760092016,33.67315757275598,61.16666666666666,33.545423122760496,34.08641378142064,0.5398856262278722
12.266666666666666,2,2,64.18606592344386,35.61165863469462,36.4297045414016,61.33333333333333,33.46579396009895,34.05922984237837,4.285086782209388
12.266666666666666,3,2,58.59423539113435,37.84500726507823,38.650123742154975,61.33333333333333,33.46579396009895,34.05922984237837,6.910605871157194
12.266666666666666,1,2,60.51579533354227,34.95947881554443,31.8744289466005,61.33333333333333,33.46579396009895,34.05922984237837,2.769985159289006
12.3,2,2,59.780292046595946,32.179728784382505,32.656025323576756,61.5,33.38688134676348,34.03166046244801,2.5113710974607972
12.3,1,2,64.12216182316311,28.393684482283668,41.401402596575835,61.5,33.38688134676348,34.03166046244801,9.280131824378579
12.3,3,2,59.087305775020155,37.41388192125423,38.10569544485663,61.5,33.38688134676348,34.03166046244801,6.215753219690202
12.333333333333334,3,2,64.00974277717148,29.373908919519724,30.070040684517945,61.66666666666667,33.308693936411416,34.003706397458025,6.0370741862208455
12.333333333333334,2,2,70.84764082579797,40.136058829841815,41.28968979399971,61.66666666666667,33.308693936411416,34.003706397458025,13.56424535141427
12.333333333333334,1,2,61.65893227923729,33.33426936693567,34.06754573610122,61.66666666666667,33.308693936411416,34.003706397458025,0.06920537951496109
12.366666666666667,2,2,64.99944167988355,35.65282064681287,36.43127285293532,61.83333333333334,33.231240303173394,33.97536841378323,4.681854337443968
12.366666666666667,3,2,60.734562415589366,35.15344594505019,35.83964817798931,61.83333333333334,33.231240303173394,33.97536841378323,2.894427594287202
12.366666666666667,1,2,60.32221670665404,36.12185206763617,29.58114142995254,61.83333333333334,33.231240303173394,33.97536841378323,5.472507708327416
12.4,2,2,62.561336672699525,33.61240839659961,34.362310332602156,62.0,33.154528940713114,33.946647288323774,0.8351815506936574
12.4,3,2,63.3345151542279,30.953969448313742,31.601119755114286,62.0,33.154528940713114,33.946647288323774,3.48208158800116
12.4,1,2,61.31220110155966,34.43266213482093,32.14292744615368,62.0,33.154528940713114,33.946647288323774,2.315188341283299
12.433333333333334,2,2,60.50069097610686,31.878733628562074,32.64270267519534,62.16666666666667,33.07856826129593,33.9175438084838,2.4166708635161784
12.433333333333334,3,2,65.107018748316,28.147754993407194,28.77863337899197,62.16666666666667,33.07856826129593,33.9175438084838,7.7049977449177085
12.433333333333334,1,2,63.27523234623943,31.136101403603718,36.658434780396696,62.16666666666667,33.07856826129593,33.9175438084838,3.5375950417017603
12.466666666666667,2,2,63.251380152897106,33.67683693539514,34.64398278966911,62.33333333333333,33.00336659486635,33.88805877214992,1.3666723757892683
12.466666666666667,3,2,65.12738775712442,28.317973688155668,28.873633300635355,62.33333333333333,33.00336659486635,33.88805877214992,7.409730738882177
12.466666666666667,1,2,63.23930338824743,31.33680353735861,36.38373951067051,62.33333333333333,33.00336659486635,33.88805877214992,3.1347466426608204
12.5,1,2,62.22818518025956,33.244514621321926,33.3240821679858,62.5,32.928932188134524,33.8581929876693,0.6773108120132054
12.5,3,2,61.48024031369819,34.72408993780738,35.77421241618947,62.5,32.928932188134524,33.8581929876693,2.8166703063162433
12.5,2,2,54.883739451532406,27.62335215121497,28.232777166413385,62.5,32.928932188134524,33.8581929876693,10.853658711804952
12.533333333333333,2,2,67.79393765997285,36.50425153718932,37.61421944224368,62.66666666666667,32.85527320367196,33.827947273827505,7.344372515783837
12.533333333333333,3,2,60.09410871030293,37.18291939856691,38.45280611671227,62.66666666666667,32.85527320367196,33.827947273827505,6.83636565315581
12.533333333333333,1,2,61.65797592811388,34.603980039530796,31.232746187534065,62.66666666666667,32.85527320367196,33.827947273827505,3.2879326760321965
12.566666666666666,1,2,62.88675257421653,32.74751001266809,33.90296591558841,62.83333333333333,32.78239771901638,33.79732245982606,0.12341518178973485
12.566666666666666,3,2,66.05061220034729,27.181286908491547,27.897288827915116,62.83333333333333,32.78239771901638,33.79732245982606,8.748355415596297
12.566666666666666,2,2,57.30545796024873,28.974606349838222,29.8641939163111,62.83333333333333,32.78239771901638,33.79732245982606,7.779857414590257
12.6,1,2,60.41468536725067,37.211916277926804,27.307945601543796,63.0,32.71031372578589,33.76631938525972,8.286064760665255
12.6,3,2,59.071243521111924,39.85735362596994,41.41705845998514,63.0,32.71031372578589,33.76631938525972,11.182536170062601
12.6,2,2,67.14159032926369,35.58295596901871,36.716587092994615,63.0,32.71031372578589,33.76631938525972,5.840284535907439
12.633333333333333,1,2,61.1090024186982,36.13704252153227,28.700222835825514,63.16666666666666,32.63902912880266,33.73493890009342,6.466718309999331
12.633333333333333,3,2,59.68949797228378,38.60577495882902,40.0586376854776,63.16666666666666,32.63902912880266,33.73493890009342,9.363862678275598
12.633333333333333,2,2,64.28882967634664,33.24025680529031,34.38340823100078,63.16666666666666,32.63902912880266,33.73493890009342,1.4287186610372962
12.666666666666666,2,2,71.81489996728658,38.34288061839709,39.93878270419474,63.33333333333333,32.56855174522606,33.703181864639014,12.006771603224315
12.666666666666666,3,2,64.17898592244272,31.025368656321398,32.10768054896285,63.33333333333333,32.56855174522606,33.703181864639014,2.3753245663852196
12.666666666666666,1,2,64.67250103239142,30.32986813496184,36.71277941274884,63.33333333333333,32.56855174522606,33.703181864639014,3.982807029552758
12.7,1,2,62.74903048463305,33.83007808218153,31.824689762270754,63.5,32.49888930369541,33.67104914953168,2.3968858470741563
12.7,3,2,64.55863284728095,30.711021016573415,31.671254996563324,63.5,32.49888930369541,33.67104914953168,2.883808795965004
12.7,2,2,63.327840507042055,32.40986615514401,33.62891397051408,63.5,32.49888930369541,33.67104914953168,0.19834158743033894
12.733333333333333,1,2,64.27446019771041,31.41740122115086,35.10275977161273,63.66666666666666,32.43004944348244,33.638541635706034,1.8811709513194237
12.733333333333333,3,2,63.77605557892331,32.217324147497465,33.26158507938931,63.66666666666666,32.43004944348244,33.638541635706034,0.44644622411523427
12.733333333333333,2,2,71.54138410394141,37.966885478844404,39.497169458835316,63.66666666666666,32.43004944348244,33.638541635706034,11.269039354325924
12.766666666666666,2,2,56.56278153335853,27.553217603471616,28.343844185727093,63.83333333333333,32.36203971365358,33.60566021437197,10.181964519816196
12.766666666666666,3,2,61.60702747411043,36.30338859252328,37.729825259455836,63.83333333333333,32.36203971365358,33.60566021437197,6.123675863635272
12.766666666666666,1,2,65.90405831902294,29.06985866201936,38.34708964560273,63.83333333333333,32.36203971365358,33.60566021437197,6.132496318338874
12.8,2,2,68.69077592936907,35.621782480312945,37.09599842613826,64.0,32.294867572242104,33.57240578699029,6.744438205792237
12.8,3,2,64.76393285921156,30.7716020926238,31.957320974451303,64.0,32.294867572242104,33.57240578699029,2.34785648762313
12.8,1,2,65.07558611521901,30.46276905293671,36.07237287406069,64.0,32.294867572242104,33.57240578699029,3.2807477672214014
12.833333333333334,2,2,62.39935674213914,30.98284168668469,32.31244995855733,64.16666666666667,32.22854038543029,33.53877926524791,2.4857661164796245
12.833333333333334,1,2,64.14239448419606,32.18994428316577,33.65878497889183,64.16666666666667,32.22854038543029,33.53877926524791,0.12837511152511785
12.833333333333334,3,2,66.5450603285789,27.895523285480675,28.891337275336205,64.16666666666667,32.22854038543029,33.53877926524791,6.7845788851685205
12.866666666666667,1,2,68.02667105502759,26.178850552105484,41.72357756075364,64.33333333333333,32.1630654267416,33.5047815710329,10.816662087398111
12.866666666666667,3,2,63.661048797142115,33.52003545659959,34.98821716302974,64.33333333333333,32.1630654267416,33.5047815710329,2.119885684450371
12.866666666666667,2,2,65.78053890065101,33.19775830857721,34.73892749021012,64.33333333333333,32.1630654267416,33.5047815710329,2.165204254480013
12.9,2,2,65.12572148651553,32.50587863861514,33.776836779488214,64.5,32.098449876243095,33.47041363640923,0.8071063856206445
12.9,1,2,65.7079798488371,30.227911786894484,36.046300801945456,64.5,32.098449876243095,33.47041363640923,3.4048968778033033
12.9,3,2,68.8193945202939,24.116976086158342,24.798711022469135,64.5,32.098449876243095,33.47041363640923,12.552271472063149
12.933333333333334,3,2,64.34856360545402,32.640881056897385,33.970160187183424,64.66666666666667,32.03470081975804,33.43567640359119,0.8685142211698379
12.933333333333334,1,2,63.9977447033892,33.04633152091385,32.08682710176683,64.66666666666667,32.03470081975804,33.43567640359119,1.8139039962214243
12.933333333333334,2,2,72.17111356328766,37.029727868371324,38.72868286918011,64.66666666666667,32.03470081975804,33.43567640359119,10.453847898517987
12.966666666666667,3,2,62.4753876769219,36.586034694485484,38.09233698945951,64.83333333333333,31.971825248088855,33.400570824917565,6.990243649297645
12.966666666666667,2,2,48.48836752810588,21.29584040124212,22.011559964570996,64.83333333333333,31.971825248088855,33.400570824917565,22.60186116233014
12.966666666666667,1,2,66.14742350287678,29.942202209111045,36.27742404577797,64.83333333333333,31.971825248088855,33.400570824917565,3.757989769599584
13.0,1,2,65.77714037494545,30.743230997684243,34.9291367547602,65.0,31.909830056250527,33.36509786282552,2.1002662167692807
13.0,2,2,67.75513188261365,33.56062645760089,35.0542209915464,65.0,31.909830056250527,33.36509786282552,3.628914079071779
13.0,3,2,64.36581152188245,33.01729052150692,34.69272696124882,65.0,31.909830056250527,33.36509786282552,1.841538142657717
13.033333333333333,2,2,52.94505917977612,24.007976994458595,24.870128420106298,65.16666666666666,31.848722042714463,33.329258489824234,16.80481639327767
13.033333333333333,1,2,63.57809681296406,34.295634454813374,30.007165964477178,65.16666666666666,31.848722042714463,33.329258489824234,4.421225314270148
13.033333333333333,3,2,63.6114973510185,34.881750439623104,36.50135893199935,65.16666666666666,31.848722042714463,33.329258489824234,4.6561823495257695
13.066666666666666,2,2,75.17979696518842,38.1450914063435,40.19819083520171,65.33333333333333,31.788507908662964,33.29305368846822,13.602937875019059
13.066666666666666,1,2,65.51956202367651,31.601768940591764,33.56914445503511,65.33333333333333,31.788507908662964,33.29305368846822,0.3818097414769908
13.066666666666666,3,2,64.323499712885,33.688275866531455,35.28515675420634,65.33333333333333,31.788507908662964,33.29305368846822,2.9321249733350085
13.1,3,2,64.07737806406237,34.55659524889426,36.162030458298986,65.5,31.729194257254385,33.2564844513304,4.29653897209698
13.1,2,2,49.20146819889972,21.378243901569725,22.11959540193406,65.5,31.729194257254385,33.2564844513304,22.289338479100042
13.1,1,2,65.22825347804917,32.23970974794826,32.62049751223585,65.5,31.729194257254385,33.2564844513304,0.859622955213295
13.133333333333333,3,2,65.43907392352489,32.20404622910223,33.85079074443445,65.66666666666666,31.670787592899003,33.21955178097488,0.8571031786229885
13.133333333333333,1,2,61.83885478740724,37.327210265174216,25.570498697643583,65.66666666666666,31.670787592899003,33.21955178097488,10.254524577085405
13.133333333333333,2,2,57.39100003608461,26.353806321111115,27.518308198236465,65.66666666666666,31.670787592899003,33.21955178097488,11.369306329534282
13.166666666666666,3,2,67.41980522545025,28.523310692958862,29.814332921949784,65.83333333333333,31.61329432054576,33.18225668992948,4.838161054590336
13.166666666666666,1,2,65.47486201375622,32.15630580306081,32.55453907054148,65.83333333333333,31.61329432054576,33.18225668992948,0.9040976533498388
13.166666666666666,2,2,51.82524902132514,22.841626384150043,23.79946758821775,65.83333333333333,31.61329432054576,33.18225668992948,19.00540227950787
13.2,2,2,79.62256944475348,40.24007099302881,42.48067704321852,65.99999999999999,31.556720744979852,33.144600200657955,18.65843778609611
13.2,1,2,65.4385445880766,32.36424659454063,32.030674670887684,65.99999999999999,31.556720744979852,33.144600200657955,1.4859879754429035
13.2,3,2,66.37792166081918,30.688122999388163,32.249708357698374,65.99999999999999,31.556720744979852,33.144600200657955,1.3031186576666378
13.233333333333333,2,2,55.24266000017878,24.783366656441505,25.903819336115717,66.16666666666666,31.501073070131362,33.10658334553198,14.708545491833776
13.233333333333333,3,2,66.31225178283316,31.33579914432218,32.71691942580542,66.16666666666666,31.501073070131362,33.10658334553198,0.4476030238260888
13.233333333333333,1,2,65.23962599169603,32.78011391340094,31.423622990117686,66.16666666666666,31.501073070131362,33.10658334553198,2.308182282597706
13.266666666666666,1,2,63.03991836156505,36.295346649576345,26.65620037233946,66.33333333333333,31.446357398394934,33.06820716680284,8.687526118900877
13.266666666666666,3,2,64.074249568624,36.06625705456397,38.15506698113895,66.33333333333333,31.446357398394934,33.06820716680284,7.23346908887787
13.266666666666666,2,2,67.26752231512201,32.15969193677208,33.64639686430398,66.33333333333333,31.446357398394934,33.06820716680284,1.3099078378395785
13.299999999999999,2,2,61.96549373116209,28.554292500362756,30.006535065827354,66.49999999999999,31.392579729960566,33.02947271657287,6.144572689790803
13.299999999999999,3,2,63.577418320584236,37.37441383092056,39.51733796509566,66.49999999999999,31.392579729960566,33.02947271657287,9.296032399214956
13.299999999999999,1,2,65.78429880480437,32.470696647908795,31.66644106419927,66.49999999999999,31.392579729960566,33.02947271657287,1.8794732174050617
13.333333333333334,3,2,65.93543590575872,32.86607953188043,34.681459284007275,66.66666666666667,31.33974596215561,32.99038105676658,2.3925171185206717
13.333333333333334,1,2,66.56783552517865,31.467452266235888,32.85243749550291,66.66666666666667,31.33974596215561,32.99038105676658,0.2123791908916048
13.333333333333334,2,2,51.340037341548964,21.770074135946306,22.90485931535471,66.66666666666667,31.33974596215561,32.99038105676658,20.69304071728932
13.366666666666667,2,2,63.92328883294612,29.597858810857602,31.001623413622855,66.83333333333333,31.287861888798105,32.950933259101575,3.888994506471111
13.366666666666667,1,2,67.0461429812195,30.959394163072762,33.32914249270841,66.83333333333333,31.287861888798105,32.950933259101575,0.5442620852696647
13.366666666666667,3,2,68.0930534634408,28.454874381323513,30.028156415946388,66.83333333333333,31.287861888798105,32.950933259101575,4.2609080603304825
13.4,3,2,68.23181959400074,28.578002833336903,30.031298601523996,67.0,31.236933199561363,32.911130405059154,4.108615511488907
13.4,1,2,64.53936370571833,34.69974035917353,28.571141107344,67.0,31.236933199561363,32.911130405059154,6.072995266067609
13.4,2,2,72.79110598838417,34.65513637916396,36.57838043288567,67.0,31.236933199561363,32.911130405059154,7.65961776542002
13.433333333333334,2,2,65.54949367897382,30.18724185722008,31.896539766879727,67.16666666666666,31.18696547935008,32.87097358585467,2.136402831942095
13.433333333333334,3,2,67.48720549872219,30.518202735852274,32.126704849861454,67.16666666666666,31.18696547935008,32.87097358585467,1.0506782101686396
13.433333333333334,1,2,68.48533176838947,29.277620160540653,35.34633795363328,67.16666666666666,31.18696547935008,32.87097358585467,3.392919974038454
13.466666666666667,1,2,64.63098592445132,34.84535012507499,28.168182159175448,67.33333333333333,31.137964207687855,32.8304639024076,6.540968040894831
13.466666666666667,3,2,65.05629308283689,36.13700388665157,38.286654688753075,67.33333333333333,31.137964207687855,32.8304639024076,7.742436819970556
13.466666666666667,2,2,75.40452025949565,36.10965435038649,38.27904181021075,67.33333333333333,31.137964207687855,32.8304639024076,10.933835671412892
13.5,2,2,64.36368039038678,29.238609049887017,30.66423646862745,67.5,31.08993475811632,32.78960246531138,4.2167627620552075
13.5,3,2,66.988784077528,32.29232228379764,34.10824267476525,67.5,31.08993475811632,32.78960246531138,1.8563107184120557
13.5,1,2,67.0214953636673,31.82862065990052,31.959128690229825,67.5,31.08993475811632,32.78960246531138,1.2100868727429603
13.533333333333333,2,2,67.81583151804901,31.153444951384003,32.57810153559655,67.66666666666666,31.042882397605872,32.74839039480296,0.25193754534741586
13.533333333333333,3,2,67.73673834813493,30.850066330399706,32.52090626594821,67.66666666666666,31.042882397605872,32.74839039480296,0.3063284270149413
13.533333333333333,1,2,70.64061590933923,27.08827807944128,37.79119742132102,67.66666666666666,31.042882397605872,32.74839039480296,7.064925485660748
13.566666666666666,2,2,64.45898431025705,29.059577977310767,30.43038387059364,67.83333333333333,30.996812285978063,32.706828820732056,4.507916337646938
13.566666666666666,3,2,69.03297182376191,28.25743130567707,29.75448439031326,67.83333333333333,30.996812285978063,32.706828820732056,4.202342001643547
13.566666666666666,1,2,66.2530184530232,33.070879311243864,29.998628522266454,67.83333333333333,30.996812285978063,32.706828820732056,3.759454482080308
13.6,1,2,66.80797977177284,32.51304822126545,30.695685792289346,68.0,30.951729475339807,32.66491888253023,2.781457785870788
13.6,3,2,66.56194527399754,34.09552581719628,36.029584812129315,68.0,30.951729475339807,32.66491888253023,4.82415108095228
13.6,2,2,71.17413226192284,32.62894332527067,34.51377171734227,68.0,30.951729475339807,32.66491888253023,4.038120691531124
13.633333333333333,2,2,85.00402927992022,41.015069491042084,43.30565884039536,68.16666666666666,30.907638909529314,32.62266172917959,22.355835032682915
13.633333333333333,3,2,67.74093272216466,31.90850217267136,33.76152149518743,68.16666666666666,30.907638909529314,32.62266172917959,1.5747946626909823
13.633333333333333,1,2,70.71692494950526,27.680984607308478,36.80178539857125,68.16666666666666,30.907638909529314,32.62266172917959,5.863462282584983
13.666666666666666,1,2,67.39182378699778,32.01169853942528,31.087985624218614,68.33333333333333,30.86454542357399,32.580058519181364,2.1044433993174603
13.666666666666666,3,2,68.38984292551905,30.63463002235607,32.42525561183088,68.33333333333333,30.86454542357399,32.580058519181364,0.28287517715479465
13.666666666666666,2,2,71.5711057342537,32.714429144381505,34.67392648237802,68.33333333333333,30.86454542357399,32.580058519181364,4.276625182076597
13.7,2,2,70.27056397022679,31.817608603612786,33.620151974274734,68.5,30.82245374316019,32.53711042052406,2.301783868241837
13.7,1,2,67.78724560122721,31.71249413056207,31.36945701454305,68.5,30.82245374316019,32.53711042052406,1.6320555139686592
13.7,3,2,68.32866457677899,31.181099725060808,32.92823250904155,68.5,30.82245374316019,32.53711042052406,0.5576372079677482
13.733333333333333,3,2,66.26066096589497,36.61200147601303,38.976901913035924,68.66666666666667,30.781368484114996,32.493818610651495,9.045192846148252
13.733333333333333,1,2,69.19502775159143,29.996147194891606,33.27274125089315,68.66666666666667,30.781368484114996,32.493818610651495,1.2257480934488676
13.733333333333333,2,2,63.07414894985936,27.600276016097535,28.959789386125742,68.66666666666667,30.781368484114996,32.493818610651495,7.3406380010652486
13.766666666666666,2,2,61.96554157837083,26.782553866786216,28.205459670736417,68.83333333333333,30.741294151900057,32.45018427643052,8.99198950247936
13.766666666666666,1,2,71.38070630035489,27.491428890308267,36.52191827608386,68.83333333333333,30.741294151900057,32.45018427643052,5.7991163995514245
13.766666666666666,3,2,69.04332923527156,30.246421184951714,31.776885485434825,68.83333333333333,30.741294151900057,32.45018427643052,0.8615850475741612
13.799999999999999,3,2,66.55351697946132,36.56858482361322,38.736157859621834,69.0,30.70223514111749,32.40620861411843,8.970373192780274
13.799999999999999,1,2,63.69234463288667,37.505153162843044,23.761084923767612,69.0,30.70223514111749,32.40620861411843,12.214297471726734
13.799999999999999,2,2,82.46498432321539,38.298200457240995,40.55268978074221,69.0,30.70223514111749,32.40620861411843,17.474828963579114
13.833333333333334,2,2,58.96471607209042,24.84550559549293,26.094542071904947,69.16666666666667,30.664195735027985,32.36189282933024,13.312273900077951
13.833333333333334,1,2,67.15842587511031,33.28647454028561,29.15392511602789,69.16666666666667,30.664195735027985,32.36189282933024,4.604392908838751
13.833333333333334,3,2,67.4177666652794,34.87125804497838,37.09600453689628,69.16666666666667,30.664195735027985,32.36189282933024,6.570375800087196
13.866666666666667,3,2,69.24284898433106,30.822716869514455,32.491864535188256,69.33333333333334,30.627180105081088,32.31723813700556,0.2773381016046985
13.866666666666667,1,2,66.7740780938458,33.69441474514251,28.370527460440965,69.33333333333334,30.627180105081088,32.31723813700556,5.615535671914668
13.866666666666667,2,2,60.94652471535226,25.842738674706183,27.130907772632526,69.33333333333334,30.627180105081088,32.31723813700556,10.960267389244997
13.9,2,2,68.52428675664783,29.976854587903382,31.939581904621036,69.5,30.591192310457746,32.27224576137535,1.2000385044642352
13.9,3,2,68.31994217258597,33.720972606036895,35.47687451964597,69.5,30.591192310457746,32.27224576137535,4.632246393810642
13.9,1,2,66.80413370793364,33.9765745697123,28.02527595292356,69.5,30.591192310457746,32.27224576137535,6.063436373862276
13.933333333333334,3,2,69.86278875646167,30.08235317937753,31.82603572021127,69.66666666666667,30.55623629762519,32.226916935928315,0.650949178492806
13.933333333333334,1,2,67.46006416359549,33.19714257692661,28.89488141534032,69.66666666666667,30.55623629762519,32.226916935928315,4.790192197926278
13.933333333333334,2,2,65.59347079571164,28.446277191177924,29.888309526282896,69.66666666666667,30.55623629762519,32.226916935928315,5.148974329950901
13.966666666666667,1,2,67.70369738804487,33.19216298336052,28.930724578753917,69.83333333333334,30.522315899904143,32.18125290337709,4.714802975489302
13.966666666666667,3,2,70.93286487715362,27.680072397085482,29.145904290680317,69.83333333333334,30.522315899904143,32.18125290337709,4.301239233729151
13.966666666666667,2,2,88.2572325689548,40.62722470934436,43.101437494539766,69.83333333333334,30.522315899904143,32.18125290337709,23.681209356713655
14.0,3,2,70.3694658767142,29.642899440833677,31.099413915037243,70.0,30.489434837048464,32.135254915624216,1.3878378109843175
14.0,2,2,47.831090464741074,18.03574164672377,18.767292659036897,70.0,30.489434837048464,32.135254915624216,28.72729432011962
14.0,1,2,70.81151061106237,29.482638795260986,33.23802525454498,70.0,30.489434837048464,32.135254915624216,1.6994970320742473
14.033333333333333,3,2,71.3133704743956,27.352567210915062,28.796316697386434,70.16666666666667,30.45759671483723,32.08892423372774,4.66876881321604
14.033333333333333,2,2,73.63913826827044,32.281546735507376,34.0843982773677,70.16666666666667,30.45759671483723,32.08892423372774,4.400769178301459
14.033333333333333,1,2,67.94751208290653,33.264931499326885,28.565822218183975,70.16666666666667,30.45759671483723,32.08892423372774,5.021755018990648
14.066666666666666,2,2,77.21276035353785,34.111115579230265,35.89895607009554,70.33333333333334,30.426805024679325,32.04226212786672,8.704869243861145
14.066666666666666,1,2,70.69854999753802,30.013445487158478,32.46784073063829,70.33333333333334,30.426805024679325,32.04226212786672,0.6966824715817397
14.066666666666666,3,2,69.69661604882539,32.20627579305926,33.85841465107279,70.33333333333334,30.426805024679325,32.04226212786672,2.621132408608471
14.1,3,2,70.42107427517631,30.488819638830496,31.989462821647336,70.5,30.397063143230568,31.99526987730636,0.12117031987723503
14.1,1,2,71.58642284962919,29.018578497767045,33.45302836137107,70.5,30.397063143230568,31.99526987730636,2.281577157108156
14.1,2,2,59.79405807451458,24.624881258521047,25.640663279769623,70.5,30.397063143230568,31.99526987730636,13.722838672501133
14.133333333333333,2,2,64.5122263497266,27.013781379363767,28.266247732945903,70.66666666666667,30.36837433202342,31.947948770362945,7.917408163138296
14.133333333333333,1,2,68.77804322839654,32.70094703498171,29.077397385133306,70.66666666666667,30.36837433202342,31.947948770362945,4.153054196782559
14.133333333333333,3,2,69.96141188386984,32.275223077414694,33.993737974964304,70.66666666666667,30.36837433202342,31.947948770362945,2.884217383645264
14.166666666666666,3,2,69.85997461325432,33.132578061866475,34.856106610280975,70.83333333333333,30.34074173710932,31.900300104368533,4.180737896900702
14.166666666666666,1,2,71.10263855820277,29.943741770074983,32.48168486317111,70.83333333333333,30.34074173710932,31.900300104368533,0.753752290699787
14.166666666666666,2,2,74.92593687482996,32.65221971750858,34.41461359265919,70.83333333333333,30.34074173710932,31.900300104368533,5.330488394053749
14.2,3,2,74.49252154282605,19.903280205489036,20.614598046274914,71.0,30.31416838871369,31.852325185635358,15.712123050352842
14.2,1,2,75.48377352096409,25.01397979457177,38.13652114890819,71.0,30.31416838871369,31.852325185635358,9.364152018500413
14.2,2,2,86.74891851639043,38.924478542669306,40.97378935383691,71.0,30.31416838871369,31.852325185635358,20.1337275226174
14.233333333333333,2,2,62.278865615959106,25.414436979443018,26.57059201933588,71.16666666666667,30.288657200903643,31.80402532942006,11.407885627729305
14.233333333333333,1,2,72.07256457312309,29.30918705847149,33.083644418365054,71.16666666666667,30.288657200903643,31.80402532942006,1.848631328748541
14.233333333333333,3,2,70.82806597377778,31.348468023108936,32.900640953659476,71.16666666666667,30.288657200903643,31.80402532942006,1.5621828431442644
14.266666666666666,3,2,73.2605839204405,24.30440254475117,25.29737023146496,71.33333333333333,30.264210971268398,31.7554018598876,8.996654034695222
14.266666666666666,2,2,55.92865099297055,22.036587133068753,22.793149461757512,71.33333333333333,30.264210971268398,31.7554018598876,19.62956953369544
14.266666666666666,1,2,69.61521345864656,32.28948448450264,29.22807371889415,71.33333333333333,30.264210971268398,31.7554018598876,3.666204609600944
14.299999999999999,1,2,71.32595103832566,30.473976777823488,31.46905863401957,71.5,30.240832380612527,31.70645611007495,0.3755088715972543
14.299999999999999,3,2,71.318404807873,30.791050343466672,32.29885308751623,71.5,30.240832380612527,31.70645611007495,0.8286439520883335
14.299999999999999,2,2,81.08513767344121,35.38772787704528,37.05796712049076,71.5,30.240832380612527,31.70645611007495,12.124523395359644
14.333333333333334,3,2,72.59335637414127,27.326151017856283,28.549621006941784,71.66666666666667,30.218523992661943,31.657189421854564,4.345291324259977
14.333333333333334,2,2,86.58873086285641,38.4122315541793,40.21836979749773,71.66666666666667,30.218523992661943,31.657189421854564,19.055147674661878
14.333333333333334,1,2,69.08743598617318,33.17168191571905,28.10049324468369,71.66666666666667,30.218523992661943,31.657189421854564,5.293737839978082
14.366666666666667,2,2,68.51749370234907,28.450283494151098,29.7068204985536,71.83333333333334,30.19728825378278,31.607603145897592,4.202355620485455
14.366666666666667,3,2,71.74531377160565,30.514835578348304,32.004578960064336,71.83333333333334,30.19728825378278,31.607603145897592,0.5159200942188688
14.366666666666667,1,2,72.62668193480832,29.33595066219939,32.651307428773144,71.83333333333334,30.19728825378278,31.607603145897592,1.5686373322823037
14.4,1,2,74.49469751091328,27.42845517916554,34.91946734325562,72.0,30.17712749271311,31.55769864163684,5.008013973762804
14.4,2,2,49.95267558927728,18.507113848771006,19.168730031208458,72.0,30.17712749271311,31.55769864163684,27.85247341532929
14.4,3,2,70.65798042280205,34.69639433305631,36.329887501872356,72.0,30.17712749271311,31.55769864163684,6.7080977808589015
14.433333333333334,1,2,69.75628799681026,32.87883536849756,28.419962744921797,72.16666666666667,30.15804392030758,31.50747727722949,4.769211404818799
14.433333333333334,2,2,86.67363546098531,37.890634136956635,39.599278201471044,72.16666666666667,30.15804392030758,31.50747727722949,18.3227273421701
14.433333333333334,3,2,73.81296024622858,24.603340118367402,25.48472007048254,72.16666666666667,30.15804392030758,31.50747727722949,8.356950475431681
14.466666666666667,1,2,71.75168054485852,30.859272125009813,30.658891542311352,72.33333333333334,30.14003962929495,31.45694042951963,1.2216780981940956
14.466666666666667,3,2,72.11461320844751,30.81436952659361,32.063765124715495,72.33333333333334,30.14003962929495,31.45694042951963,0.9331642482009525
14.466666666666667,2,2,70.2736825653557,29.125464775042577,30.428350471332838,72.33333333333334,30.14003962929495,31.45694042951963,2.5158538755251323
14.5,1,2,75.83046742760249,26.547017840312474,35.70196326232347,72.5,30.123116594048625,31.406089484000464,6.506537258947921
14.5,2,2,83.91972586046512,35.874771294024626,37.747554489352034,72.5,30.123116594048625,31.406089484000464,14.272555795302761
14.5,3,2,72.52846266057591,29.86750777992335,31.12160099870734,72.5,30.123116594048625,31.406089484000464,0.38350969631805254
14.533333333333333,3,2,74.40051600981792,23.904189251386754,24.852596120751464,72.66666666666667,30.10727667037012,31.354925834776346,9.152312209610566
14.533333333333333,2,2,72.17832652793484,29.96896857525367,31.110270614080736,72.66666666666667,30.10727667037012,31.354925834776346,0.5634371280675244
14.533333333333333,1,2,71.2140088015675,31.70583849989221,29.394036816189338,72.66666666666667,30.10727667037012,31.354925834776346,2.917310497539576
14.566666666666666,1,2,73.3479535643989,29.46617290508262,32.056330239185264,72.83333333333333,30.092521595285564,31.303450884524572,1.1063335783637929
14.566666666666666,2,2,69.03773514565587,28.21653858007249,29.033119426421994,72.83333333333333,30.092521595285564,31.303450884524572,4.804194293044204
14.566666666666666,3,2,72.2903509622607,32.16653399820241,33.57381662067637,72.83333333333333,30.092521595285564,31.303450884524572,3.1226459739523222
14.6,3,2,72.95437890667763,30.215554300619086,31.340831347726425,73.0,30.078852986855225,31.251666044456893,0.16946676561450452
14.6,1,2,69.95540464282004,33.472909066032024,27.301159593841682,73.0,30.078852986855225,31.251666044456893,6.0328831228452575
14.6,2,2,68.38976526552915,27.765717779280443,28.612340722423507,73.0,30.078852986855225,31.251666044456893,5.794039778166023
14.633333333333333,1,2,70.64601394340207,32.778965684860594,28.085693662958302,73.16666666666667,30.066272343996033,31.19957273428087,4.8382474289449995
14.633333333333333,2,2,88.34193207188649,37.73910899198333,39.553960662857044,73.16666666666667,30.066272343996033,31.19957273428087,18.946157922035212
14.633333333333333,3,2,73.5862781559332,28.383479027115342,29.492166012773765,73.16666666666667,30.066272343996033,31.19957273428087,2.4337429736745895
14.666666666666666,2,2,88.19094214502378,37.42537203390526,39.353220707521764,73.33333333333333,30.054781046317267,31.147172382160917,18.504415154921617
14.666666666666666,3,2,73.99424125874043,27.792643722334525,28.639416220097765,73.33333333333333,30.054781046317267,31.147172382160917,3.441352281703725
14.666666666666666,1,2,71.7794299539554,31.75959192875979,29.175497361315053,73.33333333333333,30.054781046317267,31.147172382160917,3.0345507484904815
14.7,3,2,70.91563664257508,40.31880723985166,42.06937455595564,73.5,30.0443803539692,31.094466424679148,15.254225325676286
14.7,2,2,51.3146180145003,18.669212833613823,19.108084392586697,73.5,30.0443803539692,31.094466424679148,27.66331441056822
14.7,1,2,80.0917463254793,23.13413405989972,39.3891022848215,73.5,30.0443803539692,31.094466424679148,12.649253239481386
14.733333333333333,1,2,72.43841381401502,31.272467462549088,29.41091242869161,73.66666666666666,30.035071407504958,31.041456306796015,2.3871379108692916
14.733333333333333,2,2,63.857174572723956,25.088471320223373,25.84309437331105,73.66666666666666,30.035071407504958,31.041456306796015,12.153927528010197
14.733333333333333,3,2,73.95963974900604,28.784877874583188,29.69060782776461,73.66666666666666,30.035071407504958,31.041456306796015,1.863761977838458
14.766666666666666,3,2,75.20484418030665,24.235720585091574,24.935198564609667,73.83333333333333,30.02685522775542,30.98814348181068,8.488605575917424
14.766666666666666,2,2,92.44870853535976,39.547206974918254,40.90803475062841,73.83333333333333,30.02685522775542,30.98814348181068,23.142461711907252
14.766666666666666,1,2,72.22168674024611,31.75027608802806,28.98347636040175,73.83333333333333,30.02685522775542,30.98814348181068,3.0961709368654837
14.799999999999999,1,2,72.17258324215732,31.82207387904024,28.86058145999498,74.0,30.019732715717282,30.934529411321172,3.2998705702894973
14.799999999999999,2,2,70.18581639487633,27.989993616556347,28.8446710705611,74.0,30.019732715717282,30.934529411321172,4.799515107664661
14.799999999999999,3,2,74.64692757137823,27.01194409313249,27.824777028623373,74.0,30.019732715717282,30.934529411321172,4.374456259062889
14.833333333333334,3,2,74.42966134713353,28.856901383467594,29.639449396575163,74.16666666666667,30.01370465245426,30.880615565184314,1.7169314089945522
14.833333333333334,1,2,73.68398181234252,30.567628381849527,30.242045989091046,74.16666666666667,30.01370465245426,30.880615565184314,0.9734409433001177
14.833333333333334,2,2,59.77099179740104,22.809144865545942,23.210618066848145,74.16666666666667,30.01370465245426,30.880615565184314,17.8317132740863
14.866666666666667,2,2,74.40196696720528,29.900239188876984,30.937197165203866,74.33333333333334,30.008771699011415,30.82640342147543,0.16960287469235388
14.866666666666667,1,2,76.4195403293784,27.835981491901062,33.24314260404861,74.33333333333334,30.008771699011415,30.82640342147543,3.8618525594650155
14.866666666666667,3,2,74.66978521715463,28.787629384271522,29.5537007808366,74.33333333333334,30.008771699011415,30.82640342147543,1.795594730016839
14.9,1,2,75.120993032689,29.388137599562743,31.468366874699704,74.5,30.004934396342684,30.771894466447833,1.1185456855320834
14.9,2,2,73.38554100369379,29.308943054224656,30.19425879395606,74.5,30.004934396342684,30.771894466447833,1.4352998895304512
14.9,3,2,74.58018923007181,29.80657610718341,30.4647556739345,74.5,30.004934396342684,30.771894466447833,0.3743134533572775
14.933333333333334,2,2,73.63390599545764,29.478754429801953,30.151483476272844,74.66666666666667,30.002193165251544,30.717090194492048,1.288601440888492
14.933333333333334,3,2,75.37007750428869,26.686325941204743,27.241263582067653,74.66666666666667,30.002193165251544,30.717090194492048,4.855011111586625
14.933333333333334,1,2,81.37206228442271,23.275632553500706,38.33605753052637,74.66666666666667,30.002193165251544,30.717090194492048,12.176108217395967
14.966666666666667,1,2,75.50139372576527,29.284606644129518,31.468404354886626,74.83333333333333,30.00054830634488,30.66199210809489,1.2685337454745573
14.966666666666667,3,2,74.52511524328503,31.677663751741424,32.49579065034674,74.83333333333333,30.00054830634488,30.66199210809489,2.5041029734788647
14.966666666666667,2,2,69.70039052405824,27.382761338965427,27.94998152168398,74.83333333333333,30.00054830634488,30.66199210809489,6.3682738564445724
15.0,1,2,79.65330590226196,25.359903923713766,36.167728109844354,75.0,30.0,30.606601717798213,8.608709204375824
15.0,2,2,71.6520046583463,28.265601397298987,28.91702328975604,75.0,30.0,30.606601717798213,4.131813958213941
15.0,3,2,75.32987171783584,28.31422604155841,29.16766879406552,75.0,30.0,30.606601717798213,2.2407983283173247
15.033333333333333,1,2,76.02131730249032,29.106709452465306,31.645657058539307,75.16666666666667,30.00054830634488,30.550920542157556,1.651612438291187
15.033333333333333,2,2,70.25348806211701,27.42448325200994,28.025441859832696,75.16666666666667,30.00054830634488,30.550920542157556,6.0953652670900285
15.033333333333333,3,2,76.00725089532723,25.68353707201751,26.108431008752767,75.16666666666667,30.00054830634488,30.550920542157556,6.251310350413957
15.066666666666666,3,2,75.7938734244249,27.42572984313061,27.82961226995664,75.33333333333333,30.002193165251544,30.494950107700483,3.735543630456762
15.066666666666666,2,2,78.96976357455208,31.911072988744085,32.284087290882525,75.33333333333333,30.002193165251544,30.494950107700483,4.479783358604712
15.066666666666666,1,2,77.38094106844639,27.985378474118907,32.6955357984406,75.33333333333333,30.002193165251544,30.494950107700483,3.6197812527214186
15.1,1,2,70.72114577167609,34.75248150800499,25.014452495528428,75.5,30.004934396342684,30.438691948884717,8.648642954843803
15.1,2,2,66.56462320183098,25.502525556154527,26.021577962550992,75.5,30.004934396342684,30.438691948884717,10.937254676459109
15.1,3,2,75.68889663427653,28.830665845049943,29.144434871215243,75.5,30.004934396342684,30.438691948884717,1.7577513908666613
15.133333333333333,1,2,75.2533821826538,30.41839738063025,29.887791648377842,75.66666666666666,30.008771699011415,30.38214760805611,0.7635345955730444
15.133333333333333,3,2,75.22771537971457,32.63570788694281,33.18264106171898,75.66666666666666,30.008771699011415,30.38214760805611,3.8647426242621954
15.133333333333333,2,2,72.4495341288139,28.463132770172862,28.784299920252423,75.66666666666666,30.008771699011415,30.38214760805611,3.910506194582964
15.166666666666666,3,2,75.6115859645063,31.615344611301023,31.8211052796666,75.83333333333333,30.01370465245426,30.325318635406312,2.2026802170319293
15.166666666666666,1,2,75.56800003691947,30.266641833177808,30.11977675208754,75.83333333333333,30.01370465245426,30.325318635406312,0.42026948661120905
15.166666666666666,2,2,74.20715011375995,29.291446352295434,29.520896765461213,75.83333333333333,30.01370465245426,30.325318635406312,1.9527476694689252
15.2,3,2,76.17369713932553,28.993187760856255,29.14518339031322,76.0,30.019732715717282,30.268206588930333,1.5313870657651214
15.2,1,2,75.1578469940528,30.76210880592205,29.32231810202461,76.0,30.019732715717282,30.268206588930333,1.468008506240483
15.2,2,2,90.47144660941424,37.07914211699364,37.73186163471598,76.0,30.019732715717282,30.268206588930333,17.74723005729169
15.233333333333333,3,2,76.18599913914633,30.08007746786999,30.286665959230717,76.16666666666666,30.02685522775542,30.21081303438377,0.09465736919451838
15.233333333333333,1,2,68.7751279626575,37.12792943791952,22.175394362978004,76.16666666666666,30.02685522775542,30.21081303438377,13.02413346737123
15.233333333333333,2,2,80.29321821624059,32.0612268529652,32.39594200048336,76.16666666666666,30.02685522775542,30.21081303438377,5.0933176024313624
15.266666666666666,3,2,76.14630662707965,30.748665927245163,30.79092356181936,76.33333333333333,30.035071407504958,30.15313954523991,0.9751741276610897
15.266666666666666,2,2,75.06570497551938,29.516120654883846,29.532791918550846,76.33333333333333,30.035071407504958,30.15313954523991,1.5036697493528486
15.266666666666666,1,2,79.3678599066846,27.161385685234364,33.478215865128305,76.33333333333333,30.035071407504958,30.15313954523991,5.34065105467858
15.299999999999999,3,2,75.68533067099403,36.36031532030623,36.67835334177339,76.49999999999999,30.0443803539692,30.095187702646605,9.159300761892322
15.299999999999999,2,2,82.46026717724422,33.112389326683115,33.14193664224626,76.49999999999999,30.0443803539692,30.095187702646605,7.363432825913444
15.299999999999999,1,2,75.17804006176095,31.40661438081061,28.7001576089505,76.49999999999999,30.0443803539692,30.095187702646605,2.355709783592043
15.333333333333334,3,2,77.01339671293708,28.09533577706217,28.11048124898893,76.66666666666667,30.054781046317267,30.03695909538287,2.7696505882221834
15.333333333333334,1,2,75.1088111798268,31.467939720833083,28.39282965131416,76.66666666666667,30.054781046317267,30.03695909538287,2.6696615489777114
15.333333333333334,2,2,81.27327461725838,32.38554592080155,32.1977594137945,76.66666666666667,30.054781046317267,30.03695909538287,5.596638252257534
15.366666666666667,3,2,76.70169181240676,31.558725600918635,31.433948089528904,76.83333333333333,30.066272343996033,29.978455319815417,2.088828718880267
15.366666666666667,2,2,89.3240610230387,35.91274473702465,35.974874976891286,76.83333333333333,30.066272343996033,29.978455319815417,15.038502796641161
15.366666666666667,1,2,75.99523667953564,30.920235933312714,28.975484791338392,76.83333333333333,30.066272343996033,29.978455319815417,1.5612846293930522
15.4,2,2,82.9721575359022,32.73316522587026,32.51600204680741,77.0,30.07885298685522,29.919677979854775,7.0322782763806995
15.4,1,2,76.29000639842275,30.860302923027742,28.995381897043327,77.0,30.07885298685522,29.919677979854775,1.4032384564731912
15.4,3,2,76.71093531705807,32.371437082817515,32.189852516817176,77.0,30.07885298685522,29.919677979854775,3.239319782956912
15.433333333333334,3,2,77.46995510850205,27.16353470646288,26.808825959252566,77.16666666666667,30.092521595285564,29.860628686911433,4.24080746584801
15.433333333333334,2,2,97.76764619978668,39.89242945097388,40.01042604498038,77.16666666666667,30.092521595285564,29.860628686911433,24.969119690407076
15.433333333333334,1,2,78.65968148363777,28.7281563694713,31.328146589531066,77.16666666666667,30.092521595285564,29.860628686911433,2.498838631767881
15.466666666666667,2,2,93.01129418090441,37.46230615804845,37.07054846099242,77.33333333333333,30.10727667037012,29.801309059851583,18.781287404586728
15.466666666666667,1,2,72.73479959990343,34.22900322057279,25.003387657213914,77.33333333333333,30.10727667037012,29.801309059851583,7.820178517017819
15.466666666666667,3,2,77.2746109473324,30.75744826973668,30.336371399366257,77.33333333333333,30.10727667037012,29.801309059851583,0.8440753132318413
15.5,2,2,76.97950245269492,29.926713275086154,29.575617363164127,77.5,30.12311659404862,29.741720724952756,0.5805878807274266
15.5,3,2,77.40990848525857,30.612386731913286,30.26950363918046,77.5,30.12311659404862,29.741720724952756,0.7252975619600559
15.5,1,2,74.1192413782349,33.277315128618014,26.33777797521385,77.5,30.12311659404862,29.741720724952756,5.7415436511115026
15.533333333333333,3,2,77.83606193217086,28.657153206862038,28.23779670607932,77.66666666666666,30.140039629294947,29.681865315859262,2.0767717851422414
15.533333333333333,2,2,72.85879668775911,27.855188060150905,27.304288323922275,77.66666666666666,30.140039629294947,29.681865315859262,5.830011387612256
15.533333333333333,1,2,78.7982557025283,29.204541647834898,30.719300484081035,77.66666666666666,30.140039629294947,29.681865315859262,1.7977546961867277
15.566666666666666,1,2,78.38659255309992,29.718684832767426,30.184711822703115,77.83333333333333,30.15804392030758,29.621744473537372,0.903362833133815
15.566666666666666,2,2,88.22424082975544,35.06663624453651,34.42535486534245,77.83333333333333,30.15804392030758,29.621744473537372,12.455517251440753
15.566666666666666,3,2,77.65392594696577,31.910863062968048,31.400136644268105,77.83333333333333,30.15804392030758,29.621744473537372,2.5034457593637978
15.6,2,2,84.03874084817474,33.16604844039223,32.41451245834458,78.0,30.17712749271311,29.561359846230346,7.31713873661717
15.6,1,2,76.57635139009034,31.51619015510247,28.269663925469178,78.0,30.17712749271311,29.561359846230346,2.342721180596196
15.6,3,2,77.77607776902283,33.37313158040918,32.75996845305536,78.0,30.17712749271311,29.561359846230346,4.52721551439191
15.633333333333333,3,2,77.9533980444787,33.74705613268364,32.96644829652489,78.16666666666666,30.19728825378278,29.500713089413253,4.965647593728272
15.633333333333333,2,2,77.00078955217836,29.745003207086466,28.99932937793828,78.16666666666666,30.19728825378278,29.500713089413253,1.3472998313979931
15.633333333333333,1,2,75.95965043176761,32.11556955637708,27.44785605005162,78.16666666666666,30.19728825378278,29.500713089413253,3.5728064376687767
15.666666666666666,2,2,60.782414479762174,21.915960375964076,21.273574648280114,78.33333333333333,30.218523992661943,29.43980586574756,21.063111059648676
15.666666666666666,1,2,75.22302984888978,32.990536288937,26.318106508319712,78.33333333333333,30.218523992661943,29.43980586574756,5.2060586641150355
15.666666666666666,3,2,78.29760130476274,29.603654066664383,28.86116512283078,78.33333333333333,30.218523992661943,29.43980586574756,0.8450839680915124
15.7,3,2,78.46939525505148,30.893498232318723,29.899585829893724,78.49999999999999,30.240832380612524,29.37863984503558,0.8356399245707233
15.7,1,2,78.27680836491022,30.48614454836699,29.211211003694686,78.49999999999999,30.240832380612524,29.37863984503558,0.3715171362604839
15.7,2,2,56.59319027580014,19.928265758042304,19.306440828210462,78.49999999999999,30.240832380612524,29.37863984503558,26.224159389230746
15.733333333333333,3,2,78.19815210889827,37.57881328456919,36.51236655924099,78.66666666666666,30.264210971268398,29.31721670417466,10.270983123803061
15.733333333333333,1,2,83.14613660575596,26.35046054740716,33.71971246256523,78.66666666666666,30.264210971268398,29.31721670417466,7.400342033860708
15.733333333333333,2,2,82.78112116432706,32.31904782508491,31.28633193032606,78.66666666666666,30.264210971268398,29.31721670417466,5.002849696221319
15.766666666666666,2,2,88.09542924683402,34.59402500445046,33.62800823712385,78.83333333333333,30.28865720090364,29.25553812711123,11.110405370537002
15.766666666666666,1,2,74.7756855726235,33.81285536019748,25.345211937998116,78.83333333333333,30.28865720090364,29.25553812711123,6.646437310411305
15.766666666666666,3,2,78.96931083867354,26.80232842058273,25.937116598494384,78.83333333333333,30.28865720090364,29.25553812711123,4.815070060553656
15.799999999999999,1,2,84.95905508430792,25.20408085958773,34.70390317793116,78.99999999999999,30.31416838871369,29.19360580479465,9.59097019042078
15.799999999999999,3,2,78.94462368964022,30.952183598818905,29.92124090790338,78.99999999999999,30.31416838871369,29.19360580479465,0.9693207866081863
15.799999999999999,2,2,88.72967948440493,34.908836595497036,33.583317909295644,78.99999999999999,30.31416838871369,29.19360580479465,11.620981505883169
15.833333333333334,2,2,63.538675794585245,22.947031745115794,22.046941340619842,79.16666666666667,30.34074173710932,29.131421435130807,18.683974533088172
15.833333333333334,1,2,82.52423681244602,27.579836806498655,32.20896297434025,79.16666666666667,30.34074173710932,29.131421435130807,5.326080664546743
15.833333333333334,3,2,79.04226482984363,33.13266398717438,31.8087604513527,79.16666666666667,30.34074173710932,29.131421435130807,3.8702002370933375
15.866666666666667,1,2,77.62669586802157,31.883424016894388,27.33274410096676,79.33333333333333,30.368374332023418,29.068986722935627,2.8674946256226344
15.866666666666667,3,2,79.35853623782057,30.85233619330287,29.50747236338754,79.33333333333333,30.368374332023418,29.068986722935627,0.6535471876231967
15.866666666666667,2,2,91.98835322875678,36.28200595620169,34.83302306307545,79.33333333333333,30.368374332023418,29.068986722935627,15.111078137263972
15.9,1,2,82.64158094673238,27.9226979016265,31.950995137573013,79.5,30.397063143230568,29.00630337988826,4.966208185477808
15.9,3,2,79.37687255412528,32.38260204570982,31.04178197223941,79.5,30.397063143230568,29.00630337988826,2.846172552939465
15.9,2,2,72.9539421571767,27.371845237381102,26.00973663716628,79.5,30.397063143230568,29.00630337988826,7.809111915131457
15.933333333333334,2,2,84.46048036625378,32.644441483737,31.082893732269152,79.66666666666666,30.426805024679325,28.94337312448424,5.698781420797547
15.933333333333334,3,2,79.69874073014711,30.8967967197027,29.533969025133533,79.66666666666666,30.426805024679325,28.94337312448424,0.7554630744138614
15.933333333333334,1,2,73.79355005556751,35.18399174124235,23.49840134272936,79.66666666666666,30.426805024679325,28.94337312448424,9.315151200486193
15.966666666666667,1,2,72.87755772773149,36.19742143811967,22.535308202551093,79.83333333333333,30.45759671483723,28.880197681988292,11.026605308786692
15.966666666666667,3,2,79.88020300636346,32.87330965274696,31.071738612456883,79.83333333333333,30.45759671483723,28.880197681988292,3.2620112529777625
15.966666666666667,2,2,84.98456643340938,32.87174240776697,31.178309356543778,79.83333333333333,30.45759671483723,28.880197681988292,6.135521098222922
16.0,2,2,69.99609696899742,25.905505979562843,24.39632840352872,80.0,30.489434837048464,28.816778784387097,11.858788352686922
16.0,3,2,79.98282247410425,34.51132865401293,32.628085432545696,80.0,30.489434837048464,28.816778784387097,5.54093704247132
16.0,1,2,74.75819555714398,34.75760698427132,24.1191865213156,80.0,30.489434837048464,28.816778784387097,8.231717947399758
16.03333333333333,2,2,72.75564893036191,27.125671377640124,25.520240902350746,80.16666666666666,30.52231589990414,28.753118170341768,8.769941466642905
16.03333333333333,3,2,80.19170372417406,29.824244833413555,28.100767039657953,80.16666666666666,30.52231589990414,28.753118170341768,0.9557677886518163
16.03333333333333,1,2,78.49785877610421,31.87852089988375,27.254574289585705,80.16666666666666,30.52231589990414,28.753118170341768,2.6210390191915542
16.066666666666666,2,2,54.35403045698382,18.49194572926396,17.215893412417977,80.33333333333333,30.55623629762519,28.68921758514018,30.856254672777823
16.066666666666666,1,2,78.9831273599292,31.63328972697906,27.519011957146038,80.33333333333333,30.55623629762519,28.68921758514018,2.086260164046731
16.066666666666666,3,2,80.33323753148261,31.126951164574315,29.324536467254447,80.33333333333333,30.55623629762519,28.68921758514018,0.8540173010575793
16.1,3,2,80.45184984842777,30.45256224232351,28.425852497298855,80.5,30.591192310457746,28.625078780649176,0.24744260923477604
16.1,1,2,78.35534388071541,32.30421397874665,26.77507015945838,80.5,30.591192310457746,28.625078780649176,3.3100641994517894
16.1,2,2,68.98883947881319,25.21811620083638,23.508940031326986,80.5,30.591192310457746,28.625078780649176,13.6949494021201
16.133333333333333,2,2,57.862921878624654,20.02294678422724,18.665885459113166,80.66666666666666,30.627180105081084,28.560703515266475,27.025320813001226
16.133333333333333,3,2,80.67105478411871,29.34231274846148,27.391396765496257,80.66666666666666,30.627180105081084,28.560703515266475,1.7372914708648088
16.133333333333333,1,2,81.02011214456286,30.207132531001918,28.907831516407935,80.66666666666666,30.627180105081084,28.560703515266475,0.6495086754705688
16.166666666666668,3,2,80.84795860437382,30.615615484077807,28.424222802737724,80.83333333333333,30.66419573502798,28.49609355387249,0.0879735426367793
16.166666666666668,2,2,86.3842518305957,33.41802874293592,30.72717797565186,80.83333333333333,30.66419573502798,28.49609355387249,6.585896301628154
16.166666666666668,1,2,71.86698137811439,37.79400114351394,20.83514761897154,80.83333333333333,30.66419573502798,28.49609355387249,13.781135118893854
16.2,2,2,81.79006654419868,31.10818299302418,28.70875690580787,81.0,30.702235141117484,28.43125066778196,0.9305957848996519
16.2,1,2,83.22037182293042,29.081767472330426,30.087295343841195,81.0,30.702235141117484,28.43125066778196,3.209119889744171
16.2,3,2,80.93727381053685,27.076693084377535,25.18968087453731,81.0,30.702235141117484,28.43125066778196,4.8637706056629435
16.233333333333334,2,2,92.8134387614201,36.14432730049354,33.5768951398034,81.16666666666667,30.741294151900057,28.36617663469535,13.856105324780218
16.233333333333334,3,2,81.34982549545562,33.05796063882788,30.56416760268903,81.16666666666667,30.741294151900057,28.36617663469535,3.1986958379313943
16.233333333333334,1,2,75.15591608029979,35.47848479878625,23.257183254559276,81.16666666666667,30.741294151900057,28.36617663469535,9.201734140624257
16.266666666666666,2,2,86.03688161253493,32.91945123828354,29.97819697694895,81.33333333333333,30.781368484114992,28.30087323865017,5.432143149946795
16.266666666666666,1,2,78.56487334292358,33.00862710439938,25.88826843242821,81.33333333333333,30.781368484114992,28.30087323865017,4.294847335020884
16.266666666666666,3,2,81.56215914302564,36.136142189437166,33.26556247589136,81.33333333333333,30.781368484114992,28.30087323865017,7.305758133744204
16.3,3,2,81.74641527268416,36.19954065535604,33.18263905919176,81.5,30.82245374316019,28.235342269971973,7.310918524272056
16.3,1,2,79.69230564656054,32.159226878003935,26.760435768629513,81.5,30.82245374316019,28.235342269971973,2.688879037294005
16.3,2,2,73.28405117819275,27.099974327934934,24.687430932933907,81.5,30.82245374316019,28.235342269971973,9.692592165917993
16.333333333333332,2,2,86.12285052719392,32.963248203196756,30.143593233044417,81.66666666666667,30.86454542357399,28.169585525225408,5.306489836657439
16.333333333333332,1,2,76.62175658178023,34.659958864972396,24.035467266834157,81.66666666666667,30.86454542357399,28.169585525225408,7.54633783567238
16.333333333333332,3,2,81.92923442902203,34.83523786603751,31.92370299243839,81.66666666666667,30.86454542357399,28.169585525225408,5.470716430240086
16.366666666666667,1,2,75.89745409954571,35.45630644182681,23.153310833482404,81.83333333333334,30.907638909529314,28.103604807164828,8.96830246051978
16.366666666666667,3,2,81.62024297284447,27.848708138521864,25.333209096271133,81.83333333333334,30.907638909529314,28.103604807164828,4.132500134118291
16.366666666666667,2,2,76.81191668351349,28.534538780231248,25.811535028446553,81.83333333333334,30.907638909529314,28.103604807164828,6.008312014640735
16.4,1,2,77.63800092847842,34.31611907706541,24.40925941146848,82.0,30.951729475339803,28.037401924684957,6.596178544306035
16.4,3,2,82.23314234470946,35.80345458455406,32.37501827044218,82.0,30.951729475339803,28.037401924684957,6.512181466394882
16.4,2,2,89.90355785905597,34.538847192869426,31.666944113231448,82.0,30.951729475339803,28.037401924684957,9.407827424506632
16.433333333333334,3,2,82.0047969811491,28.72933735591514,25.91556444013518,82.16666666666667,30.99681228597806,27.970978692771247,3.0646977181270065
16.433333333333334,2,2,86.36777641957234,33.04815038775712,29.427073188255775,82.16666666666667,30.99681228597806,27.970978692771247,4.896684831960289
16.433333333333334,1,2,82.1024643516389,31.070201093359863,27.974054014958167,82.16666666666667,30.99681228597806,27.970978692771247,0.09755671125249132
16.466666666666665,1,2,84.89491976789984,29.036645372260768,30.029008398235675,82.33333333333333,31.042882397605872,27.904336932450164,3.8859929105884734
16.466666666666665,2,2,69.24224468887226,24.963432858264188,22.601478188648944,82.33333333333333,31.042882397605872,27.904336932450164,15.377146011378326
16.466666666666665,3,2,82.29829355082498,30.927954183404264,27.694945581816153,82.33333333333333,31.042882397605872,27.904336932450164,0.24141461947889245
16.5,2,2,82.5173211184389,30.989216266249816,28.004017647082524,82.5,31.08993475811632,27.837478470739235,0.19539583671342314
16.5,3,2,82.98561305005013,36.98020434836863,33.09070384474872,82.5,31.08993475811632,27.837478470739235,7.9074314862897905
16.5,1,2,85.15206750455721,29.357762608493502,29.803058316260895,82.5,31.08993475811632,27.837478470739235,3.7279198668665336
16.53333333333333,1,2,78.1184493063609,34.427640129579345,24.33853530740655,82.66666666666666,31.13796420768785,27.77040514059696,6.579208111894751
16.53333333333333,2,2,83.3510896021237,31.512604315970226,28.16525273351839,82.66666666666666,31.13796420768785,27.77040514059696,0.8744681737772406
16.53333333333333,3,2,82.37851138785257,27.776167260506497,24.656061415284032,82.66666666666666,31.13796420768785,27.77040514059696,4.591715258831094
16.566666666666666,2,2,78.74049546304295,29.242471443911416,26.00060522469725,82.83333333333334,31.18696547935008,27.70311878087255,4.840550722314603
16.566666666666666,1,2,79.21635986524115,33.87911658052195,25.01410774667473,82.83333333333334,31.18696547935008,27.70311878087255,5.249852851505599
16.566666666666666,3,2,83.15228065321502,33.913589701023355,30.040497741075693,82.83333333333334,31.18696547935008,27.70311878087255,3.605488516508606
16.6,1,2,78.8083452543057,34.1898195533873,24.299275228387792,83.0,31.236933199561367,27.635621236255567,6.117247094071659
16.6,2,2,95.0201613206747,36.78896480759019,32.565721202777404,83.0,31.236933199561367,27.635621236255567,14.128525005516108
16.6,3,2,83.15136823210123,32.15564906711842,28.40443368458009,83.0,31.236933199561367,27.635621236255567,1.207486549692918
16.633333333333333,1,2,85.26020517961678,29.873581475097808,29.177937330381223,83.16666666666667,31.287861888798105,27.56791435722529,2.995874925271661
16.633333333333333,2,2,106.48126255696607,41.6921130239771,36.793842090763754,83.16666666666667,31.287861888798105,27.56791435722529,27.146575580656823
16.633333333333333,3,2,83.15349129375834,30.83570286022846,27.094169823191073,83.16666666666667,31.287861888798105,27.56791435722529,0.6550230996656666
16.666666666666668,2,2,78.29519691459987,29.078887407567535,25.569603459345466,83.33333333333334,31.339745962155614,27.5,5.849848782814274
16.666666666666668,3,2,83.02327068026935,28.520439223100354,25.038206857174924,83.33333333333334,31.339745962155614,27.5,3.7556696893853774
16.7,2,2,78.70899439637233,29.305408067630623,25.41669770459575,83.5,31.39257972996056,27.431880026486116,5.600980274245237
16.7,3,2,83.67324482232283,32.7163718324592,28.65803425326763,83.5,31.39257972996056,27.431880026486116,1.8127033643025048
16.733333333333334,2,2,52.790937961071634,17.498166064659557,15.110056114083203,83.66666666666667,31.44635739839493,27.363556304227114,36.027918778273225
16.733333333333334,3,2,83.52695555964975,29.96130997731529,26.04569431270581,83.66666666666667,31.44635739839493,27.363556304227114,1.990388219663611
16.766666666666666,2,2,81.99171654354252,30.751085224710895,26.69172067432743,83.83333333333333,31.501073070131355,27.295030706352364,2.077983917998342
16.766666666666666,3,2,84.1983948465005,34.92193403652221,30.177660835733292,83.83333333333333,31.501073070131355,27.295030706352364,4.4883311066127005
16.8,3,2,84.51452205315522,35.47694285981404,30.695102805675877,84.00000000000001,31.55672074497985,27.22630511152573,5.25979389479849
16.8,2,2,77.99654521013596,28.824871129325803,24.75306004500235,84.00000000000001,31.55672074497985,27.22630511152573,7.044246794056339
16.833333333333332,2,2,54.09590545336173,18.025137932845972,15.4008052653923,84.16666666666666,31.613294320545755,27.157381403894128,35.03006931858087
16.833333333333332,3,2,83.60882064877276,27.208525825009282,23.225281132973727,84.16666666666666,31.613294320545755,27.157381403894128,5.930816994270099
16.866666666666667,3,2,84.12508911339113,30.097137308273783,25.5990561302147,84.33333333333334,31.670787592899003,27.08826147303581,2.176573781549186
16.866666666666667,2,2,88.36269422059529,33.48478780581327,28.67144543249644,84.33333333333334,31.670787592899003,27.08826147303581,4.693912800824362
16.9,2,2,92.82320881827245,35.55333965970192,30.068303709987028,84.5,31.72919425725438,27.0189472139086,9.65393537018995
16.9,3,2,84.41150300715324,30.658717872840665,26.158744855255957,84.5,31.72919425725438,27.0189472139086,1.3761175477269196
16.933333333333334,2,2,74.14842363179264,27.393093472541608,23.073334213964912,84.66666666666667,31.78850790866296,26.949440526797925,12.04065217313099
16.933333333333334,3,2,84.13520815442781,27.910064082929182,23.690047247743102,84.66666666666667,31.78850790866296,26.949440526797925,5.093959089662123
16.966666666666665,3,2,84.23532618731157,28.17027349327397,23.816842816786508,84.83333333333333,31.848722042714456,26.879743317264726,4.823894251888573
16.966666666666665,2,2,79.54681766235566,29.457436482277696,24.895418182297806,84.83333333333333,31.848722042714456,26.879743317264726,6.1321318325935605
17.0,2,2,71.21901206071698,25.873332465378247,21.46099754075568,85.0,31.909830056250524,26.8098574960932,15.967630837700508
17.0,3,2,85.05313306635959,32.208886011790746,27.043702587715742,85.0,31.909830056250524,26.8098574960932,0.38332898946049315
17.03333333333333,3,2,85.02678031944227,31.338686878927586,26.110795579050468,85.16666666666666,31.971825248088848,26.739784979238454,0.903360420979804
17.03333333333333,2,2,96.08247974806224,36.852852341204155,30.853288729270982,85.16666666666666,31.971825248088848,26.739784979238454,12.645169584201879
17.066666666666666,2,2,63.59053309736972,22.16641718999635,18.426515908081925,85.33333333333333,32.03470081975803,26.669527687773915,25.26023806496254
17.066666666666666,3,2,84.43045204993814,26.603748351382528,22.10326981256244,85.33333333333333,32.03470081975803,26.669527687773915,7.152702308120344
17.1,3,2,85.1505598865417,30.309017986981733,25.14243675347924,85.50000000000001,32.0984498762431,26.599087547838725,2.333668017501072
17.1,2,2,81.01186175709914,30.050887639743873,24.846527149273612,85.50000000000001,32.0984498762431,26.599087547838725,5.235204289265679
17.133333333333333,2,2,113.90852274892,44.9238370855992,37.04947167887844,85.66666666666667,32.1630654267416,26.528466490584915,32.72814199541906
17.133333333333333,3,2,86.02425513993828,33.905131285610025,27.913165015928644,85.66666666666667,32.1630654267416,26.528466490584915,2.2538972866882796
17.166666666666668,3,2,85.10704323910915,28.23877450444525,23.13083559549522,85.83333333333334,32.22854038543029,26.45766645212443,5.245334368242007
17.166666666666668,2,2,86.59932216468063,32.593612902704606,26.66044525626843,85.83333333333334,32.22854038543029,26.45766645212443,0.8724311296760664
17.2,2,2,92.79997273115755,35.36704657937595,29.01348232210409,86.0,32.294867572242104,26.386689373476095,7.910622869997152
17.2,3,2,85.45789287931753,29.25304025207687,23.809820546607398,86.0,32.294867572242104,26.386689373476095,4.023288024350966
17.233333333333334,3,2,87.21008057278658,37.72191810514732,30.57627538813142,86.16666666666667,32.36203971365357,26.315537200512367,6.9261027175837695
17.233333333333334,2,2,84.01217522114311,31.45528640970464,25.456461396659144,86.16666666666667,32.36203971365357,26.315537200512367,2.490390768498504
17.266666666666666,2,2,68.97063852776029,24.68214662689715,20.019383944353155,86.33333333333333,32.43004944348243,26.24421188390602,20.00604038393808
17.266666666666666,3,2,87.14428443262871,36.83176060014482,29.863937813875484,86.33333333333333,32.43004944348243,26.24421188390602,5.756311197305774
17.3,2,2,85.97777635323384,32.37025532027694,25.99303092135262,86.5,32.49888930369541,26.17271537907663,0.5670544447223973
17.3,3,2,85.43439196624412,27.019158928094466,21.791699281085716,86.5,32.49888930369541,26.17271537907663,7.0962150137763045
17.333333333333332,3,2,85.7035413466245,28.043416611372027,22.399607564398977,86.66666666666666,32.56855174522605,26.101049646137007,5.924958383500051
17.333333333333332,2,2,92.74112942449887,35.14578544191295,28.37585093695164,86.66666666666666,32.56855174522605,26.101049646137007,6.979681385014706
17.366666666666667,2,2,71.56213731881058,25.78564037844208,20.51527810487214,86.83333333333334,32.63902912880266,26.029216649839398,17.623333491573618
17.366666666666667,3,2,87.18072402851328,33.94312900039714,26.995850074362348,86.83333333333334,32.63902912880266,26.029216649839398,1.6600412487632072
17.4,3,2,86.12343163925955,28.674734581429703,22.722255182507993,86.99999999999999,32.71031372578588,25.957218359521715,5.245880086129344
17.4,2,2,92.18986516053327,34.919952282649774,27.724750228084662,86.99999999999999,32.71031372578588,25.957218359521715,5.9111227227052545
17.433333333333334,2,2,105.96945550623512,41.25792866151954,32.372669527730906,87.16666666666667,32.78239771901638,25.88505674905342,21.62102246584994
17.433333333333334,3,2,86.99624364010714,31.897360062594014,25.226987032067097,87.16666666666667,32.78239771901638,25.88505674905342,1.1159710631023383
17.466666666666665,3,2,87.06080750410914,31.331691175467977,24.54934844510018,87.33333333333333,32.85527320367196,25.812733796781547,1.9979276941630193
17.466666666666665,2,2,103.5147976699637,40.106241307228885,31.591936497552357,87.33333333333333,32.85527320367196,25.812733796781547,18.64981260959576
17.5,2,2,63.4005741422292,22.127606056131963,17.37606151816477,87.5,32.928932188134524,25.74025148547635,27.702177652548343
17.5,3,2,87.9721306044778,34.85656249199296,27.230955652229532,87.5,32.928932188134524,25.74025148547635,2.482108943784144
17.53333333333333,3,2,85.62130278739943,24.328641165746337,18.833995126169178,87.66666666666666,33.00336659486634,25.667611802277012,11.230881156223292
17.53333333333333,2,2,72.73011391335564,26.258548940502113,20.65677814354566,87.66666666666666,33.00336659486634,25.667611802277012,17.137725266164743
17.566666666666666,2,2,63.06779331512097,21.90355780950235,17.10880967750844,87.83333333333333,33.07856826129593,25.59481673863714,28.464454093358256
17.566666666666666,3,2,85.9178650032419,25.503719285394602,19.671318061658276,87.83333333333333,33.07856826129593,25.59481673863714,9.804855557705423
17.6,2,2,104.51356521609964,40.529886630371166,31.240238355737173,88.00000000000001,33.15452894071312,25.521868290270167,18.968223253705194
17.633333333333333,2,2,97.58868039548935,37.55032596568198,28.658329906669326,88.16666666666666,33.23124030317339,25.448768457094683,10.85035153185399
17.666666666666668,2,2,99.2126010869381,38.29866883726875,29.147345336145488,88.33333333333334,33.308693936411416,25.375519243179504,12.549302308948867
17.7,2,2,74.84203630327035,27.09840571260226,20.654430842668443,88.5,33.386881346763474,25.302122656688862,15.738041089688918
17.733333333333334,2,2,70.3245763155452,25.25605507869878,19.182754582006186,88.66666666666667,33.46579396009894,25.22858070982723,20.985330698307344
17.766666666666666,2,2,90.00252617488627,34.10574667383774,25.66527496538033,88.83333333333333,33.545423122760496,25.154895418784243,1.3933634357963058
17.8,2,2,90.69069467401916,34.20549745332766,25.519669813405773,89.0,33.625760102513105,25.08106880367937,1.8403572268500588
17.833333333333332,2,2,75.64622164832124,27.52881682885111,20.450797727100237,89.16666666666666,33.70679608950162,25.007102888506566,15.547661494996188
17.866666666666667,2,2,91.5849113271604,34.73378605377037,25.835197686445593,89.33333333333333,33.78852219721689,24.93299970107875,2.6032841615145825
17.9,2,2,99.80220681908287,38.55573149592,28.2812558090198,89.49999999999999,33.870929463470226,24.85876127297225,11.823548717524648
17.933333333333334,2,2,93.45692930157814,35.35818536063083,25.95288177271787,89.66666666666667,33.95400885137625,24.784389639471048,4.207514275223332
17.966666666666665,2,2,73.01142670441683,26.43820233011835,19.367669800612425,89.83333333333331,34.03775125034383,24.709886839511086,19.21637242857204
18.0,2,2,55.70470182205762,18.663887593085217,13.566552955789055,90.0,34.122147477075266,24.635254915624213,39.21277137401299
18.03333333333333,2,2,85.94409895485782,32.32709185051744,23.179453505518108,90.16666666666666,34.207188276573206,24.56049591388236,4.82411844649141
18.066666666666666,2,2,92.972860098208,35.660093476116,25.289361027492046,90.33333333333333,34.292864323155676,24.485611883841305,3.0793554171471786
18.1,2,2,86.21669432264237,32.60446830726124,22.85036051783907,90.5,34.37916622147869,24.410604878484563,4.89189356766252
18.133333333333333,2,2,83.58184222590081,31.230350728317926,22.194939004286205,90.66666666666666,34.466084507566556,24.335476954167074,8.077537567942588
18.166666666666668,2,2,79.40184807189588,29.36277092989458,20.555706301056418,90.83333333333334,34.55360964984973,24.260230170558838,13.089964056435017
18.2,2,2,102.93532835905968,40.0558646123455,27.821339440155928,90.99999999999999,34.64173205021003,24.18486659058844,13.601059856665277
18.233333333333334,2,2,90.257371280878,34.46355887095291,23.75534790597805,91.16666666666667,34.73044204503323,24.109388280386483,1.0116270626742898
18.266666666666666,2,2,93.314383947797,35.897212554200266,24.755450473147626,91.33333333333333,34.8197299062687,24.033797309228987,2.3677655463863574
18.3,2,2,75.08484354547222,27.532552968833567,18.935870698746843,91.5,34.909585842496284,23.95809574948059,18.6842372042838
18.333333333333332,2,2,81.08669582581422,30.377694389722734,20.685119995360704,91.66666666666666,34.99999999999999,23.882285676537816,11.980123561173533
18.366666666666667,2,2,94.71635555908482,36.27669364513554,24.451010003198267,91.83333333333333,35.09096246384859,23.806369168772086,3.183290340805075
18.4,2,2,74.84591322318255,27.319324811286425,18.554772296274013,92.0,35.182463258982835,23.73034830747283,19.56727437437114
18.433333333333334,2,2,70.6569422875775,25.298552613434925,17.07270487847239,92.16666666666666,35.274492351309455,23.65422517679034,24.606991403974156
18.466666666666665,2,2,86.68515948349516,32.70974356943711,21.923776165677825,92.33333333333333,35.36703964880138,23.578001863678715,6.457519101894088
18.5,2,2,113.25785725454561,44.95289838044816,29.700422009234984,92.5,35.46009500260453,23.50168045783858,23.652195470854277
18.53333333333333,2,2,95.94627729652923,37.15429781886249,24.39860025394085,92.66666666666666,35.55364820815072,23.425263051659844,3.7769445811559836
18.566666666666666,2,2,118.03778584131652,47.659452285851074,31.110852186040525,92.83333333333333,35.64768900627673,23.348751740164268,28.979252692979905
18.6,2,2,90.65018486589788,34.74989102861113,22.661585193031357,93.0,35.742207084349275,23.272148620948133,2.6228057530897204
18.633333333333333,2,2,87.67915869039489,33.36833754038774,21.683167511693703,93.16666666666666,35.83719207739598,23.19545579412465,6.204434088918219
18.666666666666668,2,2,68.72155629119615,24.677281012188946,16.06374796026477,93.33333333333333,35.932633569242,23.11867536226639,27.967740899167108
18.7,2,2,83.2884509951844,31.32250970817164,20.10284776786507,93.5,36.02852109365219,23.04180943034769,11.621521926648226
18.733333333333334,2,2,119.28558689376239,47.6677542684896,30.3763070917346,93.66666666666667,36.12484413547897,22.96486010568689,29.060237341908426
18.766666666666666,2,2,99.6831239401127,38.85249739193408,24.681011677305477,93.83333333333333,36.22159213181532,22.887829497888617,6.660121242099339
18.8,2,2,107.27596813444725,42.26022037906996,26.32654493959128,94.0,36.31875447315322,22.81071971878587,14.963735295750235
18.833333333333332,2,2,106.96136432323947,42.02383414608951,26.427057839319563,94.16666666666667,36.416320504546995,22.733532882382214,14.44958905888724
18.866666666666667,2,2,94.0941576709708,36.54293357846477,22.66876144591874,94.33333333333334,36.51427952678185,22.656271104793753,0.24120957851177124
18.9,2,2,90.72048864147914,34.945640894069584,21.659772926930767,94.5,36.61262079754708,22.57893650419115,4.231830548302729
18.933333333333334,2,2,96.76521819051155,37.85492167280742,23.1549563691391,94.66666666666667,36.71133353261416,22.50153120074154,2.477635320889196
18.966666666666665,2,2,107.30564220193787,42.25907994616806,25.6062636373993,94.83333333333333,36.8104069070193,22.42405731655042,13.977587898842513
19.0,2,2,103.55848731643228,40.63140196307124,24.474842623697448,95.0,36.90983005625052,22.346516975603464,9.572229242318848
19.03333333333333,2,2,104.27438358365598,41.06325310769127,24.962039459909416,95.16666666666666,37.00959207743912,22.268912303708294,10.326451910877532
19.066666666666666,2,2,98.13400506231545,38.554655868961774,22.9885370755295,95.33333333333334,37.109682030555284,22.191245428436172,3.2507515281429336
19.1,2,2,81.1436790338135,30.618554779571525,18.157137152875244,95.5,37.210088939607715,22.113518479063735,16.285122887632845
19.133333333333333,2,2,90.73634429833048,35.08086410242147,20.779843380724937,95.66666666666667,37.31080179384734,22.035733586514567,5.554994236932766
19.166666666666668,2,2,78.09639784020783,29.271285898618192,17.27277212335865,95.83333333333334,37.411809548974794,21.957892883300772,20.070310474044778
19.2,2,2,115.06542057405895,46.291957227971864,26.556362883129086,96.0,37.513101128351444,21.879998503464567,21.50411495260821
19.233333333333334,2,2,56.250600792054335,19.25412905290557,11.323862104880346,96.16666666666667,37.61466542421419,21.80205258251971,45.16850768438371
19.266666666666666,2,2,92.19476558033878,35.86475619288201,20.47005628947971,96.33333333333333,37.71649129889343,21.724057257393007,4.70416670373074
19.3,2,2,142.31352637419423,58.701792948168034,33.40166669435178,96.50000000000001,37.818567586034575,21.64601466636568,51.70283991201776
19.333333333333332,2,2,90.10568673003336,34.87227319900492,19.891608271927968,96.66666666666666,37.920883091822404,21.567926949014804,7.426339900290015
19.366666666666667,2,2,74.8960054762442,27.949905974886754,15.927316724326921,96.83333333333334,38.023426596208736,21.489796246154587,24.7722294040801
19.4,2,2,96.63867098975204,37.9746813701408,21.358813644679802,97.0,38.12618685414275,21.411624699777715,0.3953499372328119
19.433333333333334,2,2,122.24194872115073,49.87152824220479,27.700722154324453,97.16666666666667,38.22915259680417,21.33341445299662,28.370006840745326
19.466666666666665,2,2,94.28438266903528,36.81943784129797,20.22850549043303,97.33333333333333,38.33231253283897,21.255167649984735,3.555126604705401
19.5,2,2,109.54329447287623,44.040199350674754,24.10401555407749,97.5,38.43565534959769,21.176886435917677,13.602203501447809
19.53333333333333,2,2,99.67533940002748,39.426384183027395,21.476707409422847,97.66666666666666,38.53916971437587,21.09857295691448,2.2282058538890994
19.566666666666666,2,2,90.45602332794815,35.27920092388136,19.0841520773566,97.83333333333333,38.64284427565695,21.020229359978728,8.335897957495996
19.6,2,2,160.5464081419185,68.0621409675512,35.97629666088124,98.00000000000001,38.74666766435696,20.941857792939697,70.69288859934649
19.633333333333333,2,2,99.63892554381711,39.40617232742417,21.189480008930012,98.16666666666667,38.850628495071334,20.86346040439351,1.6070046464013985
19.666666666666668,2,2,87.51883706016483,34.067197604882494,18.183339255715588,98.33333333333334,38.954715367323466,20.785039343644158,12.149485703850976
19.7,2,2,88.69579845105874,34.429097689080756,18.205765628685437,98.5,39.058916866814855,20.706596760644643,11.127072839761277
19.733333333333334,2,2,106.3983221538719,42.688798448066294,22.376638344073665,98.66666666666667,39.16322156667684,20.628134805937997,8.67556646809253
19.766666666666666,2,2,106.98952025507447,43.309650642113084,22.776046212701498,98.83333333333333,39.26761802872368,20.549655630598345,9.371138019160872
19.8,2,2,114.70618571146377,46.831011099010894,23.97708364632674,99.0,39.37209480470687,20.471161386171925,17.737282564775022
19.833333333333332,2,2,102.0686166812554,40.90084531035966,20.840770147359766,99.16666666666666,39.47664043757056,20.392654224618102,3.263507512947146
19.866666666666667,2,2,69.88343146934459,25.9418730995412,13.571375708961856,99.33333333333334,39.58124346270801,20.31413629825035,33.148061241446136
19.9,2,2,110.38649890908415,44.94590549096712,22.829047343768806,99.49999999999999,39.68589240921871,20.235609759677317,12.365658681211992
19.933333333333334,2,2,93.29267786360906,36.72333811523903,18.758179085252117,99.66666666666667,39.79057580116643,20.157076761743685,7.21058908777713
19.966666666666665,2,2,93.89509573974206,37.15561695529716,18.604422983355853,99.83333333333333,39.89528215883754,20.078539457471297,6.703838491841005
20.0,2,2,69.03082946847087,25.506084438409093,13.137405838085275,100.0,40.0,20.000000000000004,34.87489513028828
